{"resourceType":"Observation","id":"-CMG-Broad-Muscle-Laing-WES-Su-UWA-FAM3-PT-D12-950-1-OMIM-617194","meta":{"profile":["http://fhir.ncpi-project-forge.io/StructureDefinition/ncpi-phenotype"]},"identifier":[{"system":"urn:ncpi:unique-string","value":"-CMG-Broad-Muscle-Laing-WES-Su-UWA-FAM3-PT-D12-950-1-OMIM-617194"}],"status":"final","code":{"coding":[{"system":"http://purl.obolibrary.org/obo/omim.owl","code":"OMIM:617194","display":"Lethal congenital contracture syndrome 11"}],"text":"Lethal congenital contracture syndrome 11"},"subject":{"reference":"Patient/P.ANVIL-CMG-Broad-Muscle-Laing-WES-Su-UWA-FAM3-PT-D12-950-1"},"valueCodeableConcept":{"coding":[{"system":"http://snomed.info/sct","code":"373573001","display":"Clinical finding present (situation)"}],"text":"Phenotype Present"},"interpretation":[{"coding":[{"system":"http://terminology.hl7.org/CodeSystem/v3-ObservationInterpretation","code":"POS","display":"Positive"}],"text":"Present"}],"extension":[]}
{"resourceType":"Observation","id":"-CMG-Broad-Muscle-Laing-WES-Su-UWA-FAM3-PT-D12-951-1-OMIM-617194","meta":{"profile":["http://fhir.ncpi-project-forge.io/StructureDefinition/ncpi-phenotype"]},"identifier":[{"system":"urn:ncpi:unique-string","value":"-CMG-Broad-Muscle-Laing-WES-Su-UWA-FAM3-PT-D12-951-1-OMIM-617194"}],"status":"final","code":{"coding":[{"system":"http://purl.obolibrary.org/obo/omim.owl","code":"OMIM:617194","display":"Lethal congenital contracture syndrome 11"}],"text":"Lethal congenital contracture syndrome 11"},"subject":{"reference":"Patient/P.ANVIL-CMG-Broad-Muscle-Laing-WES-Su-UWA-FAM3-PT-D12-951-1"},"valueCodeableConcept":{"coding":[{"system":"http://snomed.info/sct","code":"373573001","display":"Clinical finding present (situation)"}],"text":"Phenotype Present"},"interpretation":[{"coding":[{"system":"http://terminology.hl7.org/CodeSystem/v3-ObservationInterpretation","code":"POS","display":"Positive"}],"text":"Present"}],"extension":[]}
{"resourceType":"Observation","id":"-CMG-Broad-Muscle-Laing-WES-Su-UWA-FAM3-PT-D12-952-1-OMIM-617194","meta":{"profile":["http://fhir.ncpi-project-forge.io/StructureDefinition/ncpi-phenotype"]},"identifier":[{"system":"urn:ncpi:unique-string","value":"-CMG-Broad-Muscle-Laing-WES-Su-UWA-FAM3-PT-D12-952-1-OMIM-617194"}],"status":"final","code":{"coding":[{"system":"http://purl.obolibrary.org/obo/omim.owl","code":"OMIM:617194","display":"Lethal congenital contracture syndrome 11"}],"text":"Lethal congenital contracture syndrome 11"},"subject":{"reference":"Patient/P.ANVIL-CMG-Broad-Muscle-Laing-WES-Su-UWA-FAM3-PT-D12-952-1"},"valueCodeableConcept":{"coding":[{"system":"http://snomed.info/sct","code":"373573001","display":"Clinical finding present (situation)"}],"text":"Phenotype Present"},"interpretation":[{"coding":[{"system":"http://terminology.hl7.org/CodeSystem/v3-ObservationInterpretation","code":"POS","display":"Positive"}],"text":"Present"}],"extension":[]}
{"resourceType":"Observation","id":"-CMG-Broad-Muscle-Laing-WES-Su-UWA-FAM3-PT-D12-953-1-OMIM-617194","meta":{"profile":["http://fhir.ncpi-project-forge.io/StructureDefinition/ncpi-phenotype"]},"identifier":[{"system":"urn:ncpi:unique-string","value":"-CMG-Broad-Muscle-Laing-WES-Su-UWA-FAM3-PT-D12-953-1-OMIM-617194"}],"status":"final","code":{"coding":[{"system":"http://purl.obolibrary.org/obo/omim.owl","code":"OMIM:617194","display":"Lethal congenital contracture syndrome 11"}],"text":"Lethal congenital contracture syndrome 11"},"subject":{"reference":"Patient/P.ANVIL-CMG-Broad-Muscle-Laing-WES-Su-UWA-FAM3-PT-D12-953-1"},"valueCodeableConcept":{"coding":[{"system":"http://snomed.info/sct","code":"373573001","display":"Clinical finding present (situation)"}],"text":"Phenotype Present"},"interpretation":[{"coding":[{"system":"http://terminology.hl7.org/CodeSystem/v3-ObservationInterpretation","code":"POS","display":"Positive"}],"text":"Present"}],"extension":[]}
