{"resourceType":"ResearchStudy","id":"ANVIL-CMG-Broad-Muscle-Laing-WES","meta":{"profile":["http://hl7.org/fhir/StructureDefinition/ResearchStudy"]},"identifier":[{"system":"https://anvil.terra.bio/#workspaces/anvil-datastorage/","value":"ANVIL_CMG_Broad_Muscle_Laing_WES"},{"system":"urn:ncpi:unique-string","value":"ResearchStudy|ANVIL_CMG_Broad_Muscle_Laing_WES"},{"value":"ANVIL_CMG_Broad_Muscle_Laing_WES"}],"extension":[{"url":"http://fhir.ncpi-project-forge.io/StructureDefinition/related-organization","extension":[{"url":"organization","valueReference":{"reference":"Organization/Organization.Broad"}}]},{"url":"http://fhir.ncpi-project-forge.io/StructureDefinition/display-name","valueString":"ANVIL_CMG_Broad_Muscle_Laing_WES"}],"title":"ANVIL_CMG_Broad_Muscle_Laing_WES","status":"completed","principalInvestigator":{"reference":"Practitioner/Practitioner.Nigel-Laing"}}
