{"resourceType":"Specimen","id":"ANVIL-Broad-Muscle-Laing-WES-Sa-UWA-FAM10-PT-D14-1604-1","meta":{"profile":["http://hl7.org/fhir/StructureDefinition/Specimen"]},"identifier":[{"system":"https://anvil.terra.bio/#workspaces/anvil-datastorage/ANVIL_CMG_Broad_Muscle_Laing_WES","value":"ANVIL_Broad_Muscle_Laing_WES/Sa/UWA_FAM10_PT_D14-1604_1"},{"system":"urn:ncpi:unique-string","value":"Specimen|ANVIL_CMG_Broad_Muscle_Laing_WES|ANVIL_Broad_Muscle_Laing_WES/Sa/UWA_FAM10_PT_D14-1604_1"}],"subject":{"reference":"Patient/P.ANVIL-CMG-Broad-Muscle-Laing-WES-Su-UWA-FAM10-PT-D14-1604-1"}}
{"resourceType":"Specimen","id":"ANVIL-Broad-Muscle-Laing-WES-Sa-UWA-FAM10-PT-D14-1606-1","meta":{"profile":["http://hl7.org/fhir/StructureDefinition/Specimen"]},"identifier":[{"system":"https://anvil.terra.bio/#workspaces/anvil-datastorage/ANVIL_CMG_Broad_Muscle_Laing_WES","value":"ANVIL_Broad_Muscle_Laing_WES/Sa/UWA_FAM10_PT_D14-1606_1"},{"system":"urn:ncpi:unique-string","value":"Specimen|ANVIL_CMG_Broad_Muscle_Laing_WES|ANVIL_Broad_Muscle_Laing_WES/Sa/UWA_FAM10_PT_D14-1606_1"}],"subject":{"reference":"Patient/P.ANVIL-CMG-Broad-Muscle-Laing-WES-Su-UWA-FAM10-PT-D14-1606-1"}}
{"resourceType":"Specimen","id":"ANVIL-Broad-Muscle-Laing-WES-Sa-UWA-FAM10-PT-D14-1608-1","meta":{"profile":["http://hl7.org/fhir/StructureDefinition/Specimen"]},"identifier":[{"system":"https://anvil.terra.bio/#workspaces/anvil-datastorage/ANVIL_CMG_Broad_Muscle_Laing_WES","value":"ANVIL_Broad_Muscle_Laing_WES/Sa/UWA_FAM10_PT_D14-1608_1"},{"system":"urn:ncpi:unique-string","value":"Specimen|ANVIL_CMG_Broad_Muscle_Laing_WES|ANVIL_Broad_Muscle_Laing_WES/Sa/UWA_FAM10_PT_D14-1608_1"}],"subject":{"reference":"Patient/P.ANVIL-CMG-Broad-Muscle-Laing-WES-Su-UWA-FAM10-PT-D14-1608-1"}}
{"resourceType":"Specimen","id":"ANVIL-Broad-Muscle-Laing-WES-Sa-UWA-FAM11-PT-D15-1500-1","meta":{"profile":["http://hl7.org/fhir/StructureDefinition/Specimen"]},"identifier":[{"system":"https://anvil.terra.bio/#workspaces/anvil-datastorage/ANVIL_CMG_Broad_Muscle_Laing_WES","value":"ANVIL_Broad_Muscle_Laing_WES/Sa/UWA_FAM11_PT_D15-1500_1"},{"system":"urn:ncpi:unique-string","value":"Specimen|ANVIL_CMG_Broad_Muscle_Laing_WES|ANVIL_Broad_Muscle_Laing_WES/Sa/UWA_FAM11_PT_D15-1500_1"}],"subject":{"reference":"Patient/P.ANVIL-CMG-Broad-Muscle-Laing-WES-Su-UWA-FAM11-PT-D15-1500-1"}}
{"resourceType":"Specimen","id":"ANVIL-Broad-Muscle-Laing-WES-Sa-UWA-FAM11-PT-D16-0788-1","meta":{"profile":["http://hl7.org/fhir/StructureDefinition/Specimen"]},"identifier":[{"system":"https://anvil.terra.bio/#workspaces/anvil-datastorage/ANVIL_CMG_Broad_Muscle_Laing_WES","value":"ANVIL_Broad_Muscle_Laing_WES/Sa/UWA_FAM11_PT_D16-0788_1"},{"system":"urn:ncpi:unique-string","value":"Specimen|ANVIL_CMG_Broad_Muscle_Laing_WES|ANVIL_Broad_Muscle_Laing_WES/Sa/UWA_FAM11_PT_D16-0788_1"}],"subject":{"reference":"Patient/P.ANVIL-CMG-Broad-Muscle-Laing-WES-Su-UWA-FAM11-PT-D16-0788-1"}}
{"resourceType":"Specimen","id":"ANVIL-Broad-Muscle-Laing-WES-Sa-UWA-FAM11-PT-D16-0789-1","meta":{"profile":["http://hl7.org/fhir/StructureDefinition/Specimen"]},"identifier":[{"system":"https://anvil.terra.bio/#workspaces/anvil-datastorage/ANVIL_CMG_Broad_Muscle_Laing_WES","value":"ANVIL_Broad_Muscle_Laing_WES/Sa/UWA_FAM11_PT_D16-0789_1"},{"system":"urn:ncpi:unique-string","value":"Specimen|ANVIL_CMG_Broad_Muscle_Laing_WES|ANVIL_Broad_Muscle_Laing_WES/Sa/UWA_FAM11_PT_D16-0789_1"}],"subject":{"reference":"Patient/P.ANVIL-CMG-Broad-Muscle-Laing-WES-Su-UWA-FAM11-PT-D16-0789-1"}}
{"resourceType":"Specimen","id":"ANVIL-Broad-Muscle-Laing-WES-Sa-UWA-FAM1-PT-D12-403-1","meta":{"profile":["http://hl7.org/fhir/StructureDefinition/Specimen"]},"identifier":[{"system":"https://anvil.terra.bio/#workspaces/anvil-datastorage/ANVIL_CMG_Broad_Muscle_Laing_WES","value":"ANVIL_Broad_Muscle_Laing_WES/Sa/UWA_FAM1_PT_D12-403_1"},{"system":"urn:ncpi:unique-string","value":"Specimen|ANVIL_CMG_Broad_Muscle_Laing_WES|ANVIL_Broad_Muscle_Laing_WES/Sa/UWA_FAM1_PT_D12-403_1"}],"subject":{"reference":"Patient/P.ANVIL-CMG-Broad-Muscle-Laing-WES-Su-UWA-FAM1-PT-D12-403-1"}}
{"resourceType":"Specimen","id":"ANVIL-Broad-Muscle-Laing-WES-Sa-UWA-FAM1-PT-D12-424-1","meta":{"profile":["http://hl7.org/fhir/StructureDefinition/Specimen"]},"identifier":[{"system":"https://anvil.terra.bio/#workspaces/anvil-datastorage/ANVIL_CMG_Broad_Muscle_Laing_WES","value":"ANVIL_Broad_Muscle_Laing_WES/Sa/UWA_FAM1_PT_D12-424_1"},{"system":"urn:ncpi:unique-string","value":"Specimen|ANVIL_CMG_Broad_Muscle_Laing_WES|ANVIL_Broad_Muscle_Laing_WES/Sa/UWA_FAM1_PT_D12-424_1"}],"subject":{"reference":"Patient/P.ANVIL-CMG-Broad-Muscle-Laing-WES-Su-UWA-FAM1-PT-D12-424-1"}}
{"resourceType":"Specimen","id":"ANVIL-Broad-Muscle-Laing-WES-Sa-UWA-FAM1-PT-D12-439-1","meta":{"profile":["http://hl7.org/fhir/StructureDefinition/Specimen"]},"identifier":[{"system":"https://anvil.terra.bio/#workspaces/anvil-datastorage/ANVIL_CMG_Broad_Muscle_Laing_WES","value":"ANVIL_Broad_Muscle_Laing_WES/Sa/UWA_FAM1_PT_D12-439_1"},{"system":"urn:ncpi:unique-string","value":"Specimen|ANVIL_CMG_Broad_Muscle_Laing_WES|ANVIL_Broad_Muscle_Laing_WES/Sa/UWA_FAM1_PT_D12-439_1"}],"subject":{"reference":"Patient/P.ANVIL-CMG-Broad-Muscle-Laing-WES-Su-UWA-FAM1-PT-D12-439-1"}}
{"resourceType":"Specimen","id":"ANVIL-Broad-Muscle-Laing-WES-Sa-UWA-FAM2-PT-D13-1505-1","meta":{"profile":["http://hl7.org/fhir/StructureDefinition/Specimen"]},"identifier":[{"system":"https://anvil.terra.bio/#workspaces/anvil-datastorage/ANVIL_CMG_Broad_Muscle_Laing_WES","value":"ANVIL_Broad_Muscle_Laing_WES/Sa/UWA_FAM2_PT_D13-1505_1"},{"system":"urn:ncpi:unique-string","value":"Specimen|ANVIL_CMG_Broad_Muscle_Laing_WES|ANVIL_Broad_Muscle_Laing_WES/Sa/UWA_FAM2_PT_D13-1505_1"}],"subject":{"reference":"Patient/P.ANVIL-CMG-Broad-Muscle-Laing-WES-Su-UWA-FAM2-PT-D13-1505-1"}}
{"resourceType":"Specimen","id":"ANVIL-Broad-Muscle-Laing-WES-Sa-UWA-FAM2-PT-D13-1506-1","meta":{"profile":["http://hl7.org/fhir/StructureDefinition/Specimen"]},"identifier":[{"system":"https://anvil.terra.bio/#workspaces/anvil-datastorage/ANVIL_CMG_Broad_Muscle_Laing_WES","value":"ANVIL_Broad_Muscle_Laing_WES/Sa/UWA_FAM2_PT_D13-1506_1"},{"system":"urn:ncpi:unique-string","value":"Specimen|ANVIL_CMG_Broad_Muscle_Laing_WES|ANVIL_Broad_Muscle_Laing_WES/Sa/UWA_FAM2_PT_D13-1506_1"}],"subject":{"reference":"Patient/P.ANVIL-CMG-Broad-Muscle-Laing-WES-Su-UWA-FAM2-PT-D13-1506-1"}}
{"resourceType":"Specimen","id":"ANVIL-Broad-Muscle-Laing-WES-Sa-UWA-FAM2-PT-D13-1507-1","meta":{"profile":["http://hl7.org/fhir/StructureDefinition/Specimen"]},"identifier":[{"system":"https://anvil.terra.bio/#workspaces/anvil-datastorage/ANVIL_CMG_Broad_Muscle_Laing_WES","value":"ANVIL_Broad_Muscle_Laing_WES/Sa/UWA_FAM2_PT_D13-1507_1"},{"system":"urn:ncpi:unique-string","value":"Specimen|ANVIL_CMG_Broad_Muscle_Laing_WES|ANVIL_Broad_Muscle_Laing_WES/Sa/UWA_FAM2_PT_D13-1507_1"}],"subject":{"reference":"Patient/P.ANVIL-CMG-Broad-Muscle-Laing-WES-Su-UWA-FAM2-PT-D13-1507-1"}}
{"resourceType":"Specimen","id":"ANVIL-Broad-Muscle-Laing-WES-Sa-UWA-FAM2-PT-D13-1508-1","meta":{"profile":["http://hl7.org/fhir/StructureDefinition/Specimen"]},"identifier":[{"system":"https://anvil.terra.bio/#workspaces/anvil-datastorage/ANVIL_CMG_Broad_Muscle_Laing_WES","value":"ANVIL_Broad_Muscle_Laing_WES/Sa/UWA_FAM2_PT_D13-1508_1"},{"system":"urn:ncpi:unique-string","value":"Specimen|ANVIL_CMG_Broad_Muscle_Laing_WES|ANVIL_Broad_Muscle_Laing_WES/Sa/UWA_FAM2_PT_D13-1508_1"}],"subject":{"reference":"Patient/P.ANVIL-CMG-Broad-Muscle-Laing-WES-Su-UWA-FAM2-PT-D13-1508-1"}}
{"resourceType":"Specimen","id":"ANVIL-Broad-Muscle-Laing-WES-Sa-UWA-FAM3-PT-D12-950-1","meta":{"profile":["http://hl7.org/fhir/StructureDefinition/Specimen"]},"identifier":[{"system":"https://anvil.terra.bio/#workspaces/anvil-datastorage/ANVIL_CMG_Broad_Muscle_Laing_WES","value":"ANVIL_Broad_Muscle_Laing_WES/Sa/UWA_FAM3_PT_D12-950_1"},{"system":"urn:ncpi:unique-string","value":"Specimen|ANVIL_CMG_Broad_Muscle_Laing_WES|ANVIL_Broad_Muscle_Laing_WES/Sa/UWA_FAM3_PT_D12-950_1"}],"subject":{"reference":"Patient/P.ANVIL-CMG-Broad-Muscle-Laing-WES-Su-UWA-FAM3-PT-D12-950-1"}}
{"resourceType":"Specimen","id":"ANVIL-Broad-Muscle-Laing-WES-Sa-UWA-FAM3-PT-D12-951-1","meta":{"profile":["http://hl7.org/fhir/StructureDefinition/Specimen"]},"identifier":[{"system":"https://anvil.terra.bio/#workspaces/anvil-datastorage/ANVIL_CMG_Broad_Muscle_Laing_WES","value":"ANVIL_Broad_Muscle_Laing_WES/Sa/UWA_FAM3_PT_D12-951_1"},{"system":"urn:ncpi:unique-string","value":"Specimen|ANVIL_CMG_Broad_Muscle_Laing_WES|ANVIL_Broad_Muscle_Laing_WES/Sa/UWA_FAM3_PT_D12-951_1"}],"subject":{"reference":"Patient/P.ANVIL-CMG-Broad-Muscle-Laing-WES-Su-UWA-FAM3-PT-D12-951-1"}}
{"resourceType":"Specimen","id":"ANVIL-Broad-Muscle-Laing-WES-Sa-UWA-FAM3-PT-D12-952-1","meta":{"profile":["http://hl7.org/fhir/StructureDefinition/Specimen"]},"identifier":[{"system":"https://anvil.terra.bio/#workspaces/anvil-datastorage/ANVIL_CMG_Broad_Muscle_Laing_WES","value":"ANVIL_Broad_Muscle_Laing_WES/Sa/UWA_FAM3_PT_D12-952_1"},{"system":"urn:ncpi:unique-string","value":"Specimen|ANVIL_CMG_Broad_Muscle_Laing_WES|ANVIL_Broad_Muscle_Laing_WES/Sa/UWA_FAM3_PT_D12-952_1"}],"subject":{"reference":"Patient/P.ANVIL-CMG-Broad-Muscle-Laing-WES-Su-UWA-FAM3-PT-D12-952-1"}}
{"resourceType":"Specimen","id":"ANVIL-Broad-Muscle-Laing-WES-Sa-UWA-FAM3-PT-D12-953-1","meta":{"profile":["http://hl7.org/fhir/StructureDefinition/Specimen"]},"identifier":[{"system":"https://anvil.terra.bio/#workspaces/anvil-datastorage/ANVIL_CMG_Broad_Muscle_Laing_WES","value":"ANVIL_Broad_Muscle_Laing_WES/Sa/UWA_FAM3_PT_D12-953_1"},{"system":"urn:ncpi:unique-string","value":"Specimen|ANVIL_CMG_Broad_Muscle_Laing_WES|ANVIL_Broad_Muscle_Laing_WES/Sa/UWA_FAM3_PT_D12-953_1"}],"subject":{"reference":"Patient/P.ANVIL-CMG-Broad-Muscle-Laing-WES-Su-UWA-FAM3-PT-D12-953-1"}}
{"resourceType":"Specimen","id":"ANVIL-Broad-Muscle-Laing-WES-Sa-UWA-FAM4-PT-D12-329-1","meta":{"profile":["http://hl7.org/fhir/StructureDefinition/Specimen"]},"identifier":[{"system":"https://anvil.terra.bio/#workspaces/anvil-datastorage/ANVIL_CMG_Broad_Muscle_Laing_WES","value":"ANVIL_Broad_Muscle_Laing_WES/Sa/UWA_FAM4_PT_D12-329_1"},{"system":"urn:ncpi:unique-string","value":"Specimen|ANVIL_CMG_Broad_Muscle_Laing_WES|ANVIL_Broad_Muscle_Laing_WES/Sa/UWA_FAM4_PT_D12-329_1"}],"subject":{"reference":"Patient/P.ANVIL-CMG-Broad-Muscle-Laing-WES-Su-UWA-FAM4-PT-D12-329-1"}}
{"resourceType":"Specimen","id":"ANVIL-Broad-Muscle-Laing-WES-Sa-UWA-FAM4-PT-D12-330-1","meta":{"profile":["http://hl7.org/fhir/StructureDefinition/Specimen"]},"identifier":[{"system":"https://anvil.terra.bio/#workspaces/anvil-datastorage/ANVIL_CMG_Broad_Muscle_Laing_WES","value":"ANVIL_Broad_Muscle_Laing_WES/Sa/UWA_FAM4_PT_D12-330_1"},{"system":"urn:ncpi:unique-string","value":"Specimen|ANVIL_CMG_Broad_Muscle_Laing_WES|ANVIL_Broad_Muscle_Laing_WES/Sa/UWA_FAM4_PT_D12-330_1"}],"subject":{"reference":"Patient/P.ANVIL-CMG-Broad-Muscle-Laing-WES-Su-UWA-FAM4-PT-D12-330-1"}}
{"resourceType":"Specimen","id":"ANVIL-Broad-Muscle-Laing-WES-Sa-UWA-FAM4-PT-D12-331-1","meta":{"profile":["http://hl7.org/fhir/StructureDefinition/Specimen"]},"identifier":[{"system":"https://anvil.terra.bio/#workspaces/anvil-datastorage/ANVIL_CMG_Broad_Muscle_Laing_WES","value":"ANVIL_Broad_Muscle_Laing_WES/Sa/UWA_FAM4_PT_D12-331_1"},{"system":"urn:ncpi:unique-string","value":"Specimen|ANVIL_CMG_Broad_Muscle_Laing_WES|ANVIL_Broad_Muscle_Laing_WES/Sa/UWA_FAM4_PT_D12-331_1"}],"subject":{"reference":"Patient/P.ANVIL-CMG-Broad-Muscle-Laing-WES-Su-UWA-FAM4-PT-D12-331-1"}}
{"resourceType":"Specimen","id":"ANVIL-Broad-Muscle-Laing-WES-Sa-UWA-FAM4-PT-D12-332-1","meta":{"profile":["http://hl7.org/fhir/StructureDefinition/Specimen"]},"identifier":[{"system":"https://anvil.terra.bio/#workspaces/anvil-datastorage/ANVIL_CMG_Broad_Muscle_Laing_WES","value":"ANVIL_Broad_Muscle_Laing_WES/Sa/UWA_FAM4_PT_D12-332_1"},{"system":"urn:ncpi:unique-string","value":"Specimen|ANVIL_CMG_Broad_Muscle_Laing_WES|ANVIL_Broad_Muscle_Laing_WES/Sa/UWA_FAM4_PT_D12-332_1"}],"subject":{"reference":"Patient/P.ANVIL-CMG-Broad-Muscle-Laing-WES-Su-UWA-FAM4-PT-D12-332-1"}}
{"resourceType":"Specimen","id":"ANVIL-Broad-Muscle-Laing-WES-Sa-UWA-FAM7-PT-D12-731-1","meta":{"profile":["http://hl7.org/fhir/StructureDefinition/Specimen"]},"identifier":[{"system":"https://anvil.terra.bio/#workspaces/anvil-datastorage/ANVIL_CMG_Broad_Muscle_Laing_WES","value":"ANVIL_Broad_Muscle_Laing_WES/Sa/UWA_FAM7_PT_D12-731_1"},{"system":"urn:ncpi:unique-string","value":"Specimen|ANVIL_CMG_Broad_Muscle_Laing_WES|ANVIL_Broad_Muscle_Laing_WES/Sa/UWA_FAM7_PT_D12-731_1"}],"subject":{"reference":"Patient/P.ANVIL-CMG-Broad-Muscle-Laing-WES-Su-UWA-FAM7-PT-D12-731-1"}}
{"resourceType":"Specimen","id":"ANVIL-Broad-Muscle-Laing-WES-Sa-UWA-FAM7-PT-D12-733-1","meta":{"profile":["http://hl7.org/fhir/StructureDefinition/Specimen"]},"identifier":[{"system":"https://anvil.terra.bio/#workspaces/anvil-datastorage/ANVIL_CMG_Broad_Muscle_Laing_WES","value":"ANVIL_Broad_Muscle_Laing_WES/Sa/UWA_FAM7_PT_D12-733_1"},{"system":"urn:ncpi:unique-string","value":"Specimen|ANVIL_CMG_Broad_Muscle_Laing_WES|ANVIL_Broad_Muscle_Laing_WES/Sa/UWA_FAM7_PT_D12-733_1"}],"subject":{"reference":"Patient/P.ANVIL-CMG-Broad-Muscle-Laing-WES-Su-UWA-FAM7-PT-D12-733-1"}}
{"resourceType":"Specimen","id":"ANVIL-Broad-Muscle-Laing-WES-Sa-UWA-FAM7-PT-D12-735-1","meta":{"profile":["http://hl7.org/fhir/StructureDefinition/Specimen"]},"identifier":[{"system":"https://anvil.terra.bio/#workspaces/anvil-datastorage/ANVIL_CMG_Broad_Muscle_Laing_WES","value":"ANVIL_Broad_Muscle_Laing_WES/Sa/UWA_FAM7_PT_D12-735_1"},{"system":"urn:ncpi:unique-string","value":"Specimen|ANVIL_CMG_Broad_Muscle_Laing_WES|ANVIL_Broad_Muscle_Laing_WES/Sa/UWA_FAM7_PT_D12-735_1"}],"subject":{"reference":"Patient/P.ANVIL-CMG-Broad-Muscle-Laing-WES-Su-UWA-FAM7-PT-D12-735-1"}}
{"resourceType":"Specimen","id":"ANVIL-Broad-Muscle-Laing-WES-Sa-UWA-FAM7-PT-D16-1243-1","meta":{"profile":["http://hl7.org/fhir/StructureDefinition/Specimen"]},"identifier":[{"system":"https://anvil.terra.bio/#workspaces/anvil-datastorage/ANVIL_CMG_Broad_Muscle_Laing_WES","value":"ANVIL_Broad_Muscle_Laing_WES/Sa/UWA_FAM7_PT_D16-1243_1"},{"system":"urn:ncpi:unique-string","value":"Specimen|ANVIL_CMG_Broad_Muscle_Laing_WES|ANVIL_Broad_Muscle_Laing_WES/Sa/UWA_FAM7_PT_D16-1243_1"}],"subject":{"reference":"Patient/P.ANVIL-CMG-Broad-Muscle-Laing-WES-Su-UWA-FAM7-PT-D16-1243-1"}}
{"resourceType":"Specimen","id":"ANVIL-Broad-Muscle-Laing-WES-Sa-UWA-FAM8-PT-D15-1172-1","meta":{"profile":["http://hl7.org/fhir/StructureDefinition/Specimen"]},"identifier":[{"system":"https://anvil.terra.bio/#workspaces/anvil-datastorage/ANVIL_CMG_Broad_Muscle_Laing_WES","value":"ANVIL_Broad_Muscle_Laing_WES/Sa/UWA_FAM8_PT_D15-1172_1"},{"system":"urn:ncpi:unique-string","value":"Specimen|ANVIL_CMG_Broad_Muscle_Laing_WES|ANVIL_Broad_Muscle_Laing_WES/Sa/UWA_FAM8_PT_D15-1172_1"}],"subject":{"reference":"Patient/P.ANVIL-CMG-Broad-Muscle-Laing-WES-Su-UWA-FAM8-PT-D15-1172-1"}}
{"resourceType":"Specimen","id":"ANVIL-Broad-Muscle-Laing-WES-Sa-UWA-FAM8-PT-D15-1173-1","meta":{"profile":["http://hl7.org/fhir/StructureDefinition/Specimen"]},"identifier":[{"system":"https://anvil.terra.bio/#workspaces/anvil-datastorage/ANVIL_CMG_Broad_Muscle_Laing_WES","value":"ANVIL_Broad_Muscle_Laing_WES/Sa/UWA_FAM8_PT_D15-1173_1"},{"system":"urn:ncpi:unique-string","value":"Specimen|ANVIL_CMG_Broad_Muscle_Laing_WES|ANVIL_Broad_Muscle_Laing_WES/Sa/UWA_FAM8_PT_D15-1173_1"}],"subject":{"reference":"Patient/P.ANVIL-CMG-Broad-Muscle-Laing-WES-Su-UWA-FAM8-PT-D15-1173-1"}}
{"resourceType":"Specimen","id":"ANVIL-Broad-Muscle-Laing-WES-Sa-UWA-FAM8-PT-D15-1174-1","meta":{"profile":["http://hl7.org/fhir/StructureDefinition/Specimen"]},"identifier":[{"system":"https://anvil.terra.bio/#workspaces/anvil-datastorage/ANVIL_CMG_Broad_Muscle_Laing_WES","value":"ANVIL_Broad_Muscle_Laing_WES/Sa/UWA_FAM8_PT_D15-1174_1"},{"system":"urn:ncpi:unique-string","value":"Specimen|ANVIL_CMG_Broad_Muscle_Laing_WES|ANVIL_Broad_Muscle_Laing_WES/Sa/UWA_FAM8_PT_D15-1174_1"}],"subject":{"reference":"Patient/P.ANVIL-CMG-Broad-Muscle-Laing-WES-Su-UWA-FAM8-PT-D15-1174-1"}}
{"resourceType":"Specimen","id":"ANVIL-Broad-Muscle-Laing-WES-Sa-UWA-FAM9-PT-D14-1319-1","meta":{"profile":["http://hl7.org/fhir/StructureDefinition/Specimen"]},"identifier":[{"system":"https://anvil.terra.bio/#workspaces/anvil-datastorage/ANVIL_CMG_Broad_Muscle_Laing_WES","value":"ANVIL_Broad_Muscle_Laing_WES/Sa/UWA_FAM9_PT_D14-1319_1"},{"system":"urn:ncpi:unique-string","value":"Specimen|ANVIL_CMG_Broad_Muscle_Laing_WES|ANVIL_Broad_Muscle_Laing_WES/Sa/UWA_FAM9_PT_D14-1319_1"}],"subject":{"reference":"Patient/P.ANVIL-CMG-Broad-Muscle-Laing-WES-Su-UWA-FAM9-PT-D14-1319-1"}}
{"resourceType":"Specimen","id":"ANVIL-Broad-Muscle-Laing-WES-Sa-UWA-FAM9-PT-D14-1321-1","meta":{"profile":["http://hl7.org/fhir/StructureDefinition/Specimen"]},"identifier":[{"system":"https://anvil.terra.bio/#workspaces/anvil-datastorage/ANVIL_CMG_Broad_Muscle_Laing_WES","value":"ANVIL_Broad_Muscle_Laing_WES/Sa/UWA_FAM9_PT_D14-1321_1"},{"system":"urn:ncpi:unique-string","value":"Specimen|ANVIL_CMG_Broad_Muscle_Laing_WES|ANVIL_Broad_Muscle_Laing_WES/Sa/UWA_FAM9_PT_D14-1321_1"}],"subject":{"reference":"Patient/P.ANVIL-CMG-Broad-Muscle-Laing-WES-Su-UWA-FAM9-PT-D14-1321-1"}}
{"resourceType":"Specimen","id":"ANVIL-Broad-Muscle-Laing-WES-Sa-UWA-FAM9-PT-D14-1322-1","meta":{"profile":["http://hl7.org/fhir/StructureDefinition/Specimen"]},"identifier":[{"system":"https://anvil.terra.bio/#workspaces/anvil-datastorage/ANVIL_CMG_Broad_Muscle_Laing_WES","value":"ANVIL_Broad_Muscle_Laing_WES/Sa/UWA_FAM9_PT_D14-1322_1"},{"system":"urn:ncpi:unique-string","value":"Specimen|ANVIL_CMG_Broad_Muscle_Laing_WES|ANVIL_Broad_Muscle_Laing_WES/Sa/UWA_FAM9_PT_D14-1322_1"}],"subject":{"reference":"Patient/P.ANVIL-CMG-Broad-Muscle-Laing-WES-Su-UWA-FAM9-PT-D14-1322-1"}}
