{"resourceType":"Task","id":"T.ANVIL-Broad-Muscle-Laing-WES-Sa-UWA-FAM10-PT-D14-1604-1","status":"accepted","intent":"unknown","input":[{"type":{"coding":[{"code":"Specimen"}]},"valueReference":{"reference":"Specimen/ANVIL-Broad-Muscle-Laing-WES-Sa-UWA-FAM10-PT-D14-1604-1"}}],"output":[]}
{"resourceType":"Task","id":"T.ANVIL-Broad-Muscle-Laing-WES-Sa-UWA-FAM10-PT-D14-1606-1","status":"accepted","intent":"unknown","input":[{"type":{"coding":[{"code":"Specimen"}]},"valueReference":{"reference":"Specimen/ANVIL-Broad-Muscle-Laing-WES-Sa-UWA-FAM10-PT-D14-1606-1"}}],"output":[]}
{"resourceType":"Task","id":"T.ANVIL-Broad-Muscle-Laing-WES-Sa-UWA-FAM10-PT-D14-1608-1","status":"accepted","intent":"unknown","input":[{"type":{"coding":[{"code":"Specimen"}]},"valueReference":{"reference":"Specimen/ANVIL-Broad-Muscle-Laing-WES-Sa-UWA-FAM10-PT-D14-1608-1"}}],"output":[]}
{"resourceType":"Task","id":"T.ANVIL-Broad-Muscle-Laing-WES-Sa-UWA-FAM11-PT-D15-1500-1","status":"accepted","intent":"unknown","input":[{"type":{"coding":[{"code":"Specimen"}]},"valueReference":{"reference":"Specimen/ANVIL-Broad-Muscle-Laing-WES-Sa-UWA-FAM11-PT-D15-1500-1"}}],"output":[]}
{"resourceType":"Task","id":"T.ANVIL-Broad-Muscle-Laing-WES-Sa-UWA-FAM11-PT-D16-0788-1","status":"accepted","intent":"unknown","input":[{"type":{"coding":[{"code":"Specimen"}]},"valueReference":{"reference":"Specimen/ANVIL-Broad-Muscle-Laing-WES-Sa-UWA-FAM11-PT-D16-0788-1"}}],"output":[]}
{"resourceType":"Task","id":"T.ANVIL-Broad-Muscle-Laing-WES-Sa-UWA-FAM11-PT-D16-0789-1","status":"accepted","intent":"unknown","input":[{"type":{"coding":[{"code":"Specimen"}]},"valueReference":{"reference":"Specimen/ANVIL-Broad-Muscle-Laing-WES-Sa-UWA-FAM11-PT-D16-0789-1"}}],"output":[]}
{"resourceType":"Task","id":"T.ANVIL-Broad-Muscle-Laing-WES-Sa-UWA-FAM1-PT-D12-403-1","status":"accepted","intent":"unknown","input":[{"type":{"coding":[{"code":"Specimen"}]},"valueReference":{"reference":"Specimen/ANVIL-Broad-Muscle-Laing-WES-Sa-UWA-FAM1-PT-D12-403-1"}}],"output":[]}
{"resourceType":"Task","id":"T.ANVIL-Broad-Muscle-Laing-WES-Sa-UWA-FAM1-PT-D12-424-1","status":"accepted","intent":"unknown","input":[{"type":{"coding":[{"code":"Specimen"}]},"valueReference":{"reference":"Specimen/ANVIL-Broad-Muscle-Laing-WES-Sa-UWA-FAM1-PT-D12-424-1"}}],"output":[]}
{"resourceType":"Task","id":"T.ANVIL-Broad-Muscle-Laing-WES-Sa-UWA-FAM1-PT-D12-439-1","status":"accepted","intent":"unknown","input":[{"type":{"coding":[{"code":"Specimen"}]},"valueReference":{"reference":"Specimen/ANVIL-Broad-Muscle-Laing-WES-Sa-UWA-FAM1-PT-D12-439-1"}}],"output":[]}
{"resourceType":"Task","id":"T.ANVIL-Broad-Muscle-Laing-WES-Sa-UWA-FAM2-PT-D13-1505-1","status":"accepted","intent":"unknown","input":[{"type":{"coding":[{"code":"Specimen"}]},"valueReference":{"reference":"Specimen/ANVIL-Broad-Muscle-Laing-WES-Sa-UWA-FAM2-PT-D13-1505-1"}}],"output":[]}
{"resourceType":"Task","id":"T.ANVIL-Broad-Muscle-Laing-WES-Sa-UWA-FAM2-PT-D13-1506-1","status":"accepted","intent":"unknown","input":[{"type":{"coding":[{"code":"Specimen"}]},"valueReference":{"reference":"Specimen/ANVIL-Broad-Muscle-Laing-WES-Sa-UWA-FAM2-PT-D13-1506-1"}}],"output":[]}
{"resourceType":"Task","id":"T.ANVIL-Broad-Muscle-Laing-WES-Sa-UWA-FAM2-PT-D13-1507-1","status":"accepted","intent":"unknown","input":[{"type":{"coding":[{"code":"Specimen"}]},"valueReference":{"reference":"Specimen/ANVIL-Broad-Muscle-Laing-WES-Sa-UWA-FAM2-PT-D13-1507-1"}}],"output":[]}
{"resourceType":"Task","id":"T.ANVIL-Broad-Muscle-Laing-WES-Sa-UWA-FAM2-PT-D13-1508-1","status":"accepted","intent":"unknown","input":[{"type":{"coding":[{"code":"Specimen"}]},"valueReference":{"reference":"Specimen/ANVIL-Broad-Muscle-Laing-WES-Sa-UWA-FAM2-PT-D13-1508-1"}}],"output":[]}
{"resourceType":"Task","id":"T.ANVIL-Broad-Muscle-Laing-WES-Sa-UWA-FAM3-PT-D12-950-1","status":"accepted","intent":"unknown","input":[{"type":{"coding":[{"code":"Specimen"}]},"valueReference":{"reference":"Specimen/ANVIL-Broad-Muscle-Laing-WES-Sa-UWA-FAM3-PT-D12-950-1"}}],"output":[]}
{"resourceType":"Task","id":"T.ANVIL-Broad-Muscle-Laing-WES-Sa-UWA-FAM3-PT-D12-951-1","status":"accepted","intent":"unknown","input":[{"type":{"coding":[{"code":"Specimen"}]},"valueReference":{"reference":"Specimen/ANVIL-Broad-Muscle-Laing-WES-Sa-UWA-FAM3-PT-D12-951-1"}}],"output":[]}
{"resourceType":"Task","id":"T.ANVIL-Broad-Muscle-Laing-WES-Sa-UWA-FAM3-PT-D12-952-1","status":"accepted","intent":"unknown","input":[{"type":{"coding":[{"code":"Specimen"}]},"valueReference":{"reference":"Specimen/ANVIL-Broad-Muscle-Laing-WES-Sa-UWA-FAM3-PT-D12-952-1"}}],"output":[]}
{"resourceType":"Task","id":"T.ANVIL-Broad-Muscle-Laing-WES-Sa-UWA-FAM3-PT-D12-953-1","status":"accepted","intent":"unknown","input":[{"type":{"coding":[{"code":"Specimen"}]},"valueReference":{"reference":"Specimen/ANVIL-Broad-Muscle-Laing-WES-Sa-UWA-FAM3-PT-D12-953-1"}}],"output":[]}
{"resourceType":"Task","id":"T.ANVIL-Broad-Muscle-Laing-WES-Sa-UWA-FAM4-PT-D12-329-1","status":"accepted","intent":"unknown","input":[{"type":{"coding":[{"code":"Specimen"}]},"valueReference":{"reference":"Specimen/ANVIL-Broad-Muscle-Laing-WES-Sa-UWA-FAM4-PT-D12-329-1"}}],"output":[]}
{"resourceType":"Task","id":"T.ANVIL-Broad-Muscle-Laing-WES-Sa-UWA-FAM4-PT-D12-330-1","status":"accepted","intent":"unknown","input":[{"type":{"coding":[{"code":"Specimen"}]},"valueReference":{"reference":"Specimen/ANVIL-Broad-Muscle-Laing-WES-Sa-UWA-FAM4-PT-D12-330-1"}}],"output":[]}
{"resourceType":"Task","id":"T.ANVIL-Broad-Muscle-Laing-WES-Sa-UWA-FAM4-PT-D12-331-1","status":"accepted","intent":"unknown","input":[{"type":{"coding":[{"code":"Specimen"}]},"valueReference":{"reference":"Specimen/ANVIL-Broad-Muscle-Laing-WES-Sa-UWA-FAM4-PT-D12-331-1"}}],"output":[]}
{"resourceType":"Task","id":"T.ANVIL-Broad-Muscle-Laing-WES-Sa-UWA-FAM4-PT-D12-332-1","status":"accepted","intent":"unknown","input":[{"type":{"coding":[{"code":"Specimen"}]},"valueReference":{"reference":"Specimen/ANVIL-Broad-Muscle-Laing-WES-Sa-UWA-FAM4-PT-D12-332-1"}}],"output":[]}
{"resourceType":"Task","id":"T.ANVIL-Broad-Muscle-Laing-WES-Sa-UWA-FAM7-PT-D12-731-1","status":"accepted","intent":"unknown","input":[{"type":{"coding":[{"code":"Specimen"}]},"valueReference":{"reference":"Specimen/ANVIL-Broad-Muscle-Laing-WES-Sa-UWA-FAM7-PT-D12-731-1"}}],"output":[]}
{"resourceType":"Task","id":"T.ANVIL-Broad-Muscle-Laing-WES-Sa-UWA-FAM7-PT-D12-733-1","status":"accepted","intent":"unknown","input":[{"type":{"coding":[{"code":"Specimen"}]},"valueReference":{"reference":"Specimen/ANVIL-Broad-Muscle-Laing-WES-Sa-UWA-FAM7-PT-D12-733-1"}}],"output":[]}
{"resourceType":"Task","id":"T.ANVIL-Broad-Muscle-Laing-WES-Sa-UWA-FAM7-PT-D12-735-1","status":"accepted","intent":"unknown","input":[{"type":{"coding":[{"code":"Specimen"}]},"valueReference":{"reference":"Specimen/ANVIL-Broad-Muscle-Laing-WES-Sa-UWA-FAM7-PT-D12-735-1"}}],"output":[]}
{"resourceType":"Task","id":"T.ANVIL-Broad-Muscle-Laing-WES-Sa-UWA-FAM7-PT-D16-1243-1","status":"accepted","intent":"unknown","input":[{"type":{"coding":[{"code":"Specimen"}]},"valueReference":{"reference":"Specimen/ANVIL-Broad-Muscle-Laing-WES-Sa-UWA-FAM7-PT-D16-1243-1"}}],"output":[]}
{"resourceType":"Task","id":"T.ANVIL-Broad-Muscle-Laing-WES-Sa-UWA-FAM8-PT-D15-1172-1","status":"accepted","intent":"unknown","input":[{"type":{"coding":[{"code":"Specimen"}]},"valueReference":{"reference":"Specimen/ANVIL-Broad-Muscle-Laing-WES-Sa-UWA-FAM8-PT-D15-1172-1"}}],"output":[]}
{"resourceType":"Task","id":"T.ANVIL-Broad-Muscle-Laing-WES-Sa-UWA-FAM8-PT-D15-1173-1","status":"accepted","intent":"unknown","input":[{"type":{"coding":[{"code":"Specimen"}]},"valueReference":{"reference":"Specimen/ANVIL-Broad-Muscle-Laing-WES-Sa-UWA-FAM8-PT-D15-1173-1"}}],"output":[]}
{"resourceType":"Task","id":"T.ANVIL-Broad-Muscle-Laing-WES-Sa-UWA-FAM8-PT-D15-1174-1","status":"accepted","intent":"unknown","input":[{"type":{"coding":[{"code":"Specimen"}]},"valueReference":{"reference":"Specimen/ANVIL-Broad-Muscle-Laing-WES-Sa-UWA-FAM8-PT-D15-1174-1"}}],"output":[]}
{"resourceType":"Task","id":"T.ANVIL-Broad-Muscle-Laing-WES-Sa-UWA-FAM9-PT-D14-1319-1","status":"accepted","intent":"unknown","input":[{"type":{"coding":[{"code":"Specimen"}]},"valueReference":{"reference":"Specimen/ANVIL-Broad-Muscle-Laing-WES-Sa-UWA-FAM9-PT-D14-1319-1"}}],"output":[]}
{"resourceType":"Task","id":"T.ANVIL-Broad-Muscle-Laing-WES-Sa-UWA-FAM9-PT-D14-1321-1","status":"accepted","intent":"unknown","input":[{"type":{"coding":[{"code":"Specimen"}]},"valueReference":{"reference":"Specimen/ANVIL-Broad-Muscle-Laing-WES-Sa-UWA-FAM9-PT-D14-1321-1"}}],"output":[]}
{"resourceType":"Task","id":"T.ANVIL-Broad-Muscle-Laing-WES-Sa-UWA-FAM9-PT-D14-1322-1","status":"accepted","intent":"unknown","input":[{"type":{"coding":[{"code":"Specimen"}]},"valueReference":{"reference":"Specimen/ANVIL-Broad-Muscle-Laing-WES-Sa-UWA-FAM9-PT-D14-1322-1"}}],"output":[]}
