{"resourceType":"Observation","id":"nVIL-CMG-Broad-Orphan-Estonia-Ounap-WES-Su-HK078-001-OMIM-314580","meta":{"profile":["http://fhir.ncpi-project-forge.io/StructureDefinition/ncpi-phenotype"]},"identifier":[{"system":"urn:ncpi:unique-string","value":"nVIL-CMG-Broad-Orphan-Estonia-Ounap-WES-Su-HK078-001-OMIM-314580"}],"status":"final","code":{"coding":[{"system":"http://purl.obolibrary.org/obo/omim.owl","code":"OMIM:314580","display":"WIEACKER-WOLFF SYNDROME; WRWF"}],"text":"WIEACKER-WOLFF SYNDROME; WRWF"},"subject":{"reference":"Patient/P.AnVIL-CMG-Broad-Orphan-Estonia-Ounap-WES-Su-HK078-001"},"valueCodeableConcept":{"coding":[{"system":"http://snomed.info/sct","code":"373573001","display":"Clinical finding present (situation)"}],"text":"Phenotype Present"},"interpretation":[{"coding":[{"system":"http://terminology.hl7.org/CodeSystem/v3-ObservationInterpretation","code":"POS","display":"Positive"}],"text":"Present"}],"extension":[]}
{"resourceType":"Observation","id":"nVIL-CMG-Broad-Orphan-Estonia-Ounap-WES-Su-HK078-002-OMIM-314580","meta":{"profile":["http://fhir.ncpi-project-forge.io/StructureDefinition/ncpi-phenotype"]},"identifier":[{"system":"urn:ncpi:unique-string","value":"nVIL-CMG-Broad-Orphan-Estonia-Ounap-WES-Su-HK078-002-OMIM-314580"}],"status":"final","code":{"coding":[{"system":"http://purl.obolibrary.org/obo/omim.owl","code":"OMIM:314580","display":"WIEACKER-WOLFF SYNDROME; WRWF"}],"text":"WIEACKER-WOLFF SYNDROME; WRWF"},"subject":{"reference":"Patient/P.AnVIL-CMG-Broad-Orphan-Estonia-Ounap-WES-Su-HK078-002"},"valueCodeableConcept":{"coding":[{"system":"http://snomed.info/sct","code":"373573001","display":"Clinical finding present (situation)"}],"text":"Phenotype Present"},"interpretation":[{"coding":[{"system":"http://terminology.hl7.org/CodeSystem/v3-ObservationInterpretation","code":"POS","display":"Positive"}],"text":"Present"}],"extension":[]}
{"resourceType":"Observation","id":"nVIL-CMG-Broad-Orphan-Estonia-Ounap-WES-Su-HK078-003-OMIM-314580","meta":{"profile":["http://fhir.ncpi-project-forge.io/StructureDefinition/ncpi-phenotype"]},"identifier":[{"system":"urn:ncpi:unique-string","value":"nVIL-CMG-Broad-Orphan-Estonia-Ounap-WES-Su-HK078-003-OMIM-314580"}],"status":"final","code":{"coding":[{"system":"http://purl.obolibrary.org/obo/omim.owl","code":"OMIM:314580","display":"WIEACKER-WOLFF SYNDROME; WRWF"}],"text":"WIEACKER-WOLFF SYNDROME; WRWF"},"subject":{"reference":"Patient/P.AnVIL-CMG-Broad-Orphan-Estonia-Ounap-WES-Su-HK078-003"},"valueCodeableConcept":{"coding":[{"system":"http://snomed.info/sct","code":"373573001","display":"Clinical finding present (situation)"}],"text":"Phenotype Present"},"interpretation":[{"coding":[{"system":"http://terminology.hl7.org/CodeSystem/v3-ObservationInterpretation","code":"POS","display":"Positive"}],"text":"Present"}],"extension":[]}
{"resourceType":"Observation","id":"nVIL-CMG-Broad-Orphan-Estonia-Ounap-WES-Su-HK084-001-OMIM-606232","meta":{"profile":["http://fhir.ncpi-project-forge.io/StructureDefinition/ncpi-phenotype"]},"identifier":[{"system":"urn:ncpi:unique-string","value":"nVIL-CMG-Broad-Orphan-Estonia-Ounap-WES-Su-HK084-001-OMIM-606232"}],"status":"final","code":{"coding":[{"system":"http://purl.obolibrary.org/obo/omim.owl","code":"OMIM:606232","display":"PHELAN-MCDERMID SYNDROME; PHMDS"}],"text":"PHELAN-MCDERMID SYNDROME; PHMDS"},"subject":{"reference":"Patient/P.AnVIL-CMG-Broad-Orphan-Estonia-Ounap-WES-Su-HK084-001"},"valueCodeableConcept":{"coding":[{"system":"http://snomed.info/sct","code":"373573001","display":"Clinical finding present (situation)"}],"text":"Phenotype Present"},"interpretation":[{"coding":[{"system":"http://terminology.hl7.org/CodeSystem/v3-ObservationInterpretation","code":"POS","display":"Positive"}],"text":"Present"}],"extension":[]}
{"resourceType":"Observation","id":"nVIL-CMG-Broad-Orphan-Estonia-Ounap-WES-Su-HK084-002-OMIM-606232","meta":{"profile":["http://fhir.ncpi-project-forge.io/StructureDefinition/ncpi-phenotype"]},"identifier":[{"system":"urn:ncpi:unique-string","value":"nVIL-CMG-Broad-Orphan-Estonia-Ounap-WES-Su-HK084-002-OMIM-606232"}],"status":"final","code":{"coding":[{"system":"http://purl.obolibrary.org/obo/omim.owl","code":"OMIM:606232","display":"PHELAN-MCDERMID SYNDROME; PHMDS"}],"text":"PHELAN-MCDERMID SYNDROME; PHMDS"},"subject":{"reference":"Patient/P.AnVIL-CMG-Broad-Orphan-Estonia-Ounap-WES-Su-HK084-002"},"valueCodeableConcept":{"coding":[{"system":"http://snomed.info/sct","code":"373573001","display":"Clinical finding present (situation)"}],"text":"Phenotype Present"},"interpretation":[{"coding":[{"system":"http://terminology.hl7.org/CodeSystem/v3-ObservationInterpretation","code":"POS","display":"Positive"}],"text":"Present"}],"extension":[]}
{"resourceType":"Observation","id":"nVIL-CMG-Broad-Orphan-Estonia-Ounap-WES-Su-HK084-003-OMIM-606232","meta":{"profile":["http://fhir.ncpi-project-forge.io/StructureDefinition/ncpi-phenotype"]},"identifier":[{"system":"urn:ncpi:unique-string","value":"nVIL-CMG-Broad-Orphan-Estonia-Ounap-WES-Su-HK084-003-OMIM-606232"}],"status":"final","code":{"coding":[{"system":"http://purl.obolibrary.org/obo/omim.owl","code":"OMIM:606232","display":"PHELAN-MCDERMID SYNDROME; PHMDS"}],"text":"PHELAN-MCDERMID SYNDROME; PHMDS"},"subject":{"reference":"Patient/P.AnVIL-CMG-Broad-Orphan-Estonia-Ounap-WES-Su-HK084-003"},"valueCodeableConcept":{"coding":[{"system":"http://snomed.info/sct","code":"373573001","display":"Clinical finding present (situation)"}],"text":"Phenotype Present"},"interpretation":[{"coding":[{"system":"http://terminology.hl7.org/CodeSystem/v3-ObservationInterpretation","code":"POS","display":"Positive"}],"text":"Present"}],"extension":[]}
{"resourceType":"Observation","id":"nVIL-CMG-Broad-Orphan-Estonia-Ounap-WES-Su-HK086-001-OMIM-616056","meta":{"profile":["http://fhir.ncpi-project-forge.io/StructureDefinition/ncpi-phenotype"]},"identifier":[{"system":"urn:ncpi:unique-string","value":"nVIL-CMG-Broad-Orphan-Estonia-Ounap-WES-Su-HK086-001-OMIM-616056"}],"status":"final","code":{"coding":[{"system":"http://purl.obolibrary.org/obo/omim.owl","code":"OMIM:616056","display":"DEVELOPMENTAL AND EPILEPTIC ENCEPHALOPATHY 26; DEE26"}],"text":"DEVELOPMENTAL AND EPILEPTIC ENCEPHALOPATHY 26; DEE26"},"subject":{"reference":"Patient/P.AnVIL-CMG-Broad-Orphan-Estonia-Ounap-WES-Su-HK086-001"},"valueCodeableConcept":{"coding":[{"system":"http://snomed.info/sct","code":"373573001","display":"Clinical finding present (situation)"}],"text":"Phenotype Present"},"interpretation":[{"coding":[{"system":"http://terminology.hl7.org/CodeSystem/v3-ObservationInterpretation","code":"POS","display":"Positive"}],"text":"Present"}],"extension":[]}
{"resourceType":"Observation","id":"nVIL-CMG-Broad-Orphan-Estonia-Ounap-WES-Su-HK086-002-OMIM-616056","meta":{"profile":["http://fhir.ncpi-project-forge.io/StructureDefinition/ncpi-phenotype"]},"identifier":[{"system":"urn:ncpi:unique-string","value":"nVIL-CMG-Broad-Orphan-Estonia-Ounap-WES-Su-HK086-002-OMIM-616056"}],"status":"final","code":{"coding":[{"system":"http://purl.obolibrary.org/obo/omim.owl","code":"OMIM:616056","display":"DEVELOPMENTAL AND EPILEPTIC ENCEPHALOPATHY 26; DEE26"}],"text":"DEVELOPMENTAL AND EPILEPTIC ENCEPHALOPATHY 26; DEE26"},"subject":{"reference":"Patient/P.AnVIL-CMG-Broad-Orphan-Estonia-Ounap-WES-Su-HK086-002"},"valueCodeableConcept":{"coding":[{"system":"http://snomed.info/sct","code":"373573001","display":"Clinical finding present (situation)"}],"text":"Phenotype Present"},"interpretation":[{"coding":[{"system":"http://terminology.hl7.org/CodeSystem/v3-ObservationInterpretation","code":"POS","display":"Positive"}],"text":"Present"}],"extension":[]}
{"resourceType":"Observation","id":"nVIL-CMG-Broad-Orphan-Estonia-Ounap-WES-Su-HK086-003-OMIM-616056","meta":{"profile":["http://fhir.ncpi-project-forge.io/StructureDefinition/ncpi-phenotype"]},"identifier":[{"system":"urn:ncpi:unique-string","value":"nVIL-CMG-Broad-Orphan-Estonia-Ounap-WES-Su-HK086-003-OMIM-616056"}],"status":"final","code":{"coding":[{"system":"http://purl.obolibrary.org/obo/omim.owl","code":"OMIM:616056","display":"DEVELOPMENTAL AND EPILEPTIC ENCEPHALOPATHY 26; DEE26"}],"text":"DEVELOPMENTAL AND EPILEPTIC ENCEPHALOPATHY 26; DEE26"},"subject":{"reference":"Patient/P.AnVIL-CMG-Broad-Orphan-Estonia-Ounap-WES-Su-HK086-003"},"valueCodeableConcept":{"coding":[{"system":"http://snomed.info/sct","code":"373573001","display":"Clinical finding present (situation)"}],"text":"Phenotype Present"},"interpretation":[{"coding":[{"system":"http://terminology.hl7.org/CodeSystem/v3-ObservationInterpretation","code":"POS","display":"Positive"}],"text":"Present"}],"extension":[]}
