{"resourceType":"Patient","id":"P.AnVIL-CMG-Broad-Orphan-Estonia-Ounap-WES-Su-HK077-001","meta":{"profile":["http://hl7.org/fhir/StructureDefinition/Patient"]},"identifier":[{"system":"https://anvil.terra.bio/#workspaces/anvil-datastorage/AnVIL_CMG_Broad_Orphan_Estonia-Ounap_WES","value":"AnVIL_CMG_Broad_Orphan_Estonia-Ounap_WES/Su/HK077-001"},{"system":"urn:ncpi:unique-string","value":"Patient|AnVIL_CMG_Broad_Orphan_Estonia-Ounap_WES|AnVIL_CMG_Broad_Orphan_Estonia-Ounap_WES/Su/HK077-001"}]}
{"resourceType":"Patient","id":"P.AnVIL-CMG-Broad-Orphan-Estonia-Ounap-WES-Su-HK077-002","meta":{"profile":["http://hl7.org/fhir/StructureDefinition/Patient"]},"identifier":[{"system":"https://anvil.terra.bio/#workspaces/anvil-datastorage/AnVIL_CMG_Broad_Orphan_Estonia-Ounap_WES","value":"AnVIL_CMG_Broad_Orphan_Estonia-Ounap_WES/Su/HK077-002"},{"system":"urn:ncpi:unique-string","value":"Patient|AnVIL_CMG_Broad_Orphan_Estonia-Ounap_WES|AnVIL_CMG_Broad_Orphan_Estonia-Ounap_WES/Su/HK077-002"}]}
{"resourceType":"Patient","id":"P.AnVIL-CMG-Broad-Orphan-Estonia-Ounap-WES-Su-HK077-003","meta":{"profile":["http://hl7.org/fhir/StructureDefinition/Patient"]},"identifier":[{"system":"https://anvil.terra.bio/#workspaces/anvil-datastorage/AnVIL_CMG_Broad_Orphan_Estonia-Ounap_WES","value":"AnVIL_CMG_Broad_Orphan_Estonia-Ounap_WES/Su/HK077-003"},{"system":"urn:ncpi:unique-string","value":"Patient|AnVIL_CMG_Broad_Orphan_Estonia-Ounap_WES|AnVIL_CMG_Broad_Orphan_Estonia-Ounap_WES/Su/HK077-003"}]}
{"resourceType":"Patient","id":"P.AnVIL-CMG-Broad-Orphan-Estonia-Ounap-WES-Su-HK078-001","meta":{"profile":["http://hl7.org/fhir/StructureDefinition/Patient"]},"identifier":[{"system":"https://anvil.terra.bio/#workspaces/anvil-datastorage/AnVIL_CMG_Broad_Orphan_Estonia-Ounap_WES","value":"AnVIL_CMG_Broad_Orphan_Estonia-Ounap_WES/Su/HK078-001"},{"system":"urn:ncpi:unique-string","value":"Patient|AnVIL_CMG_Broad_Orphan_Estonia-Ounap_WES|AnVIL_CMG_Broad_Orphan_Estonia-Ounap_WES/Su/HK078-001"}]}
{"resourceType":"Patient","id":"P.AnVIL-CMG-Broad-Orphan-Estonia-Ounap-WES-Su-HK078-002","meta":{"profile":["http://hl7.org/fhir/StructureDefinition/Patient"]},"identifier":[{"system":"https://anvil.terra.bio/#workspaces/anvil-datastorage/AnVIL_CMG_Broad_Orphan_Estonia-Ounap_WES","value":"AnVIL_CMG_Broad_Orphan_Estonia-Ounap_WES/Su/HK078-002"},{"system":"urn:ncpi:unique-string","value":"Patient|AnVIL_CMG_Broad_Orphan_Estonia-Ounap_WES|AnVIL_CMG_Broad_Orphan_Estonia-Ounap_WES/Su/HK078-002"}]}
{"resourceType":"Patient","id":"P.AnVIL-CMG-Broad-Orphan-Estonia-Ounap-WES-Su-HK078-003","meta":{"profile":["http://hl7.org/fhir/StructureDefinition/Patient"]},"identifier":[{"system":"https://anvil.terra.bio/#workspaces/anvil-datastorage/AnVIL_CMG_Broad_Orphan_Estonia-Ounap_WES","value":"AnVIL_CMG_Broad_Orphan_Estonia-Ounap_WES/Su/HK078-003"},{"system":"urn:ncpi:unique-string","value":"Patient|AnVIL_CMG_Broad_Orphan_Estonia-Ounap_WES|AnVIL_CMG_Broad_Orphan_Estonia-Ounap_WES/Su/HK078-003"}]}
{"resourceType":"Patient","id":"P.AnVIL-CMG-Broad-Orphan-Estonia-Ounap-WES-Su-HK079-001","meta":{"profile":["http://hl7.org/fhir/StructureDefinition/Patient"]},"identifier":[{"system":"https://anvil.terra.bio/#workspaces/anvil-datastorage/AnVIL_CMG_Broad_Orphan_Estonia-Ounap_WES","value":"AnVIL_CMG_Broad_Orphan_Estonia-Ounap_WES/Su/HK079-001"},{"system":"urn:ncpi:unique-string","value":"Patient|AnVIL_CMG_Broad_Orphan_Estonia-Ounap_WES|AnVIL_CMG_Broad_Orphan_Estonia-Ounap_WES/Su/HK079-001"}]}
{"resourceType":"Patient","id":"P.AnVIL-CMG-Broad-Orphan-Estonia-Ounap-WES-Su-HK079-002","meta":{"profile":["http://hl7.org/fhir/StructureDefinition/Patient"]},"identifier":[{"system":"https://anvil.terra.bio/#workspaces/anvil-datastorage/AnVIL_CMG_Broad_Orphan_Estonia-Ounap_WES","value":"AnVIL_CMG_Broad_Orphan_Estonia-Ounap_WES/Su/HK079-002"},{"system":"urn:ncpi:unique-string","value":"Patient|AnVIL_CMG_Broad_Orphan_Estonia-Ounap_WES|AnVIL_CMG_Broad_Orphan_Estonia-Ounap_WES/Su/HK079-002"}]}
{"resourceType":"Patient","id":"P.AnVIL-CMG-Broad-Orphan-Estonia-Ounap-WES-Su-HK079-003","meta":{"profile":["http://hl7.org/fhir/StructureDefinition/Patient"]},"identifier":[{"system":"https://anvil.terra.bio/#workspaces/anvil-datastorage/AnVIL_CMG_Broad_Orphan_Estonia-Ounap_WES","value":"AnVIL_CMG_Broad_Orphan_Estonia-Ounap_WES/Su/HK079-003"},{"system":"urn:ncpi:unique-string","value":"Patient|AnVIL_CMG_Broad_Orphan_Estonia-Ounap_WES|AnVIL_CMG_Broad_Orphan_Estonia-Ounap_WES/Su/HK079-003"}]}
{"resourceType":"Patient","id":"P.AnVIL-CMG-Broad-Orphan-Estonia-Ounap-WES-Su-HK080-001","meta":{"profile":["http://hl7.org/fhir/StructureDefinition/Patient"]},"identifier":[{"system":"https://anvil.terra.bio/#workspaces/anvil-datastorage/AnVIL_CMG_Broad_Orphan_Estonia-Ounap_WES","value":"AnVIL_CMG_Broad_Orphan_Estonia-Ounap_WES/Su/HK080-001"},{"system":"urn:ncpi:unique-string","value":"Patient|AnVIL_CMG_Broad_Orphan_Estonia-Ounap_WES|AnVIL_CMG_Broad_Orphan_Estonia-Ounap_WES/Su/HK080-001"}]}
{"resourceType":"Patient","id":"P.AnVIL-CMG-Broad-Orphan-Estonia-Ounap-WES-Su-HK080-002","meta":{"profile":["http://hl7.org/fhir/StructureDefinition/Patient"]},"identifier":[{"system":"https://anvil.terra.bio/#workspaces/anvil-datastorage/AnVIL_CMG_Broad_Orphan_Estonia-Ounap_WES","value":"AnVIL_CMG_Broad_Orphan_Estonia-Ounap_WES/Su/HK080-002"},{"system":"urn:ncpi:unique-string","value":"Patient|AnVIL_CMG_Broad_Orphan_Estonia-Ounap_WES|AnVIL_CMG_Broad_Orphan_Estonia-Ounap_WES/Su/HK080-002"}]}
{"resourceType":"Patient","id":"P.AnVIL-CMG-Broad-Orphan-Estonia-Ounap-WES-Su-HK080-003","meta":{"profile":["http://hl7.org/fhir/StructureDefinition/Patient"]},"identifier":[{"system":"https://anvil.terra.bio/#workspaces/anvil-datastorage/AnVIL_CMG_Broad_Orphan_Estonia-Ounap_WES","value":"AnVIL_CMG_Broad_Orphan_Estonia-Ounap_WES/Su/HK080-003"},{"system":"urn:ncpi:unique-string","value":"Patient|AnVIL_CMG_Broad_Orphan_Estonia-Ounap_WES|AnVIL_CMG_Broad_Orphan_Estonia-Ounap_WES/Su/HK080-003"}]}
{"resourceType":"Patient","id":"P.AnVIL-CMG-Broad-Orphan-Estonia-Ounap-WES-Su-HK081-001-1","meta":{"profile":["http://hl7.org/fhir/StructureDefinition/Patient"]},"identifier":[{"system":"https://anvil.terra.bio/#workspaces/anvil-datastorage/AnVIL_CMG_Broad_Orphan_Estonia-Ounap_WES","value":"AnVIL_CMG_Broad_Orphan_Estonia-Ounap_WES/Su/HK081-001_1"},{"system":"urn:ncpi:unique-string","value":"Patient|AnVIL_CMG_Broad_Orphan_Estonia-Ounap_WES|AnVIL_CMG_Broad_Orphan_Estonia-Ounap_WES/Su/HK081-001_1"}]}
{"resourceType":"Patient","id":"P.AnVIL-CMG-Broad-Orphan-Estonia-Ounap-WES-Su-HK081-002-1","meta":{"profile":["http://hl7.org/fhir/StructureDefinition/Patient"]},"identifier":[{"system":"https://anvil.terra.bio/#workspaces/anvil-datastorage/AnVIL_CMG_Broad_Orphan_Estonia-Ounap_WES","value":"AnVIL_CMG_Broad_Orphan_Estonia-Ounap_WES/Su/HK081-002_1"},{"system":"urn:ncpi:unique-string","value":"Patient|AnVIL_CMG_Broad_Orphan_Estonia-Ounap_WES|AnVIL_CMG_Broad_Orphan_Estonia-Ounap_WES/Su/HK081-002_1"}]}
{"resourceType":"Patient","id":"P.AnVIL-CMG-Broad-Orphan-Estonia-Ounap-WES-Su-HK081-003-1","meta":{"profile":["http://hl7.org/fhir/StructureDefinition/Patient"]},"identifier":[{"system":"https://anvil.terra.bio/#workspaces/anvil-datastorage/AnVIL_CMG_Broad_Orphan_Estonia-Ounap_WES","value":"AnVIL_CMG_Broad_Orphan_Estonia-Ounap_WES/Su/HK081-003_1"},{"system":"urn:ncpi:unique-string","value":"Patient|AnVIL_CMG_Broad_Orphan_Estonia-Ounap_WES|AnVIL_CMG_Broad_Orphan_Estonia-Ounap_WES/Su/HK081-003_1"}]}
{"resourceType":"Patient","id":"P.AnVIL-CMG-Broad-Orphan-Estonia-Ounap-WES-Su-HK082-001-2","meta":{"profile":["http://hl7.org/fhir/StructureDefinition/Patient"]},"identifier":[{"system":"https://anvil.terra.bio/#workspaces/anvil-datastorage/AnVIL_CMG_Broad_Orphan_Estonia-Ounap_WES","value":"AnVIL_CMG_Broad_Orphan_Estonia-Ounap_WES/Su/HK082-001_2"},{"system":"urn:ncpi:unique-string","value":"Patient|AnVIL_CMG_Broad_Orphan_Estonia-Ounap_WES|AnVIL_CMG_Broad_Orphan_Estonia-Ounap_WES/Su/HK082-001_2"}]}
{"resourceType":"Patient","id":"P.AnVIL-CMG-Broad-Orphan-Estonia-Ounap-WES-Su-HK082-002","meta":{"profile":["http://hl7.org/fhir/StructureDefinition/Patient"]},"identifier":[{"system":"https://anvil.terra.bio/#workspaces/anvil-datastorage/AnVIL_CMG_Broad_Orphan_Estonia-Ounap_WES","value":"AnVIL_CMG_Broad_Orphan_Estonia-Ounap_WES/Su/HK082-002"},{"system":"urn:ncpi:unique-string","value":"Patient|AnVIL_CMG_Broad_Orphan_Estonia-Ounap_WES|AnVIL_CMG_Broad_Orphan_Estonia-Ounap_WES/Su/HK082-002"}]}
{"resourceType":"Patient","id":"P.AnVIL-CMG-Broad-Orphan-Estonia-Ounap-WES-Su-HK082-003","meta":{"profile":["http://hl7.org/fhir/StructureDefinition/Patient"]},"identifier":[{"system":"https://anvil.terra.bio/#workspaces/anvil-datastorage/AnVIL_CMG_Broad_Orphan_Estonia-Ounap_WES","value":"AnVIL_CMG_Broad_Orphan_Estonia-Ounap_WES/Su/HK082-003"},{"system":"urn:ncpi:unique-string","value":"Patient|AnVIL_CMG_Broad_Orphan_Estonia-Ounap_WES|AnVIL_CMG_Broad_Orphan_Estonia-Ounap_WES/Su/HK082-003"}]}
{"resourceType":"Patient","id":"P.AnVIL-CMG-Broad-Orphan-Estonia-Ounap-WES-Su-HK084-001","meta":{"profile":["http://hl7.org/fhir/StructureDefinition/Patient"]},"identifier":[{"system":"https://anvil.terra.bio/#workspaces/anvil-datastorage/AnVIL_CMG_Broad_Orphan_Estonia-Ounap_WES","value":"AnVIL_CMG_Broad_Orphan_Estonia-Ounap_WES/Su/HK084-001"},{"system":"urn:ncpi:unique-string","value":"Patient|AnVIL_CMG_Broad_Orphan_Estonia-Ounap_WES|AnVIL_CMG_Broad_Orphan_Estonia-Ounap_WES/Su/HK084-001"}]}
{"resourceType":"Patient","id":"P.AnVIL-CMG-Broad-Orphan-Estonia-Ounap-WES-Su-HK084-002","meta":{"profile":["http://hl7.org/fhir/StructureDefinition/Patient"]},"identifier":[{"system":"https://anvil.terra.bio/#workspaces/anvil-datastorage/AnVIL_CMG_Broad_Orphan_Estonia-Ounap_WES","value":"AnVIL_CMG_Broad_Orphan_Estonia-Ounap_WES/Su/HK084-002"},{"system":"urn:ncpi:unique-string","value":"Patient|AnVIL_CMG_Broad_Orphan_Estonia-Ounap_WES|AnVIL_CMG_Broad_Orphan_Estonia-Ounap_WES/Su/HK084-002"}]}
{"resourceType":"Patient","id":"P.AnVIL-CMG-Broad-Orphan-Estonia-Ounap-WES-Su-HK084-003","meta":{"profile":["http://hl7.org/fhir/StructureDefinition/Patient"]},"identifier":[{"system":"https://anvil.terra.bio/#workspaces/anvil-datastorage/AnVIL_CMG_Broad_Orphan_Estonia-Ounap_WES","value":"AnVIL_CMG_Broad_Orphan_Estonia-Ounap_WES/Su/HK084-003"},{"system":"urn:ncpi:unique-string","value":"Patient|AnVIL_CMG_Broad_Orphan_Estonia-Ounap_WES|AnVIL_CMG_Broad_Orphan_Estonia-Ounap_WES/Su/HK084-003"}]}
{"resourceType":"Patient","id":"P.AnVIL-CMG-Broad-Orphan-Estonia-Ounap-WES-Su-HK085-001","meta":{"profile":["http://hl7.org/fhir/StructureDefinition/Patient"]},"identifier":[{"system":"https://anvil.terra.bio/#workspaces/anvil-datastorage/AnVIL_CMG_Broad_Orphan_Estonia-Ounap_WES","value":"AnVIL_CMG_Broad_Orphan_Estonia-Ounap_WES/Su/HK085-001"},{"system":"urn:ncpi:unique-string","value":"Patient|AnVIL_CMG_Broad_Orphan_Estonia-Ounap_WES|AnVIL_CMG_Broad_Orphan_Estonia-Ounap_WES/Su/HK085-001"}]}
{"resourceType":"Patient","id":"P.AnVIL-CMG-Broad-Orphan-Estonia-Ounap-WES-Su-HK085-002","meta":{"profile":["http://hl7.org/fhir/StructureDefinition/Patient"]},"identifier":[{"system":"https://anvil.terra.bio/#workspaces/anvil-datastorage/AnVIL_CMG_Broad_Orphan_Estonia-Ounap_WES","value":"AnVIL_CMG_Broad_Orphan_Estonia-Ounap_WES/Su/HK085-002"},{"system":"urn:ncpi:unique-string","value":"Patient|AnVIL_CMG_Broad_Orphan_Estonia-Ounap_WES|AnVIL_CMG_Broad_Orphan_Estonia-Ounap_WES/Su/HK085-002"}]}
{"resourceType":"Patient","id":"P.AnVIL-CMG-Broad-Orphan-Estonia-Ounap-WES-Su-HK085-004","meta":{"profile":["http://hl7.org/fhir/StructureDefinition/Patient"]},"identifier":[{"system":"https://anvil.terra.bio/#workspaces/anvil-datastorage/AnVIL_CMG_Broad_Orphan_Estonia-Ounap_WES","value":"AnVIL_CMG_Broad_Orphan_Estonia-Ounap_WES/Su/HK085-004"},{"system":"urn:ncpi:unique-string","value":"Patient|AnVIL_CMG_Broad_Orphan_Estonia-Ounap_WES|AnVIL_CMG_Broad_Orphan_Estonia-Ounap_WES/Su/HK085-004"}]}
{"resourceType":"Patient","id":"P.AnVIL-CMG-Broad-Orphan-Estonia-Ounap-WES-Su-HK085-006","meta":{"profile":["http://hl7.org/fhir/StructureDefinition/Patient"]},"identifier":[{"system":"https://anvil.terra.bio/#workspaces/anvil-datastorage/AnVIL_CMG_Broad_Orphan_Estonia-Ounap_WES","value":"AnVIL_CMG_Broad_Orphan_Estonia-Ounap_WES/Su/HK085-006"},{"system":"urn:ncpi:unique-string","value":"Patient|AnVIL_CMG_Broad_Orphan_Estonia-Ounap_WES|AnVIL_CMG_Broad_Orphan_Estonia-Ounap_WES/Su/HK085-006"}]}
{"resourceType":"Patient","id":"P.AnVIL-CMG-Broad-Orphan-Estonia-Ounap-WES-Su-HK086-001","meta":{"profile":["http://hl7.org/fhir/StructureDefinition/Patient"]},"identifier":[{"system":"https://anvil.terra.bio/#workspaces/anvil-datastorage/AnVIL_CMG_Broad_Orphan_Estonia-Ounap_WES","value":"AnVIL_CMG_Broad_Orphan_Estonia-Ounap_WES/Su/HK086-001"},{"system":"urn:ncpi:unique-string","value":"Patient|AnVIL_CMG_Broad_Orphan_Estonia-Ounap_WES|AnVIL_CMG_Broad_Orphan_Estonia-Ounap_WES/Su/HK086-001"}]}
{"resourceType":"Patient","id":"P.AnVIL-CMG-Broad-Orphan-Estonia-Ounap-WES-Su-HK086-002","meta":{"profile":["http://hl7.org/fhir/StructureDefinition/Patient"]},"identifier":[{"system":"https://anvil.terra.bio/#workspaces/anvil-datastorage/AnVIL_CMG_Broad_Orphan_Estonia-Ounap_WES","value":"AnVIL_CMG_Broad_Orphan_Estonia-Ounap_WES/Su/HK086-002"},{"system":"urn:ncpi:unique-string","value":"Patient|AnVIL_CMG_Broad_Orphan_Estonia-Ounap_WES|AnVIL_CMG_Broad_Orphan_Estonia-Ounap_WES/Su/HK086-002"}]}
{"resourceType":"Patient","id":"P.AnVIL-CMG-Broad-Orphan-Estonia-Ounap-WES-Su-HK086-003","meta":{"profile":["http://hl7.org/fhir/StructureDefinition/Patient"]},"identifier":[{"system":"https://anvil.terra.bio/#workspaces/anvil-datastorage/AnVIL_CMG_Broad_Orphan_Estonia-Ounap_WES","value":"AnVIL_CMG_Broad_Orphan_Estonia-Ounap_WES/Su/HK086-003"},{"system":"urn:ncpi:unique-string","value":"Patient|AnVIL_CMG_Broad_Orphan_Estonia-Ounap_WES|AnVIL_CMG_Broad_Orphan_Estonia-Ounap_WES/Su/HK086-003"}]}
{"resourceType":"Patient","id":"P.AnVIL-CMG-Broad-Orphan-Estonia-Ounap-WES-Su-HK119-001-1","meta":{"profile":["http://hl7.org/fhir/StructureDefinition/Patient"]},"identifier":[{"system":"https://anvil.terra.bio/#workspaces/anvil-datastorage/AnVIL_CMG_Broad_Orphan_Estonia-Ounap_WES","value":"AnVIL_CMG_Broad_Orphan_Estonia-Ounap_WES/Su/HK119-001_1"},{"system":"urn:ncpi:unique-string","value":"Patient|AnVIL_CMG_Broad_Orphan_Estonia-Ounap_WES|AnVIL_CMG_Broad_Orphan_Estonia-Ounap_WES/Su/HK119-001_1"}]}
{"resourceType":"Patient","id":"P.AnVIL-CMG-Broad-Orphan-Estonia-Ounap-WES-Su-HK119-002-1","meta":{"profile":["http://hl7.org/fhir/StructureDefinition/Patient"]},"identifier":[{"system":"https://anvil.terra.bio/#workspaces/anvil-datastorage/AnVIL_CMG_Broad_Orphan_Estonia-Ounap_WES","value":"AnVIL_CMG_Broad_Orphan_Estonia-Ounap_WES/Su/HK119-002_1"},{"system":"urn:ncpi:unique-string","value":"Patient|AnVIL_CMG_Broad_Orphan_Estonia-Ounap_WES|AnVIL_CMG_Broad_Orphan_Estonia-Ounap_WES/Su/HK119-002_1"}]}
{"resourceType":"Patient","id":"P.AnVIL-CMG-Broad-Orphan-Estonia-Ounap-WES-Su-HK119-003-1","meta":{"profile":["http://hl7.org/fhir/StructureDefinition/Patient"]},"identifier":[{"system":"https://anvil.terra.bio/#workspaces/anvil-datastorage/AnVIL_CMG_Broad_Orphan_Estonia-Ounap_WES","value":"AnVIL_CMG_Broad_Orphan_Estonia-Ounap_WES/Su/HK119-003_1"},{"system":"urn:ncpi:unique-string","value":"Patient|AnVIL_CMG_Broad_Orphan_Estonia-Ounap_WES|AnVIL_CMG_Broad_Orphan_Estonia-Ounap_WES/Su/HK119-003_1"}]}
