{"resourceType":"Task","id":"T.Broad-Orphan-Estonia-Ounap-WES-Sa-HK077-001","status":"accepted","intent":"unknown","input":[{"type":{"coding":[{"code":"Specimen"}]},"valueReference":{"reference":"Specimen/Broad-Orphan-Estonia-Ounap-WES-Sa-HK077-001"}}],"output":[]}
{"resourceType":"Task","id":"T.Broad-Orphan-Estonia-Ounap-WES-Sa-HK077-002","status":"accepted","intent":"unknown","input":[{"type":{"coding":[{"code":"Specimen"}]},"valueReference":{"reference":"Specimen/Broad-Orphan-Estonia-Ounap-WES-Sa-HK077-002"}}],"output":[]}
{"resourceType":"Task","id":"T.Broad-Orphan-Estonia-Ounap-WES-Sa-HK077-003","status":"accepted","intent":"unknown","input":[{"type":{"coding":[{"code":"Specimen"}]},"valueReference":{"reference":"Specimen/Broad-Orphan-Estonia-Ounap-WES-Sa-HK077-003"}}],"output":[]}
{"resourceType":"Task","id":"T.Broad-Orphan-Estonia-Ounap-WES-Sa-HK078-001","status":"accepted","intent":"unknown","input":[{"type":{"coding":[{"code":"Specimen"}]},"valueReference":{"reference":"Specimen/Broad-Orphan-Estonia-Ounap-WES-Sa-HK078-001"}}],"output":[]}
{"resourceType":"Task","id":"T.Broad-Orphan-Estonia-Ounap-WES-Sa-HK078-002","status":"accepted","intent":"unknown","input":[{"type":{"coding":[{"code":"Specimen"}]},"valueReference":{"reference":"Specimen/Broad-Orphan-Estonia-Ounap-WES-Sa-HK078-002"}}],"output":[]}
{"resourceType":"Task","id":"T.Broad-Orphan-Estonia-Ounap-WES-Sa-HK078-003","status":"accepted","intent":"unknown","input":[{"type":{"coding":[{"code":"Specimen"}]},"valueReference":{"reference":"Specimen/Broad-Orphan-Estonia-Ounap-WES-Sa-HK078-003"}}],"output":[]}
{"resourceType":"Task","id":"T.Broad-Orphan-Estonia-Ounap-WES-Sa-HK079-001","status":"accepted","intent":"unknown","input":[{"type":{"coding":[{"code":"Specimen"}]},"valueReference":{"reference":"Specimen/Broad-Orphan-Estonia-Ounap-WES-Sa-HK079-001"}}],"output":[]}
{"resourceType":"Task","id":"T.Broad-Orphan-Estonia-Ounap-WES-Sa-HK079-002","status":"accepted","intent":"unknown","input":[{"type":{"coding":[{"code":"Specimen"}]},"valueReference":{"reference":"Specimen/Broad-Orphan-Estonia-Ounap-WES-Sa-HK079-002"}}],"output":[]}
{"resourceType":"Task","id":"T.Broad-Orphan-Estonia-Ounap-WES-Sa-HK079-003","status":"accepted","intent":"unknown","input":[{"type":{"coding":[{"code":"Specimen"}]},"valueReference":{"reference":"Specimen/Broad-Orphan-Estonia-Ounap-WES-Sa-HK079-003"}}],"output":[]}
{"resourceType":"Task","id":"T.Broad-Orphan-Estonia-Ounap-WES-Sa-HK080-001","status":"accepted","intent":"unknown","input":[{"type":{"coding":[{"code":"Specimen"}]},"valueReference":{"reference":"Specimen/Broad-Orphan-Estonia-Ounap-WES-Sa-HK080-001"}}],"output":[]}
{"resourceType":"Task","id":"T.Broad-Orphan-Estonia-Ounap-WES-Sa-HK080-002","status":"accepted","intent":"unknown","input":[{"type":{"coding":[{"code":"Specimen"}]},"valueReference":{"reference":"Specimen/Broad-Orphan-Estonia-Ounap-WES-Sa-HK080-002"}}],"output":[]}
{"resourceType":"Task","id":"T.Broad-Orphan-Estonia-Ounap-WES-Sa-HK080-003","status":"accepted","intent":"unknown","input":[{"type":{"coding":[{"code":"Specimen"}]},"valueReference":{"reference":"Specimen/Broad-Orphan-Estonia-Ounap-WES-Sa-HK080-003"}}],"output":[]}
{"resourceType":"Task","id":"T.Broad-Orphan-Estonia-Ounap-WES-Sa-HK081-001-1","status":"accepted","intent":"unknown","input":[{"type":{"coding":[{"code":"Specimen"}]},"valueReference":{"reference":"Specimen/Broad-Orphan-Estonia-Ounap-WES-Sa-HK081-001-1"}}],"output":[]}
{"resourceType":"Task","id":"T.Broad-Orphan-Estonia-Ounap-WES-Sa-HK081-002-1","status":"accepted","intent":"unknown","input":[{"type":{"coding":[{"code":"Specimen"}]},"valueReference":{"reference":"Specimen/Broad-Orphan-Estonia-Ounap-WES-Sa-HK081-002-1"}}],"output":[]}
{"resourceType":"Task","id":"T.Broad-Orphan-Estonia-Ounap-WES-Sa-HK081-003-1","status":"accepted","intent":"unknown","input":[{"type":{"coding":[{"code":"Specimen"}]},"valueReference":{"reference":"Specimen/Broad-Orphan-Estonia-Ounap-WES-Sa-HK081-003-1"}}],"output":[]}
{"resourceType":"Task","id":"T.Broad-Orphan-Estonia-Ounap-WES-Sa-HK082-001-2","status":"accepted","intent":"unknown","input":[{"type":{"coding":[{"code":"Specimen"}]},"valueReference":{"reference":"Specimen/Broad-Orphan-Estonia-Ounap-WES-Sa-HK082-001-2"}}],"output":[]}
{"resourceType":"Task","id":"T.Broad-Orphan-Estonia-Ounap-WES-Sa-HK082-002","status":"accepted","intent":"unknown","input":[{"type":{"coding":[{"code":"Specimen"}]},"valueReference":{"reference":"Specimen/Broad-Orphan-Estonia-Ounap-WES-Sa-HK082-002"}}],"output":[]}
{"resourceType":"Task","id":"T.Broad-Orphan-Estonia-Ounap-WES-Sa-HK082-003","status":"accepted","intent":"unknown","input":[{"type":{"coding":[{"code":"Specimen"}]},"valueReference":{"reference":"Specimen/Broad-Orphan-Estonia-Ounap-WES-Sa-HK082-003"}}],"output":[]}
{"resourceType":"Task","id":"T.Broad-Orphan-Estonia-Ounap-WES-Sa-HK084-001","status":"accepted","intent":"unknown","input":[{"type":{"coding":[{"code":"Specimen"}]},"valueReference":{"reference":"Specimen/Broad-Orphan-Estonia-Ounap-WES-Sa-HK084-001"}}],"output":[]}
{"resourceType":"Task","id":"T.Broad-Orphan-Estonia-Ounap-WES-Sa-HK084-002","status":"accepted","intent":"unknown","input":[{"type":{"coding":[{"code":"Specimen"}]},"valueReference":{"reference":"Specimen/Broad-Orphan-Estonia-Ounap-WES-Sa-HK084-002"}}],"output":[]}
{"resourceType":"Task","id":"T.Broad-Orphan-Estonia-Ounap-WES-Sa-HK084-003","status":"accepted","intent":"unknown","input":[{"type":{"coding":[{"code":"Specimen"}]},"valueReference":{"reference":"Specimen/Broad-Orphan-Estonia-Ounap-WES-Sa-HK084-003"}}],"output":[]}
{"resourceType":"Task","id":"T.Broad-Orphan-Estonia-Ounap-WES-Sa-HK085-001","status":"accepted","intent":"unknown","input":[{"type":{"coding":[{"code":"Specimen"}]},"valueReference":{"reference":"Specimen/Broad-Orphan-Estonia-Ounap-WES-Sa-HK085-001"}}],"output":[]}
{"resourceType":"Task","id":"T.Broad-Orphan-Estonia-Ounap-WES-Sa-HK085-002","status":"accepted","intent":"unknown","input":[{"type":{"coding":[{"code":"Specimen"}]},"valueReference":{"reference":"Specimen/Broad-Orphan-Estonia-Ounap-WES-Sa-HK085-002"}}],"output":[]}
{"resourceType":"Task","id":"T.Broad-Orphan-Estonia-Ounap-WES-Sa-HK085-004","status":"accepted","intent":"unknown","input":[{"type":{"coding":[{"code":"Specimen"}]},"valueReference":{"reference":"Specimen/Broad-Orphan-Estonia-Ounap-WES-Sa-HK085-004"}}],"output":[]}
{"resourceType":"Task","id":"T.Broad-Orphan-Estonia-Ounap-WES-Sa-HK085-006","status":"accepted","intent":"unknown","input":[{"type":{"coding":[{"code":"Specimen"}]},"valueReference":{"reference":"Specimen/Broad-Orphan-Estonia-Ounap-WES-Sa-HK085-006"}}],"output":[]}
{"resourceType":"Task","id":"T.Broad-Orphan-Estonia-Ounap-WES-Sa-HK086-001","status":"accepted","intent":"unknown","input":[{"type":{"coding":[{"code":"Specimen"}]},"valueReference":{"reference":"Specimen/Broad-Orphan-Estonia-Ounap-WES-Sa-HK086-001"}}],"output":[]}
{"resourceType":"Task","id":"T.Broad-Orphan-Estonia-Ounap-WES-Sa-HK086-002","status":"accepted","intent":"unknown","input":[{"type":{"coding":[{"code":"Specimen"}]},"valueReference":{"reference":"Specimen/Broad-Orphan-Estonia-Ounap-WES-Sa-HK086-002"}}],"output":[]}
{"resourceType":"Task","id":"T.Broad-Orphan-Estonia-Ounap-WES-Sa-HK086-003","status":"accepted","intent":"unknown","input":[{"type":{"coding":[{"code":"Specimen"}]},"valueReference":{"reference":"Specimen/Broad-Orphan-Estonia-Ounap-WES-Sa-HK086-003"}}],"output":[]}
{"resourceType":"Task","id":"T.Broad-Orphan-Estonia-Ounap-WES-Sa-HK119-001-1","status":"accepted","intent":"unknown","input":[{"type":{"coding":[{"code":"Specimen"}]},"valueReference":{"reference":"Specimen/Broad-Orphan-Estonia-Ounap-WES-Sa-HK119-001-1"}}],"output":[]}
{"resourceType":"Task","id":"T.Broad-Orphan-Estonia-Ounap-WES-Sa-HK119-002-1","status":"accepted","intent":"unknown","input":[{"type":{"coding":[{"code":"Specimen"}]},"valueReference":{"reference":"Specimen/Broad-Orphan-Estonia-Ounap-WES-Sa-HK119-002-1"}}],"output":[]}
{"resourceType":"Task","id":"T.Broad-Orphan-Estonia-Ounap-WES-Sa-HK119-003-1","status":"accepted","intent":"unknown","input":[{"type":{"coding":[{"code":"Specimen"}]},"valueReference":{"reference":"Specimen/Broad-Orphan-Estonia-Ounap-WES-Sa-HK119-003-1"}}],"output":[]}
