{"resourceType":"Observation","id":"L-CMG-Broad-Kidney-Hildebrandt-WES-Su-HIL-A1261-11-1-OMIM-617805","meta":{"profile":["http://fhir.ncpi-project-forge.io/StructureDefinition/ncpi-phenotype"]},"identifier":[{"system":"urn:ncpi:unique-string","value":"L-CMG-Broad-Kidney-Hildebrandt-WES-Su-HIL-A1261-11-1-OMIM-617805"}],"status":"final","code":{"coding":[{"system":"http://purl.obolibrary.org/obo/omim.owl","code":"OMIM:617805","display":"RENAL HYPODYSPLASIA/APLASIA 3; RHDA3"}],"text":"RENAL HYPODYSPLASIA/APLASIA 3; RHDA3"},"subject":{"reference":"Patient/P.AnVIL-CMG-Broad-Kidney-Hildebrandt-WES-Su-HIL-A1261-11-1"},"valueCodeableConcept":{"coding":[{"system":"http://snomed.info/sct","code":"373573001","display":"Clinical finding present (situation)"}],"text":"Phenotype Present"},"interpretation":[{"coding":[{"system":"http://terminology.hl7.org/CodeSystem/v3-ObservationInterpretation","code":"POS","display":"Positive"}],"text":"Present"}],"extension":[]}
{"resourceType":"Observation","id":"L-CMG-Broad-Kidney-Hildebrandt-WES-Su-HIL-A1261-12-1-OMIM-617805","meta":{"profile":["http://fhir.ncpi-project-forge.io/StructureDefinition/ncpi-phenotype"]},"identifier":[{"system":"urn:ncpi:unique-string","value":"L-CMG-Broad-Kidney-Hildebrandt-WES-Su-HIL-A1261-12-1-OMIM-617805"}],"status":"final","code":{"coding":[{"system":"http://purl.obolibrary.org/obo/omim.owl","code":"OMIM:617805","display":"RENAL HYPODYSPLASIA/APLASIA 3; RHDA3"}],"text":"RENAL HYPODYSPLASIA/APLASIA 3; RHDA3"},"subject":{"reference":"Patient/P.AnVIL-CMG-Broad-Kidney-Hildebrandt-WES-Su-HIL-A1261-12-1"},"valueCodeableConcept":{"coding":[{"system":"http://snomed.info/sct","code":"373573001","display":"Clinical finding present (situation)"}],"text":"Phenotype Present"},"interpretation":[{"coding":[{"system":"http://terminology.hl7.org/CodeSystem/v3-ObservationInterpretation","code":"POS","display":"Positive"}],"text":"Present"}],"extension":[]}
{"resourceType":"Observation","id":"L-CMG-Broad-Kidney-Hildebrandt-WES-Su-HIL-A1261-21-1-OMIM-617805","meta":{"profile":["http://fhir.ncpi-project-forge.io/StructureDefinition/ncpi-phenotype"]},"identifier":[{"system":"urn:ncpi:unique-string","value":"L-CMG-Broad-Kidney-Hildebrandt-WES-Su-HIL-A1261-21-1-OMIM-617805"}],"status":"final","code":{"coding":[{"system":"http://purl.obolibrary.org/obo/omim.owl","code":"OMIM:617805","display":"RENAL HYPODYSPLASIA/APLASIA 3; RHDA3"}],"text":"RENAL HYPODYSPLASIA/APLASIA 3; RHDA3"},"subject":{"reference":"Patient/P.AnVIL-CMG-Broad-Kidney-Hildebrandt-WES-Su-HIL-A1261-21-1"},"valueCodeableConcept":{"coding":[{"system":"http://snomed.info/sct","code":"373573001","display":"Clinical finding present (situation)"}],"text":"Phenotype Present"},"interpretation":[{"coding":[{"system":"http://terminology.hl7.org/CodeSystem/v3-ObservationInterpretation","code":"POS","display":"Positive"}],"text":"Present"}],"extension":[]}
{"resourceType":"Observation","id":"L-CMG-Broad-Kidney-Hildebrandt-WES-Su-HIL-A1261-22-1-OMIM-617805","meta":{"profile":["http://fhir.ncpi-project-forge.io/StructureDefinition/ncpi-phenotype"]},"identifier":[{"system":"urn:ncpi:unique-string","value":"L-CMG-Broad-Kidney-Hildebrandt-WES-Su-HIL-A1261-22-1-OMIM-617805"}],"status":"final","code":{"coding":[{"system":"http://purl.obolibrary.org/obo/omim.owl","code":"OMIM:617805","display":"RENAL HYPODYSPLASIA/APLASIA 3; RHDA3"}],"text":"RENAL HYPODYSPLASIA/APLASIA 3; RHDA3"},"subject":{"reference":"Patient/P.AnVIL-CMG-Broad-Kidney-Hildebrandt-WES-Su-HIL-A1261-22-1"},"valueCodeableConcept":{"coding":[{"system":"http://snomed.info/sct","code":"373573001","display":"Clinical finding present (situation)"}],"text":"Phenotype Present"},"interpretation":[{"coding":[{"system":"http://terminology.hl7.org/CodeSystem/v3-ObservationInterpretation","code":"POS","display":"Positive"}],"text":"Present"}],"extension":[]}
{"resourceType":"Observation","id":"L-CMG-Broad-Kidney-Hildebrandt-WES-Su-HIL-A1392-11-A-OMIM-615973","meta":{"profile":["http://fhir.ncpi-project-forge.io/StructureDefinition/ncpi-phenotype"]},"identifier":[{"system":"urn:ncpi:unique-string","value":"L-CMG-Broad-Kidney-Hildebrandt-WES-Su-HIL-A1392-11-A-OMIM-615973"}],"status":"final","code":{"coding":[{"system":"http://purl.obolibrary.org/obo/omim.owl","code":"OMIM:615973","display":"CONE-ROD DYSTROPHY 20; CORD20"}],"text":"CONE-ROD DYSTROPHY 20; CORD20"},"subject":{"reference":"Patient/P.AnVIL-CMG-Broad-Kidney-Hildebrandt-WES-Su-HIL-A1392-11-A"},"valueCodeableConcept":{"coding":[{"system":"http://snomed.info/sct","code":"373573001","display":"Clinical finding present (situation)"}],"text":"Phenotype Present"},"interpretation":[{"coding":[{"system":"http://terminology.hl7.org/CodeSystem/v3-ObservationInterpretation","code":"POS","display":"Positive"}],"text":"Present"}],"extension":[]}
{"resourceType":"Observation","id":"L-CMG-Broad-Kidney-Hildebrandt-WES-Su-HIL-A1392-12-A-OMIM-615973","meta":{"profile":["http://fhir.ncpi-project-forge.io/StructureDefinition/ncpi-phenotype"]},"identifier":[{"system":"urn:ncpi:unique-string","value":"L-CMG-Broad-Kidney-Hildebrandt-WES-Su-HIL-A1392-12-A-OMIM-615973"}],"status":"final","code":{"coding":[{"system":"http://purl.obolibrary.org/obo/omim.owl","code":"OMIM:615973","display":"CONE-ROD DYSTROPHY 20; CORD20"}],"text":"CONE-ROD DYSTROPHY 20; CORD20"},"subject":{"reference":"Patient/P.AnVIL-CMG-Broad-Kidney-Hildebrandt-WES-Su-HIL-A1392-12-A"},"valueCodeableConcept":{"coding":[{"system":"http://snomed.info/sct","code":"373573001","display":"Clinical finding present (situation)"}],"text":"Phenotype Present"},"interpretation":[{"coding":[{"system":"http://terminology.hl7.org/CodeSystem/v3-ObservationInterpretation","code":"POS","display":"Positive"}],"text":"Present"}],"extension":[]}
{"resourceType":"Observation","id":"L-CMG-Broad-Kidney-Hildebrandt-WES-Su-HIL-A1392-21-A-OMIM-615973","meta":{"profile":["http://fhir.ncpi-project-forge.io/StructureDefinition/ncpi-phenotype"]},"identifier":[{"system":"urn:ncpi:unique-string","value":"L-CMG-Broad-Kidney-Hildebrandt-WES-Su-HIL-A1392-21-A-OMIM-615973"}],"status":"final","code":{"coding":[{"system":"http://purl.obolibrary.org/obo/omim.owl","code":"OMIM:615973","display":"CONE-ROD DYSTROPHY 20; CORD20"}],"text":"CONE-ROD DYSTROPHY 20; CORD20"},"subject":{"reference":"Patient/P.AnVIL-CMG-Broad-Kidney-Hildebrandt-WES-Su-HIL-A1392-21-A"},"valueCodeableConcept":{"coding":[{"system":"http://snomed.info/sct","code":"373573001","display":"Clinical finding present (situation)"}],"text":"Phenotype Present"},"interpretation":[{"coding":[{"system":"http://terminology.hl7.org/CodeSystem/v3-ObservationInterpretation","code":"POS","display":"Positive"}],"text":"Present"}],"extension":[]}
{"resourceType":"Observation","id":"L-CMG-Broad-Kidney-Hildebrandt-WES-Su-HIL-A1421-11-A-OMIM-613550","meta":{"profile":["http://fhir.ncpi-project-forge.io/StructureDefinition/ncpi-phenotype"]},"identifier":[{"system":"urn:ncpi:unique-string","value":"L-CMG-Broad-Kidney-Hildebrandt-WES-Su-HIL-A1421-11-A-OMIM-613550"}],"status":"final","code":{"coding":[{"system":"http://purl.obolibrary.org/obo/omim.owl","code":"OMIM:613550","display":"NEPHRONOPHTHISIS 11; NPHP11"}],"text":"NEPHRONOPHTHISIS 11; NPHP11"},"subject":{"reference":"Patient/P.AnVIL-CMG-Broad-Kidney-Hildebrandt-WES-Su-HIL-A1421-11-A"},"valueCodeableConcept":{"coding":[{"system":"http://snomed.info/sct","code":"373573001","display":"Clinical finding present (situation)"}],"text":"Phenotype Present"},"interpretation":[{"coding":[{"system":"http://terminology.hl7.org/CodeSystem/v3-ObservationInterpretation","code":"POS","display":"Positive"}],"text":"Present"}],"extension":[]}
{"resourceType":"Observation","id":"L-CMG-Broad-Kidney-Hildebrandt-WES-Su-HIL-A1421-12-A-OMIM-613550","meta":{"profile":["http://fhir.ncpi-project-forge.io/StructureDefinition/ncpi-phenotype"]},"identifier":[{"system":"urn:ncpi:unique-string","value":"L-CMG-Broad-Kidney-Hildebrandt-WES-Su-HIL-A1421-12-A-OMIM-613550"}],"status":"final","code":{"coding":[{"system":"http://purl.obolibrary.org/obo/omim.owl","code":"OMIM:613550","display":"NEPHRONOPHTHISIS 11; NPHP11"}],"text":"NEPHRONOPHTHISIS 11; NPHP11"},"subject":{"reference":"Patient/P.AnVIL-CMG-Broad-Kidney-Hildebrandt-WES-Su-HIL-A1421-12-A"},"valueCodeableConcept":{"coding":[{"system":"http://snomed.info/sct","code":"373573001","display":"Clinical finding present (situation)"}],"text":"Phenotype Present"},"interpretation":[{"coding":[{"system":"http://terminology.hl7.org/CodeSystem/v3-ObservationInterpretation","code":"POS","display":"Positive"}],"text":"Present"}],"extension":[]}
{"resourceType":"Observation","id":"L-CMG-Broad-Kidney-Hildebrandt-WES-Su-HIL-A1421-21-A-OMIM-613550","meta":{"profile":["http://fhir.ncpi-project-forge.io/StructureDefinition/ncpi-phenotype"]},"identifier":[{"system":"urn:ncpi:unique-string","value":"L-CMG-Broad-Kidney-Hildebrandt-WES-Su-HIL-A1421-21-A-OMIM-613550"}],"status":"final","code":{"coding":[{"system":"http://purl.obolibrary.org/obo/omim.owl","code":"OMIM:613550","display":"NEPHRONOPHTHISIS 11; NPHP11"}],"text":"NEPHRONOPHTHISIS 11; NPHP11"},"subject":{"reference":"Patient/P.AnVIL-CMG-Broad-Kidney-Hildebrandt-WES-Su-HIL-A1421-21-A"},"valueCodeableConcept":{"coding":[{"system":"http://snomed.info/sct","code":"373573001","display":"Clinical finding present (situation)"}],"text":"Phenotype Present"},"interpretation":[{"coding":[{"system":"http://terminology.hl7.org/CodeSystem/v3-ObservationInterpretation","code":"POS","display":"Positive"}],"text":"Present"}],"extension":[]}
{"resourceType":"Observation","id":"L-CMG-Broad-Kidney-Hildebrandt-WES-Su-HIL-A2911-11-1-OMIM-256300","meta":{"profile":["http://fhir.ncpi-project-forge.io/StructureDefinition/ncpi-phenotype"]},"identifier":[{"system":"urn:ncpi:unique-string","value":"L-CMG-Broad-Kidney-Hildebrandt-WES-Su-HIL-A2911-11-1-OMIM-256300"}],"status":"final","code":{"coding":[{"system":"http://purl.obolibrary.org/obo/omim.owl","code":"OMIM:256300","display":"NEPHROTIC SYNDROME, TYPE 1; NPHS1"}],"text":"NEPHROTIC SYNDROME, TYPE 1; NPHS1"},"subject":{"reference":"Patient/P.AnVIL-CMG-Broad-Kidney-Hildebrandt-WES-Su-HIL-A2911-11-1"},"valueCodeableConcept":{"coding":[{"system":"http://snomed.info/sct","code":"373573001","display":"Clinical finding present (situation)"}],"text":"Phenotype Present"},"interpretation":[{"coding":[{"system":"http://terminology.hl7.org/CodeSystem/v3-ObservationInterpretation","code":"POS","display":"Positive"}],"text":"Present"}],"extension":[]}
{"resourceType":"Observation","id":"L-CMG-Broad-Kidney-Hildebrandt-WES-Su-HIL-A2911-12-1-OMIM-256300","meta":{"profile":["http://fhir.ncpi-project-forge.io/StructureDefinition/ncpi-phenotype"]},"identifier":[{"system":"urn:ncpi:unique-string","value":"L-CMG-Broad-Kidney-Hildebrandt-WES-Su-HIL-A2911-12-1-OMIM-256300"}],"status":"final","code":{"coding":[{"system":"http://purl.obolibrary.org/obo/omim.owl","code":"OMIM:256300","display":"NEPHROTIC SYNDROME, TYPE 1; NPHS1"}],"text":"NEPHROTIC SYNDROME, TYPE 1; NPHS1"},"subject":{"reference":"Patient/P.AnVIL-CMG-Broad-Kidney-Hildebrandt-WES-Su-HIL-A2911-12-1"},"valueCodeableConcept":{"coding":[{"system":"http://snomed.info/sct","code":"373573001","display":"Clinical finding present (situation)"}],"text":"Phenotype Present"},"interpretation":[{"coding":[{"system":"http://terminology.hl7.org/CodeSystem/v3-ObservationInterpretation","code":"POS","display":"Positive"}],"text":"Present"}],"extension":[]}
{"resourceType":"Observation","id":"L-CMG-Broad-Kidney-Hildebrandt-WES-Su-HIL-A2911-21-1-OMIM-256300","meta":{"profile":["http://fhir.ncpi-project-forge.io/StructureDefinition/ncpi-phenotype"]},"identifier":[{"system":"urn:ncpi:unique-string","value":"L-CMG-Broad-Kidney-Hildebrandt-WES-Su-HIL-A2911-21-1-OMIM-256300"}],"status":"final","code":{"coding":[{"system":"http://purl.obolibrary.org/obo/omim.owl","code":"OMIM:256300","display":"NEPHROTIC SYNDROME, TYPE 1; NPHS1"}],"text":"NEPHROTIC SYNDROME, TYPE 1; NPHS1"},"subject":{"reference":"Patient/P.AnVIL-CMG-Broad-Kidney-Hildebrandt-WES-Su-HIL-A2911-21-1"},"valueCodeableConcept":{"coding":[{"system":"http://snomed.info/sct","code":"373573001","display":"Clinical finding present (situation)"}],"text":"Phenotype Present"},"interpretation":[{"coding":[{"system":"http://terminology.hl7.org/CodeSystem/v3-ObservationInterpretation","code":"POS","display":"Positive"}],"text":"Present"}],"extension":[]}
{"resourceType":"Observation","id":"L-CMG-Broad-Kidney-Hildebrandt-WES-Su-HIL-A3197-11-1-OMIM-600995","meta":{"profile":["http://fhir.ncpi-project-forge.io/StructureDefinition/ncpi-phenotype"]},"identifier":[{"system":"urn:ncpi:unique-string","value":"L-CMG-Broad-Kidney-Hildebrandt-WES-Su-HIL-A3197-11-1-OMIM-600995"}],"status":"final","code":{"coding":[{"system":"http://purl.obolibrary.org/obo/omim.owl","code":"OMIM:600995","display":"NEPHROTIC SYNDROME, TYPE 2; NPHS2"}],"text":"NEPHROTIC SYNDROME, TYPE 2; NPHS2"},"subject":{"reference":"Patient/P.AnVIL-CMG-Broad-Kidney-Hildebrandt-WES-Su-HIL-A3197-11-1"},"valueCodeableConcept":{"coding":[{"system":"http://snomed.info/sct","code":"373573001","display":"Clinical finding present (situation)"}],"text":"Phenotype Present"},"interpretation":[{"coding":[{"system":"http://terminology.hl7.org/CodeSystem/v3-ObservationInterpretation","code":"POS","display":"Positive"}],"text":"Present"}],"extension":[]}
{"resourceType":"Observation","id":"L-CMG-Broad-Kidney-Hildebrandt-WES-Su-HIL-A3197-12-1-OMIM-600995","meta":{"profile":["http://fhir.ncpi-project-forge.io/StructureDefinition/ncpi-phenotype"]},"identifier":[{"system":"urn:ncpi:unique-string","value":"L-CMG-Broad-Kidney-Hildebrandt-WES-Su-HIL-A3197-12-1-OMIM-600995"}],"status":"final","code":{"coding":[{"system":"http://purl.obolibrary.org/obo/omim.owl","code":"OMIM:600995","display":"NEPHROTIC SYNDROME, TYPE 2; NPHS2"}],"text":"NEPHROTIC SYNDROME, TYPE 2; NPHS2"},"subject":{"reference":"Patient/P.AnVIL-CMG-Broad-Kidney-Hildebrandt-WES-Su-HIL-A3197-12-1"},"valueCodeableConcept":{"coding":[{"system":"http://snomed.info/sct","code":"373573001","display":"Clinical finding present (situation)"}],"text":"Phenotype Present"},"interpretation":[{"coding":[{"system":"http://terminology.hl7.org/CodeSystem/v3-ObservationInterpretation","code":"POS","display":"Positive"}],"text":"Present"}],"extension":[]}
{"resourceType":"Observation","id":"L-CMG-Broad-Kidney-Hildebrandt-WES-Su-HIL-A3197-21-1-OMIM-600995","meta":{"profile":["http://fhir.ncpi-project-forge.io/StructureDefinition/ncpi-phenotype"]},"identifier":[{"system":"urn:ncpi:unique-string","value":"L-CMG-Broad-Kidney-Hildebrandt-WES-Su-HIL-A3197-21-1-OMIM-600995"}],"status":"final","code":{"coding":[{"system":"http://purl.obolibrary.org/obo/omim.owl","code":"OMIM:600995","display":"NEPHROTIC SYNDROME, TYPE 2; NPHS2"}],"text":"NEPHROTIC SYNDROME, TYPE 2; NPHS2"},"subject":{"reference":"Patient/P.AnVIL-CMG-Broad-Kidney-Hildebrandt-WES-Su-HIL-A3197-21-1"},"valueCodeableConcept":{"coding":[{"system":"http://snomed.info/sct","code":"373573001","display":"Clinical finding present (situation)"}],"text":"Phenotype Present"},"interpretation":[{"coding":[{"system":"http://terminology.hl7.org/CodeSystem/v3-ObservationInterpretation","code":"POS","display":"Positive"}],"text":"Present"}],"extension":[]}
{"resourceType":"Observation","id":"L-CMG-Broad-Kidney-Hildebrandt-WES-Su-HIL-A3269-11-1-OMIM-301050","meta":{"profile":["http://fhir.ncpi-project-forge.io/StructureDefinition/ncpi-phenotype"]},"identifier":[{"system":"urn:ncpi:unique-string","value":"L-CMG-Broad-Kidney-Hildebrandt-WES-Su-HIL-A3269-11-1-OMIM-301050"}],"status":"final","code":{"coding":[{"system":"http://purl.obolibrary.org/obo/omim.owl","code":"OMIM:301050","display":"ALPORT SYNDROME 1, X-LINKED; ATS1"}],"text":"ALPORT SYNDROME 1, X-LINKED; ATS1"},"subject":{"reference":"Patient/P.AnVIL-CMG-Broad-Kidney-Hildebrandt-WES-Su-HIL-A3269-11-1"},"valueCodeableConcept":{"coding":[{"system":"http://snomed.info/sct","code":"373573001","display":"Clinical finding present (situation)"}],"text":"Phenotype Present"},"interpretation":[{"coding":[{"system":"http://terminology.hl7.org/CodeSystem/v3-ObservationInterpretation","code":"POS","display":"Positive"}],"text":"Present"}],"extension":[]}
{"resourceType":"Observation","id":"L-CMG-Broad-Kidney-Hildebrandt-WES-Su-HIL-A3269-12-1-OMIM-301050","meta":{"profile":["http://fhir.ncpi-project-forge.io/StructureDefinition/ncpi-phenotype"]},"identifier":[{"system":"urn:ncpi:unique-string","value":"L-CMG-Broad-Kidney-Hildebrandt-WES-Su-HIL-A3269-12-1-OMIM-301050"}],"status":"final","code":{"coding":[{"system":"http://purl.obolibrary.org/obo/omim.owl","code":"OMIM:301050","display":"ALPORT SYNDROME 1, X-LINKED; ATS1"}],"text":"ALPORT SYNDROME 1, X-LINKED; ATS1"},"subject":{"reference":"Patient/P.AnVIL-CMG-Broad-Kidney-Hildebrandt-WES-Su-HIL-A3269-12-1"},"valueCodeableConcept":{"coding":[{"system":"http://snomed.info/sct","code":"373573001","display":"Clinical finding present (situation)"}],"text":"Phenotype Present"},"interpretation":[{"coding":[{"system":"http://terminology.hl7.org/CodeSystem/v3-ObservationInterpretation","code":"POS","display":"Positive"}],"text":"Present"}],"extension":[]}
{"resourceType":"Observation","id":"L-CMG-Broad-Kidney-Hildebrandt-WES-Su-HIL-A3269-21-1-OMIM-301050","meta":{"profile":["http://fhir.ncpi-project-forge.io/StructureDefinition/ncpi-phenotype"]},"identifier":[{"system":"urn:ncpi:unique-string","value":"L-CMG-Broad-Kidney-Hildebrandt-WES-Su-HIL-A3269-21-1-OMIM-301050"}],"status":"final","code":{"coding":[{"system":"http://purl.obolibrary.org/obo/omim.owl","code":"OMIM:301050","display":"ALPORT SYNDROME 1, X-LINKED; ATS1"}],"text":"ALPORT SYNDROME 1, X-LINKED; ATS1"},"subject":{"reference":"Patient/P.AnVIL-CMG-Broad-Kidney-Hildebrandt-WES-Su-HIL-A3269-21-1"},"valueCodeableConcept":{"coding":[{"system":"http://snomed.info/sct","code":"373573001","display":"Clinical finding present (situation)"}],"text":"Phenotype Present"},"interpretation":[{"coding":[{"system":"http://terminology.hl7.org/CodeSystem/v3-ObservationInterpretation","code":"POS","display":"Positive"}],"text":"Present"}],"extension":[]}
{"resourceType":"Observation","id":"L-CMG-Broad-Kidney-Hildebrandt-WES-Su-HIL-A3324-12-A-OMIM-263200","meta":{"profile":["http://fhir.ncpi-project-forge.io/StructureDefinition/ncpi-phenotype"]},"identifier":[{"system":"urn:ncpi:unique-string","value":"L-CMG-Broad-Kidney-Hildebrandt-WES-Su-HIL-A3324-12-A-OMIM-263200"}],"status":"final","code":{"coding":[{"system":"http://purl.obolibrary.org/obo/omim.owl","code":"OMIM:263200","display":"POLYCYSTIC KIDNEY DISEASE 4 WITH OR WITHOUT POLYCYSTIC LIVER DISEASE; PKD4"}],"text":"POLYCYSTIC KIDNEY DISEASE 4 WITH OR WITHOUT POLYCYSTIC LIVER DISEASE; PKD4"},"subject":{"reference":"Patient/P.AnVIL-CMG-Broad-Kidney-Hildebrandt-WES-Su-HIL-A3324-12-A"},"valueCodeableConcept":{"coding":[{"system":"http://snomed.info/sct","code":"373573001","display":"Clinical finding present (situation)"}],"text":"Phenotype Present"},"interpretation":[{"coding":[{"system":"http://terminology.hl7.org/CodeSystem/v3-ObservationInterpretation","code":"POS","display":"Positive"}],"text":"Present"}],"extension":[]}
{"resourceType":"Observation","id":"L-CMG-Broad-Kidney-Hildebrandt-WES-Su-HIL-A3324-21-A-OMIM-263200","meta":{"profile":["http://fhir.ncpi-project-forge.io/StructureDefinition/ncpi-phenotype"]},"identifier":[{"system":"urn:ncpi:unique-string","value":"L-CMG-Broad-Kidney-Hildebrandt-WES-Su-HIL-A3324-21-A-OMIM-263200"}],"status":"final","code":{"coding":[{"system":"http://purl.obolibrary.org/obo/omim.owl","code":"OMIM:263200","display":"POLYCYSTIC KIDNEY DISEASE 4 WITH OR WITHOUT POLYCYSTIC LIVER DISEASE; PKD4"}],"text":"POLYCYSTIC KIDNEY DISEASE 4 WITH OR WITHOUT POLYCYSTIC LIVER DISEASE; PKD4"},"subject":{"reference":"Patient/P.AnVIL-CMG-Broad-Kidney-Hildebrandt-WES-Su-HIL-A3324-21-A"},"valueCodeableConcept":{"coding":[{"system":"http://snomed.info/sct","code":"373573001","display":"Clinical finding present (situation)"}],"text":"Phenotype Present"},"interpretation":[{"coding":[{"system":"http://terminology.hl7.org/CodeSystem/v3-ObservationInterpretation","code":"POS","display":"Positive"}],"text":"Present"}],"extension":[]}
{"resourceType":"Observation","id":"L-CMG-Broad-Kidney-Hildebrandt-WES-Su-HIL-A4374-11-1-OMIM-614199","meta":{"profile":["http://fhir.ncpi-project-forge.io/StructureDefinition/ncpi-phenotype"]},"identifier":[{"system":"urn:ncpi:unique-string","value":"L-CMG-Broad-Kidney-Hildebrandt-WES-Su-HIL-A4374-11-1-OMIM-614199"}],"status":"final","code":{"coding":[{"system":"http://purl.obolibrary.org/obo/omim.owl","code":"OMIM:614199","display":"NEPHROTIC SYNDROME, TYPE 5, WITH OR WITHOUT OCULAR ABNORMALITIES; NPHS5"}],"text":"NEPHROTIC SYNDROME, TYPE 5, WITH OR WITHOUT OCULAR ABNORMALITIES; NPHS5"},"subject":{"reference":"Patient/P.AnVIL-CMG-Broad-Kidney-Hildebrandt-WES-Su-HIL-A4374-11-1"},"valueCodeableConcept":{"coding":[{"system":"http://snomed.info/sct","code":"373573001","display":"Clinical finding present (situation)"}],"text":"Phenotype Present"},"interpretation":[{"coding":[{"system":"http://terminology.hl7.org/CodeSystem/v3-ObservationInterpretation","code":"POS","display":"Positive"}],"text":"Present"}],"extension":[]}
{"resourceType":"Observation","id":"L-CMG-Broad-Kidney-Hildebrandt-WES-Su-HIL-A4374-12-1-OMIM-614199","meta":{"profile":["http://fhir.ncpi-project-forge.io/StructureDefinition/ncpi-phenotype"]},"identifier":[{"system":"urn:ncpi:unique-string","value":"L-CMG-Broad-Kidney-Hildebrandt-WES-Su-HIL-A4374-12-1-OMIM-614199"}],"status":"final","code":{"coding":[{"system":"http://purl.obolibrary.org/obo/omim.owl","code":"OMIM:614199","display":"NEPHROTIC SYNDROME, TYPE 5, WITH OR WITHOUT OCULAR ABNORMALITIES; NPHS5"}],"text":"NEPHROTIC SYNDROME, TYPE 5, WITH OR WITHOUT OCULAR ABNORMALITIES; NPHS5"},"subject":{"reference":"Patient/P.AnVIL-CMG-Broad-Kidney-Hildebrandt-WES-Su-HIL-A4374-12-1"},"valueCodeableConcept":{"coding":[{"system":"http://snomed.info/sct","code":"373573001","display":"Clinical finding present (situation)"}],"text":"Phenotype Present"},"interpretation":[{"coding":[{"system":"http://terminology.hl7.org/CodeSystem/v3-ObservationInterpretation","code":"POS","display":"Positive"}],"text":"Present"}],"extension":[]}
{"resourceType":"Observation","id":"L-CMG-Broad-Kidney-Hildebrandt-WES-Su-HIL-A4374-21-1-OMIM-614199","meta":{"profile":["http://fhir.ncpi-project-forge.io/StructureDefinition/ncpi-phenotype"]},"identifier":[{"system":"urn:ncpi:unique-string","value":"L-CMG-Broad-Kidney-Hildebrandt-WES-Su-HIL-A4374-21-1-OMIM-614199"}],"status":"final","code":{"coding":[{"system":"http://purl.obolibrary.org/obo/omim.owl","code":"OMIM:614199","display":"NEPHROTIC SYNDROME, TYPE 5, WITH OR WITHOUT OCULAR ABNORMALITIES; NPHS5"}],"text":"NEPHROTIC SYNDROME, TYPE 5, WITH OR WITHOUT OCULAR ABNORMALITIES; NPHS5"},"subject":{"reference":"Patient/P.AnVIL-CMG-Broad-Kidney-Hildebrandt-WES-Su-HIL-A4374-21-1"},"valueCodeableConcept":{"coding":[{"system":"http://snomed.info/sct","code":"373573001","display":"Clinical finding present (situation)"}],"text":"Phenotype Present"},"interpretation":[{"coding":[{"system":"http://terminology.hl7.org/CodeSystem/v3-ObservationInterpretation","code":"POS","display":"Positive"}],"text":"Present"}],"extension":[]}
{"resourceType":"Observation","id":"L-CMG-Broad-Kidney-Hildebrandt-WES-Su-HIL-A4478-11-A-OMIM-615546","meta":{"profile":["http://fhir.ncpi-project-forge.io/StructureDefinition/ncpi-phenotype"]},"identifier":[{"system":"urn:ncpi:unique-string","value":"L-CMG-Broad-Kidney-Hildebrandt-WES-Su-HIL-A4478-11-A-OMIM-615546"}],"status":"final","code":{"coding":[{"system":"http://purl.obolibrary.org/obo/omim.owl","code":"OMIM:615546","display":"VAN MALDERGEM SYNDROME 2; VMLDS2"}],"text":"VAN MALDERGEM SYNDROME 2; VMLDS2"},"subject":{"reference":"Patient/P.AnVIL-CMG-Broad-Kidney-Hildebrandt-WES-Su-HIL-A4478-11-A"},"valueCodeableConcept":{"coding":[{"system":"http://snomed.info/sct","code":"373573001","display":"Clinical finding present (situation)"}],"text":"Phenotype Present"},"interpretation":[{"coding":[{"system":"http://terminology.hl7.org/CodeSystem/v3-ObservationInterpretation","code":"POS","display":"Positive"}],"text":"Present"}],"extension":[]}
{"resourceType":"Observation","id":"L-CMG-Broad-Kidney-Hildebrandt-WES-Su-HIL-A4478-12-A-OMIM-615546","meta":{"profile":["http://fhir.ncpi-project-forge.io/StructureDefinition/ncpi-phenotype"]},"identifier":[{"system":"urn:ncpi:unique-string","value":"L-CMG-Broad-Kidney-Hildebrandt-WES-Su-HIL-A4478-12-A-OMIM-615546"}],"status":"final","code":{"coding":[{"system":"http://purl.obolibrary.org/obo/omim.owl","code":"OMIM:615546","display":"VAN MALDERGEM SYNDROME 2; VMLDS2"}],"text":"VAN MALDERGEM SYNDROME 2; VMLDS2"},"subject":{"reference":"Patient/P.AnVIL-CMG-Broad-Kidney-Hildebrandt-WES-Su-HIL-A4478-12-A"},"valueCodeableConcept":{"coding":[{"system":"http://snomed.info/sct","code":"373573001","display":"Clinical finding present (situation)"}],"text":"Phenotype Present"},"interpretation":[{"coding":[{"system":"http://terminology.hl7.org/CodeSystem/v3-ObservationInterpretation","code":"POS","display":"Positive"}],"text":"Present"}],"extension":[]}
{"resourceType":"Observation","id":"L-CMG-Broad-Kidney-Hildebrandt-WES-Su-HIL-A4478-21-A-OMIM-615546","meta":{"profile":["http://fhir.ncpi-project-forge.io/StructureDefinition/ncpi-phenotype"]},"identifier":[{"system":"urn:ncpi:unique-string","value":"L-CMG-Broad-Kidney-Hildebrandt-WES-Su-HIL-A4478-21-A-OMIM-615546"}],"status":"final","code":{"coding":[{"system":"http://purl.obolibrary.org/obo/omim.owl","code":"OMIM:615546","display":"VAN MALDERGEM SYNDROME 2; VMLDS2"}],"text":"VAN MALDERGEM SYNDROME 2; VMLDS2"},"subject":{"reference":"Patient/P.AnVIL-CMG-Broad-Kidney-Hildebrandt-WES-Su-HIL-A4478-21-A"},"valueCodeableConcept":{"coding":[{"system":"http://snomed.info/sct","code":"373573001","display":"Clinical finding present (situation)"}],"text":"Phenotype Present"},"interpretation":[{"coding":[{"system":"http://terminology.hl7.org/CodeSystem/v3-ObservationInterpretation","code":"POS","display":"Positive"}],"text":"Present"}],"extension":[]}
{"resourceType":"Observation","id":"L-CMG-Broad-Kidney-Hildebrandt-WES-Su-HIL-A5010-11-A-OMIM-604387","meta":{"profile":["http://fhir.ncpi-project-forge.io/StructureDefinition/ncpi-phenotype"]},"identifier":[{"system":"urn:ncpi:unique-string","value":"L-CMG-Broad-Kidney-Hildebrandt-WES-Su-HIL-A5010-11-A-OMIM-604387"}],"status":"final","code":{"coding":[{"system":"http://purl.obolibrary.org/obo/omim.owl","code":"OMIM:604387","display":"NEPHRONOPHTHISIS 3; NPHP3"}],"text":"NEPHRONOPHTHISIS 3; NPHP3"},"subject":{"reference":"Patient/P.AnVIL-CMG-Broad-Kidney-Hildebrandt-WES-Su-HIL-A5010-11-A"},"valueCodeableConcept":{"coding":[{"system":"http://snomed.info/sct","code":"373573001","display":"Clinical finding present (situation)"}],"text":"Phenotype Present"},"interpretation":[{"coding":[{"system":"http://terminology.hl7.org/CodeSystem/v3-ObservationInterpretation","code":"POS","display":"Positive"}],"text":"Present"}],"extension":[]}
{"resourceType":"Observation","id":"L-CMG-Broad-Kidney-Hildebrandt-WES-Su-HIL-A5010-12-A-OMIM-604387","meta":{"profile":["http://fhir.ncpi-project-forge.io/StructureDefinition/ncpi-phenotype"]},"identifier":[{"system":"urn:ncpi:unique-string","value":"L-CMG-Broad-Kidney-Hildebrandt-WES-Su-HIL-A5010-12-A-OMIM-604387"}],"status":"final","code":{"coding":[{"system":"http://purl.obolibrary.org/obo/omim.owl","code":"OMIM:604387","display":"NEPHRONOPHTHISIS 3; NPHP3"}],"text":"NEPHRONOPHTHISIS 3; NPHP3"},"subject":{"reference":"Patient/P.AnVIL-CMG-Broad-Kidney-Hildebrandt-WES-Su-HIL-A5010-12-A"},"valueCodeableConcept":{"coding":[{"system":"http://snomed.info/sct","code":"373573001","display":"Clinical finding present (situation)"}],"text":"Phenotype Present"},"interpretation":[{"coding":[{"system":"http://terminology.hl7.org/CodeSystem/v3-ObservationInterpretation","code":"POS","display":"Positive"}],"text":"Present"}],"extension":[]}
{"resourceType":"Observation","id":"L-CMG-Broad-Kidney-Hildebrandt-WES-Su-HIL-A5010-21-A-OMIM-604387","meta":{"profile":["http://fhir.ncpi-project-forge.io/StructureDefinition/ncpi-phenotype"]},"identifier":[{"system":"urn:ncpi:unique-string","value":"L-CMG-Broad-Kidney-Hildebrandt-WES-Su-HIL-A5010-21-A-OMIM-604387"}],"status":"final","code":{"coding":[{"system":"http://purl.obolibrary.org/obo/omim.owl","code":"OMIM:604387","display":"NEPHRONOPHTHISIS 3; NPHP3"}],"text":"NEPHRONOPHTHISIS 3; NPHP3"},"subject":{"reference":"Patient/P.AnVIL-CMG-Broad-Kidney-Hildebrandt-WES-Su-HIL-A5010-21-A"},"valueCodeableConcept":{"coding":[{"system":"http://snomed.info/sct","code":"373573001","display":"Clinical finding present (situation)"}],"text":"Phenotype Present"},"interpretation":[{"coding":[{"system":"http://terminology.hl7.org/CodeSystem/v3-ObservationInterpretation","code":"POS","display":"Positive"}],"text":"Present"}],"extension":[]}
{"resourceType":"Observation","id":"L-CMG-Broad-Kidney-Hildebrandt-WES-Su-HIL-A5094-11-A-OMIM-613820","meta":{"profile":["http://fhir.ncpi-project-forge.io/StructureDefinition/ncpi-phenotype"]},"identifier":[{"system":"urn:ncpi:unique-string","value":"L-CMG-Broad-Kidney-Hildebrandt-WES-Su-HIL-A5094-11-A-OMIM-613820"}],"status":"final","code":{"coding":[{"system":"http://purl.obolibrary.org/obo/omim.owl","code":"OMIM:613820","display":"NEPHRONOPHTHISIS 12; NPHP12"}],"text":"NEPHRONOPHTHISIS 12; NPHP12"},"subject":{"reference":"Patient/P.AnVIL-CMG-Broad-Kidney-Hildebrandt-WES-Su-HIL-A5094-11-A"},"valueCodeableConcept":{"coding":[{"system":"http://snomed.info/sct","code":"373573001","display":"Clinical finding present (situation)"}],"text":"Phenotype Present"},"interpretation":[{"coding":[{"system":"http://terminology.hl7.org/CodeSystem/v3-ObservationInterpretation","code":"POS","display":"Positive"}],"text":"Present"}],"extension":[]}
{"resourceType":"Observation","id":"L-CMG-Broad-Kidney-Hildebrandt-WES-Su-HIL-A5094-12-A-OMIM-613820","meta":{"profile":["http://fhir.ncpi-project-forge.io/StructureDefinition/ncpi-phenotype"]},"identifier":[{"system":"urn:ncpi:unique-string","value":"L-CMG-Broad-Kidney-Hildebrandt-WES-Su-HIL-A5094-12-A-OMIM-613820"}],"status":"final","code":{"coding":[{"system":"http://purl.obolibrary.org/obo/omim.owl","code":"OMIM:613820","display":"NEPHRONOPHTHISIS 12; NPHP12"}],"text":"NEPHRONOPHTHISIS 12; NPHP12"},"subject":{"reference":"Patient/P.AnVIL-CMG-Broad-Kidney-Hildebrandt-WES-Su-HIL-A5094-12-A"},"valueCodeableConcept":{"coding":[{"system":"http://snomed.info/sct","code":"373573001","display":"Clinical finding present (situation)"}],"text":"Phenotype Present"},"interpretation":[{"coding":[{"system":"http://terminology.hl7.org/CodeSystem/v3-ObservationInterpretation","code":"POS","display":"Positive"}],"text":"Present"}],"extension":[]}
{"resourceType":"Observation","id":"L-CMG-Broad-Kidney-Hildebrandt-WES-Su-HIL-A5094-21-A-OMIM-613820","meta":{"profile":["http://fhir.ncpi-project-forge.io/StructureDefinition/ncpi-phenotype"]},"identifier":[{"system":"urn:ncpi:unique-string","value":"L-CMG-Broad-Kidney-Hildebrandt-WES-Su-HIL-A5094-21-A-OMIM-613820"}],"status":"final","code":{"coding":[{"system":"http://purl.obolibrary.org/obo/omim.owl","code":"OMIM:613820","display":"NEPHRONOPHTHISIS 12; NPHP12"}],"text":"NEPHRONOPHTHISIS 12; NPHP12"},"subject":{"reference":"Patient/P.AnVIL-CMG-Broad-Kidney-Hildebrandt-WES-Su-HIL-A5094-21-A"},"valueCodeableConcept":{"coding":[{"system":"http://snomed.info/sct","code":"373573001","display":"Clinical finding present (situation)"}],"text":"Phenotype Present"},"interpretation":[{"coding":[{"system":"http://terminology.hl7.org/CodeSystem/v3-ObservationInterpretation","code":"POS","display":"Positive"}],"text":"Present"}],"extension":[]}
{"resourceType":"Observation","id":"L-CMG-Broad-Kidney-Hildebrandt-WES-Su-HIL-A5268-11-1-OMIM-256300","meta":{"profile":["http://fhir.ncpi-project-forge.io/StructureDefinition/ncpi-phenotype"]},"identifier":[{"system":"urn:ncpi:unique-string","value":"L-CMG-Broad-Kidney-Hildebrandt-WES-Su-HIL-A5268-11-1-OMIM-256300"}],"status":"final","code":{"coding":[{"system":"http://purl.obolibrary.org/obo/omim.owl","code":"OMIM:256300","display":"NEPHROTIC SYNDROME, TYPE 1; NPHS1"}],"text":"NEPHROTIC SYNDROME, TYPE 1; NPHS1"},"subject":{"reference":"Patient/P.AnVIL-CMG-Broad-Kidney-Hildebrandt-WES-Su-HIL-A5268-11-1"},"valueCodeableConcept":{"coding":[{"system":"http://snomed.info/sct","code":"373573001","display":"Clinical finding present (situation)"}],"text":"Phenotype Present"},"interpretation":[{"coding":[{"system":"http://terminology.hl7.org/CodeSystem/v3-ObservationInterpretation","code":"POS","display":"Positive"}],"text":"Present"}],"extension":[]}
{"resourceType":"Observation","id":"L-CMG-Broad-Kidney-Hildebrandt-WES-Su-HIL-A5268-12-1-OMIM-256300","meta":{"profile":["http://fhir.ncpi-project-forge.io/StructureDefinition/ncpi-phenotype"]},"identifier":[{"system":"urn:ncpi:unique-string","value":"L-CMG-Broad-Kidney-Hildebrandt-WES-Su-HIL-A5268-12-1-OMIM-256300"}],"status":"final","code":{"coding":[{"system":"http://purl.obolibrary.org/obo/omim.owl","code":"OMIM:256300","display":"NEPHROTIC SYNDROME, TYPE 1; NPHS1"}],"text":"NEPHROTIC SYNDROME, TYPE 1; NPHS1"},"subject":{"reference":"Patient/P.AnVIL-CMG-Broad-Kidney-Hildebrandt-WES-Su-HIL-A5268-12-1"},"valueCodeableConcept":{"coding":[{"system":"http://snomed.info/sct","code":"373573001","display":"Clinical finding present (situation)"}],"text":"Phenotype Present"},"interpretation":[{"coding":[{"system":"http://terminology.hl7.org/CodeSystem/v3-ObservationInterpretation","code":"POS","display":"Positive"}],"text":"Present"}],"extension":[]}
{"resourceType":"Observation","id":"L-CMG-Broad-Kidney-Hildebrandt-WES-Su-HIL-A5268-21-1-OMIM-256300","meta":{"profile":["http://fhir.ncpi-project-forge.io/StructureDefinition/ncpi-phenotype"]},"identifier":[{"system":"urn:ncpi:unique-string","value":"L-CMG-Broad-Kidney-Hildebrandt-WES-Su-HIL-A5268-21-1-OMIM-256300"}],"status":"final","code":{"coding":[{"system":"http://purl.obolibrary.org/obo/omim.owl","code":"OMIM:256300","display":"NEPHROTIC SYNDROME, TYPE 1; NPHS1"}],"text":"NEPHROTIC SYNDROME, TYPE 1; NPHS1"},"subject":{"reference":"Patient/P.AnVIL-CMG-Broad-Kidney-Hildebrandt-WES-Su-HIL-A5268-21-1"},"valueCodeableConcept":{"coding":[{"system":"http://snomed.info/sct","code":"373573001","display":"Clinical finding present (situation)"}],"text":"Phenotype Present"},"interpretation":[{"coding":[{"system":"http://terminology.hl7.org/CodeSystem/v3-ObservationInterpretation","code":"POS","display":"Positive"}],"text":"Present"}],"extension":[]}
{"resourceType":"Observation","id":"L-CMG-Broad-Kidney-Hildebrandt-WES-Su-HIL-B1268-11-A-OMIM-137920","meta":{"profile":["http://fhir.ncpi-project-forge.io/StructureDefinition/ncpi-phenotype"]},"identifier":[{"system":"urn:ncpi:unique-string","value":"L-CMG-Broad-Kidney-Hildebrandt-WES-Su-HIL-B1268-11-A-OMIM-137920"}],"status":"final","code":{"coding":[{"system":"http://purl.obolibrary.org/obo/omim.owl","code":"OMIM:137920","display":"RENAL CYSTS AND DIABETES SYNDROME; RCAD"}],"text":"RENAL CYSTS AND DIABETES SYNDROME; RCAD"},"subject":{"reference":"Patient/P.AnVIL-CMG-Broad-Kidney-Hildebrandt-WES-Su-HIL-B1268-11-A"},"valueCodeableConcept":{"coding":[{"system":"http://snomed.info/sct","code":"373573001","display":"Clinical finding present (situation)"}],"text":"Phenotype Present"},"interpretation":[{"coding":[{"system":"http://terminology.hl7.org/CodeSystem/v3-ObservationInterpretation","code":"POS","display":"Positive"}],"text":"Present"}],"extension":[]}
{"resourceType":"Observation","id":"L-CMG-Broad-Kidney-Hildebrandt-WES-Su-HIL-B1268-12-A-OMIM-137920","meta":{"profile":["http://fhir.ncpi-project-forge.io/StructureDefinition/ncpi-phenotype"]},"identifier":[{"system":"urn:ncpi:unique-string","value":"L-CMG-Broad-Kidney-Hildebrandt-WES-Su-HIL-B1268-12-A-OMIM-137920"}],"status":"final","code":{"coding":[{"system":"http://purl.obolibrary.org/obo/omim.owl","code":"OMIM:137920","display":"RENAL CYSTS AND DIABETES SYNDROME; RCAD"}],"text":"RENAL CYSTS AND DIABETES SYNDROME; RCAD"},"subject":{"reference":"Patient/P.AnVIL-CMG-Broad-Kidney-Hildebrandt-WES-Su-HIL-B1268-12-A"},"valueCodeableConcept":{"coding":[{"system":"http://snomed.info/sct","code":"373573001","display":"Clinical finding present (situation)"}],"text":"Phenotype Present"},"interpretation":[{"coding":[{"system":"http://terminology.hl7.org/CodeSystem/v3-ObservationInterpretation","code":"POS","display":"Positive"}],"text":"Present"}],"extension":[]}
{"resourceType":"Observation","id":"L-CMG-Broad-Kidney-Hildebrandt-WES-Su-HIL-B1268-21-A-OMIM-137920","meta":{"profile":["http://fhir.ncpi-project-forge.io/StructureDefinition/ncpi-phenotype"]},"identifier":[{"system":"urn:ncpi:unique-string","value":"L-CMG-Broad-Kidney-Hildebrandt-WES-Su-HIL-B1268-21-A-OMIM-137920"}],"status":"final","code":{"coding":[{"system":"http://purl.obolibrary.org/obo/omim.owl","code":"OMIM:137920","display":"RENAL CYSTS AND DIABETES SYNDROME; RCAD"}],"text":"RENAL CYSTS AND DIABETES SYNDROME; RCAD"},"subject":{"reference":"Patient/P.AnVIL-CMG-Broad-Kidney-Hildebrandt-WES-Su-HIL-B1268-21-A"},"valueCodeableConcept":{"coding":[{"system":"http://snomed.info/sct","code":"373573001","display":"Clinical finding present (situation)"}],"text":"Phenotype Present"},"interpretation":[{"coding":[{"system":"http://terminology.hl7.org/CodeSystem/v3-ObservationInterpretation","code":"POS","display":"Positive"}],"text":"Present"}],"extension":[]}
{"resourceType":"Observation","id":"IL-CMG-Broad-Kidney-Hildebrandt-WES-Su-HIL-B354-11-A-OMIM-610725","meta":{"profile":["http://fhir.ncpi-project-forge.io/StructureDefinition/ncpi-phenotype"]},"identifier":[{"system":"urn:ncpi:unique-string","value":"IL-CMG-Broad-Kidney-Hildebrandt-WES-Su-HIL-B354-11-A-OMIM-610725"}],"status":"final","code":{"coding":[{"system":"http://purl.obolibrary.org/obo/omim.owl","code":"OMIM:610725","display":"NEPHROTIC SYNDROME, TYPE 3; NPHS3"}],"text":"NEPHROTIC SYNDROME, TYPE 3; NPHS3"},"subject":{"reference":"Patient/P.AnVIL-CMG-Broad-Kidney-Hildebrandt-WES-Su-HIL-B354-11-A"},"valueCodeableConcept":{"coding":[{"system":"http://snomed.info/sct","code":"373573001","display":"Clinical finding present (situation)"}],"text":"Phenotype Present"},"interpretation":[{"coding":[{"system":"http://terminology.hl7.org/CodeSystem/v3-ObservationInterpretation","code":"POS","display":"Positive"}],"text":"Present"}],"extension":[]}
{"resourceType":"Observation","id":"IL-CMG-Broad-Kidney-Hildebrandt-WES-Su-HIL-B354-12-A-OMIM-610725","meta":{"profile":["http://fhir.ncpi-project-forge.io/StructureDefinition/ncpi-phenotype"]},"identifier":[{"system":"urn:ncpi:unique-string","value":"IL-CMG-Broad-Kidney-Hildebrandt-WES-Su-HIL-B354-12-A-OMIM-610725"}],"status":"final","code":{"coding":[{"system":"http://purl.obolibrary.org/obo/omim.owl","code":"OMIM:610725","display":"NEPHROTIC SYNDROME, TYPE 3; NPHS3"}],"text":"NEPHROTIC SYNDROME, TYPE 3; NPHS3"},"subject":{"reference":"Patient/P.AnVIL-CMG-Broad-Kidney-Hildebrandt-WES-Su-HIL-B354-12-A"},"valueCodeableConcept":{"coding":[{"system":"http://snomed.info/sct","code":"373573001","display":"Clinical finding present (situation)"}],"text":"Phenotype Present"},"interpretation":[{"coding":[{"system":"http://terminology.hl7.org/CodeSystem/v3-ObservationInterpretation","code":"POS","display":"Positive"}],"text":"Present"}],"extension":[]}
{"resourceType":"Observation","id":"IL-CMG-Broad-Kidney-Hildebrandt-WES-Su-HIL-B354-21-A-OMIM-610725","meta":{"profile":["http://fhir.ncpi-project-forge.io/StructureDefinition/ncpi-phenotype"]},"identifier":[{"system":"urn:ncpi:unique-string","value":"IL-CMG-Broad-Kidney-Hildebrandt-WES-Su-HIL-B354-21-A-OMIM-610725"}],"status":"final","code":{"coding":[{"system":"http://purl.obolibrary.org/obo/omim.owl","code":"OMIM:610725","display":"NEPHROTIC SYNDROME, TYPE 3; NPHS3"}],"text":"NEPHROTIC SYNDROME, TYPE 3; NPHS3"},"subject":{"reference":"Patient/P.AnVIL-CMG-Broad-Kidney-Hildebrandt-WES-Su-HIL-B354-21-A"},"valueCodeableConcept":{"coding":[{"system":"http://snomed.info/sct","code":"373573001","display":"Clinical finding present (situation)"}],"text":"Phenotype Present"},"interpretation":[{"coding":[{"system":"http://terminology.hl7.org/CodeSystem/v3-ObservationInterpretation","code":"POS","display":"Positive"}],"text":"Present"}],"extension":[]}
{"resourceType":"Observation","id":"IL-CMG-Broad-Kidney-Hildebrandt-WES-Su-HIL-B354-22-A-OMIM-610725","meta":{"profile":["http://fhir.ncpi-project-forge.io/StructureDefinition/ncpi-phenotype"]},"identifier":[{"system":"urn:ncpi:unique-string","value":"IL-CMG-Broad-Kidney-Hildebrandt-WES-Su-HIL-B354-22-A-OMIM-610725"}],"status":"final","code":{"coding":[{"system":"http://purl.obolibrary.org/obo/omim.owl","code":"OMIM:610725","display":"NEPHROTIC SYNDROME, TYPE 3; NPHS3"}],"text":"NEPHROTIC SYNDROME, TYPE 3; NPHS3"},"subject":{"reference":"Patient/P.AnVIL-CMG-Broad-Kidney-Hildebrandt-WES-Su-HIL-B354-22-A"},"valueCodeableConcept":{"coding":[{"system":"http://snomed.info/sct","code":"373573001","display":"Clinical finding present (situation)"}],"text":"Phenotype Present"},"interpretation":[{"coding":[{"system":"http://terminology.hl7.org/CodeSystem/v3-ObservationInterpretation","code":"POS","display":"Positive"}],"text":"Present"}],"extension":[]}
{"resourceType":"Observation","id":"IL-CMG-Broad-Kidney-Hildebrandt-WES-Su-HIL-B609-11-1-OMIM-229600","meta":{"profile":["http://fhir.ncpi-project-forge.io/StructureDefinition/ncpi-phenotype"]},"identifier":[{"system":"urn:ncpi:unique-string","value":"IL-CMG-Broad-Kidney-Hildebrandt-WES-Su-HIL-B609-11-1-OMIM-229600"}],"status":"final","code":{"coding":[{"system":"http://purl.obolibrary.org/obo/omim.owl","code":"OMIM:229600","display":"FRUCTOSE INTOLERANCE, HEREDITARY; HFI"}],"text":"FRUCTOSE INTOLERANCE, HEREDITARY; HFI"},"subject":{"reference":"Patient/P.AnVIL-CMG-Broad-Kidney-Hildebrandt-WES-Su-HIL-B609-11-1"},"valueCodeableConcept":{"coding":[{"system":"http://snomed.info/sct","code":"373573001","display":"Clinical finding present (situation)"}],"text":"Phenotype Present"},"interpretation":[{"coding":[{"system":"http://terminology.hl7.org/CodeSystem/v3-ObservationInterpretation","code":"POS","display":"Positive"}],"text":"Present"}],"extension":[]}
{"resourceType":"Observation","id":"IL-CMG-Broad-Kidney-Hildebrandt-WES-Su-HIL-B609-12-1-OMIM-229600","meta":{"profile":["http://fhir.ncpi-project-forge.io/StructureDefinition/ncpi-phenotype"]},"identifier":[{"system":"urn:ncpi:unique-string","value":"IL-CMG-Broad-Kidney-Hildebrandt-WES-Su-HIL-B609-12-1-OMIM-229600"}],"status":"final","code":{"coding":[{"system":"http://purl.obolibrary.org/obo/omim.owl","code":"OMIM:229600","display":"FRUCTOSE INTOLERANCE, HEREDITARY; HFI"}],"text":"FRUCTOSE INTOLERANCE, HEREDITARY; HFI"},"subject":{"reference":"Patient/P.AnVIL-CMG-Broad-Kidney-Hildebrandt-WES-Su-HIL-B609-12-1"},"valueCodeableConcept":{"coding":[{"system":"http://snomed.info/sct","code":"373573001","display":"Clinical finding present (situation)"}],"text":"Phenotype Present"},"interpretation":[{"coding":[{"system":"http://terminology.hl7.org/CodeSystem/v3-ObservationInterpretation","code":"POS","display":"Positive"}],"text":"Present"}],"extension":[]}
{"resourceType":"Observation","id":"IL-CMG-Broad-Kidney-Hildebrandt-WES-Su-HIL-B609-21-1-OMIM-229600","meta":{"profile":["http://fhir.ncpi-project-forge.io/StructureDefinition/ncpi-phenotype"]},"identifier":[{"system":"urn:ncpi:unique-string","value":"IL-CMG-Broad-Kidney-Hildebrandt-WES-Su-HIL-B609-21-1-OMIM-229600"}],"status":"final","code":{"coding":[{"system":"http://purl.obolibrary.org/obo/omim.owl","code":"OMIM:229600","display":"FRUCTOSE INTOLERANCE, HEREDITARY; HFI"}],"text":"FRUCTOSE INTOLERANCE, HEREDITARY; HFI"},"subject":{"reference":"Patient/P.AnVIL-CMG-Broad-Kidney-Hildebrandt-WES-Su-HIL-B609-21-1"},"valueCodeableConcept":{"coding":[{"system":"http://snomed.info/sct","code":"373573001","display":"Clinical finding present (situation)"}],"text":"Phenotype Present"},"interpretation":[{"coding":[{"system":"http://terminology.hl7.org/CodeSystem/v3-ObservationInterpretation","code":"POS","display":"Positive"}],"text":"Present"}],"extension":[]}
{"resourceType":"Observation","id":"L-CMG-Broad-Kidney-Hildebrandt-WES-Su-HIL-F1157-11-1-OMIM-616892","meta":{"profile":["http://fhir.ncpi-project-forge.io/StructureDefinition/ncpi-phenotype"]},"identifier":[{"system":"urn:ncpi:unique-string","value":"L-CMG-Broad-Kidney-Hildebrandt-WES-Su-HIL-F1157-11-1-OMIM-616892"}],"status":"final","code":{"coding":[{"system":"http://purl.obolibrary.org/obo/omim.owl","code":"OMIM:616892","display":"NEPHROTIC SYNDROME, TYPE 12; NPHS12"}],"text":"NEPHROTIC SYNDROME, TYPE 12; NPHS12"},"subject":{"reference":"Patient/P.AnVIL-CMG-Broad-Kidney-Hildebrandt-WES-Su-HIL-F1157-11-1"},"valueCodeableConcept":{"coding":[{"system":"http://snomed.info/sct","code":"373573001","display":"Clinical finding present (situation)"}],"text":"Phenotype Present"},"interpretation":[{"coding":[{"system":"http://terminology.hl7.org/CodeSystem/v3-ObservationInterpretation","code":"POS","display":"Positive"}],"text":"Present"}],"extension":[]}
{"resourceType":"Observation","id":"L-CMG-Broad-Kidney-Hildebrandt-WES-Su-HIL-F1157-12-1-OMIM-616892","meta":{"profile":["http://fhir.ncpi-project-forge.io/StructureDefinition/ncpi-phenotype"]},"identifier":[{"system":"urn:ncpi:unique-string","value":"L-CMG-Broad-Kidney-Hildebrandt-WES-Su-HIL-F1157-12-1-OMIM-616892"}],"status":"final","code":{"coding":[{"system":"http://purl.obolibrary.org/obo/omim.owl","code":"OMIM:616892","display":"NEPHROTIC SYNDROME, TYPE 12; NPHS12"}],"text":"NEPHROTIC SYNDROME, TYPE 12; NPHS12"},"subject":{"reference":"Patient/P.AnVIL-CMG-Broad-Kidney-Hildebrandt-WES-Su-HIL-F1157-12-1"},"valueCodeableConcept":{"coding":[{"system":"http://snomed.info/sct","code":"373573001","display":"Clinical finding present (situation)"}],"text":"Phenotype Present"},"interpretation":[{"coding":[{"system":"http://terminology.hl7.org/CodeSystem/v3-ObservationInterpretation","code":"POS","display":"Positive"}],"text":"Present"}],"extension":[]}
{"resourceType":"Observation","id":"L-CMG-Broad-Kidney-Hildebrandt-WES-Su-HIL-F1157-22-1-OMIM-616892","meta":{"profile":["http://fhir.ncpi-project-forge.io/StructureDefinition/ncpi-phenotype"]},"identifier":[{"system":"urn:ncpi:unique-string","value":"L-CMG-Broad-Kidney-Hildebrandt-WES-Su-HIL-F1157-22-1-OMIM-616892"}],"status":"final","code":{"coding":[{"system":"http://purl.obolibrary.org/obo/omim.owl","code":"OMIM:616892","display":"NEPHROTIC SYNDROME, TYPE 12; NPHS12"}],"text":"NEPHROTIC SYNDROME, TYPE 12; NPHS12"},"subject":{"reference":"Patient/P.AnVIL-CMG-Broad-Kidney-Hildebrandt-WES-Su-HIL-F1157-22-1"},"valueCodeableConcept":{"coding":[{"system":"http://snomed.info/sct","code":"373573001","display":"Clinical finding present (situation)"}],"text":"Phenotype Present"},"interpretation":[{"coding":[{"system":"http://terminology.hl7.org/CodeSystem/v3-ObservationInterpretation","code":"POS","display":"Positive"}],"text":"Present"}],"extension":[]}
{"resourceType":"Observation","id":"L-CMG-Broad-Kidney-Hildebrandt-WES-Su-HIL-F1179-11-1-OMIM-301050","meta":{"profile":["http://fhir.ncpi-project-forge.io/StructureDefinition/ncpi-phenotype"]},"identifier":[{"system":"urn:ncpi:unique-string","value":"L-CMG-Broad-Kidney-Hildebrandt-WES-Su-HIL-F1179-11-1-OMIM-301050"}],"status":"final","code":{"coding":[{"system":"http://purl.obolibrary.org/obo/omim.owl","code":"OMIM:301050","display":"ALPORT SYNDROME 1, X-LINKED; ATS1"}],"text":"ALPORT SYNDROME 1, X-LINKED; ATS1"},"subject":{"reference":"Patient/P.AnVIL-CMG-Broad-Kidney-Hildebrandt-WES-Su-HIL-F1179-11-1"},"valueCodeableConcept":{"coding":[{"system":"http://snomed.info/sct","code":"373573001","display":"Clinical finding present (situation)"}],"text":"Phenotype Present"},"interpretation":[{"coding":[{"system":"http://terminology.hl7.org/CodeSystem/v3-ObservationInterpretation","code":"POS","display":"Positive"}],"text":"Present"}],"extension":[]}
{"resourceType":"Observation","id":"L-CMG-Broad-Kidney-Hildebrandt-WES-Su-HIL-F1179-12-1-OMIM-301050","meta":{"profile":["http://fhir.ncpi-project-forge.io/StructureDefinition/ncpi-phenotype"]},"identifier":[{"system":"urn:ncpi:unique-string","value":"L-CMG-Broad-Kidney-Hildebrandt-WES-Su-HIL-F1179-12-1-OMIM-301050"}],"status":"final","code":{"coding":[{"system":"http://purl.obolibrary.org/obo/omim.owl","code":"OMIM:301050","display":"ALPORT SYNDROME 1, X-LINKED; ATS1"}],"text":"ALPORT SYNDROME 1, X-LINKED; ATS1"},"subject":{"reference":"Patient/P.AnVIL-CMG-Broad-Kidney-Hildebrandt-WES-Su-HIL-F1179-12-1"},"valueCodeableConcept":{"coding":[{"system":"http://snomed.info/sct","code":"373573001","display":"Clinical finding present (situation)"}],"text":"Phenotype Present"},"interpretation":[{"coding":[{"system":"http://terminology.hl7.org/CodeSystem/v3-ObservationInterpretation","code":"POS","display":"Positive"}],"text":"Present"}],"extension":[]}
{"resourceType":"Observation","id":"L-CMG-Broad-Kidney-Hildebrandt-WES-Su-HIL-F1179-21-1-OMIM-301050","meta":{"profile":["http://fhir.ncpi-project-forge.io/StructureDefinition/ncpi-phenotype"]},"identifier":[{"system":"urn:ncpi:unique-string","value":"L-CMG-Broad-Kidney-Hildebrandt-WES-Su-HIL-F1179-21-1-OMIM-301050"}],"status":"final","code":{"coding":[{"system":"http://purl.obolibrary.org/obo/omim.owl","code":"OMIM:301050","display":"ALPORT SYNDROME 1, X-LINKED; ATS1"}],"text":"ALPORT SYNDROME 1, X-LINKED; ATS1"},"subject":{"reference":"Patient/P.AnVIL-CMG-Broad-Kidney-Hildebrandt-WES-Su-HIL-F1179-21-1"},"valueCodeableConcept":{"coding":[{"system":"http://snomed.info/sct","code":"373573001","display":"Clinical finding present (situation)"}],"text":"Phenotype Present"},"interpretation":[{"coding":[{"system":"http://terminology.hl7.org/CodeSystem/v3-ObservationInterpretation","code":"POS","display":"Positive"}],"text":"Present"}],"extension":[]}
{"resourceType":"Observation","id":"L-CMG-Broad-Kidney-Hildebrandt-WES-Su-HIL-F1212-11-1-OMIM-310468","meta":{"profile":["http://fhir.ncpi-project-forge.io/StructureDefinition/ncpi-phenotype"]},"identifier":[{"system":"urn:ncpi:unique-string","value":"L-CMG-Broad-Kidney-Hildebrandt-WES-Su-HIL-F1212-11-1-OMIM-310468"}],"status":"final","code":{"coding":[{"system":"http://purl.obolibrary.org/obo/omim.owl","code":"OMIM:310468","display":"NEPHROLITHIASIS, X-LINKED RECESSIVE, WITH RENAL FAILURE; XRN"}],"text":"NEPHROLITHIASIS, X-LINKED RECESSIVE, WITH RENAL FAILURE; XRN"},"subject":{"reference":"Patient/P.AnVIL-CMG-Broad-Kidney-Hildebrandt-WES-Su-HIL-F1212-11-1"},"valueCodeableConcept":{"coding":[{"system":"http://snomed.info/sct","code":"373573001","display":"Clinical finding present (situation)"}],"text":"Phenotype Present"},"interpretation":[{"coding":[{"system":"http://terminology.hl7.org/CodeSystem/v3-ObservationInterpretation","code":"POS","display":"Positive"}],"text":"Present"}],"extension":[]}
{"resourceType":"Observation","id":"L-CMG-Broad-Kidney-Hildebrandt-WES-Su-HIL-F1212-12-1-OMIM-310468","meta":{"profile":["http://fhir.ncpi-project-forge.io/StructureDefinition/ncpi-phenotype"]},"identifier":[{"system":"urn:ncpi:unique-string","value":"L-CMG-Broad-Kidney-Hildebrandt-WES-Su-HIL-F1212-12-1-OMIM-310468"}],"status":"final","code":{"coding":[{"system":"http://purl.obolibrary.org/obo/omim.owl","code":"OMIM:310468","display":"NEPHROLITHIASIS, X-LINKED RECESSIVE, WITH RENAL FAILURE; XRN"}],"text":"NEPHROLITHIASIS, X-LINKED RECESSIVE, WITH RENAL FAILURE; XRN"},"subject":{"reference":"Patient/P.AnVIL-CMG-Broad-Kidney-Hildebrandt-WES-Su-HIL-F1212-12-1"},"valueCodeableConcept":{"coding":[{"system":"http://snomed.info/sct","code":"373573001","display":"Clinical finding present (situation)"}],"text":"Phenotype Present"},"interpretation":[{"coding":[{"system":"http://terminology.hl7.org/CodeSystem/v3-ObservationInterpretation","code":"POS","display":"Positive"}],"text":"Present"}],"extension":[]}
{"resourceType":"Observation","id":"L-CMG-Broad-Kidney-Hildebrandt-WES-Su-HIL-F1212-21-1-OMIM-310468","meta":{"profile":["http://fhir.ncpi-project-forge.io/StructureDefinition/ncpi-phenotype"]},"identifier":[{"system":"urn:ncpi:unique-string","value":"L-CMG-Broad-Kidney-Hildebrandt-WES-Su-HIL-F1212-21-1-OMIM-310468"}],"status":"final","code":{"coding":[{"system":"http://purl.obolibrary.org/obo/omim.owl","code":"OMIM:310468","display":"NEPHROLITHIASIS, X-LINKED RECESSIVE, WITH RENAL FAILURE; XRN"}],"text":"NEPHROLITHIASIS, X-LINKED RECESSIVE, WITH RENAL FAILURE; XRN"},"subject":{"reference":"Patient/P.AnVIL-CMG-Broad-Kidney-Hildebrandt-WES-Su-HIL-F1212-21-1"},"valueCodeableConcept":{"coding":[{"system":"http://snomed.info/sct","code":"373573001","display":"Clinical finding present (situation)"}],"text":"Phenotype Present"},"interpretation":[{"coding":[{"system":"http://terminology.hl7.org/CodeSystem/v3-ObservationInterpretation","code":"POS","display":"Positive"}],"text":"Present"}],"extension":[]}
{"resourceType":"Observation","id":"L-CMG-Broad-Kidney-Hildebrandt-WES-Su-HIL-F1283-11-1-OMIM-251300","meta":{"profile":["http://fhir.ncpi-project-forge.io/StructureDefinition/ncpi-phenotype"]},"identifier":[{"system":"urn:ncpi:unique-string","value":"L-CMG-Broad-Kidney-Hildebrandt-WES-Su-HIL-F1283-11-1-OMIM-251300"}],"status":"final","code":{"coding":[{"system":"http://purl.obolibrary.org/obo/omim.owl","code":"OMIM:251300","display":"GALLOWAY-MOWAT SYNDROME 1; GAMOS1"}],"text":"GALLOWAY-MOWAT SYNDROME 1; GAMOS1"},"subject":{"reference":"Patient/P.AnVIL-CMG-Broad-Kidney-Hildebrandt-WES-Su-HIL-F1283-11-1"},"valueCodeableConcept":{"coding":[{"system":"http://snomed.info/sct","code":"373573001","display":"Clinical finding present (situation)"}],"text":"Phenotype Present"},"interpretation":[{"coding":[{"system":"http://terminology.hl7.org/CodeSystem/v3-ObservationInterpretation","code":"POS","display":"Positive"}],"text":"Present"}],"extension":[]}
{"resourceType":"Observation","id":"L-CMG-Broad-Kidney-Hildebrandt-WES-Su-HIL-F1283-12-1-OMIM-251300","meta":{"profile":["http://fhir.ncpi-project-forge.io/StructureDefinition/ncpi-phenotype"]},"identifier":[{"system":"urn:ncpi:unique-string","value":"L-CMG-Broad-Kidney-Hildebrandt-WES-Su-HIL-F1283-12-1-OMIM-251300"}],"status":"final","code":{"coding":[{"system":"http://purl.obolibrary.org/obo/omim.owl","code":"OMIM:251300","display":"GALLOWAY-MOWAT SYNDROME 1; GAMOS1"}],"text":"GALLOWAY-MOWAT SYNDROME 1; GAMOS1"},"subject":{"reference":"Patient/P.AnVIL-CMG-Broad-Kidney-Hildebrandt-WES-Su-HIL-F1283-12-1"},"valueCodeableConcept":{"coding":[{"system":"http://snomed.info/sct","code":"373573001","display":"Clinical finding present (situation)"}],"text":"Phenotype Present"},"interpretation":[{"coding":[{"system":"http://terminology.hl7.org/CodeSystem/v3-ObservationInterpretation","code":"POS","display":"Positive"}],"text":"Present"}],"extension":[]}
{"resourceType":"Observation","id":"L-CMG-Broad-Kidney-Hildebrandt-WES-Su-HIL-F1283-21-1-OMIM-251300","meta":{"profile":["http://fhir.ncpi-project-forge.io/StructureDefinition/ncpi-phenotype"]},"identifier":[{"system":"urn:ncpi:unique-string","value":"L-CMG-Broad-Kidney-Hildebrandt-WES-Su-HIL-F1283-21-1-OMIM-251300"}],"status":"final","code":{"coding":[{"system":"http://purl.obolibrary.org/obo/omim.owl","code":"OMIM:251300","display":"GALLOWAY-MOWAT SYNDROME 1; GAMOS1"}],"text":"GALLOWAY-MOWAT SYNDROME 1; GAMOS1"},"subject":{"reference":"Patient/P.AnVIL-CMG-Broad-Kidney-Hildebrandt-WES-Su-HIL-F1283-21-1"},"valueCodeableConcept":{"coding":[{"system":"http://snomed.info/sct","code":"373573001","display":"Clinical finding present (situation)"}],"text":"Phenotype Present"},"interpretation":[{"coding":[{"system":"http://terminology.hl7.org/CodeSystem/v3-ObservationInterpretation","code":"POS","display":"Positive"}],"text":"Present"}],"extension":[]}
{"resourceType":"Observation","id":"L-CMG-Broad-Kidney-Hildebrandt-WES-Su-HIL-F1417-11-1-OMIM-616892","meta":{"profile":["http://fhir.ncpi-project-forge.io/StructureDefinition/ncpi-phenotype"]},"identifier":[{"system":"urn:ncpi:unique-string","value":"L-CMG-Broad-Kidney-Hildebrandt-WES-Su-HIL-F1417-11-1-OMIM-616892"}],"status":"final","code":{"coding":[{"system":"http://purl.obolibrary.org/obo/omim.owl","code":"OMIM:616892","display":"NEPHROTIC SYNDROME, TYPE 12; NPHS12"}],"text":"NEPHROTIC SYNDROME, TYPE 12; NPHS12"},"subject":{"reference":"Patient/P.AnVIL-CMG-Broad-Kidney-Hildebrandt-WES-Su-HIL-F1417-11-1"},"valueCodeableConcept":{"coding":[{"system":"http://snomed.info/sct","code":"373573001","display":"Clinical finding present (situation)"}],"text":"Phenotype Present"},"interpretation":[{"coding":[{"system":"http://terminology.hl7.org/CodeSystem/v3-ObservationInterpretation","code":"POS","display":"Positive"}],"text":"Present"}],"extension":[]}
{"resourceType":"Observation","id":"L-CMG-Broad-Kidney-Hildebrandt-WES-Su-HIL-F1417-12-1-OMIM-616892","meta":{"profile":["http://fhir.ncpi-project-forge.io/StructureDefinition/ncpi-phenotype"]},"identifier":[{"system":"urn:ncpi:unique-string","value":"L-CMG-Broad-Kidney-Hildebrandt-WES-Su-HIL-F1417-12-1-OMIM-616892"}],"status":"final","code":{"coding":[{"system":"http://purl.obolibrary.org/obo/omim.owl","code":"OMIM:616892","display":"NEPHROTIC SYNDROME, TYPE 12; NPHS12"}],"text":"NEPHROTIC SYNDROME, TYPE 12; NPHS12"},"subject":{"reference":"Patient/P.AnVIL-CMG-Broad-Kidney-Hildebrandt-WES-Su-HIL-F1417-12-1"},"valueCodeableConcept":{"coding":[{"system":"http://snomed.info/sct","code":"373573001","display":"Clinical finding present (situation)"}],"text":"Phenotype Present"},"interpretation":[{"coding":[{"system":"http://terminology.hl7.org/CodeSystem/v3-ObservationInterpretation","code":"POS","display":"Positive"}],"text":"Present"}],"extension":[]}
{"resourceType":"Observation","id":"L-CMG-Broad-Kidney-Hildebrandt-WES-Su-HIL-F1417-21-1-OMIM-616892","meta":{"profile":["http://fhir.ncpi-project-forge.io/StructureDefinition/ncpi-phenotype"]},"identifier":[{"system":"urn:ncpi:unique-string","value":"L-CMG-Broad-Kidney-Hildebrandt-WES-Su-HIL-F1417-21-1-OMIM-616892"}],"status":"final","code":{"coding":[{"system":"http://purl.obolibrary.org/obo/omim.owl","code":"OMIM:616892","display":"NEPHROTIC SYNDROME, TYPE 12; NPHS12"}],"text":"NEPHROTIC SYNDROME, TYPE 12; NPHS12"},"subject":{"reference":"Patient/P.AnVIL-CMG-Broad-Kidney-Hildebrandt-WES-Su-HIL-F1417-21-1"},"valueCodeableConcept":{"coding":[{"system":"http://snomed.info/sct","code":"373573001","display":"Clinical finding present (situation)"}],"text":"Phenotype Present"},"interpretation":[{"coding":[{"system":"http://terminology.hl7.org/CodeSystem/v3-ObservationInterpretation","code":"POS","display":"Positive"}],"text":"Present"}],"extension":[]}
{"resourceType":"Observation","id":"IL-CMG-Broad-Kidney-Hildebrandt-WES-Su-HIL-F247-11-1-OMIM-607426","meta":{"profile":["http://fhir.ncpi-project-forge.io/StructureDefinition/ncpi-phenotype"]},"identifier":[{"system":"urn:ncpi:unique-string","value":"IL-CMG-Broad-Kidney-Hildebrandt-WES-Su-HIL-F247-11-1-OMIM-607426"}],"status":"final","code":{"coding":[{"system":"http://purl.obolibrary.org/obo/omim.owl","code":"OMIM:607426","display":"COENZYME Q10 DEFICIENCY, PRIMARY, 1; COQ10D1"}],"text":"COENZYME Q10 DEFICIENCY, PRIMARY, 1; COQ10D1"},"subject":{"reference":"Patient/P.AnVIL-CMG-Broad-Kidney-Hildebrandt-WES-Su-HIL-F247-11-1"},"valueCodeableConcept":{"coding":[{"system":"http://snomed.info/sct","code":"373573001","display":"Clinical finding present (situation)"}],"text":"Phenotype Present"},"interpretation":[{"coding":[{"system":"http://terminology.hl7.org/CodeSystem/v3-ObservationInterpretation","code":"POS","display":"Positive"}],"text":"Present"}],"extension":[]}
{"resourceType":"Observation","id":"IL-CMG-Broad-Kidney-Hildebrandt-WES-Su-HIL-F247-12-1-OMIM-607426","meta":{"profile":["http://fhir.ncpi-project-forge.io/StructureDefinition/ncpi-phenotype"]},"identifier":[{"system":"urn:ncpi:unique-string","value":"IL-CMG-Broad-Kidney-Hildebrandt-WES-Su-HIL-F247-12-1-OMIM-607426"}],"status":"final","code":{"coding":[{"system":"http://purl.obolibrary.org/obo/omim.owl","code":"OMIM:607426","display":"COENZYME Q10 DEFICIENCY, PRIMARY, 1; COQ10D1"}],"text":"COENZYME Q10 DEFICIENCY, PRIMARY, 1; COQ10D1"},"subject":{"reference":"Patient/P.AnVIL-CMG-Broad-Kidney-Hildebrandt-WES-Su-HIL-F247-12-1"},"valueCodeableConcept":{"coding":[{"system":"http://snomed.info/sct","code":"373573001","display":"Clinical finding present (situation)"}],"text":"Phenotype Present"},"interpretation":[{"coding":[{"system":"http://terminology.hl7.org/CodeSystem/v3-ObservationInterpretation","code":"POS","display":"Positive"}],"text":"Present"}],"extension":[]}
{"resourceType":"Observation","id":"IL-CMG-Broad-Kidney-Hildebrandt-WES-Su-HIL-F247-21-1-OMIM-607426","meta":{"profile":["http://fhir.ncpi-project-forge.io/StructureDefinition/ncpi-phenotype"]},"identifier":[{"system":"urn:ncpi:unique-string","value":"IL-CMG-Broad-Kidney-Hildebrandt-WES-Su-HIL-F247-21-1-OMIM-607426"}],"status":"final","code":{"coding":[{"system":"http://purl.obolibrary.org/obo/omim.owl","code":"OMIM:607426","display":"COENZYME Q10 DEFICIENCY, PRIMARY, 1; COQ10D1"}],"text":"COENZYME Q10 DEFICIENCY, PRIMARY, 1; COQ10D1"},"subject":{"reference":"Patient/P.AnVIL-CMG-Broad-Kidney-Hildebrandt-WES-Su-HIL-F247-21-1"},"valueCodeableConcept":{"coding":[{"system":"http://snomed.info/sct","code":"373573001","display":"Clinical finding present (situation)"}],"text":"Phenotype Present"},"interpretation":[{"coding":[{"system":"http://terminology.hl7.org/CodeSystem/v3-ObservationInterpretation","code":"POS","display":"Positive"}],"text":"Present"}],"extension":[]}
