{"resourceType":"Observation","id":"IL-CMG-Broad-Muscle-Bonnemann-WES-Su-BON-B12-101-1-1-OMIM-611705","meta":{"profile":["http://fhir.ncpi-project-forge.io/StructureDefinition/ncpi-phenotype"]},"identifier":[{"system":"urn:ncpi:unique-string","value":"IL-CMG-Broad-Muscle-Bonnemann-WES-Su-BON-B12-101-1-1-OMIM-611705"}],"status":"final","code":{"coding":[{"system":"http://purl.obolibrary.org/obo/omim.owl","code":"OMIM:611705","display":"SALIH MYOPATHY; SALMY"}],"text":"SALIH MYOPATHY; SALMY"},"subject":{"reference":"Patient/P.AnVIL-CMG-Broad-Muscle-Bonnemann-WES-Su-BON-B12-101-1-1"},"valueCodeableConcept":{"coding":[{"system":"http://snomed.info/sct","code":"373573001","display":"Clinical finding present (situation)"}],"text":"Phenotype Present"},"interpretation":[{"coding":[{"system":"http://terminology.hl7.org/CodeSystem/v3-ObservationInterpretation","code":"POS","display":"Positive"}],"text":"Present"}],"extension":[]}
{"resourceType":"Observation","id":"IL-CMG-Broad-Muscle-Bonnemann-WES-Su-BON-B12-101-3-1-OMIM-611705","meta":{"profile":["http://fhir.ncpi-project-forge.io/StructureDefinition/ncpi-phenotype"]},"identifier":[{"system":"urn:ncpi:unique-string","value":"IL-CMG-Broad-Muscle-Bonnemann-WES-Su-BON-B12-101-3-1-OMIM-611705"}],"status":"final","code":{"coding":[{"system":"http://purl.obolibrary.org/obo/omim.owl","code":"OMIM:611705","display":"SALIH MYOPATHY; SALMY"}],"text":"SALIH MYOPATHY; SALMY"},"subject":{"reference":"Patient/P.AnVIL-CMG-Broad-Muscle-Bonnemann-WES-Su-BON-B12-101-3-1"},"valueCodeableConcept":{"coding":[{"system":"http://snomed.info/sct","code":"373573001","display":"Clinical finding present (situation)"}],"text":"Phenotype Present"},"interpretation":[{"coding":[{"system":"http://terminology.hl7.org/CodeSystem/v3-ObservationInterpretation","code":"POS","display":"Positive"}],"text":"Present"}],"extension":[]}
{"resourceType":"Observation","id":"IL-CMG-Broad-Muscle-Bonnemann-WES-Su-BON-B12-101-4-1-OMIM-611705","meta":{"profile":["http://fhir.ncpi-project-forge.io/StructureDefinition/ncpi-phenotype"]},"identifier":[{"system":"urn:ncpi:unique-string","value":"IL-CMG-Broad-Muscle-Bonnemann-WES-Su-BON-B12-101-4-1-OMIM-611705"}],"status":"final","code":{"coding":[{"system":"http://purl.obolibrary.org/obo/omim.owl","code":"OMIM:611705","display":"SALIH MYOPATHY; SALMY"}],"text":"SALIH MYOPATHY; SALMY"},"subject":{"reference":"Patient/P.AnVIL-CMG-Broad-Muscle-Bonnemann-WES-Su-BON-B12-101-4-1"},"valueCodeableConcept":{"coding":[{"system":"http://snomed.info/sct","code":"373573001","display":"Clinical finding present (situation)"}],"text":"Phenotype Present"},"interpretation":[{"coding":[{"system":"http://terminology.hl7.org/CodeSystem/v3-ObservationInterpretation","code":"POS","display":"Positive"}],"text":"Present"}],"extension":[]}
{"resourceType":"Observation","id":"IL-CMG-Broad-Muscle-Bonnemann-WES-Su-BON-B12-101-5-1-OMIM-611705","meta":{"profile":["http://fhir.ncpi-project-forge.io/StructureDefinition/ncpi-phenotype"]},"identifier":[{"system":"urn:ncpi:unique-string","value":"IL-CMG-Broad-Muscle-Bonnemann-WES-Su-BON-B12-101-5-1-OMIM-611705"}],"status":"final","code":{"coding":[{"system":"http://purl.obolibrary.org/obo/omim.owl","code":"OMIM:611705","display":"SALIH MYOPATHY; SALMY"}],"text":"SALIH MYOPATHY; SALMY"},"subject":{"reference":"Patient/P.AnVIL-CMG-Broad-Muscle-Bonnemann-WES-Su-BON-B12-101-5-1"},"valueCodeableConcept":{"coding":[{"system":"http://snomed.info/sct","code":"373573001","display":"Clinical finding present (situation)"}],"text":"Phenotype Present"},"interpretation":[{"coding":[{"system":"http://terminology.hl7.org/CodeSystem/v3-ObservationInterpretation","code":"POS","display":"Positive"}],"text":"Present"}],"extension":[]}
{"resourceType":"Observation","id":"IL-CMG-Broad-Muscle-Bonnemann-WES-Su-BON-B16-151-1-1-OMIM-161800","meta":{"profile":["http://fhir.ncpi-project-forge.io/StructureDefinition/ncpi-phenotype"]},"identifier":[{"system":"urn:ncpi:unique-string","value":"IL-CMG-Broad-Muscle-Bonnemann-WES-Su-BON-B16-151-1-1-OMIM-161800"}],"status":"final","code":{"coding":[{"system":"http://purl.obolibrary.org/obo/omim.owl","code":"OMIM:161800","display":"NEMALINE MYOPATHY 3; NEM3"}],"text":"NEMALINE MYOPATHY 3; NEM3"},"subject":{"reference":"Patient/P.AnVIL-CMG-Broad-Muscle-Bonnemann-WES-Su-BON-B16-151-1-1"},"valueCodeableConcept":{"coding":[{"system":"http://snomed.info/sct","code":"373573001","display":"Clinical finding present (situation)"}],"text":"Phenotype Present"},"interpretation":[{"coding":[{"system":"http://terminology.hl7.org/CodeSystem/v3-ObservationInterpretation","code":"POS","display":"Positive"}],"text":"Present"}],"extension":[]}
{"resourceType":"Observation","id":"IL-CMG-Broad-Muscle-Bonnemann-WES-Su-BON-B16-161-1-1-OMIM-608807","meta":{"profile":["http://fhir.ncpi-project-forge.io/StructureDefinition/ncpi-phenotype"]},"identifier":[{"system":"urn:ncpi:unique-string","value":"IL-CMG-Broad-Muscle-Bonnemann-WES-Su-BON-B16-161-1-1-OMIM-608807"}],"status":"final","code":{"coding":[{"system":"http://purl.obolibrary.org/obo/omim.owl","code":"OMIM:608807","display":"MUSCULAR DYSTROPHY, LIMB-GIRDLE, AUTOSOMAL RECESSIVE 10; LGMDR10"}],"text":"MUSCULAR DYSTROPHY, LIMB-GIRDLE, AUTOSOMAL RECESSIVE 10; LGMDR10"},"subject":{"reference":"Patient/P.AnVIL-CMG-Broad-Muscle-Bonnemann-WES-Su-BON-B16-161-1-1"},"valueCodeableConcept":{"coding":[{"system":"http://snomed.info/sct","code":"373573001","display":"Clinical finding present (situation)"}],"text":"Phenotype Present"},"interpretation":[{"coding":[{"system":"http://terminology.hl7.org/CodeSystem/v3-ObservationInterpretation","code":"POS","display":"Positive"}],"text":"Present"}],"extension":[]}
{"resourceType":"Observation","id":"IL-CMG-Broad-Muscle-Bonnemann-WES-Su-BON-B16-161-2-1-OMIM-608807","meta":{"profile":["http://fhir.ncpi-project-forge.io/StructureDefinition/ncpi-phenotype"]},"identifier":[{"system":"urn:ncpi:unique-string","value":"IL-CMG-Broad-Muscle-Bonnemann-WES-Su-BON-B16-161-2-1-OMIM-608807"}],"status":"final","code":{"coding":[{"system":"http://purl.obolibrary.org/obo/omim.owl","code":"OMIM:608807","display":"MUSCULAR DYSTROPHY, LIMB-GIRDLE, AUTOSOMAL RECESSIVE 10; LGMDR10"}],"text":"MUSCULAR DYSTROPHY, LIMB-GIRDLE, AUTOSOMAL RECESSIVE 10; LGMDR10"},"subject":{"reference":"Patient/P.AnVIL-CMG-Broad-Muscle-Bonnemann-WES-Su-BON-B16-161-2-1"},"valueCodeableConcept":{"coding":[{"system":"http://snomed.info/sct","code":"373573001","display":"Clinical finding present (situation)"}],"text":"Phenotype Present"},"interpretation":[{"coding":[{"system":"http://terminology.hl7.org/CodeSystem/v3-ObservationInterpretation","code":"POS","display":"Positive"}],"text":"Present"}],"extension":[]}
{"resourceType":"Observation","id":"IL-CMG-Broad-Muscle-Bonnemann-WES-Su-BON-B16-161-3-1-OMIM-608807","meta":{"profile":["http://fhir.ncpi-project-forge.io/StructureDefinition/ncpi-phenotype"]},"identifier":[{"system":"urn:ncpi:unique-string","value":"IL-CMG-Broad-Muscle-Bonnemann-WES-Su-BON-B16-161-3-1-OMIM-608807"}],"status":"final","code":{"coding":[{"system":"http://purl.obolibrary.org/obo/omim.owl","code":"OMIM:608807","display":"MUSCULAR DYSTROPHY, LIMB-GIRDLE, AUTOSOMAL RECESSIVE 10; LGMDR10"}],"text":"MUSCULAR DYSTROPHY, LIMB-GIRDLE, AUTOSOMAL RECESSIVE 10; LGMDR10"},"subject":{"reference":"Patient/P.AnVIL-CMG-Broad-Muscle-Bonnemann-WES-Su-BON-B16-161-3-1"},"valueCodeableConcept":{"coding":[{"system":"http://snomed.info/sct","code":"373573001","display":"Clinical finding present (situation)"}],"text":"Phenotype Present"},"interpretation":[{"coding":[{"system":"http://terminology.hl7.org/CodeSystem/v3-ObservationInterpretation","code":"POS","display":"Positive"}],"text":"Present"}],"extension":[]}
{"resourceType":"Observation","id":"VIL-CMG-Broad-Muscle-Bonnemann-WES-Su-BON-B16-36-1-1-OMIM-605355","meta":{"profile":["http://fhir.ncpi-project-forge.io/StructureDefinition/ncpi-phenotype"]},"identifier":[{"system":"urn:ncpi:unique-string","value":"VIL-CMG-Broad-Muscle-Bonnemann-WES-Su-BON-B16-36-1-1-OMIM-605355"}],"status":"final","code":{"coding":[{"system":"http://purl.obolibrary.org/obo/omim.owl","code":"OMIM:605355","display":"NEMALINE MYOPATHY 5; NEM5"}],"text":"NEMALINE MYOPATHY 5; NEM5"},"subject":{"reference":"Patient/P.AnVIL-CMG-Broad-Muscle-Bonnemann-WES-Su-BON-B16-36-1-1"},"valueCodeableConcept":{"coding":[{"system":"http://snomed.info/sct","code":"373573001","display":"Clinical finding present (situation)"}],"text":"Phenotype Present"},"interpretation":[{"coding":[{"system":"http://terminology.hl7.org/CodeSystem/v3-ObservationInterpretation","code":"POS","display":"Positive"}],"text":"Present"}],"extension":[]}
{"resourceType":"Observation","id":"VIL-CMG-Broad-Muscle-Bonnemann-WES-Su-BON-B16-36-2-1-OMIM-605355","meta":{"profile":["http://fhir.ncpi-project-forge.io/StructureDefinition/ncpi-phenotype"]},"identifier":[{"system":"urn:ncpi:unique-string","value":"VIL-CMG-Broad-Muscle-Bonnemann-WES-Su-BON-B16-36-2-1-OMIM-605355"}],"status":"final","code":{"coding":[{"system":"http://purl.obolibrary.org/obo/omim.owl","code":"OMIM:605355","display":"NEMALINE MYOPATHY 5; NEM5"}],"text":"NEMALINE MYOPATHY 5; NEM5"},"subject":{"reference":"Patient/P.AnVIL-CMG-Broad-Muscle-Bonnemann-WES-Su-BON-B16-36-2-1"},"valueCodeableConcept":{"coding":[{"system":"http://snomed.info/sct","code":"373573001","display":"Clinical finding present (situation)"}],"text":"Phenotype Present"},"interpretation":[{"coding":[{"system":"http://terminology.hl7.org/CodeSystem/v3-ObservationInterpretation","code":"POS","display":"Positive"}],"text":"Present"}],"extension":[]}
{"resourceType":"Observation","id":"VIL-CMG-Broad-Muscle-Bonnemann-WES-Su-BON-B16-36-3-1-OMIM-605355","meta":{"profile":["http://fhir.ncpi-project-forge.io/StructureDefinition/ncpi-phenotype"]},"identifier":[{"system":"urn:ncpi:unique-string","value":"VIL-CMG-Broad-Muscle-Bonnemann-WES-Su-BON-B16-36-3-1-OMIM-605355"}],"status":"final","code":{"coding":[{"system":"http://purl.obolibrary.org/obo/omim.owl","code":"OMIM:605355","display":"NEMALINE MYOPATHY 5; NEM5"}],"text":"NEMALINE MYOPATHY 5; NEM5"},"subject":{"reference":"Patient/P.AnVIL-CMG-Broad-Muscle-Bonnemann-WES-Su-BON-B16-36-3-1"},"valueCodeableConcept":{"coding":[{"system":"http://snomed.info/sct","code":"373573001","display":"Clinical finding present (situation)"}],"text":"Phenotype Present"},"interpretation":[{"coding":[{"system":"http://terminology.hl7.org/CodeSystem/v3-ObservationInterpretation","code":"POS","display":"Positive"}],"text":"Present"}],"extension":[]}
{"resourceType":"Observation","id":"VIL-CMG-Broad-Muscle-Bonnemann-WES-Su-BON-B16-44-1-1-OMIM-609560","meta":{"profile":["http://fhir.ncpi-project-forge.io/StructureDefinition/ncpi-phenotype"]},"identifier":[{"system":"urn:ncpi:unique-string","value":"VIL-CMG-Broad-Muscle-Bonnemann-WES-Su-BON-B16-44-1-1-OMIM-609560"}],"status":"final","code":{"coding":[{"system":"http://purl.obolibrary.org/obo/omim.owl","code":"OMIM:609560","display":"MITOCHONDRIAL DNA DEPLETION SYNDROME 2 (MYOPATHIC TYPE); MTDPS2"}],"text":"MITOCHONDRIAL DNA DEPLETION SYNDROME 2 (MYOPATHIC TYPE); MTDPS2"},"subject":{"reference":"Patient/P.AnVIL-CMG-Broad-Muscle-Bonnemann-WES-Su-BON-B16-44-1-1"},"valueCodeableConcept":{"coding":[{"system":"http://snomed.info/sct","code":"373573001","display":"Clinical finding present (situation)"}],"text":"Phenotype Present"},"interpretation":[{"coding":[{"system":"http://terminology.hl7.org/CodeSystem/v3-ObservationInterpretation","code":"POS","display":"Positive"}],"text":"Present"}],"extension":[]}
{"resourceType":"Observation","id":"VIL-CMG-Broad-Muscle-Bonnemann-WES-Su-BON-B16-44-2-1-OMIM-609560","meta":{"profile":["http://fhir.ncpi-project-forge.io/StructureDefinition/ncpi-phenotype"]},"identifier":[{"system":"urn:ncpi:unique-string","value":"VIL-CMG-Broad-Muscle-Bonnemann-WES-Su-BON-B16-44-2-1-OMIM-609560"}],"status":"final","code":{"coding":[{"system":"http://purl.obolibrary.org/obo/omim.owl","code":"OMIM:609560","display":"MITOCHONDRIAL DNA DEPLETION SYNDROME 2 (MYOPATHIC TYPE); MTDPS2"}],"text":"MITOCHONDRIAL DNA DEPLETION SYNDROME 2 (MYOPATHIC TYPE); MTDPS2"},"subject":{"reference":"Patient/P.AnVIL-CMG-Broad-Muscle-Bonnemann-WES-Su-BON-B16-44-2-1"},"valueCodeableConcept":{"coding":[{"system":"http://snomed.info/sct","code":"373573001","display":"Clinical finding present (situation)"}],"text":"Phenotype Present"},"interpretation":[{"coding":[{"system":"http://terminology.hl7.org/CodeSystem/v3-ObservationInterpretation","code":"POS","display":"Positive"}],"text":"Present"}],"extension":[]}
{"resourceType":"Observation","id":"VIL-CMG-Broad-Muscle-Bonnemann-WES-Su-BON-B16-44-3-1-OMIM-609560","meta":{"profile":["http://fhir.ncpi-project-forge.io/StructureDefinition/ncpi-phenotype"]},"identifier":[{"system":"urn:ncpi:unique-string","value":"VIL-CMG-Broad-Muscle-Bonnemann-WES-Su-BON-B16-44-3-1-OMIM-609560"}],"status":"final","code":{"coding":[{"system":"http://purl.obolibrary.org/obo/omim.owl","code":"OMIM:609560","display":"MITOCHONDRIAL DNA DEPLETION SYNDROME 2 (MYOPATHIC TYPE); MTDPS2"}],"text":"MITOCHONDRIAL DNA DEPLETION SYNDROME 2 (MYOPATHIC TYPE); MTDPS2"},"subject":{"reference":"Patient/P.AnVIL-CMG-Broad-Muscle-Bonnemann-WES-Su-BON-B16-44-3-1"},"valueCodeableConcept":{"coding":[{"system":"http://snomed.info/sct","code":"373573001","display":"Clinical finding present (situation)"}],"text":"Phenotype Present"},"interpretation":[{"coding":[{"system":"http://terminology.hl7.org/CodeSystem/v3-ObservationInterpretation","code":"POS","display":"Positive"}],"text":"Present"}],"extension":[]}
{"resourceType":"Observation","id":"VIL-CMG-Broad-Muscle-Bonnemann-WES-Su-BON-B16-52-1-1-OMIM-617194","meta":{"profile":["http://fhir.ncpi-project-forge.io/StructureDefinition/ncpi-phenotype"]},"identifier":[{"system":"urn:ncpi:unique-string","value":"VIL-CMG-Broad-Muscle-Bonnemann-WES-Su-BON-B16-52-1-1-OMIM-617194"}],"status":"final","code":{"coding":[{"system":"http://purl.obolibrary.org/obo/omim.owl","code":"OMIM:617194","display":"Lethal congenital contracture syndrome 11"}],"text":"Lethal congenital contracture syndrome 11"},"subject":{"reference":"Patient/P.AnVIL-CMG-Broad-Muscle-Bonnemann-WES-Su-BON-B16-52-1-1"},"valueCodeableConcept":{"coding":[{"system":"http://snomed.info/sct","code":"373573001","display":"Clinical finding present (situation)"}],"text":"Phenotype Present"},"interpretation":[{"coding":[{"system":"http://terminology.hl7.org/CodeSystem/v3-ObservationInterpretation","code":"POS","display":"Positive"}],"text":"Present"}],"extension":[]}
{"resourceType":"Observation","id":"VIL-CMG-Broad-Muscle-Bonnemann-WES-Su-BON-B16-52-2-1-OMIM-617194","meta":{"profile":["http://fhir.ncpi-project-forge.io/StructureDefinition/ncpi-phenotype"]},"identifier":[{"system":"urn:ncpi:unique-string","value":"VIL-CMG-Broad-Muscle-Bonnemann-WES-Su-BON-B16-52-2-1-OMIM-617194"}],"status":"final","code":{"coding":[{"system":"http://purl.obolibrary.org/obo/omim.owl","code":"OMIM:617194","display":"Lethal congenital contracture syndrome 11"}],"text":"Lethal congenital contracture syndrome 11"},"subject":{"reference":"Patient/P.AnVIL-CMG-Broad-Muscle-Bonnemann-WES-Su-BON-B16-52-2-1"},"valueCodeableConcept":{"coding":[{"system":"http://snomed.info/sct","code":"373573001","display":"Clinical finding present (situation)"}],"text":"Phenotype Present"},"interpretation":[{"coding":[{"system":"http://terminology.hl7.org/CodeSystem/v3-ObservationInterpretation","code":"POS","display":"Positive"}],"text":"Present"}],"extension":[]}
{"resourceType":"Observation","id":"VIL-CMG-Broad-Muscle-Bonnemann-WES-Su-BON-B16-52-3-1-OMIM-617194","meta":{"profile":["http://fhir.ncpi-project-forge.io/StructureDefinition/ncpi-phenotype"]},"identifier":[{"system":"urn:ncpi:unique-string","value":"VIL-CMG-Broad-Muscle-Bonnemann-WES-Su-BON-B16-52-3-1-OMIM-617194"}],"status":"final","code":{"coding":[{"system":"http://purl.obolibrary.org/obo/omim.owl","code":"OMIM:617194","display":"Lethal congenital contracture syndrome 11"}],"text":"Lethal congenital contracture syndrome 11"},"subject":{"reference":"Patient/P.AnVIL-CMG-Broad-Muscle-Bonnemann-WES-Su-BON-B16-52-3-1"},"valueCodeableConcept":{"coding":[{"system":"http://snomed.info/sct","code":"373573001","display":"Clinical finding present (situation)"}],"text":"Phenotype Present"},"interpretation":[{"coding":[{"system":"http://terminology.hl7.org/CodeSystem/v3-ObservationInterpretation","code":"POS","display":"Positive"}],"text":"Present"}],"extension":[]}
{"resourceType":"Observation","id":"VIL-CMG-Broad-Muscle-Bonnemann-WES-Su-BON-B16-75-1-1-OMIM-254090","meta":{"profile":["http://fhir.ncpi-project-forge.io/StructureDefinition/ncpi-phenotype"]},"identifier":[{"system":"urn:ncpi:unique-string","value":"VIL-CMG-Broad-Muscle-Bonnemann-WES-Su-BON-B16-75-1-1-OMIM-254090"}],"status":"final","code":{"coding":[{"system":"http://purl.obolibrary.org/obo/omim.owl","code":"OMIM:254090","display":"ULLRICH CONGENITAL MUSCULAR DYSTROPHY 1; UCMD1"}],"text":"ULLRICH CONGENITAL MUSCULAR DYSTROPHY 1; UCMD1"},"subject":{"reference":"Patient/P.AnVIL-CMG-Broad-Muscle-Bonnemann-WES-Su-BON-B16-75-1-1"},"valueCodeableConcept":{"coding":[{"system":"http://snomed.info/sct","code":"373573001","display":"Clinical finding present (situation)"}],"text":"Phenotype Present"},"interpretation":[{"coding":[{"system":"http://terminology.hl7.org/CodeSystem/v3-ObservationInterpretation","code":"POS","display":"Positive"}],"text":"Present"}],"extension":[]}
{"resourceType":"Observation","id":"VIL-CMG-Broad-Muscle-Bonnemann-WES-Su-BON-B16-75-2-1-OMIM-254090","meta":{"profile":["http://fhir.ncpi-project-forge.io/StructureDefinition/ncpi-phenotype"]},"identifier":[{"system":"urn:ncpi:unique-string","value":"VIL-CMG-Broad-Muscle-Bonnemann-WES-Su-BON-B16-75-2-1-OMIM-254090"}],"status":"final","code":{"coding":[{"system":"http://purl.obolibrary.org/obo/omim.owl","code":"OMIM:254090","display":"ULLRICH CONGENITAL MUSCULAR DYSTROPHY 1; UCMD1"}],"text":"ULLRICH CONGENITAL MUSCULAR DYSTROPHY 1; UCMD1"},"subject":{"reference":"Patient/P.AnVIL-CMG-Broad-Muscle-Bonnemann-WES-Su-BON-B16-75-2-1"},"valueCodeableConcept":{"coding":[{"system":"http://snomed.info/sct","code":"373573001","display":"Clinical finding present (situation)"}],"text":"Phenotype Present"},"interpretation":[{"coding":[{"system":"http://terminology.hl7.org/CodeSystem/v3-ObservationInterpretation","code":"POS","display":"Positive"}],"text":"Present"}],"extension":[]}
{"resourceType":"Observation","id":"VIL-CMG-Broad-Muscle-Bonnemann-WES-Su-BON-B16-75-3-1-OMIM-254090","meta":{"profile":["http://fhir.ncpi-project-forge.io/StructureDefinition/ncpi-phenotype"]},"identifier":[{"system":"urn:ncpi:unique-string","value":"VIL-CMG-Broad-Muscle-Bonnemann-WES-Su-BON-B16-75-3-1-OMIM-254090"}],"status":"final","code":{"coding":[{"system":"http://purl.obolibrary.org/obo/omim.owl","code":"OMIM:254090","display":"ULLRICH CONGENITAL MUSCULAR DYSTROPHY 1; UCMD1"}],"text":"ULLRICH CONGENITAL MUSCULAR DYSTROPHY 1; UCMD1"},"subject":{"reference":"Patient/P.AnVIL-CMG-Broad-Muscle-Bonnemann-WES-Su-BON-B16-75-3-1"},"valueCodeableConcept":{"coding":[{"system":"http://snomed.info/sct","code":"373573001","display":"Clinical finding present (situation)"}],"text":"Phenotype Present"},"interpretation":[{"coding":[{"system":"http://terminology.hl7.org/CodeSystem/v3-ObservationInterpretation","code":"POS","display":"Positive"}],"text":"Present"}],"extension":[]}
{"resourceType":"Observation","id":"VIL-CMG-Broad-Muscle-Bonnemann-WES-Su-BON-B16-80-1-1-OMIM-255320","meta":{"profile":["http://fhir.ncpi-project-forge.io/StructureDefinition/ncpi-phenotype"]},"identifier":[{"system":"urn:ncpi:unique-string","value":"VIL-CMG-Broad-Muscle-Bonnemann-WES-Su-BON-B16-80-1-1-OMIM-255320"}],"status":"final","code":{"coding":[{"system":"http://purl.obolibrary.org/obo/omim.owl","code":"OMIM:255320","display":"MINICORE MYOPATHY WITH EXTERNAL OPHTHALMOPLEGIA"}],"text":"MINICORE MYOPATHY WITH EXTERNAL OPHTHALMOPLEGIA"},"subject":{"reference":"Patient/P.AnVIL-CMG-Broad-Muscle-Bonnemann-WES-Su-BON-B16-80-1-1"},"valueCodeableConcept":{"coding":[{"system":"http://snomed.info/sct","code":"373573001","display":"Clinical finding present (situation)"}],"text":"Phenotype Present"},"interpretation":[{"coding":[{"system":"http://terminology.hl7.org/CodeSystem/v3-ObservationInterpretation","code":"POS","display":"Positive"}],"text":"Present"}],"extension":[]}
{"resourceType":"Observation","id":"VIL-CMG-Broad-Muscle-Bonnemann-WES-Su-BON-B16-80-2-1-OMIM-255320","meta":{"profile":["http://fhir.ncpi-project-forge.io/StructureDefinition/ncpi-phenotype"]},"identifier":[{"system":"urn:ncpi:unique-string","value":"VIL-CMG-Broad-Muscle-Bonnemann-WES-Su-BON-B16-80-2-1-OMIM-255320"}],"status":"final","code":{"coding":[{"system":"http://purl.obolibrary.org/obo/omim.owl","code":"OMIM:255320","display":"MINICORE MYOPATHY WITH EXTERNAL OPHTHALMOPLEGIA"}],"text":"MINICORE MYOPATHY WITH EXTERNAL OPHTHALMOPLEGIA"},"subject":{"reference":"Patient/P.AnVIL-CMG-Broad-Muscle-Bonnemann-WES-Su-BON-B16-80-2-1"},"valueCodeableConcept":{"coding":[{"system":"http://snomed.info/sct","code":"373573001","display":"Clinical finding present (situation)"}],"text":"Phenotype Present"},"interpretation":[{"coding":[{"system":"http://terminology.hl7.org/CodeSystem/v3-ObservationInterpretation","code":"POS","display":"Positive"}],"text":"Present"}],"extension":[]}
{"resourceType":"Observation","id":"VIL-CMG-Broad-Muscle-Bonnemann-WES-Su-BON-B16-80-3-1-OMIM-255320","meta":{"profile":["http://fhir.ncpi-project-forge.io/StructureDefinition/ncpi-phenotype"]},"identifier":[{"system":"urn:ncpi:unique-string","value":"VIL-CMG-Broad-Muscle-Bonnemann-WES-Su-BON-B16-80-3-1-OMIM-255320"}],"status":"final","code":{"coding":[{"system":"http://purl.obolibrary.org/obo/omim.owl","code":"OMIM:255320","display":"MINICORE MYOPATHY WITH EXTERNAL OPHTHALMOPLEGIA"}],"text":"MINICORE MYOPATHY WITH EXTERNAL OPHTHALMOPLEGIA"},"subject":{"reference":"Patient/P.AnVIL-CMG-Broad-Muscle-Bonnemann-WES-Su-BON-B16-80-3-1"},"valueCodeableConcept":{"coding":[{"system":"http://snomed.info/sct","code":"373573001","display":"Clinical finding present (situation)"}],"text":"Phenotype Present"},"interpretation":[{"coding":[{"system":"http://terminology.hl7.org/CodeSystem/v3-ObservationInterpretation","code":"POS","display":"Positive"}],"text":"Present"}],"extension":[]}
{"resourceType":"Observation","id":"VIL-CMG-Broad-Muscle-Bonnemann-WES-Su-BON-B17-05-1-1-OMIM-608807","meta":{"profile":["http://fhir.ncpi-project-forge.io/StructureDefinition/ncpi-phenotype"]},"identifier":[{"system":"urn:ncpi:unique-string","value":"VIL-CMG-Broad-Muscle-Bonnemann-WES-Su-BON-B17-05-1-1-OMIM-608807"}],"status":"final","code":{"coding":[{"system":"http://purl.obolibrary.org/obo/omim.owl","code":"OMIM:608807","display":"MUSCULAR DYSTROPHY, LIMB-GIRDLE, AUTOSOMAL RECESSIVE 10; LGMDR10"}],"text":"MUSCULAR DYSTROPHY, LIMB-GIRDLE, AUTOSOMAL RECESSIVE 10; LGMDR10"},"subject":{"reference":"Patient/P.AnVIL-CMG-Broad-Muscle-Bonnemann-WES-Su-BON-B17-05-1-1"},"valueCodeableConcept":{"coding":[{"system":"http://snomed.info/sct","code":"373573001","display":"Clinical finding present (situation)"}],"text":"Phenotype Present"},"interpretation":[{"coding":[{"system":"http://terminology.hl7.org/CodeSystem/v3-ObservationInterpretation","code":"POS","display":"Positive"}],"text":"Present"}],"extension":[]}
{"resourceType":"Observation","id":"VIL-CMG-Broad-Muscle-Bonnemann-WES-Su-BON-B17-05-2-1-OMIM-608807","meta":{"profile":["http://fhir.ncpi-project-forge.io/StructureDefinition/ncpi-phenotype"]},"identifier":[{"system":"urn:ncpi:unique-string","value":"VIL-CMG-Broad-Muscle-Bonnemann-WES-Su-BON-B17-05-2-1-OMIM-608807"}],"status":"final","code":{"coding":[{"system":"http://purl.obolibrary.org/obo/omim.owl","code":"OMIM:608807","display":"MUSCULAR DYSTROPHY, LIMB-GIRDLE, AUTOSOMAL RECESSIVE 10; LGMDR10"}],"text":"MUSCULAR DYSTROPHY, LIMB-GIRDLE, AUTOSOMAL RECESSIVE 10; LGMDR10"},"subject":{"reference":"Patient/P.AnVIL-CMG-Broad-Muscle-Bonnemann-WES-Su-BON-B17-05-2-1"},"valueCodeableConcept":{"coding":[{"system":"http://snomed.info/sct","code":"373573001","display":"Clinical finding present (situation)"}],"text":"Phenotype Present"},"interpretation":[{"coding":[{"system":"http://terminology.hl7.org/CodeSystem/v3-ObservationInterpretation","code":"POS","display":"Positive"}],"text":"Present"}],"extension":[]}
{"resourceType":"Observation","id":"VIL-CMG-Broad-Muscle-Bonnemann-WES-Su-BON-B17-05-3-1-OMIM-608807","meta":{"profile":["http://fhir.ncpi-project-forge.io/StructureDefinition/ncpi-phenotype"]},"identifier":[{"system":"urn:ncpi:unique-string","value":"VIL-CMG-Broad-Muscle-Bonnemann-WES-Su-BON-B17-05-3-1-OMIM-608807"}],"status":"final","code":{"coding":[{"system":"http://purl.obolibrary.org/obo/omim.owl","code":"OMIM:608807","display":"MUSCULAR DYSTROPHY, LIMB-GIRDLE, AUTOSOMAL RECESSIVE 10; LGMDR10"}],"text":"MUSCULAR DYSTROPHY, LIMB-GIRDLE, AUTOSOMAL RECESSIVE 10; LGMDR10"},"subject":{"reference":"Patient/P.AnVIL-CMG-Broad-Muscle-Bonnemann-WES-Su-BON-B17-05-3-1"},"valueCodeableConcept":{"coding":[{"system":"http://snomed.info/sct","code":"373573001","display":"Clinical finding present (situation)"}],"text":"Phenotype Present"},"interpretation":[{"coding":[{"system":"http://terminology.hl7.org/CodeSystem/v3-ObservationInterpretation","code":"POS","display":"Positive"}],"text":"Present"}],"extension":[]}
{"resourceType":"Observation","id":"VIL-CMG-Broad-Muscle-Bonnemann-WES-Su-BON-B17-05-4-1-OMIM-608807","meta":{"profile":["http://fhir.ncpi-project-forge.io/StructureDefinition/ncpi-phenotype"]},"identifier":[{"system":"urn:ncpi:unique-string","value":"VIL-CMG-Broad-Muscle-Bonnemann-WES-Su-BON-B17-05-4-1-OMIM-608807"}],"status":"final","code":{"coding":[{"system":"http://purl.obolibrary.org/obo/omim.owl","code":"OMIM:608807","display":"MUSCULAR DYSTROPHY, LIMB-GIRDLE, AUTOSOMAL RECESSIVE 10; LGMDR10"}],"text":"MUSCULAR DYSTROPHY, LIMB-GIRDLE, AUTOSOMAL RECESSIVE 10; LGMDR10"},"subject":{"reference":"Patient/P.AnVIL-CMG-Broad-Muscle-Bonnemann-WES-Su-BON-B17-05-4-1"},"valueCodeableConcept":{"coding":[{"system":"http://snomed.info/sct","code":"373573001","display":"Clinical finding present (situation)"}],"text":"Phenotype Present"},"interpretation":[{"coding":[{"system":"http://terminology.hl7.org/CodeSystem/v3-ObservationInterpretation","code":"POS","display":"Positive"}],"text":"Present"}],"extension":[]}
{"resourceType":"Observation","id":"VIL-CMG-Broad-Muscle-Bonnemann-WES-Su-BON-B17-07-1-1-OMIM-617675","meta":{"profile":["http://fhir.ncpi-project-forge.io/StructureDefinition/ncpi-phenotype"]},"identifier":[{"system":"urn:ncpi:unique-string","value":"VIL-CMG-Broad-Muscle-Bonnemann-WES-Su-BON-B17-07-1-1-OMIM-617675"}],"status":"final","code":{"coding":[{"system":"http://purl.obolibrary.org/obo/omim.owl","code":"OMIM:617675","display":"MYOPATHY, MITOCHONDRIAL, AND ATAXIA; MMYAT"}],"text":"MYOPATHY, MITOCHONDRIAL, AND ATAXIA; MMYAT"},"subject":{"reference":"Patient/P.AnVIL-CMG-Broad-Muscle-Bonnemann-WES-Su-BON-B17-07-1-1"},"valueCodeableConcept":{"coding":[{"system":"http://snomed.info/sct","code":"373573001","display":"Clinical finding present (situation)"}],"text":"Phenotype Present"},"interpretation":[{"coding":[{"system":"http://terminology.hl7.org/CodeSystem/v3-ObservationInterpretation","code":"POS","display":"Positive"}],"text":"Present"}],"extension":[]}
{"resourceType":"Observation","id":"VIL-CMG-Broad-Muscle-Bonnemann-WES-Su-BON-B17-07-2-1-OMIM-617675","meta":{"profile":["http://fhir.ncpi-project-forge.io/StructureDefinition/ncpi-phenotype"]},"identifier":[{"system":"urn:ncpi:unique-string","value":"VIL-CMG-Broad-Muscle-Bonnemann-WES-Su-BON-B17-07-2-1-OMIM-617675"}],"status":"final","code":{"coding":[{"system":"http://purl.obolibrary.org/obo/omim.owl","code":"OMIM:617675","display":"MYOPATHY, MITOCHONDRIAL, AND ATAXIA; MMYAT"}],"text":"MYOPATHY, MITOCHONDRIAL, AND ATAXIA; MMYAT"},"subject":{"reference":"Patient/P.AnVIL-CMG-Broad-Muscle-Bonnemann-WES-Su-BON-B17-07-2-1"},"valueCodeableConcept":{"coding":[{"system":"http://snomed.info/sct","code":"373573001","display":"Clinical finding present (situation)"}],"text":"Phenotype Present"},"interpretation":[{"coding":[{"system":"http://terminology.hl7.org/CodeSystem/v3-ObservationInterpretation","code":"POS","display":"Positive"}],"text":"Present"}],"extension":[]}
{"resourceType":"Observation","id":"VIL-CMG-Broad-Muscle-Bonnemann-WES-Su-BON-B17-07-3-1-OMIM-617675","meta":{"profile":["http://fhir.ncpi-project-forge.io/StructureDefinition/ncpi-phenotype"]},"identifier":[{"system":"urn:ncpi:unique-string","value":"VIL-CMG-Broad-Muscle-Bonnemann-WES-Su-BON-B17-07-3-1-OMIM-617675"}],"status":"final","code":{"coding":[{"system":"http://purl.obolibrary.org/obo/omim.owl","code":"OMIM:617675","display":"MYOPATHY, MITOCHONDRIAL, AND ATAXIA; MMYAT"}],"text":"MYOPATHY, MITOCHONDRIAL, AND ATAXIA; MMYAT"},"subject":{"reference":"Patient/P.AnVIL-CMG-Broad-Muscle-Bonnemann-WES-Su-BON-B17-07-3-1"},"valueCodeableConcept":{"coding":[{"system":"http://snomed.info/sct","code":"373573001","display":"Clinical finding present (situation)"}],"text":"Phenotype Present"},"interpretation":[{"coding":[{"system":"http://terminology.hl7.org/CodeSystem/v3-ObservationInterpretation","code":"POS","display":"Positive"}],"text":"Present"}],"extension":[]}
{"resourceType":"Observation","id":"VIL-CMG-Broad-Muscle-Bonnemann-WES-Su-BON-B17-26-1-1-OMIM-255320","meta":{"profile":["http://fhir.ncpi-project-forge.io/StructureDefinition/ncpi-phenotype"]},"identifier":[{"system":"urn:ncpi:unique-string","value":"VIL-CMG-Broad-Muscle-Bonnemann-WES-Su-BON-B17-26-1-1-OMIM-255320"}],"status":"final","code":{"coding":[{"system":"http://purl.obolibrary.org/obo/omim.owl","code":"OMIM:255320","display":"MINICORE MYOPATHY WITH EXTERNAL OPHTHALMOPLEGIA"}],"text":"MINICORE MYOPATHY WITH EXTERNAL OPHTHALMOPLEGIA"},"subject":{"reference":"Patient/P.AnVIL-CMG-Broad-Muscle-Bonnemann-WES-Su-BON-B17-26-1-1"},"valueCodeableConcept":{"coding":[{"system":"http://snomed.info/sct","code":"373573001","display":"Clinical finding present (situation)"}],"text":"Phenotype Present"},"interpretation":[{"coding":[{"system":"http://terminology.hl7.org/CodeSystem/v3-ObservationInterpretation","code":"POS","display":"Positive"}],"text":"Present"}],"extension":[]}
{"resourceType":"Observation","id":"VIL-CMG-Broad-Muscle-Bonnemann-WES-Su-BON-B17-26-2-1-OMIM-255320","meta":{"profile":["http://fhir.ncpi-project-forge.io/StructureDefinition/ncpi-phenotype"]},"identifier":[{"system":"urn:ncpi:unique-string","value":"VIL-CMG-Broad-Muscle-Bonnemann-WES-Su-BON-B17-26-2-1-OMIM-255320"}],"status":"final","code":{"coding":[{"system":"http://purl.obolibrary.org/obo/omim.owl","code":"OMIM:255320","display":"MINICORE MYOPATHY WITH EXTERNAL OPHTHALMOPLEGIA"}],"text":"MINICORE MYOPATHY WITH EXTERNAL OPHTHALMOPLEGIA"},"subject":{"reference":"Patient/P.AnVIL-CMG-Broad-Muscle-Bonnemann-WES-Su-BON-B17-26-2-1"},"valueCodeableConcept":{"coding":[{"system":"http://snomed.info/sct","code":"373573001","display":"Clinical finding present (situation)"}],"text":"Phenotype Present"},"interpretation":[{"coding":[{"system":"http://terminology.hl7.org/CodeSystem/v3-ObservationInterpretation","code":"POS","display":"Positive"}],"text":"Present"}],"extension":[]}
{"resourceType":"Observation","id":"AnVIL-CMG-Broad-Muscle-Bonnemann-WES-Su-BON-B17-26-3-OMIM-255320","meta":{"profile":["http://fhir.ncpi-project-forge.io/StructureDefinition/ncpi-phenotype"]},"identifier":[{"system":"urn:ncpi:unique-string","value":"AnVIL-CMG-Broad-Muscle-Bonnemann-WES-Su-BON-B17-26-3-OMIM-255320"}],"status":"final","code":{"coding":[{"system":"http://purl.obolibrary.org/obo/omim.owl","code":"OMIM:255320","display":"MINICORE MYOPATHY WITH EXTERNAL OPHTHALMOPLEGIA"}],"text":"MINICORE MYOPATHY WITH EXTERNAL OPHTHALMOPLEGIA"},"subject":{"reference":"Patient/P.AnVIL-CMG-Broad-Muscle-Bonnemann-WES-Su-BON-B17-26-3"},"valueCodeableConcept":{"coding":[{"system":"http://snomed.info/sct","code":"373573001","display":"Clinical finding present (situation)"}],"text":"Phenotype Present"},"interpretation":[{"coding":[{"system":"http://terminology.hl7.org/CodeSystem/v3-ObservationInterpretation","code":"POS","display":"Positive"}],"text":"Present"}],"extension":[]}
{"resourceType":"Observation","id":"VIL-CMG-Broad-Muscle-Bonnemann-WES-Su-BON-B17-26-4-1-OMIM-255320","meta":{"profile":["http://fhir.ncpi-project-forge.io/StructureDefinition/ncpi-phenotype"]},"identifier":[{"system":"urn:ncpi:unique-string","value":"VIL-CMG-Broad-Muscle-Bonnemann-WES-Su-BON-B17-26-4-1-OMIM-255320"}],"status":"final","code":{"coding":[{"system":"http://purl.obolibrary.org/obo/omim.owl","code":"OMIM:255320","display":"MINICORE MYOPATHY WITH EXTERNAL OPHTHALMOPLEGIA"}],"text":"MINICORE MYOPATHY WITH EXTERNAL OPHTHALMOPLEGIA"},"subject":{"reference":"Patient/P.AnVIL-CMG-Broad-Muscle-Bonnemann-WES-Su-BON-B17-26-4-1"},"valueCodeableConcept":{"coding":[{"system":"http://snomed.info/sct","code":"373573001","display":"Clinical finding present (situation)"}],"text":"Phenotype Present"},"interpretation":[{"coding":[{"system":"http://terminology.hl7.org/CodeSystem/v3-ObservationInterpretation","code":"POS","display":"Positive"}],"text":"Present"}],"extension":[]}
{"resourceType":"Observation","id":"VIL-CMG-Broad-Muscle-Bonnemann-WES-Su-BON-B17-56-1-1-OMIM-617675","meta":{"profile":["http://fhir.ncpi-project-forge.io/StructureDefinition/ncpi-phenotype"]},"identifier":[{"system":"urn:ncpi:unique-string","value":"VIL-CMG-Broad-Muscle-Bonnemann-WES-Su-BON-B17-56-1-1-OMIM-617675"}],"status":"final","code":{"coding":[{"system":"http://purl.obolibrary.org/obo/omim.owl","code":"OMIM:617675","display":"MYOPATHY, MITOCHONDRIAL, AND ATAXIA; MMYAT"}],"text":"MYOPATHY, MITOCHONDRIAL, AND ATAXIA; MMYAT"},"subject":{"reference":"Patient/P.AnVIL-CMG-Broad-Muscle-Bonnemann-WES-Su-BON-B17-56-1-1"},"valueCodeableConcept":{"coding":[{"system":"http://snomed.info/sct","code":"373573001","display":"Clinical finding present (situation)"}],"text":"Phenotype Present"},"interpretation":[{"coding":[{"system":"http://terminology.hl7.org/CodeSystem/v3-ObservationInterpretation","code":"POS","display":"Positive"}],"text":"Present"}],"extension":[]}
{"resourceType":"Observation","id":"VIL-CMG-Broad-Muscle-Bonnemann-WES-Su-BON-B17-56-2-1-OMIM-617675","meta":{"profile":["http://fhir.ncpi-project-forge.io/StructureDefinition/ncpi-phenotype"]},"identifier":[{"system":"urn:ncpi:unique-string","value":"VIL-CMG-Broad-Muscle-Bonnemann-WES-Su-BON-B17-56-2-1-OMIM-617675"}],"status":"final","code":{"coding":[{"system":"http://purl.obolibrary.org/obo/omim.owl","code":"OMIM:617675","display":"MYOPATHY, MITOCHONDRIAL, AND ATAXIA; MMYAT"}],"text":"MYOPATHY, MITOCHONDRIAL, AND ATAXIA; MMYAT"},"subject":{"reference":"Patient/P.AnVIL-CMG-Broad-Muscle-Bonnemann-WES-Su-BON-B17-56-2-1"},"valueCodeableConcept":{"coding":[{"system":"http://snomed.info/sct","code":"373573001","display":"Clinical finding present (situation)"}],"text":"Phenotype Present"},"interpretation":[{"coding":[{"system":"http://terminology.hl7.org/CodeSystem/v3-ObservationInterpretation","code":"POS","display":"Positive"}],"text":"Present"}],"extension":[]}
{"resourceType":"Observation","id":"VIL-CMG-Broad-Muscle-Bonnemann-WES-Su-BON-B17-56-3-1-OMIM-617675","meta":{"profile":["http://fhir.ncpi-project-forge.io/StructureDefinition/ncpi-phenotype"]},"identifier":[{"system":"urn:ncpi:unique-string","value":"VIL-CMG-Broad-Muscle-Bonnemann-WES-Su-BON-B17-56-3-1-OMIM-617675"}],"status":"final","code":{"coding":[{"system":"http://purl.obolibrary.org/obo/omim.owl","code":"OMIM:617675","display":"MYOPATHY, MITOCHONDRIAL, AND ATAXIA; MMYAT"}],"text":"MYOPATHY, MITOCHONDRIAL, AND ATAXIA; MMYAT"},"subject":{"reference":"Patient/P.AnVIL-CMG-Broad-Muscle-Bonnemann-WES-Su-BON-B17-56-3-1"},"valueCodeableConcept":{"coding":[{"system":"http://snomed.info/sct","code":"373573001","display":"Clinical finding present (situation)"}],"text":"Phenotype Present"},"interpretation":[{"coding":[{"system":"http://terminology.hl7.org/CodeSystem/v3-ObservationInterpretation","code":"POS","display":"Positive"}],"text":"Present"}],"extension":[]}
{"resourceType":"Observation","id":"VIL-CMG-Broad-Muscle-Bonnemann-WES-Su-BON-B17-65-1-1-OMIM-210000","meta":{"profile":["http://fhir.ncpi-project-forge.io/StructureDefinition/ncpi-phenotype"]},"identifier":[{"system":"urn:ncpi:unique-string","value":"VIL-CMG-Broad-Muscle-Bonnemann-WES-Su-BON-B17-65-1-1-OMIM-210000"}],"status":"final","code":{"coding":[{"system":"http://purl.obolibrary.org/obo/omim.owl","code":"OMIM:210000","display":"BEHR SYNDROME; BEHRS"}],"text":"BEHR SYNDROME; BEHRS"},"subject":{"reference":"Patient/P.AnVIL-CMG-Broad-Muscle-Bonnemann-WES-Su-BON-B17-65-1-1"},"valueCodeableConcept":{"coding":[{"system":"http://snomed.info/sct","code":"373573001","display":"Clinical finding present (situation)"}],"text":"Phenotype Present"},"interpretation":[{"coding":[{"system":"http://terminology.hl7.org/CodeSystem/v3-ObservationInterpretation","code":"POS","display":"Positive"}],"text":"Present"}],"extension":[]}
{"resourceType":"Observation","id":"VIL-CMG-Broad-Muscle-Bonnemann-WES-Su-BON-B17-65-2-1-OMIM-210000","meta":{"profile":["http://fhir.ncpi-project-forge.io/StructureDefinition/ncpi-phenotype"]},"identifier":[{"system":"urn:ncpi:unique-string","value":"VIL-CMG-Broad-Muscle-Bonnemann-WES-Su-BON-B17-65-2-1-OMIM-210000"}],"status":"final","code":{"coding":[{"system":"http://purl.obolibrary.org/obo/omim.owl","code":"OMIM:210000","display":"BEHR SYNDROME; BEHRS"}],"text":"BEHR SYNDROME; BEHRS"},"subject":{"reference":"Patient/P.AnVIL-CMG-Broad-Muscle-Bonnemann-WES-Su-BON-B17-65-2-1"},"valueCodeableConcept":{"coding":[{"system":"http://snomed.info/sct","code":"373573001","display":"Clinical finding present (situation)"}],"text":"Phenotype Present"},"interpretation":[{"coding":[{"system":"http://terminology.hl7.org/CodeSystem/v3-ObservationInterpretation","code":"POS","display":"Positive"}],"text":"Present"}],"extension":[]}
{"resourceType":"Observation","id":"VIL-CMG-Broad-Muscle-Bonnemann-WES-Su-BON-B17-65-3-1-OMIM-210000","meta":{"profile":["http://fhir.ncpi-project-forge.io/StructureDefinition/ncpi-phenotype"]},"identifier":[{"system":"urn:ncpi:unique-string","value":"VIL-CMG-Broad-Muscle-Bonnemann-WES-Su-BON-B17-65-3-1-OMIM-210000"}],"status":"final","code":{"coding":[{"system":"http://purl.obolibrary.org/obo/omim.owl","code":"OMIM:210000","display":"BEHR SYNDROME; BEHRS"}],"text":"BEHR SYNDROME; BEHRS"},"subject":{"reference":"Patient/P.AnVIL-CMG-Broad-Muscle-Bonnemann-WES-Su-BON-B17-65-3-1"},"valueCodeableConcept":{"coding":[{"system":"http://snomed.info/sct","code":"373573001","display":"Clinical finding present (situation)"}],"text":"Phenotype Present"},"interpretation":[{"coding":[{"system":"http://terminology.hl7.org/CodeSystem/v3-ObservationInterpretation","code":"POS","display":"Positive"}],"text":"Present"}],"extension":[]}
{"resourceType":"Observation","id":"AnVIL-CMG-Broad-Muscle-Bonnemann-WES-Su-BON-B17-68-1-OMIM-617146","meta":{"profile":["http://fhir.ncpi-project-forge.io/StructureDefinition/ncpi-phenotype"]},"identifier":[{"system":"urn:ncpi:unique-string","value":"AnVIL-CMG-Broad-Muscle-Bonnemann-WES-Su-BON-B17-68-1-OMIM-617146"}],"status":"final","code":{"coding":[{"system":"http://purl.obolibrary.org/obo/omim.owl","code":"OMIM:617146","display":"ARTHROGRYPOSIS, DISTAL, WITH IMPAIRED PROPRIOCEPTION AND TOUCH; DAIPT"}],"text":"ARTHROGRYPOSIS, DISTAL, WITH IMPAIRED PROPRIOCEPTION AND TOUCH; DAIPT"},"subject":{"reference":"Patient/P.AnVIL-CMG-Broad-Muscle-Bonnemann-WES-Su-BON-B17-68-1"},"valueCodeableConcept":{"coding":[{"system":"http://snomed.info/sct","code":"373573001","display":"Clinical finding present (situation)"}],"text":"Phenotype Present"},"interpretation":[{"coding":[{"system":"http://terminology.hl7.org/CodeSystem/v3-ObservationInterpretation","code":"POS","display":"Positive"}],"text":"Present"}],"extension":[]}
{"resourceType":"Observation","id":"VIL-CMG-Broad-Muscle-Bonnemann-WES-Su-BON-B17-79-1-1-OMIM-608807","meta":{"profile":["http://fhir.ncpi-project-forge.io/StructureDefinition/ncpi-phenotype"]},"identifier":[{"system":"urn:ncpi:unique-string","value":"VIL-CMG-Broad-Muscle-Bonnemann-WES-Su-BON-B17-79-1-1-OMIM-608807"}],"status":"final","code":{"coding":[{"system":"http://purl.obolibrary.org/obo/omim.owl","code":"OMIM:608807","display":"MUSCULAR DYSTROPHY, LIMB-GIRDLE, AUTOSOMAL RECESSIVE 10; LGMDR10"}],"text":"MUSCULAR DYSTROPHY, LIMB-GIRDLE, AUTOSOMAL RECESSIVE 10; LGMDR10"},"subject":{"reference":"Patient/P.AnVIL-CMG-Broad-Muscle-Bonnemann-WES-Su-BON-B17-79-1-1"},"valueCodeableConcept":{"coding":[{"system":"http://snomed.info/sct","code":"373573001","display":"Clinical finding present (situation)"}],"text":"Phenotype Present"},"interpretation":[{"coding":[{"system":"http://terminology.hl7.org/CodeSystem/v3-ObservationInterpretation","code":"POS","display":"Positive"}],"text":"Present"}],"extension":[]}
{"resourceType":"Observation","id":"VIL-CMG-Broad-Muscle-Bonnemann-WES-Su-BON-B17-79-2-1-OMIM-608807","meta":{"profile":["http://fhir.ncpi-project-forge.io/StructureDefinition/ncpi-phenotype"]},"identifier":[{"system":"urn:ncpi:unique-string","value":"VIL-CMG-Broad-Muscle-Bonnemann-WES-Su-BON-B17-79-2-1-OMIM-608807"}],"status":"final","code":{"coding":[{"system":"http://purl.obolibrary.org/obo/omim.owl","code":"OMIM:608807","display":"MUSCULAR DYSTROPHY, LIMB-GIRDLE, AUTOSOMAL RECESSIVE 10; LGMDR10"}],"text":"MUSCULAR DYSTROPHY, LIMB-GIRDLE, AUTOSOMAL RECESSIVE 10; LGMDR10"},"subject":{"reference":"Patient/P.AnVIL-CMG-Broad-Muscle-Bonnemann-WES-Su-BON-B17-79-2-1"},"valueCodeableConcept":{"coding":[{"system":"http://snomed.info/sct","code":"373573001","display":"Clinical finding present (situation)"}],"text":"Phenotype Present"},"interpretation":[{"coding":[{"system":"http://terminology.hl7.org/CodeSystem/v3-ObservationInterpretation","code":"POS","display":"Positive"}],"text":"Present"}],"extension":[]}
{"resourceType":"Observation","id":"VIL-CMG-Broad-Muscle-Bonnemann-WES-Su-BON-B17-79-3-1-OMIM-608807","meta":{"profile":["http://fhir.ncpi-project-forge.io/StructureDefinition/ncpi-phenotype"]},"identifier":[{"system":"urn:ncpi:unique-string","value":"VIL-CMG-Broad-Muscle-Bonnemann-WES-Su-BON-B17-79-3-1-OMIM-608807"}],"status":"final","code":{"coding":[{"system":"http://purl.obolibrary.org/obo/omim.owl","code":"OMIM:608807","display":"MUSCULAR DYSTROPHY, LIMB-GIRDLE, AUTOSOMAL RECESSIVE 10; LGMDR10"}],"text":"MUSCULAR DYSTROPHY, LIMB-GIRDLE, AUTOSOMAL RECESSIVE 10; LGMDR10"},"subject":{"reference":"Patient/P.AnVIL-CMG-Broad-Muscle-Bonnemann-WES-Su-BON-B17-79-3-1"},"valueCodeableConcept":{"coding":[{"system":"http://snomed.info/sct","code":"373573001","display":"Clinical finding present (situation)"}],"text":"Phenotype Present"},"interpretation":[{"coding":[{"system":"http://terminology.hl7.org/CodeSystem/v3-ObservationInterpretation","code":"POS","display":"Positive"}],"text":"Present"}],"extension":[]}
{"resourceType":"Observation","id":"VIL-CMG-Broad-Muscle-Bonnemann-WES-Su-BON-B18-07-1-1-OMIM-610217","meta":{"profile":["http://fhir.ncpi-project-forge.io/StructureDefinition/ncpi-phenotype"]},"identifier":[{"system":"urn:ncpi:unique-string","value":"VIL-CMG-Broad-Muscle-Bonnemann-WES-Su-BON-B18-07-1-1-OMIM-610217"}],"status":"final","code":{"coding":[{"system":"http://purl.obolibrary.org/obo/omim.owl","code":"OMIM:610217","display":"NEURODEGENERATION WITH BRAIN IRON ACCUMULATION 2B; NBIA2B"}],"text":"NEURODEGENERATION WITH BRAIN IRON ACCUMULATION 2B; NBIA2B"},"subject":{"reference":"Patient/P.AnVIL-CMG-Broad-Muscle-Bonnemann-WES-Su-BON-B18-07-1-1"},"valueCodeableConcept":{"coding":[{"system":"http://snomed.info/sct","code":"373573001","display":"Clinical finding present (situation)"}],"text":"Phenotype Present"},"interpretation":[{"coding":[{"system":"http://terminology.hl7.org/CodeSystem/v3-ObservationInterpretation","code":"POS","display":"Positive"}],"text":"Present"}],"extension":[]}
{"resourceType":"Observation","id":"VIL-CMG-Broad-Muscle-Bonnemann-WES-Su-BON-B18-07-2-1-OMIM-610217","meta":{"profile":["http://fhir.ncpi-project-forge.io/StructureDefinition/ncpi-phenotype"]},"identifier":[{"system":"urn:ncpi:unique-string","value":"VIL-CMG-Broad-Muscle-Bonnemann-WES-Su-BON-B18-07-2-1-OMIM-610217"}],"status":"final","code":{"coding":[{"system":"http://purl.obolibrary.org/obo/omim.owl","code":"OMIM:610217","display":"NEURODEGENERATION WITH BRAIN IRON ACCUMULATION 2B; NBIA2B"}],"text":"NEURODEGENERATION WITH BRAIN IRON ACCUMULATION 2B; NBIA2B"},"subject":{"reference":"Patient/P.AnVIL-CMG-Broad-Muscle-Bonnemann-WES-Su-BON-B18-07-2-1"},"valueCodeableConcept":{"coding":[{"system":"http://snomed.info/sct","code":"373573001","display":"Clinical finding present (situation)"}],"text":"Phenotype Present"},"interpretation":[{"coding":[{"system":"http://terminology.hl7.org/CodeSystem/v3-ObservationInterpretation","code":"POS","display":"Positive"}],"text":"Present"}],"extension":[]}
{"resourceType":"Observation","id":"VIL-CMG-Broad-Muscle-Bonnemann-WES-Su-BON-B18-07-3-1-OMIM-610217","meta":{"profile":["http://fhir.ncpi-project-forge.io/StructureDefinition/ncpi-phenotype"]},"identifier":[{"system":"urn:ncpi:unique-string","value":"VIL-CMG-Broad-Muscle-Bonnemann-WES-Su-BON-B18-07-3-1-OMIM-610217"}],"status":"final","code":{"coding":[{"system":"http://purl.obolibrary.org/obo/omim.owl","code":"OMIM:610217","display":"NEURODEGENERATION WITH BRAIN IRON ACCUMULATION 2B; NBIA2B"}],"text":"NEURODEGENERATION WITH BRAIN IRON ACCUMULATION 2B; NBIA2B"},"subject":{"reference":"Patient/P.AnVIL-CMG-Broad-Muscle-Bonnemann-WES-Su-BON-B18-07-3-1"},"valueCodeableConcept":{"coding":[{"system":"http://snomed.info/sct","code":"373573001","display":"Clinical finding present (situation)"}],"text":"Phenotype Present"},"interpretation":[{"coding":[{"system":"http://terminology.hl7.org/CodeSystem/v3-ObservationInterpretation","code":"POS","display":"Positive"}],"text":"Present"}],"extension":[]}
{"resourceType":"Observation","id":"VIL-CMG-Broad-Muscle-Bonnemann-WES-Su-BON-B18-11-1-1-OMIM-617137","meta":{"profile":["http://fhir.ncpi-project-forge.io/StructureDefinition/ncpi-phenotype"]},"identifier":[{"system":"urn:ncpi:unique-string","value":"VIL-CMG-Broad-Muscle-Bonnemann-WES-Su-BON-B18-11-1-1-OMIM-617137"}],"status":"final","code":{"coding":[{"system":"http://purl.obolibrary.org/obo/omim.owl","code":"OMIM:617137","display":"FRONTOMETAPHYSEAL DYSPLASIA 2; FMD2"}],"text":"FRONTOMETAPHYSEAL DYSPLASIA 2; FMD2"},"subject":{"reference":"Patient/P.AnVIL-CMG-Broad-Muscle-Bonnemann-WES-Su-BON-B18-11-1-1"},"valueCodeableConcept":{"coding":[{"system":"http://snomed.info/sct","code":"373573001","display":"Clinical finding present (situation)"}],"text":"Phenotype Present"},"interpretation":[{"coding":[{"system":"http://terminology.hl7.org/CodeSystem/v3-ObservationInterpretation","code":"POS","display":"Positive"}],"text":"Present"}],"extension":[]}
{"resourceType":"Observation","id":"VIL-CMG-Broad-Muscle-Bonnemann-WES-Su-BON-B18-11-2-1-OMIM-617137","meta":{"profile":["http://fhir.ncpi-project-forge.io/StructureDefinition/ncpi-phenotype"]},"identifier":[{"system":"urn:ncpi:unique-string","value":"VIL-CMG-Broad-Muscle-Bonnemann-WES-Su-BON-B18-11-2-1-OMIM-617137"}],"status":"final","code":{"coding":[{"system":"http://purl.obolibrary.org/obo/omim.owl","code":"OMIM:617137","display":"FRONTOMETAPHYSEAL DYSPLASIA 2; FMD2"}],"text":"FRONTOMETAPHYSEAL DYSPLASIA 2; FMD2"},"subject":{"reference":"Patient/P.AnVIL-CMG-Broad-Muscle-Bonnemann-WES-Su-BON-B18-11-2-1"},"valueCodeableConcept":{"coding":[{"system":"http://snomed.info/sct","code":"373573001","display":"Clinical finding present (situation)"}],"text":"Phenotype Present"},"interpretation":[{"coding":[{"system":"http://terminology.hl7.org/CodeSystem/v3-ObservationInterpretation","code":"POS","display":"Positive"}],"text":"Present"}],"extension":[]}
{"resourceType":"Observation","id":"VIL-CMG-Broad-Muscle-Bonnemann-WES-Su-BON-B18-11-3-1-OMIM-617137","meta":{"profile":["http://fhir.ncpi-project-forge.io/StructureDefinition/ncpi-phenotype"]},"identifier":[{"system":"urn:ncpi:unique-string","value":"VIL-CMG-Broad-Muscle-Bonnemann-WES-Su-BON-B18-11-3-1-OMIM-617137"}],"status":"final","code":{"coding":[{"system":"http://purl.obolibrary.org/obo/omim.owl","code":"OMIM:617137","display":"FRONTOMETAPHYSEAL DYSPLASIA 2; FMD2"}],"text":"FRONTOMETAPHYSEAL DYSPLASIA 2; FMD2"},"subject":{"reference":"Patient/P.AnVIL-CMG-Broad-Muscle-Bonnemann-WES-Su-BON-B18-11-3-1"},"valueCodeableConcept":{"coding":[{"system":"http://snomed.info/sct","code":"373573001","display":"Clinical finding present (situation)"}],"text":"Phenotype Present"},"interpretation":[{"coding":[{"system":"http://terminology.hl7.org/CodeSystem/v3-ObservationInterpretation","code":"POS","display":"Positive"}],"text":"Present"}],"extension":[]}
{"resourceType":"Observation","id":"VIL-CMG-Broad-Muscle-Bonnemann-WES-Su-BON-B18-48-1-1-OMIM-614932","meta":{"profile":["http://fhir.ncpi-project-forge.io/StructureDefinition/ncpi-phenotype"]},"identifier":[{"system":"urn:ncpi:unique-string","value":"VIL-CMG-Broad-Muscle-Bonnemann-WES-Su-BON-B18-48-1-1-OMIM-614932"}],"status":"final","code":{"coding":[{"system":"http://purl.obolibrary.org/obo/omim.owl","code":"OMIM:614932","display":"COMBINED OXIDATIVE PHOSPHORYLATION DEFICIENCY 13; COXPD13"}],"text":"COMBINED OXIDATIVE PHOSPHORYLATION DEFICIENCY 13; COXPD13"},"subject":{"reference":"Patient/P.AnVIL-CMG-Broad-Muscle-Bonnemann-WES-Su-BON-B18-48-1-1"},"valueCodeableConcept":{"coding":[{"system":"http://snomed.info/sct","code":"373573001","display":"Clinical finding present (situation)"}],"text":"Phenotype Present"},"interpretation":[{"coding":[{"system":"http://terminology.hl7.org/CodeSystem/v3-ObservationInterpretation","code":"POS","display":"Positive"}],"text":"Present"}],"extension":[]}
{"resourceType":"Observation","id":"VIL-CMG-Broad-Muscle-Bonnemann-WES-Su-BON-B18-50-1-1-OMIM-255310","meta":{"profile":["http://fhir.ncpi-project-forge.io/StructureDefinition/ncpi-phenotype"]},"identifier":[{"system":"urn:ncpi:unique-string","value":"VIL-CMG-Broad-Muscle-Bonnemann-WES-Su-BON-B18-50-1-1-OMIM-255310"}],"status":"final","code":{"coding":[{"system":"http://purl.obolibrary.org/obo/omim.owl","code":"OMIM:255310","display":"MYOPATHY, CONGENITAL, WITH FIBER-TYPE DISPROPORTION; CFTD"}],"text":"MYOPATHY, CONGENITAL, WITH FIBER-TYPE DISPROPORTION; CFTD"},"subject":{"reference":"Patient/P.AnVIL-CMG-Broad-Muscle-Bonnemann-WES-Su-BON-B18-50-1-1"},"valueCodeableConcept":{"coding":[{"system":"http://snomed.info/sct","code":"373573001","display":"Clinical finding present (situation)"}],"text":"Phenotype Present"},"interpretation":[{"coding":[{"system":"http://terminology.hl7.org/CodeSystem/v3-ObservationInterpretation","code":"POS","display":"Positive"}],"text":"Present"}],"extension":[]}
{"resourceType":"Observation","id":"VIL-CMG-Broad-Muscle-Bonnemann-WES-Su-BON-B18-50-2-1-OMIM-255310","meta":{"profile":["http://fhir.ncpi-project-forge.io/StructureDefinition/ncpi-phenotype"]},"identifier":[{"system":"urn:ncpi:unique-string","value":"VIL-CMG-Broad-Muscle-Bonnemann-WES-Su-BON-B18-50-2-1-OMIM-255310"}],"status":"final","code":{"coding":[{"system":"http://purl.obolibrary.org/obo/omim.owl","code":"OMIM:255310","display":"MYOPATHY, CONGENITAL, WITH FIBER-TYPE DISPROPORTION; CFTD"}],"text":"MYOPATHY, CONGENITAL, WITH FIBER-TYPE DISPROPORTION; CFTD"},"subject":{"reference":"Patient/P.AnVIL-CMG-Broad-Muscle-Bonnemann-WES-Su-BON-B18-50-2-1"},"valueCodeableConcept":{"coding":[{"system":"http://snomed.info/sct","code":"373573001","display":"Clinical finding present (situation)"}],"text":"Phenotype Present"},"interpretation":[{"coding":[{"system":"http://terminology.hl7.org/CodeSystem/v3-ObservationInterpretation","code":"POS","display":"Positive"}],"text":"Present"}],"extension":[]}
{"resourceType":"Observation","id":"VIL-CMG-Broad-Muscle-Bonnemann-WES-Su-BON-B18-50-3-1-OMIM-255310","meta":{"profile":["http://fhir.ncpi-project-forge.io/StructureDefinition/ncpi-phenotype"]},"identifier":[{"system":"urn:ncpi:unique-string","value":"VIL-CMG-Broad-Muscle-Bonnemann-WES-Su-BON-B18-50-3-1-OMIM-255310"}],"status":"final","code":{"coding":[{"system":"http://purl.obolibrary.org/obo/omim.owl","code":"OMIM:255310","display":"MYOPATHY, CONGENITAL, WITH FIBER-TYPE DISPROPORTION; CFTD"}],"text":"MYOPATHY, CONGENITAL, WITH FIBER-TYPE DISPROPORTION; CFTD"},"subject":{"reference":"Patient/P.AnVIL-CMG-Broad-Muscle-Bonnemann-WES-Su-BON-B18-50-3-1"},"valueCodeableConcept":{"coding":[{"system":"http://snomed.info/sct","code":"373573001","display":"Clinical finding present (situation)"}],"text":"Phenotype Present"},"interpretation":[{"coding":[{"system":"http://terminology.hl7.org/CodeSystem/v3-ObservationInterpretation","code":"POS","display":"Positive"}],"text":"Present"}],"extension":[]}
{"resourceType":"Observation","id":"VIL-CMG-Broad-Muscle-Bonnemann-WES-Su-BON-B18-73-1-1-OMIM-609260","meta":{"profile":["http://fhir.ncpi-project-forge.io/StructureDefinition/ncpi-phenotype"]},"identifier":[{"system":"urn:ncpi:unique-string","value":"VIL-CMG-Broad-Muscle-Bonnemann-WES-Su-BON-B18-73-1-1-OMIM-609260"}],"status":"final","code":{"coding":[{"system":"http://purl.obolibrary.org/obo/omim.owl","code":"OMIM:609260","display":"CHARCOT-MARIE-TOOTH DISEASE, AXONAL, AUTOSOMAL DOMINANT, TYPE 2A2A; CMT2A2A"}],"text":"CHARCOT-MARIE-TOOTH DISEASE, AXONAL, AUTOSOMAL DOMINANT, TYPE 2A2A; CMT2A2A"},"subject":{"reference":"Patient/P.AnVIL-CMG-Broad-Muscle-Bonnemann-WES-Su-BON-B18-73-1-1"},"valueCodeableConcept":{"coding":[{"system":"http://snomed.info/sct","code":"373573001","display":"Clinical finding present (situation)"}],"text":"Phenotype Present"},"interpretation":[{"coding":[{"system":"http://terminology.hl7.org/CodeSystem/v3-ObservationInterpretation","code":"POS","display":"Positive"}],"text":"Present"}],"extension":[]}
{"resourceType":"Observation","id":"VIL-CMG-Broad-Muscle-Bonnemann-WES-Su-BON-B18-73-2-1-OMIM-609260","meta":{"profile":["http://fhir.ncpi-project-forge.io/StructureDefinition/ncpi-phenotype"]},"identifier":[{"system":"urn:ncpi:unique-string","value":"VIL-CMG-Broad-Muscle-Bonnemann-WES-Su-BON-B18-73-2-1-OMIM-609260"}],"status":"final","code":{"coding":[{"system":"http://purl.obolibrary.org/obo/omim.owl","code":"OMIM:609260","display":"CHARCOT-MARIE-TOOTH DISEASE, AXONAL, AUTOSOMAL DOMINANT, TYPE 2A2A; CMT2A2A"}],"text":"CHARCOT-MARIE-TOOTH DISEASE, AXONAL, AUTOSOMAL DOMINANT, TYPE 2A2A; CMT2A2A"},"subject":{"reference":"Patient/P.AnVIL-CMG-Broad-Muscle-Bonnemann-WES-Su-BON-B18-73-2-1"},"valueCodeableConcept":{"coding":[{"system":"http://snomed.info/sct","code":"373573001","display":"Clinical finding present (situation)"}],"text":"Phenotype Present"},"interpretation":[{"coding":[{"system":"http://terminology.hl7.org/CodeSystem/v3-ObservationInterpretation","code":"POS","display":"Positive"}],"text":"Present"}],"extension":[]}
{"resourceType":"Observation","id":"VIL-CMG-Broad-Muscle-Bonnemann-WES-Su-BON-B18-73-3-1-OMIM-609260","meta":{"profile":["http://fhir.ncpi-project-forge.io/StructureDefinition/ncpi-phenotype"]},"identifier":[{"system":"urn:ncpi:unique-string","value":"VIL-CMG-Broad-Muscle-Bonnemann-WES-Su-BON-B18-73-3-1-OMIM-609260"}],"status":"final","code":{"coding":[{"system":"http://purl.obolibrary.org/obo/omim.owl","code":"OMIM:609260","display":"CHARCOT-MARIE-TOOTH DISEASE, AXONAL, AUTOSOMAL DOMINANT, TYPE 2A2A; CMT2A2A"}],"text":"CHARCOT-MARIE-TOOTH DISEASE, AXONAL, AUTOSOMAL DOMINANT, TYPE 2A2A; CMT2A2A"},"subject":{"reference":"Patient/P.AnVIL-CMG-Broad-Muscle-Bonnemann-WES-Su-BON-B18-73-3-1"},"valueCodeableConcept":{"coding":[{"system":"http://snomed.info/sct","code":"373573001","display":"Clinical finding present (situation)"}],"text":"Phenotype Present"},"interpretation":[{"coding":[{"system":"http://terminology.hl7.org/CodeSystem/v3-ObservationInterpretation","code":"POS","display":"Positive"}],"text":"Present"}],"extension":[]}
{"resourceType":"Observation","id":"IL-CMG-Broad-Muscle-Bonnemann-WES-Su-BON-B18-39-1-D1-OMIM-255320","meta":{"profile":["http://fhir.ncpi-project-forge.io/StructureDefinition/ncpi-phenotype"]},"identifier":[{"system":"urn:ncpi:unique-string","value":"IL-CMG-Broad-Muscle-Bonnemann-WES-Su-BON-B18-39-1-D1-OMIM-255320"}],"status":"final","code":{"coding":[{"system":"http://purl.obolibrary.org/obo/omim.owl","code":"OMIM:255320","display":"MINICORE MYOPATHY WITH EXTERNAL OPHTHALMOPLEGIA"}],"text":"MINICORE MYOPATHY WITH EXTERNAL OPHTHALMOPLEGIA"},"subject":{"reference":"Patient/P.AnVIL-CMG-Broad-Muscle-Bonnemann-WES-Su-BON-B18-39-1-D1"},"valueCodeableConcept":{"coding":[{"system":"http://snomed.info/sct","code":"373573001","display":"Clinical finding present (situation)"}],"text":"Phenotype Present"},"interpretation":[{"coding":[{"system":"http://terminology.hl7.org/CodeSystem/v3-ObservationInterpretation","code":"POS","display":"Positive"}],"text":"Present"}],"extension":[]}
{"resourceType":"Observation","id":"IL-CMG-Broad-Muscle-Bonnemann-WES-Su-BON-B18-39-2-D1-OMIM-255320","meta":{"profile":["http://fhir.ncpi-project-forge.io/StructureDefinition/ncpi-phenotype"]},"identifier":[{"system":"urn:ncpi:unique-string","value":"IL-CMG-Broad-Muscle-Bonnemann-WES-Su-BON-B18-39-2-D1-OMIM-255320"}],"status":"final","code":{"coding":[{"system":"http://purl.obolibrary.org/obo/omim.owl","code":"OMIM:255320","display":"MINICORE MYOPATHY WITH EXTERNAL OPHTHALMOPLEGIA"}],"text":"MINICORE MYOPATHY WITH EXTERNAL OPHTHALMOPLEGIA"},"subject":{"reference":"Patient/P.AnVIL-CMG-Broad-Muscle-Bonnemann-WES-Su-BON-B18-39-2-D1"},"valueCodeableConcept":{"coding":[{"system":"http://snomed.info/sct","code":"373573001","display":"Clinical finding present (situation)"}],"text":"Phenotype Present"},"interpretation":[{"coding":[{"system":"http://terminology.hl7.org/CodeSystem/v3-ObservationInterpretation","code":"POS","display":"Positive"}],"text":"Present"}],"extension":[]}
{"resourceType":"Observation","id":"nVIL-CMG-Broad-Muscle-Bonnemann-WES-Su-BON-UC499-1-1-OMIM-617675","meta":{"profile":["http://fhir.ncpi-project-forge.io/StructureDefinition/ncpi-phenotype"]},"identifier":[{"system":"urn:ncpi:unique-string","value":"nVIL-CMG-Broad-Muscle-Bonnemann-WES-Su-BON-UC499-1-1-OMIM-617675"}],"status":"final","code":{"coding":[{"system":"http://purl.obolibrary.org/obo/omim.owl","code":"OMIM:617675","display":"MYOPATHY, MITOCHONDRIAL, AND ATAXIA; MMYAT"}],"text":"MYOPATHY, MITOCHONDRIAL, AND ATAXIA; MMYAT"},"subject":{"reference":"Patient/P.AnVIL-CMG-Broad-Muscle-Bonnemann-WES-Su-BON-UC499-1-1"},"valueCodeableConcept":{"coding":[{"system":"http://snomed.info/sct","code":"373573001","display":"Clinical finding present (situation)"}],"text":"Phenotype Present"},"interpretation":[{"coding":[{"system":"http://terminology.hl7.org/CodeSystem/v3-ObservationInterpretation","code":"POS","display":"Positive"}],"text":"Present"}],"extension":[]}
{"resourceType":"Observation","id":"nVIL-CMG-Broad-Muscle-Bonnemann-WES-Su-BON-UC499-3-1-OMIM-617675","meta":{"profile":["http://fhir.ncpi-project-forge.io/StructureDefinition/ncpi-phenotype"]},"identifier":[{"system":"urn:ncpi:unique-string","value":"nVIL-CMG-Broad-Muscle-Bonnemann-WES-Su-BON-UC499-3-1-OMIM-617675"}],"status":"final","code":{"coding":[{"system":"http://purl.obolibrary.org/obo/omim.owl","code":"OMIM:617675","display":"MYOPATHY, MITOCHONDRIAL, AND ATAXIA; MMYAT"}],"text":"MYOPATHY, MITOCHONDRIAL, AND ATAXIA; MMYAT"},"subject":{"reference":"Patient/P.AnVIL-CMG-Broad-Muscle-Bonnemann-WES-Su-BON-UC499-3-1"},"valueCodeableConcept":{"coding":[{"system":"http://snomed.info/sct","code":"373573001","display":"Clinical finding present (situation)"}],"text":"Phenotype Present"},"interpretation":[{"coding":[{"system":"http://terminology.hl7.org/CodeSystem/v3-ObservationInterpretation","code":"POS","display":"Positive"}],"text":"Present"}],"extension":[]}
{"resourceType":"Observation","id":"nVIL-CMG-Broad-Muscle-Bonnemann-WES-Su-BON-UC499-4-1-OMIM-617675","meta":{"profile":["http://fhir.ncpi-project-forge.io/StructureDefinition/ncpi-phenotype"]},"identifier":[{"system":"urn:ncpi:unique-string","value":"nVIL-CMG-Broad-Muscle-Bonnemann-WES-Su-BON-UC499-4-1-OMIM-617675"}],"status":"final","code":{"coding":[{"system":"http://purl.obolibrary.org/obo/omim.owl","code":"OMIM:617675","display":"MYOPATHY, MITOCHONDRIAL, AND ATAXIA; MMYAT"}],"text":"MYOPATHY, MITOCHONDRIAL, AND ATAXIA; MMYAT"},"subject":{"reference":"Patient/P.AnVIL-CMG-Broad-Muscle-Bonnemann-WES-Su-BON-UC499-4-1"},"valueCodeableConcept":{"coding":[{"system":"http://snomed.info/sct","code":"373573001","display":"Clinical finding present (situation)"}],"text":"Phenotype Present"},"interpretation":[{"coding":[{"system":"http://terminology.hl7.org/CodeSystem/v3-ObservationInterpretation","code":"POS","display":"Positive"}],"text":"Present"}],"extension":[]}
