{"resourceType":"Task","id":"T.Broad-Muscle-Bonnemann-WES-Sa-BON-B17-44-1-1","status":"accepted","intent":"unknown","input":[{"type":{"coding":[{"code":"Specimen"}]},"valueReference":{"reference":"Specimen/Broad-Muscle-Bonnemann-WES-Sa-BON-B17-44-1-1"}}],"output":[]}
{"resourceType":"Task","id":"T.Broad-Muscle-Bonnemann-WES-Sa-BON-B17-44-2-1","status":"accepted","intent":"unknown","input":[{"type":{"coding":[{"code":"Specimen"}]},"valueReference":{"reference":"Specimen/Broad-Muscle-Bonnemann-WES-Sa-BON-B17-44-2-1"}}],"output":[]}
{"resourceType":"Task","id":"T.Broad-Muscle-Bonnemann-WES-Sa-BON-B17-44-3-1","status":"accepted","intent":"unknown","input":[{"type":{"coding":[{"code":"Specimen"}]},"valueReference":{"reference":"Specimen/Broad-Muscle-Bonnemann-WES-Sa-BON-B17-44-3-1"}}],"output":[]}
{"resourceType":"Task","id":"T.Broad-Muscle-Bonnemann-WES-Sa-BON-B04-17-1-1","status":"accepted","intent":"unknown","input":[{"type":{"coding":[{"code":"Specimen"}]},"valueReference":{"reference":"Specimen/Broad-Muscle-Bonnemann-WES-Sa-BON-B04-17-1-1"}}],"output":[]}
{"resourceType":"Task","id":"T.Broad-Muscle-Bonnemann-WES-Sa-BON-B09-8-1-1","status":"accepted","intent":"unknown","input":[{"type":{"coding":[{"code":"Specimen"}]},"valueReference":{"reference":"Specimen/Broad-Muscle-Bonnemann-WES-Sa-BON-B09-8-1-1"}}],"output":[]}
{"resourceType":"Task","id":"T.Broad-Muscle-Bonnemann-WES-Sa-BON-B09-8-2-1","status":"accepted","intent":"unknown","input":[{"type":{"coding":[{"code":"Specimen"}]},"valueReference":{"reference":"Specimen/Broad-Muscle-Bonnemann-WES-Sa-BON-B09-8-2-1"}}],"output":[]}
{"resourceType":"Task","id":"T.Broad-Muscle-Bonnemann-WES-Sa-BON-B09-8-3-1","status":"accepted","intent":"unknown","input":[{"type":{"coding":[{"code":"Specimen"}]},"valueReference":{"reference":"Specimen/Broad-Muscle-Bonnemann-WES-Sa-BON-B09-8-3-1"}}],"output":[]}
{"resourceType":"Task","id":"T.Broad-Muscle-Bonnemann-WES-Sa-BON-B09-8-4-1","status":"accepted","intent":"unknown","input":[{"type":{"coding":[{"code":"Specimen"}]},"valueReference":{"reference":"Specimen/Broad-Muscle-Bonnemann-WES-Sa-BON-B09-8-4-1"}}],"output":[]}
{"resourceType":"Task","id":"T.Broad-Muscle-Bonnemann-WES-Sa-BON-B11-16-1-D1","status":"accepted","intent":"unknown","input":[{"type":{"coding":[{"code":"Specimen"}]},"valueReference":{"reference":"Specimen/Broad-Muscle-Bonnemann-WES-Sa-BON-B11-16-1-D1"}}],"output":[]}
{"resourceType":"Task","id":"T.Broad-Muscle-Bonnemann-WES-Sa-BON-B11-16-2-D1","status":"accepted","intent":"unknown","input":[{"type":{"coding":[{"code":"Specimen"}]},"valueReference":{"reference":"Specimen/Broad-Muscle-Bonnemann-WES-Sa-BON-B11-16-2-D1"}}],"output":[]}
{"resourceType":"Task","id":"T.Broad-Muscle-Bonnemann-WES-Sa-BON-B11-16-3-D1","status":"accepted","intent":"unknown","input":[{"type":{"coding":[{"code":"Specimen"}]},"valueReference":{"reference":"Specimen/Broad-Muscle-Bonnemann-WES-Sa-BON-B11-16-3-D1"}}],"output":[]}
{"resourceType":"Task","id":"T.Broad-Muscle-Bonnemann-WES-Sa-BON-B12-101-1-1","status":"accepted","intent":"unknown","input":[{"type":{"coding":[{"code":"Specimen"}]},"valueReference":{"reference":"Specimen/Broad-Muscle-Bonnemann-WES-Sa-BON-B12-101-1-1"}}],"output":[]}
{"resourceType":"Task","id":"T.Broad-Muscle-Bonnemann-WES-Sa-BON-B12-101-3-1","status":"accepted","intent":"unknown","input":[{"type":{"coding":[{"code":"Specimen"}]},"valueReference":{"reference":"Specimen/Broad-Muscle-Bonnemann-WES-Sa-BON-B12-101-3-1"}}],"output":[]}
{"resourceType":"Task","id":"T.Broad-Muscle-Bonnemann-WES-Sa-BON-B12-101-4-1","status":"accepted","intent":"unknown","input":[{"type":{"coding":[{"code":"Specimen"}]},"valueReference":{"reference":"Specimen/Broad-Muscle-Bonnemann-WES-Sa-BON-B12-101-4-1"}}],"output":[]}
{"resourceType":"Task","id":"T.Broad-Muscle-Bonnemann-WES-Sa-BON-B12-101-5-1","status":"accepted","intent":"unknown","input":[{"type":{"coding":[{"code":"Specimen"}]},"valueReference":{"reference":"Specimen/Broad-Muscle-Bonnemann-WES-Sa-BON-B12-101-5-1"}}],"output":[]}
{"resourceType":"Task","id":"T.Broad-Muscle-Bonnemann-WES-Sa-BON-B12-36-1-1","status":"accepted","intent":"unknown","input":[{"type":{"coding":[{"code":"Specimen"}]},"valueReference":{"reference":"Specimen/Broad-Muscle-Bonnemann-WES-Sa-BON-B12-36-1-1"}}],"output":[]}
{"resourceType":"Task","id":"T.Broad-Muscle-Bonnemann-WES-Sa-BON-B12-36-2-1","status":"accepted","intent":"unknown","input":[{"type":{"coding":[{"code":"Specimen"}]},"valueReference":{"reference":"Specimen/Broad-Muscle-Bonnemann-WES-Sa-BON-B12-36-2-1"}}],"output":[]}
{"resourceType":"Task","id":"T.Broad-Muscle-Bonnemann-WES-Sa-BON-B12-36-3-1","status":"accepted","intent":"unknown","input":[{"type":{"coding":[{"code":"Specimen"}]},"valueReference":{"reference":"Specimen/Broad-Muscle-Bonnemann-WES-Sa-BON-B12-36-3-1"}}],"output":[]}
{"resourceType":"Task","id":"T.Broad-Muscle-Bonnemann-WES-Sa-BON-B12-65-1-1","status":"accepted","intent":"unknown","input":[{"type":{"coding":[{"code":"Specimen"}]},"valueReference":{"reference":"Specimen/Broad-Muscle-Bonnemann-WES-Sa-BON-B12-65-1-1"}}],"output":[]}
{"resourceType":"Task","id":"T.Broad-Muscle-Bonnemann-WES-Sa-BON-B12-65-2-1","status":"accepted","intent":"unknown","input":[{"type":{"coding":[{"code":"Specimen"}]},"valueReference":{"reference":"Specimen/Broad-Muscle-Bonnemann-WES-Sa-BON-B12-65-2-1"}}],"output":[]}
{"resourceType":"Task","id":"T.Broad-Muscle-Bonnemann-WES-Sa-BON-B12-65-3-1","status":"accepted","intent":"unknown","input":[{"type":{"coding":[{"code":"Specimen"}]},"valueReference":{"reference":"Specimen/Broad-Muscle-Bonnemann-WES-Sa-BON-B12-65-3-1"}}],"output":[]}
{"resourceType":"Task","id":"T.Broad-Muscle-Bonnemann-WES-Sa-BON-B12-71-1-1","status":"accepted","intent":"unknown","input":[{"type":{"coding":[{"code":"Specimen"}]},"valueReference":{"reference":"Specimen/Broad-Muscle-Bonnemann-WES-Sa-BON-B12-71-1-1"}}],"output":[]}
{"resourceType":"Task","id":"T.Broad-Muscle-Bonnemann-WES-Sa-BON-B12-71-2-1","status":"accepted","intent":"unknown","input":[{"type":{"coding":[{"code":"Specimen"}]},"valueReference":{"reference":"Specimen/Broad-Muscle-Bonnemann-WES-Sa-BON-B12-71-2-1"}}],"output":[]}
{"resourceType":"Task","id":"T.Broad-Muscle-Bonnemann-WES-Sa-BON-B12-71-3-1","status":"accepted","intent":"unknown","input":[{"type":{"coding":[{"code":"Specimen"}]},"valueReference":{"reference":"Specimen/Broad-Muscle-Bonnemann-WES-Sa-BON-B12-71-3-1"}}],"output":[]}
{"resourceType":"Task","id":"T.Broad-Muscle-Bonnemann-WES-Sa-BON-B12-71-4-1","status":"accepted","intent":"unknown","input":[{"type":{"coding":[{"code":"Specimen"}]},"valueReference":{"reference":"Specimen/Broad-Muscle-Bonnemann-WES-Sa-BON-B12-71-4-1"}}],"output":[]}
{"resourceType":"Task","id":"T.Broad-Muscle-Bonnemann-WES-Sa-BON-B14-17-1-1","status":"accepted","intent":"unknown","input":[{"type":{"coding":[{"code":"Specimen"}]},"valueReference":{"reference":"Specimen/Broad-Muscle-Bonnemann-WES-Sa-BON-B14-17-1-1"}}],"output":[]}
{"resourceType":"Task","id":"T.Broad-Muscle-Bonnemann-WES-Sa-BON-B14-17-2-1","status":"accepted","intent":"unknown","input":[{"type":{"coding":[{"code":"Specimen"}]},"valueReference":{"reference":"Specimen/Broad-Muscle-Bonnemann-WES-Sa-BON-B14-17-2-1"}}],"output":[]}
{"resourceType":"Task","id":"T.Broad-Muscle-Bonnemann-WES-Sa-BON-B14-17-3-1","status":"accepted","intent":"unknown","input":[{"type":{"coding":[{"code":"Specimen"}]},"valueReference":{"reference":"Specimen/Broad-Muscle-Bonnemann-WES-Sa-BON-B14-17-3-1"}}],"output":[]}
{"resourceType":"Task","id":"T.Broad-Muscle-Bonnemann-WES-Sa-BON-B14-23-1-1","status":"accepted","intent":"unknown","input":[{"type":{"coding":[{"code":"Specimen"}]},"valueReference":{"reference":"Specimen/Broad-Muscle-Bonnemann-WES-Sa-BON-B14-23-1-1"}}],"output":[]}
{"resourceType":"Task","id":"T.Broad-Muscle-Bonnemann-WES-Sa-BON-B14-23-2-1","status":"accepted","intent":"unknown","input":[{"type":{"coding":[{"code":"Specimen"}]},"valueReference":{"reference":"Specimen/Broad-Muscle-Bonnemann-WES-Sa-BON-B14-23-2-1"}}],"output":[]}
{"resourceType":"Task","id":"T.Broad-Muscle-Bonnemann-WES-Sa-BON-B14-23-3-1","status":"accepted","intent":"unknown","input":[{"type":{"coding":[{"code":"Specimen"}]},"valueReference":{"reference":"Specimen/Broad-Muscle-Bonnemann-WES-Sa-BON-B14-23-3-1"}}],"output":[]}
{"resourceType":"Task","id":"T.Broad-Muscle-Bonnemann-WES-Sa-BON-B14-23-4-1","status":"accepted","intent":"unknown","input":[{"type":{"coding":[{"code":"Specimen"}]},"valueReference":{"reference":"Specimen/Broad-Muscle-Bonnemann-WES-Sa-BON-B14-23-4-1"}}],"output":[]}
{"resourceType":"Task","id":"T.Broad-Muscle-Bonnemann-WES-Sa-BON-B14-76-1-1","status":"accepted","intent":"unknown","input":[{"type":{"coding":[{"code":"Specimen"}]},"valueReference":{"reference":"Specimen/Broad-Muscle-Bonnemann-WES-Sa-BON-B14-76-1-1"}}],"output":[]}
{"resourceType":"Task","id":"T.Broad-Muscle-Bonnemann-WES-Sa-BON-B14-76-2-1","status":"accepted","intent":"unknown","input":[{"type":{"coding":[{"code":"Specimen"}]},"valueReference":{"reference":"Specimen/Broad-Muscle-Bonnemann-WES-Sa-BON-B14-76-2-1"}}],"output":[]}
{"resourceType":"Task","id":"T.Broad-Muscle-Bonnemann-WES-Sa-BON-B14-76-3-1","status":"accepted","intent":"unknown","input":[{"type":{"coding":[{"code":"Specimen"}]},"valueReference":{"reference":"Specimen/Broad-Muscle-Bonnemann-WES-Sa-BON-B14-76-3-1"}}],"output":[]}
{"resourceType":"Task","id":"T.Broad-Muscle-Bonnemann-WES-Sa-BON-B14-01-1-1","status":"accepted","intent":"unknown","input":[{"type":{"coding":[{"code":"Specimen"}]},"valueReference":{"reference":"Specimen/Broad-Muscle-Bonnemann-WES-Sa-BON-B14-01-1-1"}}],"output":[]}
{"resourceType":"Task","id":"T.Broad-Muscle-Bonnemann-WES-Sa-BON-B14-01-2-1","status":"accepted","intent":"unknown","input":[{"type":{"coding":[{"code":"Specimen"}]},"valueReference":{"reference":"Specimen/Broad-Muscle-Bonnemann-WES-Sa-BON-B14-01-2-1"}}],"output":[]}
{"resourceType":"Task","id":"T.Broad-Muscle-Bonnemann-WES-Sa-BON-B14-01-3-1","status":"accepted","intent":"unknown","input":[{"type":{"coding":[{"code":"Specimen"}]},"valueReference":{"reference":"Specimen/Broad-Muscle-Bonnemann-WES-Sa-BON-B14-01-3-1"}}],"output":[]}
{"resourceType":"Task","id":"T.Broad-Muscle-Bonnemann-WES-Sa-BON-B15-03-1-1","status":"accepted","intent":"unknown","input":[{"type":{"coding":[{"code":"Specimen"}]},"valueReference":{"reference":"Specimen/Broad-Muscle-Bonnemann-WES-Sa-BON-B15-03-1-1"}}],"output":[]}
{"resourceType":"Task","id":"T.Broad-Muscle-Bonnemann-WES-Sa-BON-B15-03-2-1","status":"accepted","intent":"unknown","input":[{"type":{"coding":[{"code":"Specimen"}]},"valueReference":{"reference":"Specimen/Broad-Muscle-Bonnemann-WES-Sa-BON-B15-03-2-1"}}],"output":[]}
{"resourceType":"Task","id":"T.Broad-Muscle-Bonnemann-WES-Sa-BON-B15-03-3-1","status":"accepted","intent":"unknown","input":[{"type":{"coding":[{"code":"Specimen"}]},"valueReference":{"reference":"Specimen/Broad-Muscle-Bonnemann-WES-Sa-BON-B15-03-3-1"}}],"output":[]}
{"resourceType":"Task","id":"T.Broad-Muscle-Bonnemann-WES-Sa-BON-B15-130-1-D2","status":"accepted","intent":"unknown","input":[{"type":{"coding":[{"code":"Specimen"}]},"valueReference":{"reference":"Specimen/Broad-Muscle-Bonnemann-WES-Sa-BON-B15-130-1-D2"}}],"output":[]}
{"resourceType":"Task","id":"T.Broad-Muscle-Bonnemann-WES-Sa-BON-B15-130-3-D2","status":"accepted","intent":"unknown","input":[{"type":{"coding":[{"code":"Specimen"}]},"valueReference":{"reference":"Specimen/Broad-Muscle-Bonnemann-WES-Sa-BON-B15-130-3-D2"}}],"output":[]}
{"resourceType":"Task","id":"T.Broad-Muscle-Bonnemann-WES-Sa-BON-B15-130-4-1","status":"accepted","intent":"unknown","input":[{"type":{"coding":[{"code":"Specimen"}]},"valueReference":{"reference":"Specimen/Broad-Muscle-Bonnemann-WES-Sa-BON-B15-130-4-1"}}],"output":[]}
{"resourceType":"Task","id":"T.Broad-Muscle-Bonnemann-WES-Sa-BON-B15-156-1-1","status":"accepted","intent":"unknown","input":[{"type":{"coding":[{"code":"Specimen"}]},"valueReference":{"reference":"Specimen/Broad-Muscle-Bonnemann-WES-Sa-BON-B15-156-1-1"}}],"output":[]}
{"resourceType":"Task","id":"T.Broad-Muscle-Bonnemann-WES-Sa-BON-B15-156-2-1","status":"accepted","intent":"unknown","input":[{"type":{"coding":[{"code":"Specimen"}]},"valueReference":{"reference":"Specimen/Broad-Muscle-Bonnemann-WES-Sa-BON-B15-156-2-1"}}],"output":[]}
{"resourceType":"Task","id":"T.Broad-Muscle-Bonnemann-WES-Sa-BON-B15-156-3-1","status":"accepted","intent":"unknown","input":[{"type":{"coding":[{"code":"Specimen"}]},"valueReference":{"reference":"Specimen/Broad-Muscle-Bonnemann-WES-Sa-BON-B15-156-3-1"}}],"output":[]}
{"resourceType":"Task","id":"T.Broad-Muscle-Bonnemann-WES-Sa-BON-B16-104-1-1","status":"accepted","intent":"unknown","input":[{"type":{"coding":[{"code":"Specimen"}]},"valueReference":{"reference":"Specimen/Broad-Muscle-Bonnemann-WES-Sa-BON-B16-104-1-1"}}],"output":[]}
{"resourceType":"Task","id":"T.Broad-Muscle-Bonnemann-WES-Sa-BON-B16-108-1-1","status":"accepted","intent":"unknown","input":[{"type":{"coding":[{"code":"Specimen"}]},"valueReference":{"reference":"Specimen/Broad-Muscle-Bonnemann-WES-Sa-BON-B16-108-1-1"}}],"output":[]}
{"resourceType":"Task","id":"T.Broad-Muscle-Bonnemann-WES-Sa-BON-B16-108-2-1","status":"accepted","intent":"unknown","input":[{"type":{"coding":[{"code":"Specimen"}]},"valueReference":{"reference":"Specimen/Broad-Muscle-Bonnemann-WES-Sa-BON-B16-108-2-1"}}],"output":[]}
{"resourceType":"Task","id":"T.Broad-Muscle-Bonnemann-WES-Sa-BON-B16-108-7-1","status":"accepted","intent":"unknown","input":[{"type":{"coding":[{"code":"Specimen"}]},"valueReference":{"reference":"Specimen/Broad-Muscle-Bonnemann-WES-Sa-BON-B16-108-7-1"}}],"output":[]}
{"resourceType":"Task","id":"T.Broad-Muscle-Bonnemann-WES-Sa-BON-B16-115-1-1","status":"accepted","intent":"unknown","input":[{"type":{"coding":[{"code":"Specimen"}]},"valueReference":{"reference":"Specimen/Broad-Muscle-Bonnemann-WES-Sa-BON-B16-115-1-1"}}],"output":[]}
{"resourceType":"Task","id":"T.Broad-Muscle-Bonnemann-WES-Sa-BON-B16-115-2-1","status":"accepted","intent":"unknown","input":[{"type":{"coding":[{"code":"Specimen"}]},"valueReference":{"reference":"Specimen/Broad-Muscle-Bonnemann-WES-Sa-BON-B16-115-2-1"}}],"output":[]}
{"resourceType":"Task","id":"T.Broad-Muscle-Bonnemann-WES-Sa-BON-B16-115-3-1","status":"accepted","intent":"unknown","input":[{"type":{"coding":[{"code":"Specimen"}]},"valueReference":{"reference":"Specimen/Broad-Muscle-Bonnemann-WES-Sa-BON-B16-115-3-1"}}],"output":[]}
{"resourceType":"Task","id":"T.Broad-Muscle-Bonnemann-WES-Sa-BON-B16-116-1-1","status":"accepted","intent":"unknown","input":[{"type":{"coding":[{"code":"Specimen"}]},"valueReference":{"reference":"Specimen/Broad-Muscle-Bonnemann-WES-Sa-BON-B16-116-1-1"}}],"output":[]}
{"resourceType":"Task","id":"T.Broad-Muscle-Bonnemann-WES-Sa-BON-B16-116-2-1","status":"accepted","intent":"unknown","input":[{"type":{"coding":[{"code":"Specimen"}]},"valueReference":{"reference":"Specimen/Broad-Muscle-Bonnemann-WES-Sa-BON-B16-116-2-1"}}],"output":[]}
{"resourceType":"Task","id":"T.Broad-Muscle-Bonnemann-WES-Sa-BON-B16-116-3-1","status":"accepted","intent":"unknown","input":[{"type":{"coding":[{"code":"Specimen"}]},"valueReference":{"reference":"Specimen/Broad-Muscle-Bonnemann-WES-Sa-BON-B16-116-3-1"}}],"output":[]}
{"resourceType":"Task","id":"T.Broad-Muscle-Bonnemann-WES-Sa-BON-B16-151-1-1","status":"accepted","intent":"unknown","input":[{"type":{"coding":[{"code":"Specimen"}]},"valueReference":{"reference":"Specimen/Broad-Muscle-Bonnemann-WES-Sa-BON-B16-151-1-1"}}],"output":[]}
{"resourceType":"Task","id":"T.Broad-Muscle-Bonnemann-WES-Sa-BON-B16-161-1-1","status":"accepted","intent":"unknown","input":[{"type":{"coding":[{"code":"Specimen"}]},"valueReference":{"reference":"Specimen/Broad-Muscle-Bonnemann-WES-Sa-BON-B16-161-1-1"}}],"output":[]}
{"resourceType":"Task","id":"T.Broad-Muscle-Bonnemann-WES-Sa-BON-B16-161-2-1","status":"accepted","intent":"unknown","input":[{"type":{"coding":[{"code":"Specimen"}]},"valueReference":{"reference":"Specimen/Broad-Muscle-Bonnemann-WES-Sa-BON-B16-161-2-1"}}],"output":[]}
{"resourceType":"Task","id":"T.Broad-Muscle-Bonnemann-WES-Sa-BON-B16-161-3-1","status":"accepted","intent":"unknown","input":[{"type":{"coding":[{"code":"Specimen"}]},"valueReference":{"reference":"Specimen/Broad-Muscle-Bonnemann-WES-Sa-BON-B16-161-3-1"}}],"output":[]}
{"resourceType":"Task","id":"T.Broad-Muscle-Bonnemann-WES-Sa-BON-B16-167-1-1","status":"accepted","intent":"unknown","input":[{"type":{"coding":[{"code":"Specimen"}]},"valueReference":{"reference":"Specimen/Broad-Muscle-Bonnemann-WES-Sa-BON-B16-167-1-1"}}],"output":[]}
{"resourceType":"Task","id":"T.Broad-Muscle-Bonnemann-WES-Sa-BON-B16-168-1-1","status":"accepted","intent":"unknown","input":[{"type":{"coding":[{"code":"Specimen"}]},"valueReference":{"reference":"Specimen/Broad-Muscle-Bonnemann-WES-Sa-BON-B16-168-1-1"}}],"output":[]}
{"resourceType":"Task","id":"T.Broad-Muscle-Bonnemann-WES-Sa-BON-B16-168-2-1","status":"accepted","intent":"unknown","input":[{"type":{"coding":[{"code":"Specimen"}]},"valueReference":{"reference":"Specimen/Broad-Muscle-Bonnemann-WES-Sa-BON-B16-168-2-1"}}],"output":[]}
{"resourceType":"Task","id":"T.Broad-Muscle-Bonnemann-WES-Sa-BON-B16-30-1-1","status":"accepted","intent":"unknown","input":[{"type":{"coding":[{"code":"Specimen"}]},"valueReference":{"reference":"Specimen/Broad-Muscle-Bonnemann-WES-Sa-BON-B16-30-1-1"}}],"output":[]}
{"resourceType":"Task","id":"T.Broad-Muscle-Bonnemann-WES-Sa-BON-B16-34-1-1","status":"accepted","intent":"unknown","input":[{"type":{"coding":[{"code":"Specimen"}]},"valueReference":{"reference":"Specimen/Broad-Muscle-Bonnemann-WES-Sa-BON-B16-34-1-1"}}],"output":[]}
{"resourceType":"Task","id":"T.Broad-Muscle-Bonnemann-WES-Sa-BON-B16-34-2-1","status":"accepted","intent":"unknown","input":[{"type":{"coding":[{"code":"Specimen"}]},"valueReference":{"reference":"Specimen/Broad-Muscle-Bonnemann-WES-Sa-BON-B16-34-2-1"}}],"output":[]}
{"resourceType":"Task","id":"T.Broad-Muscle-Bonnemann-WES-Sa-BON-B16-34-3-1","status":"accepted","intent":"unknown","input":[{"type":{"coding":[{"code":"Specimen"}]},"valueReference":{"reference":"Specimen/Broad-Muscle-Bonnemann-WES-Sa-BON-B16-34-3-1"}}],"output":[]}
{"resourceType":"Task","id":"T.Broad-Muscle-Bonnemann-WES-Sa-BON-B16-36-1-1","status":"accepted","intent":"unknown","input":[{"type":{"coding":[{"code":"Specimen"}]},"valueReference":{"reference":"Specimen/Broad-Muscle-Bonnemann-WES-Sa-BON-B16-36-1-1"}}],"output":[]}
{"resourceType":"Task","id":"T.Broad-Muscle-Bonnemann-WES-Sa-BON-B16-36-2-1","status":"accepted","intent":"unknown","input":[{"type":{"coding":[{"code":"Specimen"}]},"valueReference":{"reference":"Specimen/Broad-Muscle-Bonnemann-WES-Sa-BON-B16-36-2-1"}}],"output":[]}
{"resourceType":"Task","id":"T.Broad-Muscle-Bonnemann-WES-Sa-BON-B16-36-3-1","status":"accepted","intent":"unknown","input":[{"type":{"coding":[{"code":"Specimen"}]},"valueReference":{"reference":"Specimen/Broad-Muscle-Bonnemann-WES-Sa-BON-B16-36-3-1"}}],"output":[]}
{"resourceType":"Task","id":"T.Broad-Muscle-Bonnemann-WES-Sa-BON-B16-39-1-1","status":"accepted","intent":"unknown","input":[{"type":{"coding":[{"code":"Specimen"}]},"valueReference":{"reference":"Specimen/Broad-Muscle-Bonnemann-WES-Sa-BON-B16-39-1-1"}}],"output":[]}
{"resourceType":"Task","id":"T.Broad-Muscle-Bonnemann-WES-Sa-BON-B16-44-1-1","status":"accepted","intent":"unknown","input":[{"type":{"coding":[{"code":"Specimen"}]},"valueReference":{"reference":"Specimen/Broad-Muscle-Bonnemann-WES-Sa-BON-B16-44-1-1"}}],"output":[]}
{"resourceType":"Task","id":"T.Broad-Muscle-Bonnemann-WES-Sa-BON-B16-44-2-1","status":"accepted","intent":"unknown","input":[{"type":{"coding":[{"code":"Specimen"}]},"valueReference":{"reference":"Specimen/Broad-Muscle-Bonnemann-WES-Sa-BON-B16-44-2-1"}}],"output":[]}
{"resourceType":"Task","id":"T.Broad-Muscle-Bonnemann-WES-Sa-BON-B16-44-3-1","status":"accepted","intent":"unknown","input":[{"type":{"coding":[{"code":"Specimen"}]},"valueReference":{"reference":"Specimen/Broad-Muscle-Bonnemann-WES-Sa-BON-B16-44-3-1"}}],"output":[]}
{"resourceType":"Task","id":"T.Broad-Muscle-Bonnemann-WES-Sa-BON-B16-45-1-1","status":"accepted","intent":"unknown","input":[{"type":{"coding":[{"code":"Specimen"}]},"valueReference":{"reference":"Specimen/Broad-Muscle-Bonnemann-WES-Sa-BON-B16-45-1-1"}}],"output":[]}
{"resourceType":"Task","id":"T.Broad-Muscle-Bonnemann-WES-Sa-BON-B16-45-2-1","status":"accepted","intent":"unknown","input":[{"type":{"coding":[{"code":"Specimen"}]},"valueReference":{"reference":"Specimen/Broad-Muscle-Bonnemann-WES-Sa-BON-B16-45-2-1"}}],"output":[]}
{"resourceType":"Task","id":"T.Broad-Muscle-Bonnemann-WES-Sa-BON-B16-45-3-1","status":"accepted","intent":"unknown","input":[{"type":{"coding":[{"code":"Specimen"}]},"valueReference":{"reference":"Specimen/Broad-Muscle-Bonnemann-WES-Sa-BON-B16-45-3-1"}}],"output":[]}
{"resourceType":"Task","id":"T.Broad-Muscle-Bonnemann-WES-Sa-BON-B16-52-1-1","status":"accepted","intent":"unknown","input":[{"type":{"coding":[{"code":"Specimen"}]},"valueReference":{"reference":"Specimen/Broad-Muscle-Bonnemann-WES-Sa-BON-B16-52-1-1"}}],"output":[]}
{"resourceType":"Task","id":"T.Broad-Muscle-Bonnemann-WES-Sa-BON-B16-52-2-1","status":"accepted","intent":"unknown","input":[{"type":{"coding":[{"code":"Specimen"}]},"valueReference":{"reference":"Specimen/Broad-Muscle-Bonnemann-WES-Sa-BON-B16-52-2-1"}}],"output":[]}
{"resourceType":"Task","id":"T.Broad-Muscle-Bonnemann-WES-Sa-BON-B16-52-3-1","status":"accepted","intent":"unknown","input":[{"type":{"coding":[{"code":"Specimen"}]},"valueReference":{"reference":"Specimen/Broad-Muscle-Bonnemann-WES-Sa-BON-B16-52-3-1"}}],"output":[]}
{"resourceType":"Task","id":"T.Broad-Muscle-Bonnemann-WES-Sa-BON-B16-59-1-1","status":"accepted","intent":"unknown","input":[{"type":{"coding":[{"code":"Specimen"}]},"valueReference":{"reference":"Specimen/Broad-Muscle-Bonnemann-WES-Sa-BON-B16-59-1-1"}}],"output":[]}
{"resourceType":"Task","id":"T.Broad-Muscle-Bonnemann-WES-Sa-BON-B16-59-2-1","status":"accepted","intent":"unknown","input":[{"type":{"coding":[{"code":"Specimen"}]},"valueReference":{"reference":"Specimen/Broad-Muscle-Bonnemann-WES-Sa-BON-B16-59-2-1"}}],"output":[]}
{"resourceType":"Task","id":"T.Broad-Muscle-Bonnemann-WES-Sa-BON-B16-59-3-1","status":"accepted","intent":"unknown","input":[{"type":{"coding":[{"code":"Specimen"}]},"valueReference":{"reference":"Specimen/Broad-Muscle-Bonnemann-WES-Sa-BON-B16-59-3-1"}}],"output":[]}
{"resourceType":"Task","id":"T.Broad-Muscle-Bonnemann-WES-Sa-BON-B16-66-1-2","status":"accepted","intent":"unknown","input":[{"type":{"coding":[{"code":"Specimen"}]},"valueReference":{"reference":"Specimen/Broad-Muscle-Bonnemann-WES-Sa-BON-B16-66-1-2"}}],"output":[]}
{"resourceType":"Task","id":"T.Broad-Muscle-Bonnemann-WES-Sa-BON-B16-66-2-1","status":"accepted","intent":"unknown","input":[{"type":{"coding":[{"code":"Specimen"}]},"valueReference":{"reference":"Specimen/Broad-Muscle-Bonnemann-WES-Sa-BON-B16-66-2-1"}}],"output":[]}
{"resourceType":"Task","id":"T.Broad-Muscle-Bonnemann-WES-Sa-BON-B16-66-3-1","status":"accepted","intent":"unknown","input":[{"type":{"coding":[{"code":"Specimen"}]},"valueReference":{"reference":"Specimen/Broad-Muscle-Bonnemann-WES-Sa-BON-B16-66-3-1"}}],"output":[]}
{"resourceType":"Task","id":"T.Broad-Muscle-Bonnemann-WES-Sa-BON-B16-75-1-1","status":"accepted","intent":"unknown","input":[{"type":{"coding":[{"code":"Specimen"}]},"valueReference":{"reference":"Specimen/Broad-Muscle-Bonnemann-WES-Sa-BON-B16-75-1-1"}}],"output":[]}
{"resourceType":"Task","id":"T.Broad-Muscle-Bonnemann-WES-Sa-BON-B16-75-2-1","status":"accepted","intent":"unknown","input":[{"type":{"coding":[{"code":"Specimen"}]},"valueReference":{"reference":"Specimen/Broad-Muscle-Bonnemann-WES-Sa-BON-B16-75-2-1"}}],"output":[]}
{"resourceType":"Task","id":"T.Broad-Muscle-Bonnemann-WES-Sa-BON-B16-75-3-1","status":"accepted","intent":"unknown","input":[{"type":{"coding":[{"code":"Specimen"}]},"valueReference":{"reference":"Specimen/Broad-Muscle-Bonnemann-WES-Sa-BON-B16-75-3-1"}}],"output":[]}
{"resourceType":"Task","id":"T.Broad-Muscle-Bonnemann-WES-Sa-BON-B16-80-1-1","status":"accepted","intent":"unknown","input":[{"type":{"coding":[{"code":"Specimen"}]},"valueReference":{"reference":"Specimen/Broad-Muscle-Bonnemann-WES-Sa-BON-B16-80-1-1"}}],"output":[]}
{"resourceType":"Task","id":"T.Broad-Muscle-Bonnemann-WES-Sa-BON-B16-80-2-1","status":"accepted","intent":"unknown","input":[{"type":{"coding":[{"code":"Specimen"}]},"valueReference":{"reference":"Specimen/Broad-Muscle-Bonnemann-WES-Sa-BON-B16-80-2-1"}}],"output":[]}
{"resourceType":"Task","id":"T.Broad-Muscle-Bonnemann-WES-Sa-BON-B16-80-3-1","status":"accepted","intent":"unknown","input":[{"type":{"coding":[{"code":"Specimen"}]},"valueReference":{"reference":"Specimen/Broad-Muscle-Bonnemann-WES-Sa-BON-B16-80-3-1"}}],"output":[]}
{"resourceType":"Task","id":"T.Broad-Muscle-Bonnemann-WES-Sa-BON-B16-86-1-1","status":"accepted","intent":"unknown","input":[{"type":{"coding":[{"code":"Specimen"}]},"valueReference":{"reference":"Specimen/Broad-Muscle-Bonnemann-WES-Sa-BON-B16-86-1-1"}}],"output":[]}
{"resourceType":"Task","id":"T.Broad-Muscle-Bonnemann-WES-Sa-BON-B16-86-2-1","status":"accepted","intent":"unknown","input":[{"type":{"coding":[{"code":"Specimen"}]},"valueReference":{"reference":"Specimen/Broad-Muscle-Bonnemann-WES-Sa-BON-B16-86-2-1"}}],"output":[]}
{"resourceType":"Task","id":"T.Broad-Muscle-Bonnemann-WES-Sa-BON-B16-86-3-1","status":"accepted","intent":"unknown","input":[{"type":{"coding":[{"code":"Specimen"}]},"valueReference":{"reference":"Specimen/Broad-Muscle-Bonnemann-WES-Sa-BON-B16-86-3-1"}}],"output":[]}
{"resourceType":"Task","id":"T.Broad-Muscle-Bonnemann-WES-Sa-BON-B16-87-1-1","status":"accepted","intent":"unknown","input":[{"type":{"coding":[{"code":"Specimen"}]},"valueReference":{"reference":"Specimen/Broad-Muscle-Bonnemann-WES-Sa-BON-B16-87-1-1"}}],"output":[]}
{"resourceType":"Task","id":"T.Broad-Muscle-Bonnemann-WES-Sa-BON-B16-87-2-1","status":"accepted","intent":"unknown","input":[{"type":{"coding":[{"code":"Specimen"}]},"valueReference":{"reference":"Specimen/Broad-Muscle-Bonnemann-WES-Sa-BON-B16-87-2-1"}}],"output":[]}
{"resourceType":"Task","id":"T.Broad-Muscle-Bonnemann-WES-Sa-BON-B16-87-3-1","status":"accepted","intent":"unknown","input":[{"type":{"coding":[{"code":"Specimen"}]},"valueReference":{"reference":"Specimen/Broad-Muscle-Bonnemann-WES-Sa-BON-B16-87-3-1"}}],"output":[]}
{"resourceType":"Task","id":"T.Broad-Muscle-Bonnemann-WES-Sa-BON-B16-87-4-1","status":"accepted","intent":"unknown","input":[{"type":{"coding":[{"code":"Specimen"}]},"valueReference":{"reference":"Specimen/Broad-Muscle-Bonnemann-WES-Sa-BON-B16-87-4-1"}}],"output":[]}
{"resourceType":"Task","id":"T.Broad-Muscle-Bonnemann-WES-Sa-BON-B16-90-1-1","status":"accepted","intent":"unknown","input":[{"type":{"coding":[{"code":"Specimen"}]},"valueReference":{"reference":"Specimen/Broad-Muscle-Bonnemann-WES-Sa-BON-B16-90-1-1"}}],"output":[]}
{"resourceType":"Task","id":"T.Broad-Muscle-Bonnemann-WES-Sa-BON-B16-90-2-1","status":"accepted","intent":"unknown","input":[{"type":{"coding":[{"code":"Specimen"}]},"valueReference":{"reference":"Specimen/Broad-Muscle-Bonnemann-WES-Sa-BON-B16-90-2-1"}}],"output":[]}
{"resourceType":"Task","id":"T.Broad-Muscle-Bonnemann-WES-Sa-BON-B16-90-3-2","status":"accepted","intent":"unknown","input":[{"type":{"coding":[{"code":"Specimen"}]},"valueReference":{"reference":"Specimen/Broad-Muscle-Bonnemann-WES-Sa-BON-B16-90-3-2"}}],"output":[]}
{"resourceType":"Task","id":"T.Broad-Muscle-Bonnemann-WES-Sa-BON-B17-01-1-1","status":"accepted","intent":"unknown","input":[{"type":{"coding":[{"code":"Specimen"}]},"valueReference":{"reference":"Specimen/Broad-Muscle-Bonnemann-WES-Sa-BON-B17-01-1-1"}}],"output":[]}
{"resourceType":"Task","id":"T.Broad-Muscle-Bonnemann-WES-Sa-BON-B17-01-2-1","status":"accepted","intent":"unknown","input":[{"type":{"coding":[{"code":"Specimen"}]},"valueReference":{"reference":"Specimen/Broad-Muscle-Bonnemann-WES-Sa-BON-B17-01-2-1"}}],"output":[]}
{"resourceType":"Task","id":"T.Broad-Muscle-Bonnemann-WES-Sa-BON-B17-01-3-1","status":"accepted","intent":"unknown","input":[{"type":{"coding":[{"code":"Specimen"}]},"valueReference":{"reference":"Specimen/Broad-Muscle-Bonnemann-WES-Sa-BON-B17-01-3-1"}}],"output":[]}
{"resourceType":"Task","id":"T.Broad-Muscle-Bonnemann-WES-Sa-BON-B17-04-1","status":"accepted","intent":"unknown","input":[{"type":{"coding":[{"code":"Specimen"}]},"valueReference":{"reference":"Specimen/Broad-Muscle-Bonnemann-WES-Sa-BON-B17-04-1"}}],"output":[]}
{"resourceType":"Task","id":"T.Broad-Muscle-Bonnemann-WES-Sa-BON-B17-05-1-1","status":"accepted","intent":"unknown","input":[{"type":{"coding":[{"code":"Specimen"}]},"valueReference":{"reference":"Specimen/Broad-Muscle-Bonnemann-WES-Sa-BON-B17-05-1-1"}}],"output":[]}
{"resourceType":"Task","id":"T.Broad-Muscle-Bonnemann-WES-Sa-BON-B17-05-2-1","status":"accepted","intent":"unknown","input":[{"type":{"coding":[{"code":"Specimen"}]},"valueReference":{"reference":"Specimen/Broad-Muscle-Bonnemann-WES-Sa-BON-B17-05-2-1"}}],"output":[]}
{"resourceType":"Task","id":"T.Broad-Muscle-Bonnemann-WES-Sa-BON-B17-05-3-1","status":"accepted","intent":"unknown","input":[{"type":{"coding":[{"code":"Specimen"}]},"valueReference":{"reference":"Specimen/Broad-Muscle-Bonnemann-WES-Sa-BON-B17-05-3-1"}}],"output":[]}
{"resourceType":"Task","id":"T.Broad-Muscle-Bonnemann-WES-Sa-BON-B17-05-4-1","status":"accepted","intent":"unknown","input":[{"type":{"coding":[{"code":"Specimen"}]},"valueReference":{"reference":"Specimen/Broad-Muscle-Bonnemann-WES-Sa-BON-B17-05-4-1"}}],"output":[]}
{"resourceType":"Task","id":"T.Broad-Muscle-Bonnemann-WES-Sa-BON-B17-07-1-1","status":"accepted","intent":"unknown","input":[{"type":{"coding":[{"code":"Specimen"}]},"valueReference":{"reference":"Specimen/Broad-Muscle-Bonnemann-WES-Sa-BON-B17-07-1-1"}}],"output":[]}
{"resourceType":"Task","id":"T.Broad-Muscle-Bonnemann-WES-Sa-BON-B17-07-2-1","status":"accepted","intent":"unknown","input":[{"type":{"coding":[{"code":"Specimen"}]},"valueReference":{"reference":"Specimen/Broad-Muscle-Bonnemann-WES-Sa-BON-B17-07-2-1"}}],"output":[]}
{"resourceType":"Task","id":"T.Broad-Muscle-Bonnemann-WES-Sa-BON-B17-07-3-1","status":"accepted","intent":"unknown","input":[{"type":{"coding":[{"code":"Specimen"}]},"valueReference":{"reference":"Specimen/Broad-Muscle-Bonnemann-WES-Sa-BON-B17-07-3-1"}}],"output":[]}
{"resourceType":"Task","id":"T.Broad-Muscle-Bonnemann-WES-Sa-BON-B17-12-1-1","status":"accepted","intent":"unknown","input":[{"type":{"coding":[{"code":"Specimen"}]},"valueReference":{"reference":"Specimen/Broad-Muscle-Bonnemann-WES-Sa-BON-B17-12-1-1"}}],"output":[]}
{"resourceType":"Task","id":"T.Broad-Muscle-Bonnemann-WES-Sa-BON-B17-12-2-1","status":"accepted","intent":"unknown","input":[{"type":{"coding":[{"code":"Specimen"}]},"valueReference":{"reference":"Specimen/Broad-Muscle-Bonnemann-WES-Sa-BON-B17-12-2-1"}}],"output":[]}
{"resourceType":"Task","id":"T.Broad-Muscle-Bonnemann-WES-Sa-BON-B17-12-3-1","status":"accepted","intent":"unknown","input":[{"type":{"coding":[{"code":"Specimen"}]},"valueReference":{"reference":"Specimen/Broad-Muscle-Bonnemann-WES-Sa-BON-B17-12-3-1"}}],"output":[]}
{"resourceType":"Task","id":"T.Broad-Muscle-Bonnemann-WES-Sa-BON-B17-12-4-1","status":"accepted","intent":"unknown","input":[{"type":{"coding":[{"code":"Specimen"}]},"valueReference":{"reference":"Specimen/Broad-Muscle-Bonnemann-WES-Sa-BON-B17-12-4-1"}}],"output":[]}
{"resourceType":"Task","id":"T.Broad-Muscle-Bonnemann-WES-Sa-BON-B17-21-1-1","status":"accepted","intent":"unknown","input":[{"type":{"coding":[{"code":"Specimen"}]},"valueReference":{"reference":"Specimen/Broad-Muscle-Bonnemann-WES-Sa-BON-B17-21-1-1"}}],"output":[]}
{"resourceType":"Task","id":"T.Broad-Muscle-Bonnemann-WES-Sa-BON-B17-21-2-1","status":"accepted","intent":"unknown","input":[{"type":{"coding":[{"code":"Specimen"}]},"valueReference":{"reference":"Specimen/Broad-Muscle-Bonnemann-WES-Sa-BON-B17-21-2-1"}}],"output":[]}
{"resourceType":"Task","id":"T.Broad-Muscle-Bonnemann-WES-Sa-BON-B17-21-3-1","status":"accepted","intent":"unknown","input":[{"type":{"coding":[{"code":"Specimen"}]},"valueReference":{"reference":"Specimen/Broad-Muscle-Bonnemann-WES-Sa-BON-B17-21-3-1"}}],"output":[]}
{"resourceType":"Task","id":"T.Broad-Muscle-Bonnemann-WES-Sa-BON-B17-22-1-1","status":"accepted","intent":"unknown","input":[{"type":{"coding":[{"code":"Specimen"}]},"valueReference":{"reference":"Specimen/Broad-Muscle-Bonnemann-WES-Sa-BON-B17-22-1-1"}}],"output":[]}
{"resourceType":"Task","id":"T.Broad-Muscle-Bonnemann-WES-Sa-BON-B17-22-2-1","status":"accepted","intent":"unknown","input":[{"type":{"coding":[{"code":"Specimen"}]},"valueReference":{"reference":"Specimen/Broad-Muscle-Bonnemann-WES-Sa-BON-B17-22-2-1"}}],"output":[]}
{"resourceType":"Task","id":"T.Broad-Muscle-Bonnemann-WES-Sa-BON-B17-22-3-1","status":"accepted","intent":"unknown","input":[{"type":{"coding":[{"code":"Specimen"}]},"valueReference":{"reference":"Specimen/Broad-Muscle-Bonnemann-WES-Sa-BON-B17-22-3-1"}}],"output":[]}
{"resourceType":"Task","id":"T.Broad-Muscle-Bonnemann-WES-Sa-BON-B17-23-1-1","status":"accepted","intent":"unknown","input":[{"type":{"coding":[{"code":"Specimen"}]},"valueReference":{"reference":"Specimen/Broad-Muscle-Bonnemann-WES-Sa-BON-B17-23-1-1"}}],"output":[]}
{"resourceType":"Task","id":"T.Broad-Muscle-Bonnemann-WES-Sa-BON-B17-23-2-1","status":"accepted","intent":"unknown","input":[{"type":{"coding":[{"code":"Specimen"}]},"valueReference":{"reference":"Specimen/Broad-Muscle-Bonnemann-WES-Sa-BON-B17-23-2-1"}}],"output":[]}
{"resourceType":"Task","id":"T.Broad-Muscle-Bonnemann-WES-Sa-BON-B17-23-3-1","status":"accepted","intent":"unknown","input":[{"type":{"coding":[{"code":"Specimen"}]},"valueReference":{"reference":"Specimen/Broad-Muscle-Bonnemann-WES-Sa-BON-B17-23-3-1"}}],"output":[]}
{"resourceType":"Task","id":"T.Broad-Muscle-Bonnemann-WES-Sa-BON-B17-26-1-1","status":"accepted","intent":"unknown","input":[{"type":{"coding":[{"code":"Specimen"}]},"valueReference":{"reference":"Specimen/Broad-Muscle-Bonnemann-WES-Sa-BON-B17-26-1-1"}}],"output":[]}
{"resourceType":"Task","id":"T.Broad-Muscle-Bonnemann-WES-Sa-BON-B17-26-2-1","status":"accepted","intent":"unknown","input":[{"type":{"coding":[{"code":"Specimen"}]},"valueReference":{"reference":"Specimen/Broad-Muscle-Bonnemann-WES-Sa-BON-B17-26-2-1"}}],"output":[]}
{"resourceType":"Task","id":"T.Broad-Muscle-Bonnemann-WES-Sa-BON-B17-26-3","status":"accepted","intent":"unknown","input":[{"type":{"coding":[{"code":"Specimen"}]},"valueReference":{"reference":"Specimen/Broad-Muscle-Bonnemann-WES-Sa-BON-B17-26-3"}}],"output":[]}
{"resourceType":"Task","id":"T.Broad-Muscle-Bonnemann-WES-Sa-BON-B17-26-4-1","status":"accepted","intent":"unknown","input":[{"type":{"coding":[{"code":"Specimen"}]},"valueReference":{"reference":"Specimen/Broad-Muscle-Bonnemann-WES-Sa-BON-B17-26-4-1"}}],"output":[]}
{"resourceType":"Task","id":"T.Broad-Muscle-Bonnemann-WES-Sa-BON-B17-28-1-1","status":"accepted","intent":"unknown","input":[{"type":{"coding":[{"code":"Specimen"}]},"valueReference":{"reference":"Specimen/Broad-Muscle-Bonnemann-WES-Sa-BON-B17-28-1-1"}}],"output":[]}
{"resourceType":"Task","id":"T.Broad-Muscle-Bonnemann-WES-Sa-BON-B17-28-2-1","status":"accepted","intent":"unknown","input":[{"type":{"coding":[{"code":"Specimen"}]},"valueReference":{"reference":"Specimen/Broad-Muscle-Bonnemann-WES-Sa-BON-B17-28-2-1"}}],"output":[]}
{"resourceType":"Task","id":"T.Broad-Muscle-Bonnemann-WES-Sa-BON-B17-28-3-1","status":"accepted","intent":"unknown","input":[{"type":{"coding":[{"code":"Specimen"}]},"valueReference":{"reference":"Specimen/Broad-Muscle-Bonnemann-WES-Sa-BON-B17-28-3-1"}}],"output":[]}
{"resourceType":"Task","id":"T.Broad-Muscle-Bonnemann-WES-Sa-BON-B17-41-1-1","status":"accepted","intent":"unknown","input":[{"type":{"coding":[{"code":"Specimen"}]},"valueReference":{"reference":"Specimen/Broad-Muscle-Bonnemann-WES-Sa-BON-B17-41-1-1"}}],"output":[]}
{"resourceType":"Task","id":"T.Broad-Muscle-Bonnemann-WES-Sa-BON-B17-41-2-1","status":"accepted","intent":"unknown","input":[{"type":{"coding":[{"code":"Specimen"}]},"valueReference":{"reference":"Specimen/Broad-Muscle-Bonnemann-WES-Sa-BON-B17-41-2-1"}}],"output":[]}
{"resourceType":"Task","id":"T.Broad-Muscle-Bonnemann-WES-Sa-BON-B17-41-3-1","status":"accepted","intent":"unknown","input":[{"type":{"coding":[{"code":"Specimen"}]},"valueReference":{"reference":"Specimen/Broad-Muscle-Bonnemann-WES-Sa-BON-B17-41-3-1"}}],"output":[]}
{"resourceType":"Task","id":"T.Broad-Muscle-Bonnemann-WES-Sa-BON-B17-42-2-1","status":"accepted","intent":"unknown","input":[{"type":{"coding":[{"code":"Specimen"}]},"valueReference":{"reference":"Specimen/Broad-Muscle-Bonnemann-WES-Sa-BON-B17-42-2-1"}}],"output":[]}
{"resourceType":"Task","id":"T.Broad-Muscle-Bonnemann-WES-Sa-BON-B17-46-1-1","status":"accepted","intent":"unknown","input":[{"type":{"coding":[{"code":"Specimen"}]},"valueReference":{"reference":"Specimen/Broad-Muscle-Bonnemann-WES-Sa-BON-B17-46-1-1"}}],"output":[]}
{"resourceType":"Task","id":"T.Broad-Muscle-Bonnemann-WES-Sa-BON-B17-47-1-1","status":"accepted","intent":"unknown","input":[{"type":{"coding":[{"code":"Specimen"}]},"valueReference":{"reference":"Specimen/Broad-Muscle-Bonnemann-WES-Sa-BON-B17-47-1-1"}}],"output":[]}
{"resourceType":"Task","id":"T.Broad-Muscle-Bonnemann-WES-Sa-BON-B17-48-1-1","status":"accepted","intent":"unknown","input":[{"type":{"coding":[{"code":"Specimen"}]},"valueReference":{"reference":"Specimen/Broad-Muscle-Bonnemann-WES-Sa-BON-B17-48-1-1"}}],"output":[]}
{"resourceType":"Task","id":"T.Broad-Muscle-Bonnemann-WES-Sa-BON-B17-48-2-1","status":"accepted","intent":"unknown","input":[{"type":{"coding":[{"code":"Specimen"}]},"valueReference":{"reference":"Specimen/Broad-Muscle-Bonnemann-WES-Sa-BON-B17-48-2-1"}}],"output":[]}
{"resourceType":"Task","id":"T.Broad-Muscle-Bonnemann-WES-Sa-BON-B17-48-3-1","status":"accepted","intent":"unknown","input":[{"type":{"coding":[{"code":"Specimen"}]},"valueReference":{"reference":"Specimen/Broad-Muscle-Bonnemann-WES-Sa-BON-B17-48-3-1"}}],"output":[]}
{"resourceType":"Task","id":"T.Broad-Muscle-Bonnemann-WES-Sa-BON-B17-54-1-1","status":"accepted","intent":"unknown","input":[{"type":{"coding":[{"code":"Specimen"}]},"valueReference":{"reference":"Specimen/Broad-Muscle-Bonnemann-WES-Sa-BON-B17-54-1-1"}}],"output":[]}
{"resourceType":"Task","id":"T.Broad-Muscle-Bonnemann-WES-Sa-BON-B17-54-2-1","status":"accepted","intent":"unknown","input":[{"type":{"coding":[{"code":"Specimen"}]},"valueReference":{"reference":"Specimen/Broad-Muscle-Bonnemann-WES-Sa-BON-B17-54-2-1"}}],"output":[]}
{"resourceType":"Task","id":"T.Broad-Muscle-Bonnemann-WES-Sa-BON-B17-54-3-1","status":"accepted","intent":"unknown","input":[{"type":{"coding":[{"code":"Specimen"}]},"valueReference":{"reference":"Specimen/Broad-Muscle-Bonnemann-WES-Sa-BON-B17-54-3-1"}}],"output":[]}
{"resourceType":"Task","id":"T.Broad-Muscle-Bonnemann-WES-Sa-BON-B17-56-1-1","status":"accepted","intent":"unknown","input":[{"type":{"coding":[{"code":"Specimen"}]},"valueReference":{"reference":"Specimen/Broad-Muscle-Bonnemann-WES-Sa-BON-B17-56-1-1"}}],"output":[]}
{"resourceType":"Task","id":"T.Broad-Muscle-Bonnemann-WES-Sa-BON-B17-56-2-1","status":"accepted","intent":"unknown","input":[{"type":{"coding":[{"code":"Specimen"}]},"valueReference":{"reference":"Specimen/Broad-Muscle-Bonnemann-WES-Sa-BON-B17-56-2-1"}}],"output":[]}
{"resourceType":"Task","id":"T.Broad-Muscle-Bonnemann-WES-Sa-BON-B17-56-3-1","status":"accepted","intent":"unknown","input":[{"type":{"coding":[{"code":"Specimen"}]},"valueReference":{"reference":"Specimen/Broad-Muscle-Bonnemann-WES-Sa-BON-B17-56-3-1"}}],"output":[]}
{"resourceType":"Task","id":"T.Broad-Muscle-Bonnemann-WES-Sa-BON-B17-64-1-1","status":"accepted","intent":"unknown","input":[{"type":{"coding":[{"code":"Specimen"}]},"valueReference":{"reference":"Specimen/Broad-Muscle-Bonnemann-WES-Sa-BON-B17-64-1-1"}}],"output":[]}
{"resourceType":"Task","id":"T.Broad-Muscle-Bonnemann-WES-Sa-BON-B17-64-2-2","status":"accepted","intent":"unknown","input":[{"type":{"coding":[{"code":"Specimen"}]},"valueReference":{"reference":"Specimen/Broad-Muscle-Bonnemann-WES-Sa-BON-B17-64-2-2"}}],"output":[]}
{"resourceType":"Task","id":"T.Broad-Muscle-Bonnemann-WES-Sa-BON-B17-64-3-2","status":"accepted","intent":"unknown","input":[{"type":{"coding":[{"code":"Specimen"}]},"valueReference":{"reference":"Specimen/Broad-Muscle-Bonnemann-WES-Sa-BON-B17-64-3-2"}}],"output":[]}
{"resourceType":"Task","id":"T.Broad-Muscle-Bonnemann-WES-Sa-BON-B17-65-1-1","status":"accepted","intent":"unknown","input":[{"type":{"coding":[{"code":"Specimen"}]},"valueReference":{"reference":"Specimen/Broad-Muscle-Bonnemann-WES-Sa-BON-B17-65-1-1"}}],"output":[]}
{"resourceType":"Task","id":"T.Broad-Muscle-Bonnemann-WES-Sa-BON-B17-65-2-1","status":"accepted","intent":"unknown","input":[{"type":{"coding":[{"code":"Specimen"}]},"valueReference":{"reference":"Specimen/Broad-Muscle-Bonnemann-WES-Sa-BON-B17-65-2-1"}}],"output":[]}
{"resourceType":"Task","id":"T.Broad-Muscle-Bonnemann-WES-Sa-BON-B17-65-3-1","status":"accepted","intent":"unknown","input":[{"type":{"coding":[{"code":"Specimen"}]},"valueReference":{"reference":"Specimen/Broad-Muscle-Bonnemann-WES-Sa-BON-B17-65-3-1"}}],"output":[]}
{"resourceType":"Task","id":"T.Broad-Muscle-Bonnemann-WES-Sa-BON-B17-67-1-1","status":"accepted","intent":"unknown","input":[{"type":{"coding":[{"code":"Specimen"}]},"valueReference":{"reference":"Specimen/Broad-Muscle-Bonnemann-WES-Sa-BON-B17-67-1-1"}}],"output":[]}
{"resourceType":"Task","id":"T.Broad-Muscle-Bonnemann-WES-Sa-BON-B17-67-2-D2","status":"accepted","intent":"unknown","input":[{"type":{"coding":[{"code":"Specimen"}]},"valueReference":{"reference":"Specimen/Broad-Muscle-Bonnemann-WES-Sa-BON-B17-67-2-D2"}}],"output":[]}
{"resourceType":"Task","id":"T.Broad-Muscle-Bonnemann-WES-Sa-BON-B17-67-3-1","status":"accepted","intent":"unknown","input":[{"type":{"coding":[{"code":"Specimen"}]},"valueReference":{"reference":"Specimen/Broad-Muscle-Bonnemann-WES-Sa-BON-B17-67-3-1"}}],"output":[]}
{"resourceType":"Task","id":"T.Broad-Muscle-Bonnemann-WES-Sa-BON-B17-67-4-1","status":"accepted","intent":"unknown","input":[{"type":{"coding":[{"code":"Specimen"}]},"valueReference":{"reference":"Specimen/Broad-Muscle-Bonnemann-WES-Sa-BON-B17-67-4-1"}}],"output":[]}
{"resourceType":"Task","id":"T.Broad-Muscle-Bonnemann-WES-Sa-BON-B17-68-1","status":"accepted","intent":"unknown","input":[{"type":{"coding":[{"code":"Specimen"}]},"valueReference":{"reference":"Specimen/Broad-Muscle-Bonnemann-WES-Sa-BON-B17-68-1"}}],"output":[]}
{"resourceType":"Task","id":"T.Broad-Muscle-Bonnemann-WES-Sa-BON-B17-77-1-1","status":"accepted","intent":"unknown","input":[{"type":{"coding":[{"code":"Specimen"}]},"valueReference":{"reference":"Specimen/Broad-Muscle-Bonnemann-WES-Sa-BON-B17-77-1-1"}}],"output":[]}
{"resourceType":"Task","id":"T.Broad-Muscle-Bonnemann-WES-Sa-BON-B17-79-1-1","status":"accepted","intent":"unknown","input":[{"type":{"coding":[{"code":"Specimen"}]},"valueReference":{"reference":"Specimen/Broad-Muscle-Bonnemann-WES-Sa-BON-B17-79-1-1"}}],"output":[]}
{"resourceType":"Task","id":"T.Broad-Muscle-Bonnemann-WES-Sa-BON-B17-79-2-1","status":"accepted","intent":"unknown","input":[{"type":{"coding":[{"code":"Specimen"}]},"valueReference":{"reference":"Specimen/Broad-Muscle-Bonnemann-WES-Sa-BON-B17-79-2-1"}}],"output":[]}
{"resourceType":"Task","id":"T.Broad-Muscle-Bonnemann-WES-Sa-BON-B17-79-3-1","status":"accepted","intent":"unknown","input":[{"type":{"coding":[{"code":"Specimen"}]},"valueReference":{"reference":"Specimen/Broad-Muscle-Bonnemann-WES-Sa-BON-B17-79-3-1"}}],"output":[]}
{"resourceType":"Task","id":"T.Broad-Muscle-Bonnemann-WES-Sa-BON-B17-84-1-1","status":"accepted","intent":"unknown","input":[{"type":{"coding":[{"code":"Specimen"}]},"valueReference":{"reference":"Specimen/Broad-Muscle-Bonnemann-WES-Sa-BON-B17-84-1-1"}}],"output":[]}
{"resourceType":"Task","id":"T.Broad-Muscle-Bonnemann-WES-Sa-BON-B17-84-2-1","status":"accepted","intent":"unknown","input":[{"type":{"coding":[{"code":"Specimen"}]},"valueReference":{"reference":"Specimen/Broad-Muscle-Bonnemann-WES-Sa-BON-B17-84-2-1"}}],"output":[]}
{"resourceType":"Task","id":"T.Broad-Muscle-Bonnemann-WES-Sa-BON-B17-84-3-1","status":"accepted","intent":"unknown","input":[{"type":{"coding":[{"code":"Specimen"}]},"valueReference":{"reference":"Specimen/Broad-Muscle-Bonnemann-WES-Sa-BON-B17-84-3-1"}}],"output":[]}
{"resourceType":"Task","id":"T.Broad-Muscle-Bonnemann-WES-Sa-BON-B17-86-1-1","status":"accepted","intent":"unknown","input":[{"type":{"coding":[{"code":"Specimen"}]},"valueReference":{"reference":"Specimen/Broad-Muscle-Bonnemann-WES-Sa-BON-B17-86-1-1"}}],"output":[]}
{"resourceType":"Task","id":"T.Broad-Muscle-Bonnemann-WES-Sa-BON-B17-86-2-1","status":"accepted","intent":"unknown","input":[{"type":{"coding":[{"code":"Specimen"}]},"valueReference":{"reference":"Specimen/Broad-Muscle-Bonnemann-WES-Sa-BON-B17-86-2-1"}}],"output":[]}
{"resourceType":"Task","id":"T.Broad-Muscle-Bonnemann-WES-Sa-BON-B17-86-3-1","status":"accepted","intent":"unknown","input":[{"type":{"coding":[{"code":"Specimen"}]},"valueReference":{"reference":"Specimen/Broad-Muscle-Bonnemann-WES-Sa-BON-B17-86-3-1"}}],"output":[]}
{"resourceType":"Task","id":"T.Broad-Muscle-Bonnemann-WES-Sa-BON-B17-25-1-D1","status":"accepted","intent":"unknown","input":[{"type":{"coding":[{"code":"Specimen"}]},"valueReference":{"reference":"Specimen/Broad-Muscle-Bonnemann-WES-Sa-BON-B17-25-1-D1"}}],"output":[]}
{"resourceType":"Task","id":"T.Broad-Muscle-Bonnemann-WES-Sa-BON-B17-25-2-D1","status":"accepted","intent":"unknown","input":[{"type":{"coding":[{"code":"Specimen"}]},"valueReference":{"reference":"Specimen/Broad-Muscle-Bonnemann-WES-Sa-BON-B17-25-2-D1"}}],"output":[]}
{"resourceType":"Task","id":"T.Broad-Muscle-Bonnemann-WES-Sa-BON-B17-25-3-D1","status":"accepted","intent":"unknown","input":[{"type":{"coding":[{"code":"Specimen"}]},"valueReference":{"reference":"Specimen/Broad-Muscle-Bonnemann-WES-Sa-BON-B17-25-3-D1"}}],"output":[]}
{"resourceType":"Task","id":"T.Broad-Muscle-Bonnemann-WES-Sa-BON-B17-36-1-1","status":"accepted","intent":"unknown","input":[{"type":{"coding":[{"code":"Specimen"}]},"valueReference":{"reference":"Specimen/Broad-Muscle-Bonnemann-WES-Sa-BON-B17-36-1-1"}}],"output":[]}
{"resourceType":"Task","id":"T.Broad-Muscle-Bonnemann-WES-Sa-BON-B17-36-2-1","status":"accepted","intent":"unknown","input":[{"type":{"coding":[{"code":"Specimen"}]},"valueReference":{"reference":"Specimen/Broad-Muscle-Bonnemann-WES-Sa-BON-B17-36-2-1"}}],"output":[]}
{"resourceType":"Task","id":"T.Broad-Muscle-Bonnemann-WES-Sa-BON-B17-36-3-1","status":"accepted","intent":"unknown","input":[{"type":{"coding":[{"code":"Specimen"}]},"valueReference":{"reference":"Specimen/Broad-Muscle-Bonnemann-WES-Sa-BON-B17-36-3-1"}}],"output":[]}
{"resourceType":"Task","id":"T.Broad-Muscle-Bonnemann-WES-Sa-BON-B17-57-1-1","status":"accepted","intent":"unknown","input":[{"type":{"coding":[{"code":"Specimen"}]},"valueReference":{"reference":"Specimen/Broad-Muscle-Bonnemann-WES-Sa-BON-B17-57-1-1"}}],"output":[]}
{"resourceType":"Task","id":"T.Broad-Muscle-Bonnemann-WES-Sa-BON-B17-57-2-1","status":"accepted","intent":"unknown","input":[{"type":{"coding":[{"code":"Specimen"}]},"valueReference":{"reference":"Specimen/Broad-Muscle-Bonnemann-WES-Sa-BON-B17-57-2-1"}}],"output":[]}
{"resourceType":"Task","id":"T.Broad-Muscle-Bonnemann-WES-Sa-BON-B17-57-3-1","status":"accepted","intent":"unknown","input":[{"type":{"coding":[{"code":"Specimen"}]},"valueReference":{"reference":"Specimen/Broad-Muscle-Bonnemann-WES-Sa-BON-B17-57-3-1"}}],"output":[]}
{"resourceType":"Task","id":"T.Broad-Muscle-Bonnemann-WES-Sa-BON-B17-59-1-1","status":"accepted","intent":"unknown","input":[{"type":{"coding":[{"code":"Specimen"}]},"valueReference":{"reference":"Specimen/Broad-Muscle-Bonnemann-WES-Sa-BON-B17-59-1-1"}}],"output":[]}
{"resourceType":"Task","id":"T.Broad-Muscle-Bonnemann-WES-Sa-BON-B17-59-2-1","status":"accepted","intent":"unknown","input":[{"type":{"coding":[{"code":"Specimen"}]},"valueReference":{"reference":"Specimen/Broad-Muscle-Bonnemann-WES-Sa-BON-B17-59-2-1"}}],"output":[]}
{"resourceType":"Task","id":"T.Broad-Muscle-Bonnemann-WES-Sa-BON-B17-59-3-1","status":"accepted","intent":"unknown","input":[{"type":{"coding":[{"code":"Specimen"}]},"valueReference":{"reference":"Specimen/Broad-Muscle-Bonnemann-WES-Sa-BON-B17-59-3-1"}}],"output":[]}
{"resourceType":"Task","id":"T.Broad-Muscle-Bonnemann-WES-Sa-BON-B17-75-1-D1","status":"accepted","intent":"unknown","input":[{"type":{"coding":[{"code":"Specimen"}]},"valueReference":{"reference":"Specimen/Broad-Muscle-Bonnemann-WES-Sa-BON-B17-75-1-D1"}}],"output":[]}
{"resourceType":"Task","id":"T.Broad-Muscle-Bonnemann-WES-Sa-BON-B17-75-2-D1","status":"accepted","intent":"unknown","input":[{"type":{"coding":[{"code":"Specimen"}]},"valueReference":{"reference":"Specimen/Broad-Muscle-Bonnemann-WES-Sa-BON-B17-75-2-D1"}}],"output":[]}
{"resourceType":"Task","id":"T.Broad-Muscle-Bonnemann-WES-Sa-BON-B17-75-3-D1","status":"accepted","intent":"unknown","input":[{"type":{"coding":[{"code":"Specimen"}]},"valueReference":{"reference":"Specimen/Broad-Muscle-Bonnemann-WES-Sa-BON-B17-75-3-D1"}}],"output":[]}
{"resourceType":"Task","id":"T.Broad-Muscle-Bonnemann-WES-Sa-BON-B18-03-1-1","status":"accepted","intent":"unknown","input":[{"type":{"coding":[{"code":"Specimen"}]},"valueReference":{"reference":"Specimen/Broad-Muscle-Bonnemann-WES-Sa-BON-B18-03-1-1"}}],"output":[]}
{"resourceType":"Task","id":"T.Broad-Muscle-Bonnemann-WES-Sa-BON-B18-03-2-1","status":"accepted","intent":"unknown","input":[{"type":{"coding":[{"code":"Specimen"}]},"valueReference":{"reference":"Specimen/Broad-Muscle-Bonnemann-WES-Sa-BON-B18-03-2-1"}}],"output":[]}
{"resourceType":"Task","id":"T.Broad-Muscle-Bonnemann-WES-Sa-BON-B18-03-3-1","status":"accepted","intent":"unknown","input":[{"type":{"coding":[{"code":"Specimen"}]},"valueReference":{"reference":"Specimen/Broad-Muscle-Bonnemann-WES-Sa-BON-B18-03-3-1"}}],"output":[]}
{"resourceType":"Task","id":"T.Broad-Muscle-Bonnemann-WES-Sa-BON-B18-05-1-1","status":"accepted","intent":"unknown","input":[{"type":{"coding":[{"code":"Specimen"}]},"valueReference":{"reference":"Specimen/Broad-Muscle-Bonnemann-WES-Sa-BON-B18-05-1-1"}}],"output":[]}
{"resourceType":"Task","id":"T.Broad-Muscle-Bonnemann-WES-Sa-BON-B18-07-1-1","status":"accepted","intent":"unknown","input":[{"type":{"coding":[{"code":"Specimen"}]},"valueReference":{"reference":"Specimen/Broad-Muscle-Bonnemann-WES-Sa-BON-B18-07-1-1"}}],"output":[]}
{"resourceType":"Task","id":"T.Broad-Muscle-Bonnemann-WES-Sa-BON-B18-07-2-1","status":"accepted","intent":"unknown","input":[{"type":{"coding":[{"code":"Specimen"}]},"valueReference":{"reference":"Specimen/Broad-Muscle-Bonnemann-WES-Sa-BON-B18-07-2-1"}}],"output":[]}
{"resourceType":"Task","id":"T.Broad-Muscle-Bonnemann-WES-Sa-BON-B18-07-3-1","status":"accepted","intent":"unknown","input":[{"type":{"coding":[{"code":"Specimen"}]},"valueReference":{"reference":"Specimen/Broad-Muscle-Bonnemann-WES-Sa-BON-B18-07-3-1"}}],"output":[]}
{"resourceType":"Task","id":"T.Broad-Muscle-Bonnemann-WES-Sa-BON-B18-09-1-1","status":"accepted","intent":"unknown","input":[{"type":{"coding":[{"code":"Specimen"}]},"valueReference":{"reference":"Specimen/Broad-Muscle-Bonnemann-WES-Sa-BON-B18-09-1-1"}}],"output":[]}
{"resourceType":"Task","id":"T.Broad-Muscle-Bonnemann-WES-Sa-BON-B18-09-2-1","status":"accepted","intent":"unknown","input":[{"type":{"coding":[{"code":"Specimen"}]},"valueReference":{"reference":"Specimen/Broad-Muscle-Bonnemann-WES-Sa-BON-B18-09-2-1"}}],"output":[]}
{"resourceType":"Task","id":"T.Broad-Muscle-Bonnemann-WES-Sa-BON-B18-09-3-1","status":"accepted","intent":"unknown","input":[{"type":{"coding":[{"code":"Specimen"}]},"valueReference":{"reference":"Specimen/Broad-Muscle-Bonnemann-WES-Sa-BON-B18-09-3-1"}}],"output":[]}
{"resourceType":"Task","id":"T.Broad-Muscle-Bonnemann-WES-Sa-BON-B18-11-1-1","status":"accepted","intent":"unknown","input":[{"type":{"coding":[{"code":"Specimen"}]},"valueReference":{"reference":"Specimen/Broad-Muscle-Bonnemann-WES-Sa-BON-B18-11-1-1"}}],"output":[]}
{"resourceType":"Task","id":"T.Broad-Muscle-Bonnemann-WES-Sa-BON-B18-11-2-1","status":"accepted","intent":"unknown","input":[{"type":{"coding":[{"code":"Specimen"}]},"valueReference":{"reference":"Specimen/Broad-Muscle-Bonnemann-WES-Sa-BON-B18-11-2-1"}}],"output":[]}
{"resourceType":"Task","id":"T.Broad-Muscle-Bonnemann-WES-Sa-BON-B18-11-3-1","status":"accepted","intent":"unknown","input":[{"type":{"coding":[{"code":"Specimen"}]},"valueReference":{"reference":"Specimen/Broad-Muscle-Bonnemann-WES-Sa-BON-B18-11-3-1"}}],"output":[]}
{"resourceType":"Task","id":"T.Broad-Muscle-Bonnemann-WES-Sa-BON-B18-16-1-1","status":"accepted","intent":"unknown","input":[{"type":{"coding":[{"code":"Specimen"}]},"valueReference":{"reference":"Specimen/Broad-Muscle-Bonnemann-WES-Sa-BON-B18-16-1-1"}}],"output":[]}
{"resourceType":"Task","id":"T.Broad-Muscle-Bonnemann-WES-Sa-BON-B18-16-2-1","status":"accepted","intent":"unknown","input":[{"type":{"coding":[{"code":"Specimen"}]},"valueReference":{"reference":"Specimen/Broad-Muscle-Bonnemann-WES-Sa-BON-B18-16-2-1"}}],"output":[]}
{"resourceType":"Task","id":"T.Broad-Muscle-Bonnemann-WES-Sa-BON-B18-16-3-1","status":"accepted","intent":"unknown","input":[{"type":{"coding":[{"code":"Specimen"}]},"valueReference":{"reference":"Specimen/Broad-Muscle-Bonnemann-WES-Sa-BON-B18-16-3-1"}}],"output":[]}
{"resourceType":"Task","id":"T.Broad-Muscle-Bonnemann-WES-Sa-BON-B18-23-1-1","status":"accepted","intent":"unknown","input":[{"type":{"coding":[{"code":"Specimen"}]},"valueReference":{"reference":"Specimen/Broad-Muscle-Bonnemann-WES-Sa-BON-B18-23-1-1"}}],"output":[]}
{"resourceType":"Task","id":"T.Broad-Muscle-Bonnemann-WES-Sa-BON-B18-23-2-1","status":"accepted","intent":"unknown","input":[{"type":{"coding":[{"code":"Specimen"}]},"valueReference":{"reference":"Specimen/Broad-Muscle-Bonnemann-WES-Sa-BON-B18-23-2-1"}}],"output":[]}
{"resourceType":"Task","id":"T.Broad-Muscle-Bonnemann-WES-Sa-BON-B18-23-3-1","status":"accepted","intent":"unknown","input":[{"type":{"coding":[{"code":"Specimen"}]},"valueReference":{"reference":"Specimen/Broad-Muscle-Bonnemann-WES-Sa-BON-B18-23-3-1"}}],"output":[]}
{"resourceType":"Task","id":"T.Broad-Muscle-Bonnemann-WES-Sa-BON-B18-24-1-1","status":"accepted","intent":"unknown","input":[{"type":{"coding":[{"code":"Specimen"}]},"valueReference":{"reference":"Specimen/Broad-Muscle-Bonnemann-WES-Sa-BON-B18-24-1-1"}}],"output":[]}
{"resourceType":"Task","id":"T.Broad-Muscle-Bonnemann-WES-Sa-BON-B18-24-2-1","status":"accepted","intent":"unknown","input":[{"type":{"coding":[{"code":"Specimen"}]},"valueReference":{"reference":"Specimen/Broad-Muscle-Bonnemann-WES-Sa-BON-B18-24-2-1"}}],"output":[]}
{"resourceType":"Task","id":"T.Broad-Muscle-Bonnemann-WES-Sa-BON-B18-24-3-1","status":"accepted","intent":"unknown","input":[{"type":{"coding":[{"code":"Specimen"}]},"valueReference":{"reference":"Specimen/Broad-Muscle-Bonnemann-WES-Sa-BON-B18-24-3-1"}}],"output":[]}
{"resourceType":"Task","id":"T.Broad-Muscle-Bonnemann-WES-Sa-BON-B18-24-4-1","status":"accepted","intent":"unknown","input":[{"type":{"coding":[{"code":"Specimen"}]},"valueReference":{"reference":"Specimen/Broad-Muscle-Bonnemann-WES-Sa-BON-B18-24-4-1"}}],"output":[]}
{"resourceType":"Task","id":"T.Broad-Muscle-Bonnemann-WES-Sa-BON-B18-26-1-1","status":"accepted","intent":"unknown","input":[{"type":{"coding":[{"code":"Specimen"}]},"valueReference":{"reference":"Specimen/Broad-Muscle-Bonnemann-WES-Sa-BON-B18-26-1-1"}}],"output":[]}
{"resourceType":"Task","id":"T.Broad-Muscle-Bonnemann-WES-Sa-BON-B18-26-2-1","status":"accepted","intent":"unknown","input":[{"type":{"coding":[{"code":"Specimen"}]},"valueReference":{"reference":"Specimen/Broad-Muscle-Bonnemann-WES-Sa-BON-B18-26-2-1"}}],"output":[]}
{"resourceType":"Task","id":"T.Broad-Muscle-Bonnemann-WES-Sa-BON-B18-26-3-1","status":"accepted","intent":"unknown","input":[{"type":{"coding":[{"code":"Specimen"}]},"valueReference":{"reference":"Specimen/Broad-Muscle-Bonnemann-WES-Sa-BON-B18-26-3-1"}}],"output":[]}
{"resourceType":"Task","id":"T.Broad-Muscle-Bonnemann-WES-Sa-BON-B18-37-1-1","status":"accepted","intent":"unknown","input":[{"type":{"coding":[{"code":"Specimen"}]},"valueReference":{"reference":"Specimen/Broad-Muscle-Bonnemann-WES-Sa-BON-B18-37-1-1"}}],"output":[]}
{"resourceType":"Task","id":"T.Broad-Muscle-Bonnemann-WES-Sa-BON-B18-37-2-1","status":"accepted","intent":"unknown","input":[{"type":{"coding":[{"code":"Specimen"}]},"valueReference":{"reference":"Specimen/Broad-Muscle-Bonnemann-WES-Sa-BON-B18-37-2-1"}}],"output":[]}
{"resourceType":"Task","id":"T.Broad-Muscle-Bonnemann-WES-Sa-BON-B18-37-3-1","status":"accepted","intent":"unknown","input":[{"type":{"coding":[{"code":"Specimen"}]},"valueReference":{"reference":"Specimen/Broad-Muscle-Bonnemann-WES-Sa-BON-B18-37-3-1"}}],"output":[]}
{"resourceType":"Task","id":"T.Broad-Muscle-Bonnemann-WES-Sa-BON-B18-48-1-1","status":"accepted","intent":"unknown","input":[{"type":{"coding":[{"code":"Specimen"}]},"valueReference":{"reference":"Specimen/Broad-Muscle-Bonnemann-WES-Sa-BON-B18-48-1-1"}}],"output":[]}
{"resourceType":"Task","id":"T.Broad-Muscle-Bonnemann-WES-Sa-BON-B18-50-1-1","status":"accepted","intent":"unknown","input":[{"type":{"coding":[{"code":"Specimen"}]},"valueReference":{"reference":"Specimen/Broad-Muscle-Bonnemann-WES-Sa-BON-B18-50-1-1"}}],"output":[]}
{"resourceType":"Task","id":"T.Broad-Muscle-Bonnemann-WES-Sa-BON-B18-50-2-1","status":"accepted","intent":"unknown","input":[{"type":{"coding":[{"code":"Specimen"}]},"valueReference":{"reference":"Specimen/Broad-Muscle-Bonnemann-WES-Sa-BON-B18-50-2-1"}}],"output":[]}
{"resourceType":"Task","id":"T.Broad-Muscle-Bonnemann-WES-Sa-BON-B18-50-3-1","status":"accepted","intent":"unknown","input":[{"type":{"coding":[{"code":"Specimen"}]},"valueReference":{"reference":"Specimen/Broad-Muscle-Bonnemann-WES-Sa-BON-B18-50-3-1"}}],"output":[]}
{"resourceType":"Task","id":"T.Broad-Muscle-Bonnemann-WES-Sa-BON-B18-54-1-1","status":"accepted","intent":"unknown","input":[{"type":{"coding":[{"code":"Specimen"}]},"valueReference":{"reference":"Specimen/Broad-Muscle-Bonnemann-WES-Sa-BON-B18-54-1-1"}}],"output":[]}
{"resourceType":"Task","id":"T.Broad-Muscle-Bonnemann-WES-Sa-BON-B18-54-2-1","status":"accepted","intent":"unknown","input":[{"type":{"coding":[{"code":"Specimen"}]},"valueReference":{"reference":"Specimen/Broad-Muscle-Bonnemann-WES-Sa-BON-B18-54-2-1"}}],"output":[]}
{"resourceType":"Task","id":"T.Broad-Muscle-Bonnemann-WES-Sa-BON-B18-54-3-1","status":"accepted","intent":"unknown","input":[{"type":{"coding":[{"code":"Specimen"}]},"valueReference":{"reference":"Specimen/Broad-Muscle-Bonnemann-WES-Sa-BON-B18-54-3-1"}}],"output":[]}
{"resourceType":"Task","id":"T.Broad-Muscle-Bonnemann-WES-Sa-BON-B18-55-1-1","status":"accepted","intent":"unknown","input":[{"type":{"coding":[{"code":"Specimen"}]},"valueReference":{"reference":"Specimen/Broad-Muscle-Bonnemann-WES-Sa-BON-B18-55-1-1"}}],"output":[]}
{"resourceType":"Task","id":"T.Broad-Muscle-Bonnemann-WES-Sa-BON-B18-55-2-1","status":"accepted","intent":"unknown","input":[{"type":{"coding":[{"code":"Specimen"}]},"valueReference":{"reference":"Specimen/Broad-Muscle-Bonnemann-WES-Sa-BON-B18-55-2-1"}}],"output":[]}
{"resourceType":"Task","id":"T.Broad-Muscle-Bonnemann-WES-Sa-BON-B18-55-3-1","status":"accepted","intent":"unknown","input":[{"type":{"coding":[{"code":"Specimen"}]},"valueReference":{"reference":"Specimen/Broad-Muscle-Bonnemann-WES-Sa-BON-B18-55-3-1"}}],"output":[]}
{"resourceType":"Task","id":"T.Broad-Muscle-Bonnemann-WES-Sa-BON-B18-61-1-1","status":"accepted","intent":"unknown","input":[{"type":{"coding":[{"code":"Specimen"}]},"valueReference":{"reference":"Specimen/Broad-Muscle-Bonnemann-WES-Sa-BON-B18-61-1-1"}}],"output":[]}
{"resourceType":"Task","id":"T.Broad-Muscle-Bonnemann-WES-Sa-BON-B18-61-2-1","status":"accepted","intent":"unknown","input":[{"type":{"coding":[{"code":"Specimen"}]},"valueReference":{"reference":"Specimen/Broad-Muscle-Bonnemann-WES-Sa-BON-B18-61-2-1"}}],"output":[]}
{"resourceType":"Task","id":"T.Broad-Muscle-Bonnemann-WES-Sa-BON-B18-61-3-1","status":"accepted","intent":"unknown","input":[{"type":{"coding":[{"code":"Specimen"}]},"valueReference":{"reference":"Specimen/Broad-Muscle-Bonnemann-WES-Sa-BON-B18-61-3-1"}}],"output":[]}
{"resourceType":"Task","id":"T.Broad-Muscle-Bonnemann-WES-Sa-BON-B18-73-1-1","status":"accepted","intent":"unknown","input":[{"type":{"coding":[{"code":"Specimen"}]},"valueReference":{"reference":"Specimen/Broad-Muscle-Bonnemann-WES-Sa-BON-B18-73-1-1"}}],"output":[]}
{"resourceType":"Task","id":"T.Broad-Muscle-Bonnemann-WES-Sa-BON-B18-73-2-1","status":"accepted","intent":"unknown","input":[{"type":{"coding":[{"code":"Specimen"}]},"valueReference":{"reference":"Specimen/Broad-Muscle-Bonnemann-WES-Sa-BON-B18-73-2-1"}}],"output":[]}
{"resourceType":"Task","id":"T.Broad-Muscle-Bonnemann-WES-Sa-BON-B18-73-3-1","status":"accepted","intent":"unknown","input":[{"type":{"coding":[{"code":"Specimen"}]},"valueReference":{"reference":"Specimen/Broad-Muscle-Bonnemann-WES-Sa-BON-B18-73-3-1"}}],"output":[]}
{"resourceType":"Task","id":"T.Broad-Muscle-Bonnemann-WES-Sa-BON-B18-27-1-D1","status":"accepted","intent":"unknown","input":[{"type":{"coding":[{"code":"Specimen"}]},"valueReference":{"reference":"Specimen/Broad-Muscle-Bonnemann-WES-Sa-BON-B18-27-1-D1"}}],"output":[]}
{"resourceType":"Task","id":"T.Broad-Muscle-Bonnemann-WES-Sa-BON-B18-39-1-D1","status":"accepted","intent":"unknown","input":[{"type":{"coding":[{"code":"Specimen"}]},"valueReference":{"reference":"Specimen/Broad-Muscle-Bonnemann-WES-Sa-BON-B18-39-1-D1"}}],"output":[]}
{"resourceType":"Task","id":"T.Broad-Muscle-Bonnemann-WES-Sa-BON-B18-39-2-D1","status":"accepted","intent":"unknown","input":[{"type":{"coding":[{"code":"Specimen"}]},"valueReference":{"reference":"Specimen/Broad-Muscle-Bonnemann-WES-Sa-BON-B18-39-2-D1"}}],"output":[]}
{"resourceType":"Task","id":"T.Broad-Muscle-Bonnemann-WES-Sa-BON-B18-65-1-D1","status":"accepted","intent":"unknown","input":[{"type":{"coding":[{"code":"Specimen"}]},"valueReference":{"reference":"Specimen/Broad-Muscle-Bonnemann-WES-Sa-BON-B18-65-1-D1"}}],"output":[]}
{"resourceType":"Task","id":"T.Broad-Muscle-Bonnemann-WES-Sa-BON-B18-65-2-D1","status":"accepted","intent":"unknown","input":[{"type":{"coding":[{"code":"Specimen"}]},"valueReference":{"reference":"Specimen/Broad-Muscle-Bonnemann-WES-Sa-BON-B18-65-2-D1"}}],"output":[]}
{"resourceType":"Task","id":"T.Broad-Muscle-Bonnemann-WES-Sa-BON-B18-65-3-D1","status":"accepted","intent":"unknown","input":[{"type":{"coding":[{"code":"Specimen"}]},"valueReference":{"reference":"Specimen/Broad-Muscle-Bonnemann-WES-Sa-BON-B18-65-3-D1"}}],"output":[]}
{"resourceType":"Task","id":"T.Broad-Muscle-Bonnemann-WES-Sa-BON-B18-82-1-D1","status":"accepted","intent":"unknown","input":[{"type":{"coding":[{"code":"Specimen"}]},"valueReference":{"reference":"Specimen/Broad-Muscle-Bonnemann-WES-Sa-BON-B18-82-1-D1"}}],"output":[]}
{"resourceType":"Task","id":"T.Broad-Muscle-Bonnemann-WES-Sa-BON-UC355-1-1","status":"accepted","intent":"unknown","input":[{"type":{"coding":[{"code":"Specimen"}]},"valueReference":{"reference":"Specimen/Broad-Muscle-Bonnemann-WES-Sa-BON-UC355-1-1"}}],"output":[]}
{"resourceType":"Task","id":"T.Broad-Muscle-Bonnemann-WES-Sa-BON-UC355-2-1","status":"accepted","intent":"unknown","input":[{"type":{"coding":[{"code":"Specimen"}]},"valueReference":{"reference":"Specimen/Broad-Muscle-Bonnemann-WES-Sa-BON-UC355-2-1"}}],"output":[]}
{"resourceType":"Task","id":"T.Broad-Muscle-Bonnemann-WES-Sa-BON-UC355-3-1","status":"accepted","intent":"unknown","input":[{"type":{"coding":[{"code":"Specimen"}]},"valueReference":{"reference":"Specimen/Broad-Muscle-Bonnemann-WES-Sa-BON-UC355-3-1"}}],"output":[]}
{"resourceType":"Task","id":"T.Broad-Muscle-Bonnemann-WES-Sa-BON-UC35-1-1","status":"accepted","intent":"unknown","input":[{"type":{"coding":[{"code":"Specimen"}]},"valueReference":{"reference":"Specimen/Broad-Muscle-Bonnemann-WES-Sa-BON-UC35-1-1"}}],"output":[]}
{"resourceType":"Task","id":"T.Broad-Muscle-Bonnemann-WES-Sa-BON-UC35-2-1","status":"accepted","intent":"unknown","input":[{"type":{"coding":[{"code":"Specimen"}]},"valueReference":{"reference":"Specimen/Broad-Muscle-Bonnemann-WES-Sa-BON-UC35-2-1"}}],"output":[]}
{"resourceType":"Task","id":"T.Broad-Muscle-Bonnemann-WES-Sa-BON-UC35-3-1","status":"accepted","intent":"unknown","input":[{"type":{"coding":[{"code":"Specimen"}]},"valueReference":{"reference":"Specimen/Broad-Muscle-Bonnemann-WES-Sa-BON-UC35-3-1"}}],"output":[]}
{"resourceType":"Task","id":"T.Broad-Muscle-Bonnemann-WES-Sa-BON-UC499-1-1","status":"accepted","intent":"unknown","input":[{"type":{"coding":[{"code":"Specimen"}]},"valueReference":{"reference":"Specimen/Broad-Muscle-Bonnemann-WES-Sa-BON-UC499-1-1"}}],"output":[]}
{"resourceType":"Task","id":"T.Broad-Muscle-Bonnemann-WES-Sa-BON-UC499-3-1","status":"accepted","intent":"unknown","input":[{"type":{"coding":[{"code":"Specimen"}]},"valueReference":{"reference":"Specimen/Broad-Muscle-Bonnemann-WES-Sa-BON-UC499-3-1"}}],"output":[]}
{"resourceType":"Task","id":"T.Broad-Muscle-Bonnemann-WES-Sa-BON-UC499-4-1","status":"accepted","intent":"unknown","input":[{"type":{"coding":[{"code":"Specimen"}]},"valueReference":{"reference":"Specimen/Broad-Muscle-Bonnemann-WES-Sa-BON-UC499-4-1"}}],"output":[]}
{"resourceType":"Task","id":"T.Broad-Muscle-Bonnemann-WES-Sa-BON-UC516-1-1","status":"accepted","intent":"unknown","input":[{"type":{"coding":[{"code":"Specimen"}]},"valueReference":{"reference":"Specimen/Broad-Muscle-Bonnemann-WES-Sa-BON-UC516-1-1"}}],"output":[]}
{"resourceType":"Task","id":"T.Broad-Muscle-Bonnemann-WES-Sa-BON-UC516-2-1","status":"accepted","intent":"unknown","input":[{"type":{"coding":[{"code":"Specimen"}]},"valueReference":{"reference":"Specimen/Broad-Muscle-Bonnemann-WES-Sa-BON-UC516-2-1"}}],"output":[]}
{"resourceType":"Task","id":"T.Broad-Muscle-Bonnemann-WES-Sa-BON-UC516-3-1","status":"accepted","intent":"unknown","input":[{"type":{"coding":[{"code":"Specimen"}]},"valueReference":{"reference":"Specimen/Broad-Muscle-Bonnemann-WES-Sa-BON-UC516-3-1"}}],"output":[]}
{"resourceType":"Task","id":"T.Broad-Muscle-Bonnemann-WES-Sa-BON-UC522-1-D1","status":"accepted","intent":"unknown","input":[{"type":{"coding":[{"code":"Specimen"}]},"valueReference":{"reference":"Specimen/Broad-Muscle-Bonnemann-WES-Sa-BON-UC522-1-D1"}}],"output":[]}
{"resourceType":"Task","id":"T.Broad-Muscle-Bonnemann-WES-Sa-BON-UC522-2-D1","status":"accepted","intent":"unknown","input":[{"type":{"coding":[{"code":"Specimen"}]},"valueReference":{"reference":"Specimen/Broad-Muscle-Bonnemann-WES-Sa-BON-UC522-2-D1"}}],"output":[]}
{"resourceType":"Task","id":"T.Broad-Muscle-Bonnemann-WES-Sa-BON-UC522-3-D1","status":"accepted","intent":"unknown","input":[{"type":{"coding":[{"code":"Specimen"}]},"valueReference":{"reference":"Specimen/Broad-Muscle-Bonnemann-WES-Sa-BON-UC522-3-D1"}}],"output":[]}
{"resourceType":"Task","id":"T.Broad-Muscle-Bonnemann-WES-Sa-BON-UC522-4-D1","status":"accepted","intent":"unknown","input":[{"type":{"coding":[{"code":"Specimen"}]},"valueReference":{"reference":"Specimen/Broad-Muscle-Bonnemann-WES-Sa-BON-UC522-4-D1"}}],"output":[]}
