{"resourceType":"Observation","id":"VIL-CMG-Broad-Orphan-Estonia-Ounap-WGS-Su-HK009-0023-OMIM-615502","meta":{"profile":["http://fhir.ncpi-project-forge.io/StructureDefinition/ncpi-phenotype"]},"identifier":[{"system":"urn:ncpi:unique-string","value":"VIL-CMG-Broad-Orphan-Estonia-Ounap-WGS-Su-HK009-0023-OMIM-615502"}],"status":"final","code":{"coding":[{"system":"http://purl.obolibrary.org/obo/omim.owl","code":"OMIM:615502","display":"MENTAL RETARDATION, AUTOSOMAL DOMINANT 21; MRD21"}],"text":"MENTAL RETARDATION, AUTOSOMAL DOMINANT 21; MRD21"},"subject":{"reference":"Patient/P.AnVIL-CMG-Broad-Orphan-Estonia-Ounap-WGS-Su-HK009-0023"},"valueCodeableConcept":{"coding":[{"system":"http://snomed.info/sct","code":"373573001","display":"Clinical finding present (situation)"}],"text":"Phenotype Present"},"interpretation":[{"coding":[{"system":"http://terminology.hl7.org/CodeSystem/v3-ObservationInterpretation","code":"POS","display":"Positive"}],"text":"Present"}],"extension":[]}
{"resourceType":"Observation","id":"VIL-CMG-Broad-Orphan-Estonia-Ounap-WGS-Su-HK009-0024-OMIM-615502","meta":{"profile":["http://fhir.ncpi-project-forge.io/StructureDefinition/ncpi-phenotype"]},"identifier":[{"system":"urn:ncpi:unique-string","value":"VIL-CMG-Broad-Orphan-Estonia-Ounap-WGS-Su-HK009-0024-OMIM-615502"}],"status":"final","code":{"coding":[{"system":"http://purl.obolibrary.org/obo/omim.owl","code":"OMIM:615502","display":"MENTAL RETARDATION, AUTOSOMAL DOMINANT 21; MRD21"}],"text":"MENTAL RETARDATION, AUTOSOMAL DOMINANT 21; MRD21"},"subject":{"reference":"Patient/P.AnVIL-CMG-Broad-Orphan-Estonia-Ounap-WGS-Su-HK009-0024"},"valueCodeableConcept":{"coding":[{"system":"http://snomed.info/sct","code":"373573001","display":"Clinical finding present (situation)"}],"text":"Phenotype Present"},"interpretation":[{"coding":[{"system":"http://terminology.hl7.org/CodeSystem/v3-ObservationInterpretation","code":"POS","display":"Positive"}],"text":"Present"}],"extension":[]}
{"resourceType":"Observation","id":"VIL-CMG-Broad-Orphan-Estonia-Ounap-WGS-Su-HK009-0025-OMIM-615502","meta":{"profile":["http://fhir.ncpi-project-forge.io/StructureDefinition/ncpi-phenotype"]},"identifier":[{"system":"urn:ncpi:unique-string","value":"VIL-CMG-Broad-Orphan-Estonia-Ounap-WGS-Su-HK009-0025-OMIM-615502"}],"status":"final","code":{"coding":[{"system":"http://purl.obolibrary.org/obo/omim.owl","code":"OMIM:615502","display":"MENTAL RETARDATION, AUTOSOMAL DOMINANT 21; MRD21"}],"text":"MENTAL RETARDATION, AUTOSOMAL DOMINANT 21; MRD21"},"subject":{"reference":"Patient/P.AnVIL-CMG-Broad-Orphan-Estonia-Ounap-WGS-Su-HK009-0025"},"valueCodeableConcept":{"coding":[{"system":"http://snomed.info/sct","code":"373573001","display":"Clinical finding present (situation)"}],"text":"Phenotype Present"},"interpretation":[{"coding":[{"system":"http://terminology.hl7.org/CodeSystem/v3-ObservationInterpretation","code":"POS","display":"Positive"}],"text":"Present"}],"extension":[]}
{"resourceType":"Observation","id":"VIL-CMG-Broad-Orphan-Estonia-Ounap-WGS-Su-HK011-0029-OMIM-613192","meta":{"profile":["http://fhir.ncpi-project-forge.io/StructureDefinition/ncpi-phenotype"]},"identifier":[{"system":"urn:ncpi:unique-string","value":"VIL-CMG-Broad-Orphan-Estonia-Ounap-WGS-Su-HK011-0029-OMIM-613192"}],"status":"final","code":{"coding":[{"system":"http://purl.obolibrary.org/obo/omim.owl","code":"OMIM:613192","display":"MENTAL RETARDATION, AUTOSOMAL RECESSIVE 13; MRT13"}],"text":"MENTAL RETARDATION, AUTOSOMAL RECESSIVE 13; MRT13"},"subject":{"reference":"Patient/P.AnVIL-CMG-Broad-Orphan-Estonia-Ounap-WGS-Su-HK011-0029"},"valueCodeableConcept":{"coding":[{"system":"http://snomed.info/sct","code":"373573001","display":"Clinical finding present (situation)"}],"text":"Phenotype Present"},"interpretation":[{"coding":[{"system":"http://terminology.hl7.org/CodeSystem/v3-ObservationInterpretation","code":"POS","display":"Positive"}],"text":"Present"}],"extension":[]}
{"resourceType":"Observation","id":"VIL-CMG-Broad-Orphan-Estonia-Ounap-WGS-Su-HK011-0030-OMIM-613192","meta":{"profile":["http://fhir.ncpi-project-forge.io/StructureDefinition/ncpi-phenotype"]},"identifier":[{"system":"urn:ncpi:unique-string","value":"VIL-CMG-Broad-Orphan-Estonia-Ounap-WGS-Su-HK011-0030-OMIM-613192"}],"status":"final","code":{"coding":[{"system":"http://purl.obolibrary.org/obo/omim.owl","code":"OMIM:613192","display":"MENTAL RETARDATION, AUTOSOMAL RECESSIVE 13; MRT13"}],"text":"MENTAL RETARDATION, AUTOSOMAL RECESSIVE 13; MRT13"},"subject":{"reference":"Patient/P.AnVIL-CMG-Broad-Orphan-Estonia-Ounap-WGS-Su-HK011-0030"},"valueCodeableConcept":{"coding":[{"system":"http://snomed.info/sct","code":"373573001","display":"Clinical finding present (situation)"}],"text":"Phenotype Present"},"interpretation":[{"coding":[{"system":"http://terminology.hl7.org/CodeSystem/v3-ObservationInterpretation","code":"POS","display":"Positive"}],"text":"Present"}],"extension":[]}
{"resourceType":"Observation","id":"L-CMG-Broad-Orphan-Estonia-Ounap-WGS-Su-HK011-0030-3-OMIM-613192","meta":{"profile":["http://fhir.ncpi-project-forge.io/StructureDefinition/ncpi-phenotype"]},"identifier":[{"system":"urn:ncpi:unique-string","value":"L-CMG-Broad-Orphan-Estonia-Ounap-WGS-Su-HK011-0030-3-OMIM-613192"}],"status":"final","code":{"coding":[{"system":"http://purl.obolibrary.org/obo/omim.owl","code":"OMIM:613192","display":"MENTAL RETARDATION, AUTOSOMAL RECESSIVE 13; MRT13"}],"text":"MENTAL RETARDATION, AUTOSOMAL RECESSIVE 13; MRT13"},"subject":{"reference":"Patient/P.AnVIL-CMG-Broad-Orphan-Estonia-Ounap-WGS-Su-HK011-0030-3"},"valueCodeableConcept":{"coding":[{"system":"http://snomed.info/sct","code":"373573001","display":"Clinical finding present (situation)"}],"text":"Phenotype Present"},"interpretation":[{"coding":[{"system":"http://terminology.hl7.org/CodeSystem/v3-ObservationInterpretation","code":"POS","display":"Positive"}],"text":"Present"}],"extension":[]}
{"resourceType":"Observation","id":"VIL-CMG-Broad-Orphan-Estonia-Ounap-WGS-Su-HK012-0031-OMIM-613205","meta":{"profile":["http://fhir.ncpi-project-forge.io/StructureDefinition/ncpi-phenotype"]},"identifier":[{"system":"urn:ncpi:unique-string","value":"VIL-CMG-Broad-Orphan-Estonia-Ounap-WGS-Su-HK012-0031-OMIM-613205"}],"status":"final","code":{"coding":[{"system":"http://purl.obolibrary.org/obo/omim.owl","code":"OMIM:613205","display":"MUSCULAR DYSTROPHY, CONGENITAL, LMNA-RELATED"}],"text":"MUSCULAR DYSTROPHY, CONGENITAL, LMNA-RELATED"},"subject":{"reference":"Patient/P.AnVIL-CMG-Broad-Orphan-Estonia-Ounap-WGS-Su-HK012-0031"},"valueCodeableConcept":{"coding":[{"system":"http://snomed.info/sct","code":"373573001","display":"Clinical finding present (situation)"}],"text":"Phenotype Present"},"interpretation":[{"coding":[{"system":"http://terminology.hl7.org/CodeSystem/v3-ObservationInterpretation","code":"POS","display":"Positive"}],"text":"Present"}],"extension":[]}
{"resourceType":"Observation","id":"L-CMG-Broad-Orphan-Estonia-Ounap-WGS-Su-HK012-0031-2-OMIM-613205","meta":{"profile":["http://fhir.ncpi-project-forge.io/StructureDefinition/ncpi-phenotype"]},"identifier":[{"system":"urn:ncpi:unique-string","value":"L-CMG-Broad-Orphan-Estonia-Ounap-WGS-Su-HK012-0031-2-OMIM-613205"}],"status":"final","code":{"coding":[{"system":"http://purl.obolibrary.org/obo/omim.owl","code":"OMIM:613205","display":"MUSCULAR DYSTROPHY, CONGENITAL, LMNA-RELATED"}],"text":"MUSCULAR DYSTROPHY, CONGENITAL, LMNA-RELATED"},"subject":{"reference":"Patient/P.AnVIL-CMG-Broad-Orphan-Estonia-Ounap-WGS-Su-HK012-0031-2"},"valueCodeableConcept":{"coding":[{"system":"http://snomed.info/sct","code":"373573001","display":"Clinical finding present (situation)"}],"text":"Phenotype Present"},"interpretation":[{"coding":[{"system":"http://terminology.hl7.org/CodeSystem/v3-ObservationInterpretation","code":"POS","display":"Positive"}],"text":"Present"}],"extension":[]}
{"resourceType":"Observation","id":"L-CMG-Broad-Orphan-Estonia-Ounap-WGS-Su-HK012-0031-3-OMIM-613205","meta":{"profile":["http://fhir.ncpi-project-forge.io/StructureDefinition/ncpi-phenotype"]},"identifier":[{"system":"urn:ncpi:unique-string","value":"L-CMG-Broad-Orphan-Estonia-Ounap-WGS-Su-HK012-0031-3-OMIM-613205"}],"status":"final","code":{"coding":[{"system":"http://purl.obolibrary.org/obo/omim.owl","code":"OMIM:613205","display":"MUSCULAR DYSTROPHY, CONGENITAL, LMNA-RELATED"}],"text":"MUSCULAR DYSTROPHY, CONGENITAL, LMNA-RELATED"},"subject":{"reference":"Patient/P.AnVIL-CMG-Broad-Orphan-Estonia-Ounap-WGS-Su-HK012-0031-3"},"valueCodeableConcept":{"coding":[{"system":"http://snomed.info/sct","code":"373573001","display":"Clinical finding present (situation)"}],"text":"Phenotype Present"},"interpretation":[{"coding":[{"system":"http://terminology.hl7.org/CodeSystem/v3-ObservationInterpretation","code":"POS","display":"Positive"}],"text":"Present"}],"extension":[]}
{"resourceType":"Observation","id":"L-CMG-Broad-Orphan-Estonia-Ounap-WGS-Su-HK029-0076-2-OMIM-616789","meta":{"profile":["http://fhir.ncpi-project-forge.io/StructureDefinition/ncpi-phenotype"]},"identifier":[{"system":"urn:ncpi:unique-string","value":"L-CMG-Broad-Orphan-Estonia-Ounap-WGS-Su-HK029-0076-2-OMIM-616789"}],"status":"final","code":{"coding":[{"system":"http://purl.obolibrary.org/obo/omim.owl","code":"OMIM:616789","display":"MENTAL RETARDATION AND DISTINCTIVE FACIAL FEATURES WITH OR WITHOUT CARDIAC DEFECTS; MRFACD"}],"text":"MENTAL RETARDATION AND DISTINCTIVE FACIAL FEATURES WITH OR WITHOUT CARDIAC DEFECTS; MRFACD"},"subject":{"reference":"Patient/P.AnVIL-CMG-Broad-Orphan-Estonia-Ounap-WGS-Su-HK029-0076-2"},"valueCodeableConcept":{"coding":[{"system":"http://snomed.info/sct","code":"373573001","display":"Clinical finding present (situation)"}],"text":"Phenotype Present"},"interpretation":[{"coding":[{"system":"http://terminology.hl7.org/CodeSystem/v3-ObservationInterpretation","code":"POS","display":"Positive"}],"text":"Present"}],"extension":[]}
{"resourceType":"Observation","id":"L-CMG-Broad-Orphan-Estonia-Ounap-WGS-Su-HK029-0076-3-OMIM-616789","meta":{"profile":["http://fhir.ncpi-project-forge.io/StructureDefinition/ncpi-phenotype"]},"identifier":[{"system":"urn:ncpi:unique-string","value":"L-CMG-Broad-Orphan-Estonia-Ounap-WGS-Su-HK029-0076-3-OMIM-616789"}],"status":"final","code":{"coding":[{"system":"http://purl.obolibrary.org/obo/omim.owl","code":"OMIM:616789","display":"MENTAL RETARDATION AND DISTINCTIVE FACIAL FEATURES WITH OR WITHOUT CARDIAC DEFECTS; MRFACD"}],"text":"MENTAL RETARDATION AND DISTINCTIVE FACIAL FEATURES WITH OR WITHOUT CARDIAC DEFECTS; MRFACD"},"subject":{"reference":"Patient/P.AnVIL-CMG-Broad-Orphan-Estonia-Ounap-WGS-Su-HK029-0076-3"},"valueCodeableConcept":{"coding":[{"system":"http://snomed.info/sct","code":"373573001","display":"Clinical finding present (situation)"}],"text":"Phenotype Present"},"interpretation":[{"coding":[{"system":"http://terminology.hl7.org/CodeSystem/v3-ObservationInterpretation","code":"POS","display":"Positive"}],"text":"Present"}],"extension":[]}
{"resourceType":"Observation","id":"VIL-CMG-Broad-Orphan-Estonia-Ounap-WGS-Su-HK029-0076-OMIM-616789","meta":{"profile":["http://fhir.ncpi-project-forge.io/StructureDefinition/ncpi-phenotype"]},"identifier":[{"system":"urn:ncpi:unique-string","value":"VIL-CMG-Broad-Orphan-Estonia-Ounap-WGS-Su-HK029-0076-OMIM-616789"}],"status":"final","code":{"coding":[{"system":"http://purl.obolibrary.org/obo/omim.owl","code":"OMIM:616789","display":"MENTAL RETARDATION AND DISTINCTIVE FACIAL FEATURES WITH OR WITHOUT CARDIAC DEFECTS; MRFACD"}],"text":"MENTAL RETARDATION AND DISTINCTIVE FACIAL FEATURES WITH OR WITHOUT CARDIAC DEFECTS; MRFACD"},"subject":{"reference":"Patient/P.AnVIL-CMG-Broad-Orphan-Estonia-Ounap-WGS-Su-HK029-0076"},"valueCodeableConcept":{"coding":[{"system":"http://snomed.info/sct","code":"373573001","display":"Clinical finding present (situation)"}],"text":"Phenotype Present"},"interpretation":[{"coding":[{"system":"http://terminology.hl7.org/CodeSystem/v3-ObservationInterpretation","code":"POS","display":"Positive"}],"text":"Present"}],"extension":[]}
{"resourceType":"Observation","id":"VIL-CMG-Broad-Orphan-Estonia-Ounap-WGS-Su-HK031-0078-OMIM-618088","meta":{"profile":["http://fhir.ncpi-project-forge.io/StructureDefinition/ncpi-phenotype"]},"identifier":[{"system":"urn:ncpi:unique-string","value":"VIL-CMG-Broad-Orphan-Estonia-Ounap-WGS-Su-HK031-0078-OMIM-618088"}],"status":"final","code":{"coding":[{"system":"http://purl.obolibrary.org/obo/omim.owl","code":"OMIM:618088","display":"NEURODEVELOPMENTAL DISORDER WITH REGRESSION, ABNORMAL MOVEMENTS, LOSS OF SPEECH, AND SEIZURES; NEDAMSS"}],"text":"NEURODEVELOPMENTAL DISORDER WITH REGRESSION, ABNORMAL MOVEMENTS, LOSS OF SPEECH, AND SEIZURES; NEDAMSS"},"subject":{"reference":"Patient/P.AnVIL-CMG-Broad-Orphan-Estonia-Ounap-WGS-Su-HK031-0078"},"valueCodeableConcept":{"coding":[{"system":"http://snomed.info/sct","code":"373573001","display":"Clinical finding present (situation)"}],"text":"Phenotype Present"},"interpretation":[{"coding":[{"system":"http://terminology.hl7.org/CodeSystem/v3-ObservationInterpretation","code":"POS","display":"Positive"}],"text":"Present"}],"extension":[]}
{"resourceType":"Observation","id":"VIL-CMG-Broad-Orphan-Estonia-Ounap-WGS-Su-HK031-0079-OMIM-618088","meta":{"profile":["http://fhir.ncpi-project-forge.io/StructureDefinition/ncpi-phenotype"]},"identifier":[{"system":"urn:ncpi:unique-string","value":"VIL-CMG-Broad-Orphan-Estonia-Ounap-WGS-Su-HK031-0079-OMIM-618088"}],"status":"final","code":{"coding":[{"system":"http://purl.obolibrary.org/obo/omim.owl","code":"OMIM:618088","display":"NEURODEVELOPMENTAL DISORDER WITH REGRESSION, ABNORMAL MOVEMENTS, LOSS OF SPEECH, AND SEIZURES; NEDAMSS"}],"text":"NEURODEVELOPMENTAL DISORDER WITH REGRESSION, ABNORMAL MOVEMENTS, LOSS OF SPEECH, AND SEIZURES; NEDAMSS"},"subject":{"reference":"Patient/P.AnVIL-CMG-Broad-Orphan-Estonia-Ounap-WGS-Su-HK031-0079"},"valueCodeableConcept":{"coding":[{"system":"http://snomed.info/sct","code":"373573001","display":"Clinical finding present (situation)"}],"text":"Phenotype Present"},"interpretation":[{"coding":[{"system":"http://terminology.hl7.org/CodeSystem/v3-ObservationInterpretation","code":"POS","display":"Positive"}],"text":"Present"}],"extension":[]}
{"resourceType":"Observation","id":"VIL-CMG-Broad-Orphan-Estonia-Ounap-WGS-Su-HK031-0080-OMIM-618088","meta":{"profile":["http://fhir.ncpi-project-forge.io/StructureDefinition/ncpi-phenotype"]},"identifier":[{"system":"urn:ncpi:unique-string","value":"VIL-CMG-Broad-Orphan-Estonia-Ounap-WGS-Su-HK031-0080-OMIM-618088"}],"status":"final","code":{"coding":[{"system":"http://purl.obolibrary.org/obo/omim.owl","code":"OMIM:618088","display":"NEURODEVELOPMENTAL DISORDER WITH REGRESSION, ABNORMAL MOVEMENTS, LOSS OF SPEECH, AND SEIZURES; NEDAMSS"}],"text":"NEURODEVELOPMENTAL DISORDER WITH REGRESSION, ABNORMAL MOVEMENTS, LOSS OF SPEECH, AND SEIZURES; NEDAMSS"},"subject":{"reference":"Patient/P.AnVIL-CMG-Broad-Orphan-Estonia-Ounap-WGS-Su-HK031-0080"},"valueCodeableConcept":{"coding":[{"system":"http://snomed.info/sct","code":"373573001","display":"Clinical finding present (situation)"}],"text":"Phenotype Present"},"interpretation":[{"coding":[{"system":"http://terminology.hl7.org/CodeSystem/v3-ObservationInterpretation","code":"POS","display":"Positive"}],"text":"Present"}],"extension":[]}
{"resourceType":"Observation","id":"L-CMG-Broad-Orphan-Estonia-Ounap-WGS-Su-HK069-0177-1-OMIM-260565","meta":{"profile":["http://fhir.ncpi-project-forge.io/StructureDefinition/ncpi-phenotype"]},"identifier":[{"system":"urn:ncpi:unique-string","value":"L-CMG-Broad-Orphan-Estonia-Ounap-WGS-Su-HK069-0177-1-OMIM-260565"}],"status":"final","code":{"coding":[{"system":"http://purl.obolibrary.org/obo/omim.owl","code":"OMIM:260565","display":"PEHO SYNDROME; PEHO"}],"text":"PEHO SYNDROME; PEHO"},"subject":{"reference":"Patient/P.AnVIL-CMG-Broad-Orphan-Estonia-Ounap-WGS-Su-HK069-0177-1"},"valueCodeableConcept":{"coding":[{"system":"http://snomed.info/sct","code":"373573001","display":"Clinical finding present (situation)"}],"text":"Phenotype Present"},"interpretation":[{"coding":[{"system":"http://terminology.hl7.org/CodeSystem/v3-ObservationInterpretation","code":"POS","display":"Positive"}],"text":"Present"}],"extension":[]}
{"resourceType":"Observation","id":"L-CMG-Broad-Orphan-Estonia-Ounap-WGS-Su-HK069-0178-1-OMIM-260565","meta":{"profile":["http://fhir.ncpi-project-forge.io/StructureDefinition/ncpi-phenotype"]},"identifier":[{"system":"urn:ncpi:unique-string","value":"L-CMG-Broad-Orphan-Estonia-Ounap-WGS-Su-HK069-0178-1-OMIM-260565"}],"status":"final","code":{"coding":[{"system":"http://purl.obolibrary.org/obo/omim.owl","code":"OMIM:260565","display":"PEHO SYNDROME; PEHO"}],"text":"PEHO SYNDROME; PEHO"},"subject":{"reference":"Patient/P.AnVIL-CMG-Broad-Orphan-Estonia-Ounap-WGS-Su-HK069-0178-1"},"valueCodeableConcept":{"coding":[{"system":"http://snomed.info/sct","code":"373573001","display":"Clinical finding present (situation)"}],"text":"Phenotype Present"},"interpretation":[{"coding":[{"system":"http://terminology.hl7.org/CodeSystem/v3-ObservationInterpretation","code":"POS","display":"Positive"}],"text":"Present"}],"extension":[]}
{"resourceType":"Observation","id":"L-CMG-Broad-Orphan-Estonia-Ounap-WGS-Su-HK069-0179-1-OMIM-260565","meta":{"profile":["http://fhir.ncpi-project-forge.io/StructureDefinition/ncpi-phenotype"]},"identifier":[{"system":"urn:ncpi:unique-string","value":"L-CMG-Broad-Orphan-Estonia-Ounap-WGS-Su-HK069-0179-1-OMIM-260565"}],"status":"final","code":{"coding":[{"system":"http://purl.obolibrary.org/obo/omim.owl","code":"OMIM:260565","display":"PEHO SYNDROME; PEHO"}],"text":"PEHO SYNDROME; PEHO"},"subject":{"reference":"Patient/P.AnVIL-CMG-Broad-Orphan-Estonia-Ounap-WGS-Su-HK069-0179-1"},"valueCodeableConcept":{"coding":[{"system":"http://snomed.info/sct","code":"373573001","display":"Clinical finding present (situation)"}],"text":"Phenotype Present"},"interpretation":[{"coding":[{"system":"http://terminology.hl7.org/CodeSystem/v3-ObservationInterpretation","code":"POS","display":"Positive"}],"text":"Present"}],"extension":[]}
{"resourceType":"Observation","id":"IL-CMG-Broad-Orphan-Estonia-Ounap-WGS-Su-HK087-001-1-OMIM-122470","meta":{"profile":["http://fhir.ncpi-project-forge.io/StructureDefinition/ncpi-phenotype"]},"identifier":[{"system":"urn:ncpi:unique-string","value":"IL-CMG-Broad-Orphan-Estonia-Ounap-WGS-Su-HK087-001-1-OMIM-122470"}],"status":"final","code":{"coding":[{"system":"http://purl.obolibrary.org/obo/omim.owl","code":"OMIM:122470","display":"CORNELIA DE LANGE SYNDROME 1; CDLS1"}],"text":"CORNELIA DE LANGE SYNDROME 1; CDLS1"},"subject":{"reference":"Patient/P.AnVIL-CMG-Broad-Orphan-Estonia-Ounap-WGS-Su-HK087-001-1"},"valueCodeableConcept":{"coding":[{"system":"http://snomed.info/sct","code":"373573001","display":"Clinical finding present (situation)"}],"text":"Phenotype Present"},"interpretation":[{"coding":[{"system":"http://terminology.hl7.org/CodeSystem/v3-ObservationInterpretation","code":"POS","display":"Positive"}],"text":"Present"}],"extension":[]}
{"resourceType":"Observation","id":"IL-CMG-Broad-Orphan-Estonia-Ounap-WGS-Su-HK087-002-1-OMIM-122470","meta":{"profile":["http://fhir.ncpi-project-forge.io/StructureDefinition/ncpi-phenotype"]},"identifier":[{"system":"urn:ncpi:unique-string","value":"IL-CMG-Broad-Orphan-Estonia-Ounap-WGS-Su-HK087-002-1-OMIM-122470"}],"status":"final","code":{"coding":[{"system":"http://purl.obolibrary.org/obo/omim.owl","code":"OMIM:122470","display":"CORNELIA DE LANGE SYNDROME 1; CDLS1"}],"text":"CORNELIA DE LANGE SYNDROME 1; CDLS1"},"subject":{"reference":"Patient/P.AnVIL-CMG-Broad-Orphan-Estonia-Ounap-WGS-Su-HK087-002-1"},"valueCodeableConcept":{"coding":[{"system":"http://snomed.info/sct","code":"373573001","display":"Clinical finding present (situation)"}],"text":"Phenotype Present"},"interpretation":[{"coding":[{"system":"http://terminology.hl7.org/CodeSystem/v3-ObservationInterpretation","code":"POS","display":"Positive"}],"text":"Present"}],"extension":[]}
{"resourceType":"Observation","id":"IL-CMG-Broad-Orphan-Estonia-Ounap-WGS-Su-HK087-003-1-OMIM-122470","meta":{"profile":["http://fhir.ncpi-project-forge.io/StructureDefinition/ncpi-phenotype"]},"identifier":[{"system":"urn:ncpi:unique-string","value":"IL-CMG-Broad-Orphan-Estonia-Ounap-WGS-Su-HK087-003-1-OMIM-122470"}],"status":"final","code":{"coding":[{"system":"http://purl.obolibrary.org/obo/omim.owl","code":"OMIM:122470","display":"CORNELIA DE LANGE SYNDROME 1; CDLS1"}],"text":"CORNELIA DE LANGE SYNDROME 1; CDLS1"},"subject":{"reference":"Patient/P.AnVIL-CMG-Broad-Orphan-Estonia-Ounap-WGS-Su-HK087-003-1"},"valueCodeableConcept":{"coding":[{"system":"http://snomed.info/sct","code":"373573001","display":"Clinical finding present (situation)"}],"text":"Phenotype Present"},"interpretation":[{"coding":[{"system":"http://terminology.hl7.org/CodeSystem/v3-ObservationInterpretation","code":"POS","display":"Positive"}],"text":"Present"}],"extension":[]}
{"resourceType":"Observation","id":"IL-CMG-Broad-Orphan-Estonia-Ounap-WGS-Su-HK090-001-1-OMIM-304340","meta":{"profile":["http://fhir.ncpi-project-forge.io/StructureDefinition/ncpi-phenotype"]},"identifier":[{"system":"urn:ncpi:unique-string","value":"IL-CMG-Broad-Orphan-Estonia-Ounap-WGS-Su-HK090-001-1-OMIM-304340"}],"status":"final","code":{"coding":[{"system":"http://purl.obolibrary.org/obo/omim.owl","code":"OMIM:304340","display":"PETTIGREW SYNDROME; PGS"}],"text":"PETTIGREW SYNDROME; PGS"},"subject":{"reference":"Patient/P.AnVIL-CMG-Broad-Orphan-Estonia-Ounap-WGS-Su-HK090-001-1"},"valueCodeableConcept":{"coding":[{"system":"http://snomed.info/sct","code":"373573001","display":"Clinical finding present (situation)"}],"text":"Phenotype Present"},"interpretation":[{"coding":[{"system":"http://terminology.hl7.org/CodeSystem/v3-ObservationInterpretation","code":"POS","display":"Positive"}],"text":"Present"}],"extension":[]}
{"resourceType":"Observation","id":"IL-CMG-Broad-Orphan-Estonia-Ounap-WGS-Su-HK090-002-1-OMIM-304340","meta":{"profile":["http://fhir.ncpi-project-forge.io/StructureDefinition/ncpi-phenotype"]},"identifier":[{"system":"urn:ncpi:unique-string","value":"IL-CMG-Broad-Orphan-Estonia-Ounap-WGS-Su-HK090-002-1-OMIM-304340"}],"status":"final","code":{"coding":[{"system":"http://purl.obolibrary.org/obo/omim.owl","code":"OMIM:304340","display":"PETTIGREW SYNDROME; PGS"}],"text":"PETTIGREW SYNDROME; PGS"},"subject":{"reference":"Patient/P.AnVIL-CMG-Broad-Orphan-Estonia-Ounap-WGS-Su-HK090-002-1"},"valueCodeableConcept":{"coding":[{"system":"http://snomed.info/sct","code":"373573001","display":"Clinical finding present (situation)"}],"text":"Phenotype Present"},"interpretation":[{"coding":[{"system":"http://terminology.hl7.org/CodeSystem/v3-ObservationInterpretation","code":"POS","display":"Positive"}],"text":"Present"}],"extension":[]}
{"resourceType":"Observation","id":"IL-CMG-Broad-Orphan-Estonia-Ounap-WGS-Su-HK090-003-1-OMIM-304340","meta":{"profile":["http://fhir.ncpi-project-forge.io/StructureDefinition/ncpi-phenotype"]},"identifier":[{"system":"urn:ncpi:unique-string","value":"IL-CMG-Broad-Orphan-Estonia-Ounap-WGS-Su-HK090-003-1-OMIM-304340"}],"status":"final","code":{"coding":[{"system":"http://purl.obolibrary.org/obo/omim.owl","code":"OMIM:304340","display":"PETTIGREW SYNDROME; PGS"}],"text":"PETTIGREW SYNDROME; PGS"},"subject":{"reference":"Patient/P.AnVIL-CMG-Broad-Orphan-Estonia-Ounap-WGS-Su-HK090-003-1"},"valueCodeableConcept":{"coding":[{"system":"http://snomed.info/sct","code":"373573001","display":"Clinical finding present (situation)"}],"text":"Phenotype Present"},"interpretation":[{"coding":[{"system":"http://terminology.hl7.org/CodeSystem/v3-ObservationInterpretation","code":"POS","display":"Positive"}],"text":"Present"}],"extension":[]}
{"resourceType":"Observation","id":"IL-CMG-Broad-Orphan-Estonia-Ounap-WGS-Su-HK101-001-1-OMIM-615191","meta":{"profile":["http://fhir.ncpi-project-forge.io/StructureDefinition/ncpi-phenotype"]},"identifier":[{"system":"urn:ncpi:unique-string","value":"IL-CMG-Broad-Orphan-Estonia-Ounap-WGS-Su-HK101-001-1-OMIM-615191"}],"status":"final","code":{"coding":[{"system":"http://purl.obolibrary.org/obo/omim.owl","code":"OMIM:615191","display":"LISSENCEPHALY 5; LIS5"}],"text":"LISSENCEPHALY 5; LIS5"},"subject":{"reference":"Patient/P.AnVIL-CMG-Broad-Orphan-Estonia-Ounap-WGS-Su-HK101-001-1"},"valueCodeableConcept":{"coding":[{"system":"http://snomed.info/sct","code":"373573001","display":"Clinical finding present (situation)"}],"text":"Phenotype Present"},"interpretation":[{"coding":[{"system":"http://terminology.hl7.org/CodeSystem/v3-ObservationInterpretation","code":"POS","display":"Positive"}],"text":"Present"}],"extension":[]}
{"resourceType":"Observation","id":"IL-CMG-Broad-Orphan-Estonia-Ounap-WGS-Su-HK101-002-1-OMIM-615191","meta":{"profile":["http://fhir.ncpi-project-forge.io/StructureDefinition/ncpi-phenotype"]},"identifier":[{"system":"urn:ncpi:unique-string","value":"IL-CMG-Broad-Orphan-Estonia-Ounap-WGS-Su-HK101-002-1-OMIM-615191"}],"status":"final","code":{"coding":[{"system":"http://purl.obolibrary.org/obo/omim.owl","code":"OMIM:615191","display":"LISSENCEPHALY 5; LIS5"}],"text":"LISSENCEPHALY 5; LIS5"},"subject":{"reference":"Patient/P.AnVIL-CMG-Broad-Orphan-Estonia-Ounap-WGS-Su-HK101-002-1"},"valueCodeableConcept":{"coding":[{"system":"http://snomed.info/sct","code":"373573001","display":"Clinical finding present (situation)"}],"text":"Phenotype Present"},"interpretation":[{"coding":[{"system":"http://terminology.hl7.org/CodeSystem/v3-ObservationInterpretation","code":"POS","display":"Positive"}],"text":"Present"}],"extension":[]}
{"resourceType":"Observation","id":"IL-CMG-Broad-Orphan-Estonia-Ounap-WGS-Su-HK101-003-1-OMIM-615191","meta":{"profile":["http://fhir.ncpi-project-forge.io/StructureDefinition/ncpi-phenotype"]},"identifier":[{"system":"urn:ncpi:unique-string","value":"IL-CMG-Broad-Orphan-Estonia-Ounap-WGS-Su-HK101-003-1-OMIM-615191"}],"status":"final","code":{"coding":[{"system":"http://purl.obolibrary.org/obo/omim.owl","code":"OMIM:615191","display":"LISSENCEPHALY 5; LIS5"}],"text":"LISSENCEPHALY 5; LIS5"},"subject":{"reference":"Patient/P.AnVIL-CMG-Broad-Orphan-Estonia-Ounap-WGS-Su-HK101-003-1"},"valueCodeableConcept":{"coding":[{"system":"http://snomed.info/sct","code":"373573001","display":"Clinical finding present (situation)"}],"text":"Phenotype Present"},"interpretation":[{"coding":[{"system":"http://terminology.hl7.org/CodeSystem/v3-ObservationInterpretation","code":"POS","display":"Positive"}],"text":"Present"}],"extension":[]}
{"resourceType":"Observation","id":"IL-CMG-Broad-Orphan-Estonia-Ounap-WGS-Su-HK102-001-1-OMIM-617537","meta":{"profile":["http://fhir.ncpi-project-forge.io/StructureDefinition/ncpi-phenotype"]},"identifier":[{"system":"urn:ncpi:unique-string","value":"IL-CMG-Broad-Orphan-Estonia-Ounap-WGS-Su-HK102-001-1-OMIM-617537"}],"status":"final","code":{"coding":[{"system":"http://purl.obolibrary.org/obo/omim.owl","code":"OMIM:617537","display":"RAHMAN SYNDROME; RMNS"}],"text":"RAHMAN SYNDROME; RMNS"},"subject":{"reference":"Patient/P.AnVIL-CMG-Broad-Orphan-Estonia-Ounap-WGS-Su-HK102-001-1"},"valueCodeableConcept":{"coding":[{"system":"http://snomed.info/sct","code":"373573001","display":"Clinical finding present (situation)"}],"text":"Phenotype Present"},"interpretation":[{"coding":[{"system":"http://terminology.hl7.org/CodeSystem/v3-ObservationInterpretation","code":"POS","display":"Positive"}],"text":"Present"}],"extension":[]}
{"resourceType":"Observation","id":"IL-CMG-Broad-Orphan-Estonia-Ounap-WGS-Su-HK102-002-1-OMIM-617537","meta":{"profile":["http://fhir.ncpi-project-forge.io/StructureDefinition/ncpi-phenotype"]},"identifier":[{"system":"urn:ncpi:unique-string","value":"IL-CMG-Broad-Orphan-Estonia-Ounap-WGS-Su-HK102-002-1-OMIM-617537"}],"status":"final","code":{"coding":[{"system":"http://purl.obolibrary.org/obo/omim.owl","code":"OMIM:617537","display":"RAHMAN SYNDROME; RMNS"}],"text":"RAHMAN SYNDROME; RMNS"},"subject":{"reference":"Patient/P.AnVIL-CMG-Broad-Orphan-Estonia-Ounap-WGS-Su-HK102-002-1"},"valueCodeableConcept":{"coding":[{"system":"http://snomed.info/sct","code":"373573001","display":"Clinical finding present (situation)"}],"text":"Phenotype Present"},"interpretation":[{"coding":[{"system":"http://terminology.hl7.org/CodeSystem/v3-ObservationInterpretation","code":"POS","display":"Positive"}],"text":"Present"}],"extension":[]}
{"resourceType":"Observation","id":"IL-CMG-Broad-Orphan-Estonia-Ounap-WGS-Su-HK102-003-1-OMIM-617537","meta":{"profile":["http://fhir.ncpi-project-forge.io/StructureDefinition/ncpi-phenotype"]},"identifier":[{"system":"urn:ncpi:unique-string","value":"IL-CMG-Broad-Orphan-Estonia-Ounap-WGS-Su-HK102-003-1-OMIM-617537"}],"status":"final","code":{"coding":[{"system":"http://purl.obolibrary.org/obo/omim.owl","code":"OMIM:617537","display":"RAHMAN SYNDROME; RMNS"}],"text":"RAHMAN SYNDROME; RMNS"},"subject":{"reference":"Patient/P.AnVIL-CMG-Broad-Orphan-Estonia-Ounap-WGS-Su-HK102-003-1"},"valueCodeableConcept":{"coding":[{"system":"http://snomed.info/sct","code":"373573001","display":"Clinical finding present (situation)"}],"text":"Phenotype Present"},"interpretation":[{"coding":[{"system":"http://terminology.hl7.org/CodeSystem/v3-ObservationInterpretation","code":"POS","display":"Positive"}],"text":"Present"}],"extension":[]}
{"resourceType":"Observation","id":"IL-CMG-Broad-Orphan-Estonia-Ounap-WGS-Su-HK106-001-1-OMIM-253250","meta":{"profile":["http://fhir.ncpi-project-forge.io/StructureDefinition/ncpi-phenotype"]},"identifier":[{"system":"urn:ncpi:unique-string","value":"IL-CMG-Broad-Orphan-Estonia-Ounap-WGS-Su-HK106-001-1-OMIM-253250"}],"status":"final","code":{"coding":[{"system":"http://purl.obolibrary.org/obo/omim.owl","code":"OMIM:253250","display":"MULIBREY NANISM"}],"text":"MULIBREY NANISM"},"subject":{"reference":"Patient/P.AnVIL-CMG-Broad-Orphan-Estonia-Ounap-WGS-Su-HK106-001-1"},"valueCodeableConcept":{"coding":[{"system":"http://snomed.info/sct","code":"373573001","display":"Clinical finding present (situation)"}],"text":"Phenotype Present"},"interpretation":[{"coding":[{"system":"http://terminology.hl7.org/CodeSystem/v3-ObservationInterpretation","code":"POS","display":"Positive"}],"text":"Present"}],"extension":[]}
{"resourceType":"Observation","id":"IL-CMG-Broad-Orphan-Estonia-Ounap-WGS-Su-HK106-002-1-OMIM-253250","meta":{"profile":["http://fhir.ncpi-project-forge.io/StructureDefinition/ncpi-phenotype"]},"identifier":[{"system":"urn:ncpi:unique-string","value":"IL-CMG-Broad-Orphan-Estonia-Ounap-WGS-Su-HK106-002-1-OMIM-253250"}],"status":"final","code":{"coding":[{"system":"http://purl.obolibrary.org/obo/omim.owl","code":"OMIM:253250","display":"MULIBREY NANISM"}],"text":"MULIBREY NANISM"},"subject":{"reference":"Patient/P.AnVIL-CMG-Broad-Orphan-Estonia-Ounap-WGS-Su-HK106-002-1"},"valueCodeableConcept":{"coding":[{"system":"http://snomed.info/sct","code":"373573001","display":"Clinical finding present (situation)"}],"text":"Phenotype Present"},"interpretation":[{"coding":[{"system":"http://terminology.hl7.org/CodeSystem/v3-ObservationInterpretation","code":"POS","display":"Positive"}],"text":"Present"}],"extension":[]}
{"resourceType":"Observation","id":"IL-CMG-Broad-Orphan-Estonia-Ounap-WGS-Su-HK106-003-1-OMIM-253250","meta":{"profile":["http://fhir.ncpi-project-forge.io/StructureDefinition/ncpi-phenotype"]},"identifier":[{"system":"urn:ncpi:unique-string","value":"IL-CMG-Broad-Orphan-Estonia-Ounap-WGS-Su-HK106-003-1-OMIM-253250"}],"status":"final","code":{"coding":[{"system":"http://purl.obolibrary.org/obo/omim.owl","code":"OMIM:253250","display":"MULIBREY NANISM"}],"text":"MULIBREY NANISM"},"subject":{"reference":"Patient/P.AnVIL-CMG-Broad-Orphan-Estonia-Ounap-WGS-Su-HK106-003-1"},"valueCodeableConcept":{"coding":[{"system":"http://snomed.info/sct","code":"373573001","display":"Clinical finding present (situation)"}],"text":"Phenotype Present"},"interpretation":[{"coding":[{"system":"http://terminology.hl7.org/CodeSystem/v3-ObservationInterpretation","code":"POS","display":"Positive"}],"text":"Present"}],"extension":[]}
{"resourceType":"Observation","id":"-CMG-Broad-Orphan-Estonia-Ounap-WGS-Su-OUN-HK120-1-1-OMIM-261630","meta":{"profile":["http://fhir.ncpi-project-forge.io/StructureDefinition/ncpi-phenotype"]},"identifier":[{"system":"urn:ncpi:unique-string","value":"-CMG-Broad-Orphan-Estonia-Ounap-WGS-Su-OUN-HK120-1-1-OMIM-261630"}],"status":"final","code":{"coding":[{"system":"http://purl.obolibrary.org/obo/omim.owl","code":"OMIM:261630","display":"HYPERPHENYLALANINEMIA, BH4-DEFICIENT, C; HPABH4C"}],"text":"HYPERPHENYLALANINEMIA, BH4-DEFICIENT, C; HPABH4C"},"subject":{"reference":"Patient/P.AnVIL-CMG-Broad-Orphan-Estonia-Ounap-WGS-Su-OUN-HK120-1-1"},"valueCodeableConcept":{"coding":[{"system":"http://snomed.info/sct","code":"373573001","display":"Clinical finding present (situation)"}],"text":"Phenotype Present"},"interpretation":[{"coding":[{"system":"http://terminology.hl7.org/CodeSystem/v3-ObservationInterpretation","code":"POS","display":"Positive"}],"text":"Present"}],"extension":[]}
{"resourceType":"Observation","id":"-CMG-Broad-Orphan-Estonia-Ounap-WGS-Su-OUN-HK120-2-1-OMIM-261630","meta":{"profile":["http://fhir.ncpi-project-forge.io/StructureDefinition/ncpi-phenotype"]},"identifier":[{"system":"urn:ncpi:unique-string","value":"-CMG-Broad-Orphan-Estonia-Ounap-WGS-Su-OUN-HK120-2-1-OMIM-261630"}],"status":"final","code":{"coding":[{"system":"http://purl.obolibrary.org/obo/omim.owl","code":"OMIM:261630","display":"HYPERPHENYLALANINEMIA, BH4-DEFICIENT, C; HPABH4C"}],"text":"HYPERPHENYLALANINEMIA, BH4-DEFICIENT, C; HPABH4C"},"subject":{"reference":"Patient/P.AnVIL-CMG-Broad-Orphan-Estonia-Ounap-WGS-Su-OUN-HK120-2-1"},"valueCodeableConcept":{"coding":[{"system":"http://snomed.info/sct","code":"373573001","display":"Clinical finding present (situation)"}],"text":"Phenotype Present"},"interpretation":[{"coding":[{"system":"http://terminology.hl7.org/CodeSystem/v3-ObservationInterpretation","code":"POS","display":"Positive"}],"text":"Present"}],"extension":[]}
{"resourceType":"Observation","id":"-CMG-Broad-Orphan-Estonia-Ounap-WGS-Su-OUN-HK120-3-1-OMIM-261630","meta":{"profile":["http://fhir.ncpi-project-forge.io/StructureDefinition/ncpi-phenotype"]},"identifier":[{"system":"urn:ncpi:unique-string","value":"-CMG-Broad-Orphan-Estonia-Ounap-WGS-Su-OUN-HK120-3-1-OMIM-261630"}],"status":"final","code":{"coding":[{"system":"http://purl.obolibrary.org/obo/omim.owl","code":"OMIM:261630","display":"HYPERPHENYLALANINEMIA, BH4-DEFICIENT, C; HPABH4C"}],"text":"HYPERPHENYLALANINEMIA, BH4-DEFICIENT, C; HPABH4C"},"subject":{"reference":"Patient/P.AnVIL-CMG-Broad-Orphan-Estonia-Ounap-WGS-Su-OUN-HK120-3-1"},"valueCodeableConcept":{"coding":[{"system":"http://snomed.info/sct","code":"373573001","display":"Clinical finding present (situation)"}],"text":"Phenotype Present"},"interpretation":[{"coding":[{"system":"http://terminology.hl7.org/CodeSystem/v3-ObservationInterpretation","code":"POS","display":"Positive"}],"text":"Present"}],"extension":[]}
