{"resourceType":"Patient","id":"P.AnVIL-CMG-Broad-Orphan-Estonia-Ounap-WGS-Su-E00859946","meta":{"profile":["http://hl7.org/fhir/StructureDefinition/Patient"]},"identifier":[{"system":"https://anvil.terra.bio/#workspaces/anvil-datastorage/AnVIL_CMG_Broad_Orphan_Estonia-Ounap_WGS","value":"AnVIL_CMG_Broad_Orphan_Estonia-Ounap_WGS/Su/E00859946"},{"system":"urn:ncpi:unique-string","value":"Patient|AnVIL_CMG_Broad_Orphan_Estonia-Ounap_WGS|AnVIL_CMG_Broad_Orphan_Estonia-Ounap_WGS/Su/E00859946"}]}
{"resourceType":"Patient","id":"P.AnVIL-CMG-Broad-Orphan-Estonia-Ounap-WGS-Su-HK003-0007","meta":{"profile":["http://hl7.org/fhir/StructureDefinition/Patient"]},"identifier":[{"system":"https://anvil.terra.bio/#workspaces/anvil-datastorage/AnVIL_CMG_Broad_Orphan_Estonia-Ounap_WGS","value":"AnVIL_CMG_Broad_Orphan_Estonia-Ounap_WGS/Su/HK003_0007"},{"system":"urn:ncpi:unique-string","value":"Patient|AnVIL_CMG_Broad_Orphan_Estonia-Ounap_WGS|AnVIL_CMG_Broad_Orphan_Estonia-Ounap_WGS/Su/HK003_0007"}]}
{"resourceType":"Patient","id":"P.AnVIL-CMG-Broad-Orphan-Estonia-Ounap-WGS-Su-HK003-0008","meta":{"profile":["http://hl7.org/fhir/StructureDefinition/Patient"]},"identifier":[{"system":"https://anvil.terra.bio/#workspaces/anvil-datastorage/AnVIL_CMG_Broad_Orphan_Estonia-Ounap_WGS","value":"AnVIL_CMG_Broad_Orphan_Estonia-Ounap_WGS/Su/HK003_0008"},{"system":"urn:ncpi:unique-string","value":"Patient|AnVIL_CMG_Broad_Orphan_Estonia-Ounap_WGS|AnVIL_CMG_Broad_Orphan_Estonia-Ounap_WGS/Su/HK003_0008"}]}
{"resourceType":"Patient","id":"P.AnVIL-CMG-Broad-Orphan-Estonia-Ounap-WGS-Su-HK003-0009","meta":{"profile":["http://hl7.org/fhir/StructureDefinition/Patient"]},"identifier":[{"system":"https://anvil.terra.bio/#workspaces/anvil-datastorage/AnVIL_CMG_Broad_Orphan_Estonia-Ounap_WGS","value":"AnVIL_CMG_Broad_Orphan_Estonia-Ounap_WGS/Su/HK003_0009"},{"system":"urn:ncpi:unique-string","value":"Patient|AnVIL_CMG_Broad_Orphan_Estonia-Ounap_WGS|AnVIL_CMG_Broad_Orphan_Estonia-Ounap_WGS/Su/HK003_0009"}]}
{"resourceType":"Patient","id":"P.AnVIL-CMG-Broad-Orphan-Estonia-Ounap-WGS-Su-HK006-0016","meta":{"profile":["http://hl7.org/fhir/StructureDefinition/Patient"]},"identifier":[{"system":"https://anvil.terra.bio/#workspaces/anvil-datastorage/AnVIL_CMG_Broad_Orphan_Estonia-Ounap_WGS","value":"AnVIL_CMG_Broad_Orphan_Estonia-Ounap_WGS/Su/HK006_0016"},{"system":"urn:ncpi:unique-string","value":"Patient|AnVIL_CMG_Broad_Orphan_Estonia-Ounap_WGS|AnVIL_CMG_Broad_Orphan_Estonia-Ounap_WGS/Su/HK006_0016"}]}
{"resourceType":"Patient","id":"P.AnVIL-CMG-Broad-Orphan-Estonia-Ounap-WGS-Su-HK006-0017","meta":{"profile":["http://hl7.org/fhir/StructureDefinition/Patient"]},"identifier":[{"system":"https://anvil.terra.bio/#workspaces/anvil-datastorage/AnVIL_CMG_Broad_Orphan_Estonia-Ounap_WGS","value":"AnVIL_CMG_Broad_Orphan_Estonia-Ounap_WGS/Su/HK006_0017"},{"system":"urn:ncpi:unique-string","value":"Patient|AnVIL_CMG_Broad_Orphan_Estonia-Ounap_WGS|AnVIL_CMG_Broad_Orphan_Estonia-Ounap_WGS/Su/HK006_0017"}]}
{"resourceType":"Patient","id":"P.AnVIL-CMG-Broad-Orphan-Estonia-Ounap-WGS-Su-HK006-0018","meta":{"profile":["http://hl7.org/fhir/StructureDefinition/Patient"]},"identifier":[{"system":"https://anvil.terra.bio/#workspaces/anvil-datastorage/AnVIL_CMG_Broad_Orphan_Estonia-Ounap_WGS","value":"AnVIL_CMG_Broad_Orphan_Estonia-Ounap_WGS/Su/HK006_0018"},{"system":"urn:ncpi:unique-string","value":"Patient|AnVIL_CMG_Broad_Orphan_Estonia-Ounap_WGS|AnVIL_CMG_Broad_Orphan_Estonia-Ounap_WGS/Su/HK006_0018"}]}
{"resourceType":"Patient","id":"P.AnVIL-CMG-Broad-Orphan-Estonia-Ounap-WGS-Su-HK007-0019","meta":{"profile":["http://hl7.org/fhir/StructureDefinition/Patient"]},"identifier":[{"system":"https://anvil.terra.bio/#workspaces/anvil-datastorage/AnVIL_CMG_Broad_Orphan_Estonia-Ounap_WGS","value":"AnVIL_CMG_Broad_Orphan_Estonia-Ounap_WGS/Su/HK007_0019"},{"system":"urn:ncpi:unique-string","value":"Patient|AnVIL_CMG_Broad_Orphan_Estonia-Ounap_WGS|AnVIL_CMG_Broad_Orphan_Estonia-Ounap_WGS/Su/HK007_0019"}]}
{"resourceType":"Patient","id":"P.AnVIL-CMG-Broad-Orphan-Estonia-Ounap-WGS-Su-HK007-0020","meta":{"profile":["http://hl7.org/fhir/StructureDefinition/Patient"]},"identifier":[{"system":"https://anvil.terra.bio/#workspaces/anvil-datastorage/AnVIL_CMG_Broad_Orphan_Estonia-Ounap_WGS","value":"AnVIL_CMG_Broad_Orphan_Estonia-Ounap_WGS/Su/HK007_0020"},{"system":"urn:ncpi:unique-string","value":"Patient|AnVIL_CMG_Broad_Orphan_Estonia-Ounap_WGS|AnVIL_CMG_Broad_Orphan_Estonia-Ounap_WGS/Su/HK007_0020"}]}
{"resourceType":"Patient","id":"P.AnVIL-CMG-Broad-Orphan-Estonia-Ounap-WGS-Su-HK007-0021","meta":{"profile":["http://hl7.org/fhir/StructureDefinition/Patient"]},"identifier":[{"system":"https://anvil.terra.bio/#workspaces/anvil-datastorage/AnVIL_CMG_Broad_Orphan_Estonia-Ounap_WGS","value":"AnVIL_CMG_Broad_Orphan_Estonia-Ounap_WGS/Su/HK007_0021"},{"system":"urn:ncpi:unique-string","value":"Patient|AnVIL_CMG_Broad_Orphan_Estonia-Ounap_WGS|AnVIL_CMG_Broad_Orphan_Estonia-Ounap_WGS/Su/HK007_0021"}]}
{"resourceType":"Patient","id":"P.AnVIL-CMG-Broad-Orphan-Estonia-Ounap-WGS-Su-HK008-0022","meta":{"profile":["http://hl7.org/fhir/StructureDefinition/Patient"]},"identifier":[{"system":"https://anvil.terra.bio/#workspaces/anvil-datastorage/AnVIL_CMG_Broad_Orphan_Estonia-Ounap_WGS","value":"AnVIL_CMG_Broad_Orphan_Estonia-Ounap_WGS/Su/HK008_0022"},{"system":"urn:ncpi:unique-string","value":"Patient|AnVIL_CMG_Broad_Orphan_Estonia-Ounap_WGS|AnVIL_CMG_Broad_Orphan_Estonia-Ounap_WGS/Su/HK008_0022"}]}
{"resourceType":"Patient","id":"P.AnVIL-CMG-Broad-Orphan-Estonia-Ounap-WGS-Su-HK008-0022-2","meta":{"profile":["http://hl7.org/fhir/StructureDefinition/Patient"]},"identifier":[{"system":"https://anvil.terra.bio/#workspaces/anvil-datastorage/AnVIL_CMG_Broad_Orphan_Estonia-Ounap_WGS","value":"AnVIL_CMG_Broad_Orphan_Estonia-Ounap_WGS/Su/HK008_0022_2"},{"system":"urn:ncpi:unique-string","value":"Patient|AnVIL_CMG_Broad_Orphan_Estonia-Ounap_WGS|AnVIL_CMG_Broad_Orphan_Estonia-Ounap_WGS/Su/HK008_0022_2"}]}
{"resourceType":"Patient","id":"P.AnVIL-CMG-Broad-Orphan-Estonia-Ounap-WGS-Su-HK008-0022-3","meta":{"profile":["http://hl7.org/fhir/StructureDefinition/Patient"]},"identifier":[{"system":"https://anvil.terra.bio/#workspaces/anvil-datastorage/AnVIL_CMG_Broad_Orphan_Estonia-Ounap_WGS","value":"AnVIL_CMG_Broad_Orphan_Estonia-Ounap_WGS/Su/HK008_0022_3"},{"system":"urn:ncpi:unique-string","value":"Patient|AnVIL_CMG_Broad_Orphan_Estonia-Ounap_WGS|AnVIL_CMG_Broad_Orphan_Estonia-Ounap_WGS/Su/HK008_0022_3"}]}
{"resourceType":"Patient","id":"P.AnVIL-CMG-Broad-Orphan-Estonia-Ounap-WGS-Su-HK009-0023","meta":{"profile":["http://hl7.org/fhir/StructureDefinition/Patient"]},"identifier":[{"system":"https://anvil.terra.bio/#workspaces/anvil-datastorage/AnVIL_CMG_Broad_Orphan_Estonia-Ounap_WGS","value":"AnVIL_CMG_Broad_Orphan_Estonia-Ounap_WGS/Su/HK009_0023"},{"system":"urn:ncpi:unique-string","value":"Patient|AnVIL_CMG_Broad_Orphan_Estonia-Ounap_WGS|AnVIL_CMG_Broad_Orphan_Estonia-Ounap_WGS/Su/HK009_0023"}]}
{"resourceType":"Patient","id":"P.AnVIL-CMG-Broad-Orphan-Estonia-Ounap-WGS-Su-HK009-0024","meta":{"profile":["http://hl7.org/fhir/StructureDefinition/Patient"]},"identifier":[{"system":"https://anvil.terra.bio/#workspaces/anvil-datastorage/AnVIL_CMG_Broad_Orphan_Estonia-Ounap_WGS","value":"AnVIL_CMG_Broad_Orphan_Estonia-Ounap_WGS/Su/HK009_0024"},{"system":"urn:ncpi:unique-string","value":"Patient|AnVIL_CMG_Broad_Orphan_Estonia-Ounap_WGS|AnVIL_CMG_Broad_Orphan_Estonia-Ounap_WGS/Su/HK009_0024"}]}
{"resourceType":"Patient","id":"P.AnVIL-CMG-Broad-Orphan-Estonia-Ounap-WGS-Su-HK009-0025","meta":{"profile":["http://hl7.org/fhir/StructureDefinition/Patient"]},"identifier":[{"system":"https://anvil.terra.bio/#workspaces/anvil-datastorage/AnVIL_CMG_Broad_Orphan_Estonia-Ounap_WGS","value":"AnVIL_CMG_Broad_Orphan_Estonia-Ounap_WGS/Su/HK009_0025"},{"system":"urn:ncpi:unique-string","value":"Patient|AnVIL_CMG_Broad_Orphan_Estonia-Ounap_WGS|AnVIL_CMG_Broad_Orphan_Estonia-Ounap_WGS/Su/HK009_0025"}]}
{"resourceType":"Patient","id":"P.AnVIL-CMG-Broad-Orphan-Estonia-Ounap-WGS-Su-HK010-0026","meta":{"profile":["http://hl7.org/fhir/StructureDefinition/Patient"]},"identifier":[{"system":"https://anvil.terra.bio/#workspaces/anvil-datastorage/AnVIL_CMG_Broad_Orphan_Estonia-Ounap_WGS","value":"AnVIL_CMG_Broad_Orphan_Estonia-Ounap_WGS/Su/HK010_0026"},{"system":"urn:ncpi:unique-string","value":"Patient|AnVIL_CMG_Broad_Orphan_Estonia-Ounap_WGS|AnVIL_CMG_Broad_Orphan_Estonia-Ounap_WGS/Su/HK010_0026"}]}
{"resourceType":"Patient","id":"P.AnVIL-CMG-Broad-Orphan-Estonia-Ounap-WGS-Su-HK010-0027","meta":{"profile":["http://hl7.org/fhir/StructureDefinition/Patient"]},"identifier":[{"system":"https://anvil.terra.bio/#workspaces/anvil-datastorage/AnVIL_CMG_Broad_Orphan_Estonia-Ounap_WGS","value":"AnVIL_CMG_Broad_Orphan_Estonia-Ounap_WGS/Su/HK010_0027"},{"system":"urn:ncpi:unique-string","value":"Patient|AnVIL_CMG_Broad_Orphan_Estonia-Ounap_WGS|AnVIL_CMG_Broad_Orphan_Estonia-Ounap_WGS/Su/HK010_0027"}]}
{"resourceType":"Patient","id":"P.AnVIL-CMG-Broad-Orphan-Estonia-Ounap-WGS-Su-HK010-0028","meta":{"profile":["http://hl7.org/fhir/StructureDefinition/Patient"]},"identifier":[{"system":"https://anvil.terra.bio/#workspaces/anvil-datastorage/AnVIL_CMG_Broad_Orphan_Estonia-Ounap_WGS","value":"AnVIL_CMG_Broad_Orphan_Estonia-Ounap_WGS/Su/HK010_0028"},{"system":"urn:ncpi:unique-string","value":"Patient|AnVIL_CMG_Broad_Orphan_Estonia-Ounap_WGS|AnVIL_CMG_Broad_Orphan_Estonia-Ounap_WGS/Su/HK010_0028"}]}
{"resourceType":"Patient","id":"P.AnVIL-CMG-Broad-Orphan-Estonia-Ounap-WGS-Su-HK011-0029","meta":{"profile":["http://hl7.org/fhir/StructureDefinition/Patient"]},"identifier":[{"system":"https://anvil.terra.bio/#workspaces/anvil-datastorage/AnVIL_CMG_Broad_Orphan_Estonia-Ounap_WGS","value":"AnVIL_CMG_Broad_Orphan_Estonia-Ounap_WGS/Su/HK011_0029"},{"system":"urn:ncpi:unique-string","value":"Patient|AnVIL_CMG_Broad_Orphan_Estonia-Ounap_WGS|AnVIL_CMG_Broad_Orphan_Estonia-Ounap_WGS/Su/HK011_0029"}]}
{"resourceType":"Patient","id":"P.AnVIL-CMG-Broad-Orphan-Estonia-Ounap-WGS-Su-HK011-0030","meta":{"profile":["http://hl7.org/fhir/StructureDefinition/Patient"]},"identifier":[{"system":"https://anvil.terra.bio/#workspaces/anvil-datastorage/AnVIL_CMG_Broad_Orphan_Estonia-Ounap_WGS","value":"AnVIL_CMG_Broad_Orphan_Estonia-Ounap_WGS/Su/HK011_0030"},{"system":"urn:ncpi:unique-string","value":"Patient|AnVIL_CMG_Broad_Orphan_Estonia-Ounap_WGS|AnVIL_CMG_Broad_Orphan_Estonia-Ounap_WGS/Su/HK011_0030"}]}
{"resourceType":"Patient","id":"P.AnVIL-CMG-Broad-Orphan-Estonia-Ounap-WGS-Su-HK011-0030-3","meta":{"profile":["http://hl7.org/fhir/StructureDefinition/Patient"]},"identifier":[{"system":"https://anvil.terra.bio/#workspaces/anvil-datastorage/AnVIL_CMG_Broad_Orphan_Estonia-Ounap_WGS","value":"AnVIL_CMG_Broad_Orphan_Estonia-Ounap_WGS/Su/HK011_0030_3"},{"system":"urn:ncpi:unique-string","value":"Patient|AnVIL_CMG_Broad_Orphan_Estonia-Ounap_WGS|AnVIL_CMG_Broad_Orphan_Estonia-Ounap_WGS/Su/HK011_0030_3"}]}
{"resourceType":"Patient","id":"P.AnVIL-CMG-Broad-Orphan-Estonia-Ounap-WGS-Su-HK012-0031","meta":{"profile":["http://hl7.org/fhir/StructureDefinition/Patient"]},"identifier":[{"system":"https://anvil.terra.bio/#workspaces/anvil-datastorage/AnVIL_CMG_Broad_Orphan_Estonia-Ounap_WGS","value":"AnVIL_CMG_Broad_Orphan_Estonia-Ounap_WGS/Su/HK012_0031"},{"system":"urn:ncpi:unique-string","value":"Patient|AnVIL_CMG_Broad_Orphan_Estonia-Ounap_WGS|AnVIL_CMG_Broad_Orphan_Estonia-Ounap_WGS/Su/HK012_0031"}]}
{"resourceType":"Patient","id":"P.AnVIL-CMG-Broad-Orphan-Estonia-Ounap-WGS-Su-HK012-0031-2","meta":{"profile":["http://hl7.org/fhir/StructureDefinition/Patient"]},"identifier":[{"system":"https://anvil.terra.bio/#workspaces/anvil-datastorage/AnVIL_CMG_Broad_Orphan_Estonia-Ounap_WGS","value":"AnVIL_CMG_Broad_Orphan_Estonia-Ounap_WGS/Su/HK012_0031_2"},{"system":"urn:ncpi:unique-string","value":"Patient|AnVIL_CMG_Broad_Orphan_Estonia-Ounap_WGS|AnVIL_CMG_Broad_Orphan_Estonia-Ounap_WGS/Su/HK012_0031_2"}]}
{"resourceType":"Patient","id":"P.AnVIL-CMG-Broad-Orphan-Estonia-Ounap-WGS-Su-HK012-0031-3","meta":{"profile":["http://hl7.org/fhir/StructureDefinition/Patient"]},"identifier":[{"system":"https://anvil.terra.bio/#workspaces/anvil-datastorage/AnVIL_CMG_Broad_Orphan_Estonia-Ounap_WGS","value":"AnVIL_CMG_Broad_Orphan_Estonia-Ounap_WGS/Su/HK012_0031_3"},{"system":"urn:ncpi:unique-string","value":"Patient|AnVIL_CMG_Broad_Orphan_Estonia-Ounap_WGS|AnVIL_CMG_Broad_Orphan_Estonia-Ounap_WGS/Su/HK012_0031_3"}]}
{"resourceType":"Patient","id":"P.AnVIL-CMG-Broad-Orphan-Estonia-Ounap-WGS-Su-HK015-0036","meta":{"profile":["http://hl7.org/fhir/StructureDefinition/Patient"]},"identifier":[{"system":"https://anvil.terra.bio/#workspaces/anvil-datastorage/AnVIL_CMG_Broad_Orphan_Estonia-Ounap_WGS","value":"AnVIL_CMG_Broad_Orphan_Estonia-Ounap_WGS/Su/HK015_0036"},{"system":"urn:ncpi:unique-string","value":"Patient|AnVIL_CMG_Broad_Orphan_Estonia-Ounap_WGS|AnVIL_CMG_Broad_Orphan_Estonia-Ounap_WGS/Su/HK015_0036"}]}
{"resourceType":"Patient","id":"P.AnVIL-CMG-Broad-Orphan-Estonia-Ounap-WGS-Su-HK015-0037","meta":{"profile":["http://hl7.org/fhir/StructureDefinition/Patient"]},"identifier":[{"system":"https://anvil.terra.bio/#workspaces/anvil-datastorage/AnVIL_CMG_Broad_Orphan_Estonia-Ounap_WGS","value":"AnVIL_CMG_Broad_Orphan_Estonia-Ounap_WGS/Su/HK015_0037"},{"system":"urn:ncpi:unique-string","value":"Patient|AnVIL_CMG_Broad_Orphan_Estonia-Ounap_WGS|AnVIL_CMG_Broad_Orphan_Estonia-Ounap_WGS/Su/HK015_0037"}]}
{"resourceType":"Patient","id":"P.AnVIL-CMG-Broad-Orphan-Estonia-Ounap-WGS-Su-HK017-0044","meta":{"profile":["http://hl7.org/fhir/StructureDefinition/Patient"]},"identifier":[{"system":"https://anvil.terra.bio/#workspaces/anvil-datastorage/AnVIL_CMG_Broad_Orphan_Estonia-Ounap_WGS","value":"AnVIL_CMG_Broad_Orphan_Estonia-Ounap_WGS/Su/HK017-0044"},{"system":"urn:ncpi:unique-string","value":"Patient|AnVIL_CMG_Broad_Orphan_Estonia-Ounap_WGS|AnVIL_CMG_Broad_Orphan_Estonia-Ounap_WGS/Su/HK017-0044"}]}
{"resourceType":"Patient","id":"P.AnVIL-CMG-Broad-Orphan-Estonia-Ounap-WGS-Su-HK017-0045","meta":{"profile":["http://hl7.org/fhir/StructureDefinition/Patient"]},"identifier":[{"system":"https://anvil.terra.bio/#workspaces/anvil-datastorage/AnVIL_CMG_Broad_Orphan_Estonia-Ounap_WGS","value":"AnVIL_CMG_Broad_Orphan_Estonia-Ounap_WGS/Su/HK017-0045"},{"system":"urn:ncpi:unique-string","value":"Patient|AnVIL_CMG_Broad_Orphan_Estonia-Ounap_WGS|AnVIL_CMG_Broad_Orphan_Estonia-Ounap_WGS/Su/HK017-0045"}]}
{"resourceType":"Patient","id":"P.AnVIL-CMG-Broad-Orphan-Estonia-Ounap-WGS-Su-HK017-0046","meta":{"profile":["http://hl7.org/fhir/StructureDefinition/Patient"]},"identifier":[{"system":"https://anvil.terra.bio/#workspaces/anvil-datastorage/AnVIL_CMG_Broad_Orphan_Estonia-Ounap_WGS","value":"AnVIL_CMG_Broad_Orphan_Estonia-Ounap_WGS/Su/HK017-0046"},{"system":"urn:ncpi:unique-string","value":"Patient|AnVIL_CMG_Broad_Orphan_Estonia-Ounap_WGS|AnVIL_CMG_Broad_Orphan_Estonia-Ounap_WGS/Su/HK017-0046"}]}
{"resourceType":"Patient","id":"P.AnVIL-CMG-Broad-Orphan-Estonia-Ounap-WGS-Su-HK018-0047","meta":{"profile":["http://hl7.org/fhir/StructureDefinition/Patient"]},"identifier":[{"system":"https://anvil.terra.bio/#workspaces/anvil-datastorage/AnVIL_CMG_Broad_Orphan_Estonia-Ounap_WGS","value":"AnVIL_CMG_Broad_Orphan_Estonia-Ounap_WGS/Su/HK018_0047"},{"system":"urn:ncpi:unique-string","value":"Patient|AnVIL_CMG_Broad_Orphan_Estonia-Ounap_WGS|AnVIL_CMG_Broad_Orphan_Estonia-Ounap_WGS/Su/HK018_0047"}]}
{"resourceType":"Patient","id":"P.AnVIL-CMG-Broad-Orphan-Estonia-Ounap-WGS-Su-HK018-0048","meta":{"profile":["http://hl7.org/fhir/StructureDefinition/Patient"]},"identifier":[{"system":"https://anvil.terra.bio/#workspaces/anvil-datastorage/AnVIL_CMG_Broad_Orphan_Estonia-Ounap_WGS","value":"AnVIL_CMG_Broad_Orphan_Estonia-Ounap_WGS/Su/HK018_0048"},{"system":"urn:ncpi:unique-string","value":"Patient|AnVIL_CMG_Broad_Orphan_Estonia-Ounap_WGS|AnVIL_CMG_Broad_Orphan_Estonia-Ounap_WGS/Su/HK018_0048"}]}
{"resourceType":"Patient","id":"P.AnVIL-CMG-Broad-Orphan-Estonia-Ounap-WGS-Su-HK018-0049","meta":{"profile":["http://hl7.org/fhir/StructureDefinition/Patient"]},"identifier":[{"system":"https://anvil.terra.bio/#workspaces/anvil-datastorage/AnVIL_CMG_Broad_Orphan_Estonia-Ounap_WGS","value":"AnVIL_CMG_Broad_Orphan_Estonia-Ounap_WGS/Su/HK018_0049"},{"system":"urn:ncpi:unique-string","value":"Patient|AnVIL_CMG_Broad_Orphan_Estonia-Ounap_WGS|AnVIL_CMG_Broad_Orphan_Estonia-Ounap_WGS/Su/HK018_0049"}]}
{"resourceType":"Patient","id":"P.AnVIL-CMG-Broad-Orphan-Estonia-Ounap-WGS-Su-HK022-0059","meta":{"profile":["http://hl7.org/fhir/StructureDefinition/Patient"]},"identifier":[{"system":"https://anvil.terra.bio/#workspaces/anvil-datastorage/AnVIL_CMG_Broad_Orphan_Estonia-Ounap_WGS","value":"AnVIL_CMG_Broad_Orphan_Estonia-Ounap_WGS/Su/HK022_0059"},{"system":"urn:ncpi:unique-string","value":"Patient|AnVIL_CMG_Broad_Orphan_Estonia-Ounap_WGS|AnVIL_CMG_Broad_Orphan_Estonia-Ounap_WGS/Su/HK022_0059"}]}
{"resourceType":"Patient","id":"P.AnVIL-CMG-Broad-Orphan-Estonia-Ounap-WGS-Su-HK022-0060","meta":{"profile":["http://hl7.org/fhir/StructureDefinition/Patient"]},"identifier":[{"system":"https://anvil.terra.bio/#workspaces/anvil-datastorage/AnVIL_CMG_Broad_Orphan_Estonia-Ounap_WGS","value":"AnVIL_CMG_Broad_Orphan_Estonia-Ounap_WGS/Su/HK022_0060"},{"system":"urn:ncpi:unique-string","value":"Patient|AnVIL_CMG_Broad_Orphan_Estonia-Ounap_WGS|AnVIL_CMG_Broad_Orphan_Estonia-Ounap_WGS/Su/HK022_0060"}]}
{"resourceType":"Patient","id":"P.AnVIL-CMG-Broad-Orphan-Estonia-Ounap-WGS-Su-HK022-0061","meta":{"profile":["http://hl7.org/fhir/StructureDefinition/Patient"]},"identifier":[{"system":"https://anvil.terra.bio/#workspaces/anvil-datastorage/AnVIL_CMG_Broad_Orphan_Estonia-Ounap_WGS","value":"AnVIL_CMG_Broad_Orphan_Estonia-Ounap_WGS/Su/HK022_0061"},{"system":"urn:ncpi:unique-string","value":"Patient|AnVIL_CMG_Broad_Orphan_Estonia-Ounap_WGS|AnVIL_CMG_Broad_Orphan_Estonia-Ounap_WGS/Su/HK022_0061"}]}
{"resourceType":"Patient","id":"P.AnVIL-CMG-Broad-Orphan-Estonia-Ounap-WGS-Su-HK024-0065","meta":{"profile":["http://hl7.org/fhir/StructureDefinition/Patient"]},"identifier":[{"system":"https://anvil.terra.bio/#workspaces/anvil-datastorage/AnVIL_CMG_Broad_Orphan_Estonia-Ounap_WGS","value":"AnVIL_CMG_Broad_Orphan_Estonia-Ounap_WGS/Su/HK024_0065"},{"system":"urn:ncpi:unique-string","value":"Patient|AnVIL_CMG_Broad_Orphan_Estonia-Ounap_WGS|AnVIL_CMG_Broad_Orphan_Estonia-Ounap_WGS/Su/HK024_0065"}]}
{"resourceType":"Patient","id":"P.AnVIL-CMG-Broad-Orphan-Estonia-Ounap-WGS-Su-HK024-0066","meta":{"profile":["http://hl7.org/fhir/StructureDefinition/Patient"]},"identifier":[{"system":"https://anvil.terra.bio/#workspaces/anvil-datastorage/AnVIL_CMG_Broad_Orphan_Estonia-Ounap_WGS","value":"AnVIL_CMG_Broad_Orphan_Estonia-Ounap_WGS/Su/HK024_0066"},{"system":"urn:ncpi:unique-string","value":"Patient|AnVIL_CMG_Broad_Orphan_Estonia-Ounap_WGS|AnVIL_CMG_Broad_Orphan_Estonia-Ounap_WGS/Su/HK024_0066"}]}
{"resourceType":"Patient","id":"P.AnVIL-CMG-Broad-Orphan-Estonia-Ounap-WGS-Su-HK024-0067","meta":{"profile":["http://hl7.org/fhir/StructureDefinition/Patient"]},"identifier":[{"system":"https://anvil.terra.bio/#workspaces/anvil-datastorage/AnVIL_CMG_Broad_Orphan_Estonia-Ounap_WGS","value":"AnVIL_CMG_Broad_Orphan_Estonia-Ounap_WGS/Su/HK024_0067"},{"system":"urn:ncpi:unique-string","value":"Patient|AnVIL_CMG_Broad_Orphan_Estonia-Ounap_WGS|AnVIL_CMG_Broad_Orphan_Estonia-Ounap_WGS/Su/HK024_0067"}]}
{"resourceType":"Patient","id":"P.AnVIL-CMG-Broad-Orphan-Estonia-Ounap-WGS-Su-HK025-0068-2","meta":{"profile":["http://hl7.org/fhir/StructureDefinition/Patient"]},"identifier":[{"system":"https://anvil.terra.bio/#workspaces/anvil-datastorage/AnVIL_CMG_Broad_Orphan_Estonia-Ounap_WGS","value":"AnVIL_CMG_Broad_Orphan_Estonia-Ounap_WGS/Su/HK025-0068_2"},{"system":"urn:ncpi:unique-string","value":"Patient|AnVIL_CMG_Broad_Orphan_Estonia-Ounap_WGS|AnVIL_CMG_Broad_Orphan_Estonia-Ounap_WGS/Su/HK025-0068_2"}]}
{"resourceType":"Patient","id":"P.AnVIL-CMG-Broad-Orphan-Estonia-Ounap-WGS-Su-HK025-0068-3","meta":{"profile":["http://hl7.org/fhir/StructureDefinition/Patient"]},"identifier":[{"system":"https://anvil.terra.bio/#workspaces/anvil-datastorage/AnVIL_CMG_Broad_Orphan_Estonia-Ounap_WGS","value":"AnVIL_CMG_Broad_Orphan_Estonia-Ounap_WGS/Su/HK025-0068_3"},{"system":"urn:ncpi:unique-string","value":"Patient|AnVIL_CMG_Broad_Orphan_Estonia-Ounap_WGS|AnVIL_CMG_Broad_Orphan_Estonia-Ounap_WGS/Su/HK025-0068_3"}]}
{"resourceType":"Patient","id":"P.AnVIL-CMG-Broad-Orphan-Estonia-Ounap-WGS-Su-HK025-0068","meta":{"profile":["http://hl7.org/fhir/StructureDefinition/Patient"]},"identifier":[{"system":"https://anvil.terra.bio/#workspaces/anvil-datastorage/AnVIL_CMG_Broad_Orphan_Estonia-Ounap_WGS","value":"AnVIL_CMG_Broad_Orphan_Estonia-Ounap_WGS/Su/HK025_0068"},{"system":"urn:ncpi:unique-string","value":"Patient|AnVIL_CMG_Broad_Orphan_Estonia-Ounap_WGS|AnVIL_CMG_Broad_Orphan_Estonia-Ounap_WGS/Su/HK025_0068"}]}
{"resourceType":"Patient","id":"P.AnVIL-CMG-Broad-Orphan-Estonia-Ounap-WGS-Su-HK028-0073","meta":{"profile":["http://hl7.org/fhir/StructureDefinition/Patient"]},"identifier":[{"system":"https://anvil.terra.bio/#workspaces/anvil-datastorage/AnVIL_CMG_Broad_Orphan_Estonia-Ounap_WGS","value":"AnVIL_CMG_Broad_Orphan_Estonia-Ounap_WGS/Su/HK028_0073"},{"system":"urn:ncpi:unique-string","value":"Patient|AnVIL_CMG_Broad_Orphan_Estonia-Ounap_WGS|AnVIL_CMG_Broad_Orphan_Estonia-Ounap_WGS/Su/HK028_0073"}]}
{"resourceType":"Patient","id":"P.AnVIL-CMG-Broad-Orphan-Estonia-Ounap-WGS-Su-HK028-0074","meta":{"profile":["http://hl7.org/fhir/StructureDefinition/Patient"]},"identifier":[{"system":"https://anvil.terra.bio/#workspaces/anvil-datastorage/AnVIL_CMG_Broad_Orphan_Estonia-Ounap_WGS","value":"AnVIL_CMG_Broad_Orphan_Estonia-Ounap_WGS/Su/HK028_0074"},{"system":"urn:ncpi:unique-string","value":"Patient|AnVIL_CMG_Broad_Orphan_Estonia-Ounap_WGS|AnVIL_CMG_Broad_Orphan_Estonia-Ounap_WGS/Su/HK028_0074"}]}
{"resourceType":"Patient","id":"P.AnVIL-CMG-Broad-Orphan-Estonia-Ounap-WGS-Su-HK028-0075","meta":{"profile":["http://hl7.org/fhir/StructureDefinition/Patient"]},"identifier":[{"system":"https://anvil.terra.bio/#workspaces/anvil-datastorage/AnVIL_CMG_Broad_Orphan_Estonia-Ounap_WGS","value":"AnVIL_CMG_Broad_Orphan_Estonia-Ounap_WGS/Su/HK028_0075"},{"system":"urn:ncpi:unique-string","value":"Patient|AnVIL_CMG_Broad_Orphan_Estonia-Ounap_WGS|AnVIL_CMG_Broad_Orphan_Estonia-Ounap_WGS/Su/HK028_0075"}]}
{"resourceType":"Patient","id":"P.AnVIL-CMG-Broad-Orphan-Estonia-Ounap-WGS-Su-HK029-0076-2","meta":{"profile":["http://hl7.org/fhir/StructureDefinition/Patient"]},"identifier":[{"system":"https://anvil.terra.bio/#workspaces/anvil-datastorage/AnVIL_CMG_Broad_Orphan_Estonia-Ounap_WGS","value":"AnVIL_CMG_Broad_Orphan_Estonia-Ounap_WGS/Su/HK029-0076_2"},{"system":"urn:ncpi:unique-string","value":"Patient|AnVIL_CMG_Broad_Orphan_Estonia-Ounap_WGS|AnVIL_CMG_Broad_Orphan_Estonia-Ounap_WGS/Su/HK029-0076_2"}]}
{"resourceType":"Patient","id":"P.AnVIL-CMG-Broad-Orphan-Estonia-Ounap-WGS-Su-HK029-0076-3","meta":{"profile":["http://hl7.org/fhir/StructureDefinition/Patient"]},"identifier":[{"system":"https://anvil.terra.bio/#workspaces/anvil-datastorage/AnVIL_CMG_Broad_Orphan_Estonia-Ounap_WGS","value":"AnVIL_CMG_Broad_Orphan_Estonia-Ounap_WGS/Su/HK029-0076_3"},{"system":"urn:ncpi:unique-string","value":"Patient|AnVIL_CMG_Broad_Orphan_Estonia-Ounap_WGS|AnVIL_CMG_Broad_Orphan_Estonia-Ounap_WGS/Su/HK029-0076_3"}]}
{"resourceType":"Patient","id":"P.AnVIL-CMG-Broad-Orphan-Estonia-Ounap-WGS-Su-HK029-0076","meta":{"profile":["http://hl7.org/fhir/StructureDefinition/Patient"]},"identifier":[{"system":"https://anvil.terra.bio/#workspaces/anvil-datastorage/AnVIL_CMG_Broad_Orphan_Estonia-Ounap_WGS","value":"AnVIL_CMG_Broad_Orphan_Estonia-Ounap_WGS/Su/HK029_0076"},{"system":"urn:ncpi:unique-string","value":"Patient|AnVIL_CMG_Broad_Orphan_Estonia-Ounap_WGS|AnVIL_CMG_Broad_Orphan_Estonia-Ounap_WGS/Su/HK029_0076"}]}
{"resourceType":"Patient","id":"P.AnVIL-CMG-Broad-Orphan-Estonia-Ounap-WGS-Su-HK031-0078","meta":{"profile":["http://hl7.org/fhir/StructureDefinition/Patient"]},"identifier":[{"system":"https://anvil.terra.bio/#workspaces/anvil-datastorage/AnVIL_CMG_Broad_Orphan_Estonia-Ounap_WGS","value":"AnVIL_CMG_Broad_Orphan_Estonia-Ounap_WGS/Su/HK031_0078"},{"system":"urn:ncpi:unique-string","value":"Patient|AnVIL_CMG_Broad_Orphan_Estonia-Ounap_WGS|AnVIL_CMG_Broad_Orphan_Estonia-Ounap_WGS/Su/HK031_0078"}]}
{"resourceType":"Patient","id":"P.AnVIL-CMG-Broad-Orphan-Estonia-Ounap-WGS-Su-HK031-0079","meta":{"profile":["http://hl7.org/fhir/StructureDefinition/Patient"]},"identifier":[{"system":"https://anvil.terra.bio/#workspaces/anvil-datastorage/AnVIL_CMG_Broad_Orphan_Estonia-Ounap_WGS","value":"AnVIL_CMG_Broad_Orphan_Estonia-Ounap_WGS/Su/HK031_0079"},{"system":"urn:ncpi:unique-string","value":"Patient|AnVIL_CMG_Broad_Orphan_Estonia-Ounap_WGS|AnVIL_CMG_Broad_Orphan_Estonia-Ounap_WGS/Su/HK031_0079"}]}
{"resourceType":"Patient","id":"P.AnVIL-CMG-Broad-Orphan-Estonia-Ounap-WGS-Su-HK031-0080","meta":{"profile":["http://hl7.org/fhir/StructureDefinition/Patient"]},"identifier":[{"system":"https://anvil.terra.bio/#workspaces/anvil-datastorage/AnVIL_CMG_Broad_Orphan_Estonia-Ounap_WGS","value":"AnVIL_CMG_Broad_Orphan_Estonia-Ounap_WGS/Su/HK031_0080"},{"system":"urn:ncpi:unique-string","value":"Patient|AnVIL_CMG_Broad_Orphan_Estonia-Ounap_WGS|AnVIL_CMG_Broad_Orphan_Estonia-Ounap_WGS/Su/HK031_0080"}]}
{"resourceType":"Patient","id":"P.AnVIL-CMG-Broad-Orphan-Estonia-Ounap-WGS-Su-HK032-0081","meta":{"profile":["http://hl7.org/fhir/StructureDefinition/Patient"]},"identifier":[{"system":"https://anvil.terra.bio/#workspaces/anvil-datastorage/AnVIL_CMG_Broad_Orphan_Estonia-Ounap_WGS","value":"AnVIL_CMG_Broad_Orphan_Estonia-Ounap_WGS/Su/HK032_0081"},{"system":"urn:ncpi:unique-string","value":"Patient|AnVIL_CMG_Broad_Orphan_Estonia-Ounap_WGS|AnVIL_CMG_Broad_Orphan_Estonia-Ounap_WGS/Su/HK032_0081"}]}
{"resourceType":"Patient","id":"P.AnVIL-CMG-Broad-Orphan-Estonia-Ounap-WGS-Su-HK035-0088","meta":{"profile":["http://hl7.org/fhir/StructureDefinition/Patient"]},"identifier":[{"system":"https://anvil.terra.bio/#workspaces/anvil-datastorage/AnVIL_CMG_Broad_Orphan_Estonia-Ounap_WGS","value":"AnVIL_CMG_Broad_Orphan_Estonia-Ounap_WGS/Su/HK035_0088"},{"system":"urn:ncpi:unique-string","value":"Patient|AnVIL_CMG_Broad_Orphan_Estonia-Ounap_WGS|AnVIL_CMG_Broad_Orphan_Estonia-Ounap_WGS/Su/HK035_0088"}]}
{"resourceType":"Patient","id":"P.AnVIL-CMG-Broad-Orphan-Estonia-Ounap-WGS-Su-HK035-0089","meta":{"profile":["http://hl7.org/fhir/StructureDefinition/Patient"]},"identifier":[{"system":"https://anvil.terra.bio/#workspaces/anvil-datastorage/AnVIL_CMG_Broad_Orphan_Estonia-Ounap_WGS","value":"AnVIL_CMG_Broad_Orphan_Estonia-Ounap_WGS/Su/HK035_0089"},{"system":"urn:ncpi:unique-string","value":"Patient|AnVIL_CMG_Broad_Orphan_Estonia-Ounap_WGS|AnVIL_CMG_Broad_Orphan_Estonia-Ounap_WGS/Su/HK035_0089"}]}
{"resourceType":"Patient","id":"P.AnVIL-CMG-Broad-Orphan-Estonia-Ounap-WGS-Su-HK036-0091","meta":{"profile":["http://hl7.org/fhir/StructureDefinition/Patient"]},"identifier":[{"system":"https://anvil.terra.bio/#workspaces/anvil-datastorage/AnVIL_CMG_Broad_Orphan_Estonia-Ounap_WGS","value":"AnVIL_CMG_Broad_Orphan_Estonia-Ounap_WGS/Su/HK036_0091"},{"system":"urn:ncpi:unique-string","value":"Patient|AnVIL_CMG_Broad_Orphan_Estonia-Ounap_WGS|AnVIL_CMG_Broad_Orphan_Estonia-Ounap_WGS/Su/HK036_0091"}]}
{"resourceType":"Patient","id":"P.AnVIL-CMG-Broad-Orphan-Estonia-Ounap-WGS-Su-HK036-0092","meta":{"profile":["http://hl7.org/fhir/StructureDefinition/Patient"]},"identifier":[{"system":"https://anvil.terra.bio/#workspaces/anvil-datastorage/AnVIL_CMG_Broad_Orphan_Estonia-Ounap_WGS","value":"AnVIL_CMG_Broad_Orphan_Estonia-Ounap_WGS/Su/HK036_0092"},{"system":"urn:ncpi:unique-string","value":"Patient|AnVIL_CMG_Broad_Orphan_Estonia-Ounap_WGS|AnVIL_CMG_Broad_Orphan_Estonia-Ounap_WGS/Su/HK036_0092"}]}
{"resourceType":"Patient","id":"P.AnVIL-CMG-Broad-Orphan-Estonia-Ounap-WGS-Su-HK036-0093","meta":{"profile":["http://hl7.org/fhir/StructureDefinition/Patient"]},"identifier":[{"system":"https://anvil.terra.bio/#workspaces/anvil-datastorage/AnVIL_CMG_Broad_Orphan_Estonia-Ounap_WGS","value":"AnVIL_CMG_Broad_Orphan_Estonia-Ounap_WGS/Su/HK036_0093"},{"system":"urn:ncpi:unique-string","value":"Patient|AnVIL_CMG_Broad_Orphan_Estonia-Ounap_WGS|AnVIL_CMG_Broad_Orphan_Estonia-Ounap_WGS/Su/HK036_0093"}]}
{"resourceType":"Patient","id":"P.AnVIL-CMG-Broad-Orphan-Estonia-Ounap-WGS-Su-HK037-0094","meta":{"profile":["http://hl7.org/fhir/StructureDefinition/Patient"]},"identifier":[{"system":"https://anvil.terra.bio/#workspaces/anvil-datastorage/AnVIL_CMG_Broad_Orphan_Estonia-Ounap_WGS","value":"AnVIL_CMG_Broad_Orphan_Estonia-Ounap_WGS/Su/HK037_0094"},{"system":"urn:ncpi:unique-string","value":"Patient|AnVIL_CMG_Broad_Orphan_Estonia-Ounap_WGS|AnVIL_CMG_Broad_Orphan_Estonia-Ounap_WGS/Su/HK037_0094"}]}
{"resourceType":"Patient","id":"P.AnVIL-CMG-Broad-Orphan-Estonia-Ounap-WGS-Su-HK044-0109","meta":{"profile":["http://hl7.org/fhir/StructureDefinition/Patient"]},"identifier":[{"system":"https://anvil.terra.bio/#workspaces/anvil-datastorage/AnVIL_CMG_Broad_Orphan_Estonia-Ounap_WGS","value":"AnVIL_CMG_Broad_Orphan_Estonia-Ounap_WGS/Su/HK044_0109"},{"system":"urn:ncpi:unique-string","value":"Patient|AnVIL_CMG_Broad_Orphan_Estonia-Ounap_WGS|AnVIL_CMG_Broad_Orphan_Estonia-Ounap_WGS/Su/HK044_0109"}]}
{"resourceType":"Patient","id":"P.AnVIL-CMG-Broad-Orphan-Estonia-Ounap-WGS-Su-HK044-0110","meta":{"profile":["http://hl7.org/fhir/StructureDefinition/Patient"]},"identifier":[{"system":"https://anvil.terra.bio/#workspaces/anvil-datastorage/AnVIL_CMG_Broad_Orphan_Estonia-Ounap_WGS","value":"AnVIL_CMG_Broad_Orphan_Estonia-Ounap_WGS/Su/HK044_0110"},{"system":"urn:ncpi:unique-string","value":"Patient|AnVIL_CMG_Broad_Orphan_Estonia-Ounap_WGS|AnVIL_CMG_Broad_Orphan_Estonia-Ounap_WGS/Su/HK044_0110"}]}
{"resourceType":"Patient","id":"P.AnVIL-CMG-Broad-Orphan-Estonia-Ounap-WGS-Su-HK044-0111","meta":{"profile":["http://hl7.org/fhir/StructureDefinition/Patient"]},"identifier":[{"system":"https://anvil.terra.bio/#workspaces/anvil-datastorage/AnVIL_CMG_Broad_Orphan_Estonia-Ounap_WGS","value":"AnVIL_CMG_Broad_Orphan_Estonia-Ounap_WGS/Su/HK044_0111"},{"system":"urn:ncpi:unique-string","value":"Patient|AnVIL_CMG_Broad_Orphan_Estonia-Ounap_WGS|AnVIL_CMG_Broad_Orphan_Estonia-Ounap_WGS/Su/HK044_0111"}]}
{"resourceType":"Patient","id":"P.AnVIL-CMG-Broad-Orphan-Estonia-Ounap-WGS-Su-HK047-0116","meta":{"profile":["http://hl7.org/fhir/StructureDefinition/Patient"]},"identifier":[{"system":"https://anvil.terra.bio/#workspaces/anvil-datastorage/AnVIL_CMG_Broad_Orphan_Estonia-Ounap_WGS","value":"AnVIL_CMG_Broad_Orphan_Estonia-Ounap_WGS/Su/HK047_0116"},{"system":"urn:ncpi:unique-string","value":"Patient|AnVIL_CMG_Broad_Orphan_Estonia-Ounap_WGS|AnVIL_CMG_Broad_Orphan_Estonia-Ounap_WGS/Su/HK047_0116"}]}
{"resourceType":"Patient","id":"P.AnVIL-CMG-Broad-Orphan-Estonia-Ounap-WGS-Su-HK047-0117","meta":{"profile":["http://hl7.org/fhir/StructureDefinition/Patient"]},"identifier":[{"system":"https://anvil.terra.bio/#workspaces/anvil-datastorage/AnVIL_CMG_Broad_Orphan_Estonia-Ounap_WGS","value":"AnVIL_CMG_Broad_Orphan_Estonia-Ounap_WGS/Su/HK047_0117"},{"system":"urn:ncpi:unique-string","value":"Patient|AnVIL_CMG_Broad_Orphan_Estonia-Ounap_WGS|AnVIL_CMG_Broad_Orphan_Estonia-Ounap_WGS/Su/HK047_0117"}]}
{"resourceType":"Patient","id":"P.AnVIL-CMG-Broad-Orphan-Estonia-Ounap-WGS-Su-HK047-0118","meta":{"profile":["http://hl7.org/fhir/StructureDefinition/Patient"]},"identifier":[{"system":"https://anvil.terra.bio/#workspaces/anvil-datastorage/AnVIL_CMG_Broad_Orphan_Estonia-Ounap_WGS","value":"AnVIL_CMG_Broad_Orphan_Estonia-Ounap_WGS/Su/HK047_0118"},{"system":"urn:ncpi:unique-string","value":"Patient|AnVIL_CMG_Broad_Orphan_Estonia-Ounap_WGS|AnVIL_CMG_Broad_Orphan_Estonia-Ounap_WGS/Su/HK047_0118"}]}
{"resourceType":"Patient","id":"P.AnVIL-CMG-Broad-Orphan-Estonia-Ounap-WGS-Su-HK048-0120-3","meta":{"profile":["http://hl7.org/fhir/StructureDefinition/Patient"]},"identifier":[{"system":"https://anvil.terra.bio/#workspaces/anvil-datastorage/AnVIL_CMG_Broad_Orphan_Estonia-Ounap_WGS","value":"AnVIL_CMG_Broad_Orphan_Estonia-Ounap_WGS/Su/HK048-0120_3"},{"system":"urn:ncpi:unique-string","value":"Patient|AnVIL_CMG_Broad_Orphan_Estonia-Ounap_WGS|AnVIL_CMG_Broad_Orphan_Estonia-Ounap_WGS/Su/HK048-0120_3"}]}
{"resourceType":"Patient","id":"P.AnVIL-CMG-Broad-Orphan-Estonia-Ounap-WGS-Su-HK051-0127","meta":{"profile":["http://hl7.org/fhir/StructureDefinition/Patient"]},"identifier":[{"system":"https://anvil.terra.bio/#workspaces/anvil-datastorage/AnVIL_CMG_Broad_Orphan_Estonia-Ounap_WGS","value":"AnVIL_CMG_Broad_Orphan_Estonia-Ounap_WGS/Su/HK051_0127"},{"system":"urn:ncpi:unique-string","value":"Patient|AnVIL_CMG_Broad_Orphan_Estonia-Ounap_WGS|AnVIL_CMG_Broad_Orphan_Estonia-Ounap_WGS/Su/HK051_0127"}]}
{"resourceType":"Patient","id":"P.AnVIL-CMG-Broad-Orphan-Estonia-Ounap-WGS-Su-HK051-0128","meta":{"profile":["http://hl7.org/fhir/StructureDefinition/Patient"]},"identifier":[{"system":"https://anvil.terra.bio/#workspaces/anvil-datastorage/AnVIL_CMG_Broad_Orphan_Estonia-Ounap_WGS","value":"AnVIL_CMG_Broad_Orphan_Estonia-Ounap_WGS/Su/HK051_0128"},{"system":"urn:ncpi:unique-string","value":"Patient|AnVIL_CMG_Broad_Orphan_Estonia-Ounap_WGS|AnVIL_CMG_Broad_Orphan_Estonia-Ounap_WGS/Su/HK051_0128"}]}
{"resourceType":"Patient","id":"P.AnVIL-CMG-Broad-Orphan-Estonia-Ounap-WGS-Su-HK051-0129","meta":{"profile":["http://hl7.org/fhir/StructureDefinition/Patient"]},"identifier":[{"system":"https://anvil.terra.bio/#workspaces/anvil-datastorage/AnVIL_CMG_Broad_Orphan_Estonia-Ounap_WGS","value":"AnVIL_CMG_Broad_Orphan_Estonia-Ounap_WGS/Su/HK051_0129"},{"system":"urn:ncpi:unique-string","value":"Patient|AnVIL_CMG_Broad_Orphan_Estonia-Ounap_WGS|AnVIL_CMG_Broad_Orphan_Estonia-Ounap_WGS/Su/HK051_0129"}]}
{"resourceType":"Patient","id":"P.AnVIL-CMG-Broad-Orphan-Estonia-Ounap-WGS-Su-HK053-0133-1","meta":{"profile":["http://hl7.org/fhir/StructureDefinition/Patient"]},"identifier":[{"system":"https://anvil.terra.bio/#workspaces/anvil-datastorage/AnVIL_CMG_Broad_Orphan_Estonia-Ounap_WGS","value":"AnVIL_CMG_Broad_Orphan_Estonia-Ounap_WGS/Su/HK053-0133_1"},{"system":"urn:ncpi:unique-string","value":"Patient|AnVIL_CMG_Broad_Orphan_Estonia-Ounap_WGS|AnVIL_CMG_Broad_Orphan_Estonia-Ounap_WGS/Su/HK053-0133_1"}]}
{"resourceType":"Patient","id":"P.AnVIL-CMG-Broad-Orphan-Estonia-Ounap-WGS-Su-HK053-0134-1","meta":{"profile":["http://hl7.org/fhir/StructureDefinition/Patient"]},"identifier":[{"system":"https://anvil.terra.bio/#workspaces/anvil-datastorage/AnVIL_CMG_Broad_Orphan_Estonia-Ounap_WGS","value":"AnVIL_CMG_Broad_Orphan_Estonia-Ounap_WGS/Su/HK053-0134_1"},{"system":"urn:ncpi:unique-string","value":"Patient|AnVIL_CMG_Broad_Orphan_Estonia-Ounap_WGS|AnVIL_CMG_Broad_Orphan_Estonia-Ounap_WGS/Su/HK053-0134_1"}]}
{"resourceType":"Patient","id":"P.AnVIL-CMG-Broad-Orphan-Estonia-Ounap-WGS-Su-HK053-0135-1","meta":{"profile":["http://hl7.org/fhir/StructureDefinition/Patient"]},"identifier":[{"system":"https://anvil.terra.bio/#workspaces/anvil-datastorage/AnVIL_CMG_Broad_Orphan_Estonia-Ounap_WGS","value":"AnVIL_CMG_Broad_Orphan_Estonia-Ounap_WGS/Su/HK053-0135_1"},{"system":"urn:ncpi:unique-string","value":"Patient|AnVIL_CMG_Broad_Orphan_Estonia-Ounap_WGS|AnVIL_CMG_Broad_Orphan_Estonia-Ounap_WGS/Su/HK053-0135_1"}]}
{"resourceType":"Patient","id":"P.AnVIL-CMG-Broad-Orphan-Estonia-Ounap-WGS-Su-HK069-0177-1","meta":{"profile":["http://hl7.org/fhir/StructureDefinition/Patient"]},"identifier":[{"system":"https://anvil.terra.bio/#workspaces/anvil-datastorage/AnVIL_CMG_Broad_Orphan_Estonia-Ounap_WGS","value":"AnVIL_CMG_Broad_Orphan_Estonia-Ounap_WGS/Su/HK069-0177_1"},{"system":"urn:ncpi:unique-string","value":"Patient|AnVIL_CMG_Broad_Orphan_Estonia-Ounap_WGS|AnVIL_CMG_Broad_Orphan_Estonia-Ounap_WGS/Su/HK069-0177_1"}]}
{"resourceType":"Patient","id":"P.AnVIL-CMG-Broad-Orphan-Estonia-Ounap-WGS-Su-HK069-0178-1","meta":{"profile":["http://hl7.org/fhir/StructureDefinition/Patient"]},"identifier":[{"system":"https://anvil.terra.bio/#workspaces/anvil-datastorage/AnVIL_CMG_Broad_Orphan_Estonia-Ounap_WGS","value":"AnVIL_CMG_Broad_Orphan_Estonia-Ounap_WGS/Su/HK069-0178_1"},{"system":"urn:ncpi:unique-string","value":"Patient|AnVIL_CMG_Broad_Orphan_Estonia-Ounap_WGS|AnVIL_CMG_Broad_Orphan_Estonia-Ounap_WGS/Su/HK069-0178_1"}]}
{"resourceType":"Patient","id":"P.AnVIL-CMG-Broad-Orphan-Estonia-Ounap-WGS-Su-HK069-0179-1","meta":{"profile":["http://hl7.org/fhir/StructureDefinition/Patient"]},"identifier":[{"system":"https://anvil.terra.bio/#workspaces/anvil-datastorage/AnVIL_CMG_Broad_Orphan_Estonia-Ounap_WGS","value":"AnVIL_CMG_Broad_Orphan_Estonia-Ounap_WGS/Su/HK069-0179_1"},{"system":"urn:ncpi:unique-string","value":"Patient|AnVIL_CMG_Broad_Orphan_Estonia-Ounap_WGS|AnVIL_CMG_Broad_Orphan_Estonia-Ounap_WGS/Su/HK069-0179_1"}]}
{"resourceType":"Patient","id":"P.AnVIL-CMG-Broad-Orphan-Estonia-Ounap-WGS-Su-HK071-001","meta":{"profile":["http://hl7.org/fhir/StructureDefinition/Patient"]},"identifier":[{"system":"https://anvil.terra.bio/#workspaces/anvil-datastorage/AnVIL_CMG_Broad_Orphan_Estonia-Ounap_WGS","value":"AnVIL_CMG_Broad_Orphan_Estonia-Ounap_WGS/Su/HK071-001"},{"system":"urn:ncpi:unique-string","value":"Patient|AnVIL_CMG_Broad_Orphan_Estonia-Ounap_WGS|AnVIL_CMG_Broad_Orphan_Estonia-Ounap_WGS/Su/HK071-001"}]}
{"resourceType":"Patient","id":"P.AnVIL-CMG-Broad-Orphan-Estonia-Ounap-WGS-Su-HK071-002","meta":{"profile":["http://hl7.org/fhir/StructureDefinition/Patient"]},"identifier":[{"system":"https://anvil.terra.bio/#workspaces/anvil-datastorage/AnVIL_CMG_Broad_Orphan_Estonia-Ounap_WGS","value":"AnVIL_CMG_Broad_Orphan_Estonia-Ounap_WGS/Su/HK071-002"},{"system":"urn:ncpi:unique-string","value":"Patient|AnVIL_CMG_Broad_Orphan_Estonia-Ounap_WGS|AnVIL_CMG_Broad_Orphan_Estonia-Ounap_WGS/Su/HK071-002"}]}
{"resourceType":"Patient","id":"P.AnVIL-CMG-Broad-Orphan-Estonia-Ounap-WGS-Su-HK071-004","meta":{"profile":["http://hl7.org/fhir/StructureDefinition/Patient"]},"identifier":[{"system":"https://anvil.terra.bio/#workspaces/anvil-datastorage/AnVIL_CMG_Broad_Orphan_Estonia-Ounap_WGS","value":"AnVIL_CMG_Broad_Orphan_Estonia-Ounap_WGS/Su/HK071-004"},{"system":"urn:ncpi:unique-string","value":"Patient|AnVIL_CMG_Broad_Orphan_Estonia-Ounap_WGS|AnVIL_CMG_Broad_Orphan_Estonia-Ounap_WGS/Su/HK071-004"}]}
{"resourceType":"Patient","id":"P.AnVIL-CMG-Broad-Orphan-Estonia-Ounap-WGS-Su-HK072-001-1","meta":{"profile":["http://hl7.org/fhir/StructureDefinition/Patient"]},"identifier":[{"system":"https://anvil.terra.bio/#workspaces/anvil-datastorage/AnVIL_CMG_Broad_Orphan_Estonia-Ounap_WGS","value":"AnVIL_CMG_Broad_Orphan_Estonia-Ounap_WGS/Su/HK072-001_1"},{"system":"urn:ncpi:unique-string","value":"Patient|AnVIL_CMG_Broad_Orphan_Estonia-Ounap_WGS|AnVIL_CMG_Broad_Orphan_Estonia-Ounap_WGS/Su/HK072-001_1"}]}
{"resourceType":"Patient","id":"P.AnVIL-CMG-Broad-Orphan-Estonia-Ounap-WGS-Su-HK072-002-1","meta":{"profile":["http://hl7.org/fhir/StructureDefinition/Patient"]},"identifier":[{"system":"https://anvil.terra.bio/#workspaces/anvil-datastorage/AnVIL_CMG_Broad_Orphan_Estonia-Ounap_WGS","value":"AnVIL_CMG_Broad_Orphan_Estonia-Ounap_WGS/Su/HK072-002_1"},{"system":"urn:ncpi:unique-string","value":"Patient|AnVIL_CMG_Broad_Orphan_Estonia-Ounap_WGS|AnVIL_CMG_Broad_Orphan_Estonia-Ounap_WGS/Su/HK072-002_1"}]}
{"resourceType":"Patient","id":"P.AnVIL-CMG-Broad-Orphan-Estonia-Ounap-WGS-Su-HK072-003-1","meta":{"profile":["http://hl7.org/fhir/StructureDefinition/Patient"]},"identifier":[{"system":"https://anvil.terra.bio/#workspaces/anvil-datastorage/AnVIL_CMG_Broad_Orphan_Estonia-Ounap_WGS","value":"AnVIL_CMG_Broad_Orphan_Estonia-Ounap_WGS/Su/HK072-003_1"},{"system":"urn:ncpi:unique-string","value":"Patient|AnVIL_CMG_Broad_Orphan_Estonia-Ounap_WGS|AnVIL_CMG_Broad_Orphan_Estonia-Ounap_WGS/Su/HK072-003_1"}]}
{"resourceType":"Patient","id":"P.AnVIL-CMG-Broad-Orphan-Estonia-Ounap-WGS-Su-HK073-001-1","meta":{"profile":["http://hl7.org/fhir/StructureDefinition/Patient"]},"identifier":[{"system":"https://anvil.terra.bio/#workspaces/anvil-datastorage/AnVIL_CMG_Broad_Orphan_Estonia-Ounap_WGS","value":"AnVIL_CMG_Broad_Orphan_Estonia-Ounap_WGS/Su/HK073-001_1"},{"system":"urn:ncpi:unique-string","value":"Patient|AnVIL_CMG_Broad_Orphan_Estonia-Ounap_WGS|AnVIL_CMG_Broad_Orphan_Estonia-Ounap_WGS/Su/HK073-001_1"}]}
{"resourceType":"Patient","id":"P.AnVIL-CMG-Broad-Orphan-Estonia-Ounap-WGS-Su-HK073-002-1","meta":{"profile":["http://hl7.org/fhir/StructureDefinition/Patient"]},"identifier":[{"system":"https://anvil.terra.bio/#workspaces/anvil-datastorage/AnVIL_CMG_Broad_Orphan_Estonia-Ounap_WGS","value":"AnVIL_CMG_Broad_Orphan_Estonia-Ounap_WGS/Su/HK073-002_1"},{"system":"urn:ncpi:unique-string","value":"Patient|AnVIL_CMG_Broad_Orphan_Estonia-Ounap_WGS|AnVIL_CMG_Broad_Orphan_Estonia-Ounap_WGS/Su/HK073-002_1"}]}
{"resourceType":"Patient","id":"P.AnVIL-CMG-Broad-Orphan-Estonia-Ounap-WGS-Su-HK073-003-1","meta":{"profile":["http://hl7.org/fhir/StructureDefinition/Patient"]},"identifier":[{"system":"https://anvil.terra.bio/#workspaces/anvil-datastorage/AnVIL_CMG_Broad_Orphan_Estonia-Ounap_WGS","value":"AnVIL_CMG_Broad_Orphan_Estonia-Ounap_WGS/Su/HK073-003_1"},{"system":"urn:ncpi:unique-string","value":"Patient|AnVIL_CMG_Broad_Orphan_Estonia-Ounap_WGS|AnVIL_CMG_Broad_Orphan_Estonia-Ounap_WGS/Su/HK073-003_1"}]}
{"resourceType":"Patient","id":"P.AnVIL-CMG-Broad-Orphan-Estonia-Ounap-WGS-Su-HK075-001-1","meta":{"profile":["http://hl7.org/fhir/StructureDefinition/Patient"]},"identifier":[{"system":"https://anvil.terra.bio/#workspaces/anvil-datastorage/AnVIL_CMG_Broad_Orphan_Estonia-Ounap_WGS","value":"AnVIL_CMG_Broad_Orphan_Estonia-Ounap_WGS/Su/HK075-001_1"},{"system":"urn:ncpi:unique-string","value":"Patient|AnVIL_CMG_Broad_Orphan_Estonia-Ounap_WGS|AnVIL_CMG_Broad_Orphan_Estonia-Ounap_WGS/Su/HK075-001_1"}]}
{"resourceType":"Patient","id":"P.AnVIL-CMG-Broad-Orphan-Estonia-Ounap-WGS-Su-HK075-002-1","meta":{"profile":["http://hl7.org/fhir/StructureDefinition/Patient"]},"identifier":[{"system":"https://anvil.terra.bio/#workspaces/anvil-datastorage/AnVIL_CMG_Broad_Orphan_Estonia-Ounap_WGS","value":"AnVIL_CMG_Broad_Orphan_Estonia-Ounap_WGS/Su/HK075-002_1"},{"system":"urn:ncpi:unique-string","value":"Patient|AnVIL_CMG_Broad_Orphan_Estonia-Ounap_WGS|AnVIL_CMG_Broad_Orphan_Estonia-Ounap_WGS/Su/HK075-002_1"}]}
{"resourceType":"Patient","id":"P.AnVIL-CMG-Broad-Orphan-Estonia-Ounap-WGS-Su-HK075-003-1","meta":{"profile":["http://hl7.org/fhir/StructureDefinition/Patient"]},"identifier":[{"system":"https://anvil.terra.bio/#workspaces/anvil-datastorage/AnVIL_CMG_Broad_Orphan_Estonia-Ounap_WGS","value":"AnVIL_CMG_Broad_Orphan_Estonia-Ounap_WGS/Su/HK075-003_1"},{"system":"urn:ncpi:unique-string","value":"Patient|AnVIL_CMG_Broad_Orphan_Estonia-Ounap_WGS|AnVIL_CMG_Broad_Orphan_Estonia-Ounap_WGS/Su/HK075-003_1"}]}
{"resourceType":"Patient","id":"P.AnVIL-CMG-Broad-Orphan-Estonia-Ounap-WGS-Su-HK087-001-1","meta":{"profile":["http://hl7.org/fhir/StructureDefinition/Patient"]},"identifier":[{"system":"https://anvil.terra.bio/#workspaces/anvil-datastorage/AnVIL_CMG_Broad_Orphan_Estonia-Ounap_WGS","value":"AnVIL_CMG_Broad_Orphan_Estonia-Ounap_WGS/Su/HK087-001_1"},{"system":"urn:ncpi:unique-string","value":"Patient|AnVIL_CMG_Broad_Orphan_Estonia-Ounap_WGS|AnVIL_CMG_Broad_Orphan_Estonia-Ounap_WGS/Su/HK087-001_1"}]}
{"resourceType":"Patient","id":"P.AnVIL-CMG-Broad-Orphan-Estonia-Ounap-WGS-Su-HK087-002-1","meta":{"profile":["http://hl7.org/fhir/StructureDefinition/Patient"]},"identifier":[{"system":"https://anvil.terra.bio/#workspaces/anvil-datastorage/AnVIL_CMG_Broad_Orphan_Estonia-Ounap_WGS","value":"AnVIL_CMG_Broad_Orphan_Estonia-Ounap_WGS/Su/HK087-002_1"},{"system":"urn:ncpi:unique-string","value":"Patient|AnVIL_CMG_Broad_Orphan_Estonia-Ounap_WGS|AnVIL_CMG_Broad_Orphan_Estonia-Ounap_WGS/Su/HK087-002_1"}]}
{"resourceType":"Patient","id":"P.AnVIL-CMG-Broad-Orphan-Estonia-Ounap-WGS-Su-HK087-003-1","meta":{"profile":["http://hl7.org/fhir/StructureDefinition/Patient"]},"identifier":[{"system":"https://anvil.terra.bio/#workspaces/anvil-datastorage/AnVIL_CMG_Broad_Orphan_Estonia-Ounap_WGS","value":"AnVIL_CMG_Broad_Orphan_Estonia-Ounap_WGS/Su/HK087-003_1"},{"system":"urn:ncpi:unique-string","value":"Patient|AnVIL_CMG_Broad_Orphan_Estonia-Ounap_WGS|AnVIL_CMG_Broad_Orphan_Estonia-Ounap_WGS/Su/HK087-003_1"}]}
{"resourceType":"Patient","id":"P.AnVIL-CMG-Broad-Orphan-Estonia-Ounap-WGS-Su-HK088-001-1","meta":{"profile":["http://hl7.org/fhir/StructureDefinition/Patient"]},"identifier":[{"system":"https://anvil.terra.bio/#workspaces/anvil-datastorage/AnVIL_CMG_Broad_Orphan_Estonia-Ounap_WGS","value":"AnVIL_CMG_Broad_Orphan_Estonia-Ounap_WGS/Su/HK088-001_1"},{"system":"urn:ncpi:unique-string","value":"Patient|AnVIL_CMG_Broad_Orphan_Estonia-Ounap_WGS|AnVIL_CMG_Broad_Orphan_Estonia-Ounap_WGS/Su/HK088-001_1"}]}
{"resourceType":"Patient","id":"P.AnVIL-CMG-Broad-Orphan-Estonia-Ounap-WGS-Su-HK088-002-1","meta":{"profile":["http://hl7.org/fhir/StructureDefinition/Patient"]},"identifier":[{"system":"https://anvil.terra.bio/#workspaces/anvil-datastorage/AnVIL_CMG_Broad_Orphan_Estonia-Ounap_WGS","value":"AnVIL_CMG_Broad_Orphan_Estonia-Ounap_WGS/Su/HK088-002_1"},{"system":"urn:ncpi:unique-string","value":"Patient|AnVIL_CMG_Broad_Orphan_Estonia-Ounap_WGS|AnVIL_CMG_Broad_Orphan_Estonia-Ounap_WGS/Su/HK088-002_1"}]}
{"resourceType":"Patient","id":"P.AnVIL-CMG-Broad-Orphan-Estonia-Ounap-WGS-Su-HK088-003-1","meta":{"profile":["http://hl7.org/fhir/StructureDefinition/Patient"]},"identifier":[{"system":"https://anvil.terra.bio/#workspaces/anvil-datastorage/AnVIL_CMG_Broad_Orphan_Estonia-Ounap_WGS","value":"AnVIL_CMG_Broad_Orphan_Estonia-Ounap_WGS/Su/HK088-003_1"},{"system":"urn:ncpi:unique-string","value":"Patient|AnVIL_CMG_Broad_Orphan_Estonia-Ounap_WGS|AnVIL_CMG_Broad_Orphan_Estonia-Ounap_WGS/Su/HK088-003_1"}]}
{"resourceType":"Patient","id":"P.AnVIL-CMG-Broad-Orphan-Estonia-Ounap-WGS-Su-HK090-001-1","meta":{"profile":["http://hl7.org/fhir/StructureDefinition/Patient"]},"identifier":[{"system":"https://anvil.terra.bio/#workspaces/anvil-datastorage/AnVIL_CMG_Broad_Orphan_Estonia-Ounap_WGS","value":"AnVIL_CMG_Broad_Orphan_Estonia-Ounap_WGS/Su/HK090-001_1"},{"system":"urn:ncpi:unique-string","value":"Patient|AnVIL_CMG_Broad_Orphan_Estonia-Ounap_WGS|AnVIL_CMG_Broad_Orphan_Estonia-Ounap_WGS/Su/HK090-001_1"}]}
{"resourceType":"Patient","id":"P.AnVIL-CMG-Broad-Orphan-Estonia-Ounap-WGS-Su-HK090-002-1","meta":{"profile":["http://hl7.org/fhir/StructureDefinition/Patient"]},"identifier":[{"system":"https://anvil.terra.bio/#workspaces/anvil-datastorage/AnVIL_CMG_Broad_Orphan_Estonia-Ounap_WGS","value":"AnVIL_CMG_Broad_Orphan_Estonia-Ounap_WGS/Su/HK090-002_1"},{"system":"urn:ncpi:unique-string","value":"Patient|AnVIL_CMG_Broad_Orphan_Estonia-Ounap_WGS|AnVIL_CMG_Broad_Orphan_Estonia-Ounap_WGS/Su/HK090-002_1"}]}
{"resourceType":"Patient","id":"P.AnVIL-CMG-Broad-Orphan-Estonia-Ounap-WGS-Su-HK090-003-1","meta":{"profile":["http://hl7.org/fhir/StructureDefinition/Patient"]},"identifier":[{"system":"https://anvil.terra.bio/#workspaces/anvil-datastorage/AnVIL_CMG_Broad_Orphan_Estonia-Ounap_WGS","value":"AnVIL_CMG_Broad_Orphan_Estonia-Ounap_WGS/Su/HK090-003_1"},{"system":"urn:ncpi:unique-string","value":"Patient|AnVIL_CMG_Broad_Orphan_Estonia-Ounap_WGS|AnVIL_CMG_Broad_Orphan_Estonia-Ounap_WGS/Su/HK090-003_1"}]}
{"resourceType":"Patient","id":"P.AnVIL-CMG-Broad-Orphan-Estonia-Ounap-WGS-Su-HK095-001-1","meta":{"profile":["http://hl7.org/fhir/StructureDefinition/Patient"]},"identifier":[{"system":"https://anvil.terra.bio/#workspaces/anvil-datastorage/AnVIL_CMG_Broad_Orphan_Estonia-Ounap_WGS","value":"AnVIL_CMG_Broad_Orphan_Estonia-Ounap_WGS/Su/HK095-001_1"},{"system":"urn:ncpi:unique-string","value":"Patient|AnVIL_CMG_Broad_Orphan_Estonia-Ounap_WGS|AnVIL_CMG_Broad_Orphan_Estonia-Ounap_WGS/Su/HK095-001_1"}]}
{"resourceType":"Patient","id":"P.AnVIL-CMG-Broad-Orphan-Estonia-Ounap-WGS-Su-HK095-002-1","meta":{"profile":["http://hl7.org/fhir/StructureDefinition/Patient"]},"identifier":[{"system":"https://anvil.terra.bio/#workspaces/anvil-datastorage/AnVIL_CMG_Broad_Orphan_Estonia-Ounap_WGS","value":"AnVIL_CMG_Broad_Orphan_Estonia-Ounap_WGS/Su/HK095-002_1"},{"system":"urn:ncpi:unique-string","value":"Patient|AnVIL_CMG_Broad_Orphan_Estonia-Ounap_WGS|AnVIL_CMG_Broad_Orphan_Estonia-Ounap_WGS/Su/HK095-002_1"}]}
{"resourceType":"Patient","id":"P.AnVIL-CMG-Broad-Orphan-Estonia-Ounap-WGS-Su-HK095-003-1","meta":{"profile":["http://hl7.org/fhir/StructureDefinition/Patient"]},"identifier":[{"system":"https://anvil.terra.bio/#workspaces/anvil-datastorage/AnVIL_CMG_Broad_Orphan_Estonia-Ounap_WGS","value":"AnVIL_CMG_Broad_Orphan_Estonia-Ounap_WGS/Su/HK095-003_1"},{"system":"urn:ncpi:unique-string","value":"Patient|AnVIL_CMG_Broad_Orphan_Estonia-Ounap_WGS|AnVIL_CMG_Broad_Orphan_Estonia-Ounap_WGS/Su/HK095-003_1"}]}
{"resourceType":"Patient","id":"P.AnVIL-CMG-Broad-Orphan-Estonia-Ounap-WGS-Su-HK101-001-1","meta":{"profile":["http://hl7.org/fhir/StructureDefinition/Patient"]},"identifier":[{"system":"https://anvil.terra.bio/#workspaces/anvil-datastorage/AnVIL_CMG_Broad_Orphan_Estonia-Ounap_WGS","value":"AnVIL_CMG_Broad_Orphan_Estonia-Ounap_WGS/Su/HK101-001_1"},{"system":"urn:ncpi:unique-string","value":"Patient|AnVIL_CMG_Broad_Orphan_Estonia-Ounap_WGS|AnVIL_CMG_Broad_Orphan_Estonia-Ounap_WGS/Su/HK101-001_1"}]}
{"resourceType":"Patient","id":"P.AnVIL-CMG-Broad-Orphan-Estonia-Ounap-WGS-Su-HK101-002-1","meta":{"profile":["http://hl7.org/fhir/StructureDefinition/Patient"]},"identifier":[{"system":"https://anvil.terra.bio/#workspaces/anvil-datastorage/AnVIL_CMG_Broad_Orphan_Estonia-Ounap_WGS","value":"AnVIL_CMG_Broad_Orphan_Estonia-Ounap_WGS/Su/HK101-002_1"},{"system":"urn:ncpi:unique-string","value":"Patient|AnVIL_CMG_Broad_Orphan_Estonia-Ounap_WGS|AnVIL_CMG_Broad_Orphan_Estonia-Ounap_WGS/Su/HK101-002_1"}]}
{"resourceType":"Patient","id":"P.AnVIL-CMG-Broad-Orphan-Estonia-Ounap-WGS-Su-HK101-003-1","meta":{"profile":["http://hl7.org/fhir/StructureDefinition/Patient"]},"identifier":[{"system":"https://anvil.terra.bio/#workspaces/anvil-datastorage/AnVIL_CMG_Broad_Orphan_Estonia-Ounap_WGS","value":"AnVIL_CMG_Broad_Orphan_Estonia-Ounap_WGS/Su/HK101-003_1"},{"system":"urn:ncpi:unique-string","value":"Patient|AnVIL_CMG_Broad_Orphan_Estonia-Ounap_WGS|AnVIL_CMG_Broad_Orphan_Estonia-Ounap_WGS/Su/HK101-003_1"}]}
{"resourceType":"Patient","id":"P.AnVIL-CMG-Broad-Orphan-Estonia-Ounap-WGS-Su-HK102-001-1","meta":{"profile":["http://hl7.org/fhir/StructureDefinition/Patient"]},"identifier":[{"system":"https://anvil.terra.bio/#workspaces/anvil-datastorage/AnVIL_CMG_Broad_Orphan_Estonia-Ounap_WGS","value":"AnVIL_CMG_Broad_Orphan_Estonia-Ounap_WGS/Su/HK102-001_1"},{"system":"urn:ncpi:unique-string","value":"Patient|AnVIL_CMG_Broad_Orphan_Estonia-Ounap_WGS|AnVIL_CMG_Broad_Orphan_Estonia-Ounap_WGS/Su/HK102-001_1"}]}
{"resourceType":"Patient","id":"P.AnVIL-CMG-Broad-Orphan-Estonia-Ounap-WGS-Su-HK102-002-1","meta":{"profile":["http://hl7.org/fhir/StructureDefinition/Patient"]},"identifier":[{"system":"https://anvil.terra.bio/#workspaces/anvil-datastorage/AnVIL_CMG_Broad_Orphan_Estonia-Ounap_WGS","value":"AnVIL_CMG_Broad_Orphan_Estonia-Ounap_WGS/Su/HK102-002_1"},{"system":"urn:ncpi:unique-string","value":"Patient|AnVIL_CMG_Broad_Orphan_Estonia-Ounap_WGS|AnVIL_CMG_Broad_Orphan_Estonia-Ounap_WGS/Su/HK102-002_1"}]}
{"resourceType":"Patient","id":"P.AnVIL-CMG-Broad-Orphan-Estonia-Ounap-WGS-Su-HK102-003-1","meta":{"profile":["http://hl7.org/fhir/StructureDefinition/Patient"]},"identifier":[{"system":"https://anvil.terra.bio/#workspaces/anvil-datastorage/AnVIL_CMG_Broad_Orphan_Estonia-Ounap_WGS","value":"AnVIL_CMG_Broad_Orphan_Estonia-Ounap_WGS/Su/HK102-003_1"},{"system":"urn:ncpi:unique-string","value":"Patient|AnVIL_CMG_Broad_Orphan_Estonia-Ounap_WGS|AnVIL_CMG_Broad_Orphan_Estonia-Ounap_WGS/Su/HK102-003_1"}]}
{"resourceType":"Patient","id":"P.AnVIL-CMG-Broad-Orphan-Estonia-Ounap-WGS-Su-HK103-001-1","meta":{"profile":["http://hl7.org/fhir/StructureDefinition/Patient"]},"identifier":[{"system":"https://anvil.terra.bio/#workspaces/anvil-datastorage/AnVIL_CMG_Broad_Orphan_Estonia-Ounap_WGS","value":"AnVIL_CMG_Broad_Orphan_Estonia-Ounap_WGS/Su/HK103-001_1"},{"system":"urn:ncpi:unique-string","value":"Patient|AnVIL_CMG_Broad_Orphan_Estonia-Ounap_WGS|AnVIL_CMG_Broad_Orphan_Estonia-Ounap_WGS/Su/HK103-001_1"}]}
{"resourceType":"Patient","id":"P.AnVIL-CMG-Broad-Orphan-Estonia-Ounap-WGS-Su-HK103-002-1","meta":{"profile":["http://hl7.org/fhir/StructureDefinition/Patient"]},"identifier":[{"system":"https://anvil.terra.bio/#workspaces/anvil-datastorage/AnVIL_CMG_Broad_Orphan_Estonia-Ounap_WGS","value":"AnVIL_CMG_Broad_Orphan_Estonia-Ounap_WGS/Su/HK103-002_1"},{"system":"urn:ncpi:unique-string","value":"Patient|AnVIL_CMG_Broad_Orphan_Estonia-Ounap_WGS|AnVIL_CMG_Broad_Orphan_Estonia-Ounap_WGS/Su/HK103-002_1"}]}
{"resourceType":"Patient","id":"P.AnVIL-CMG-Broad-Orphan-Estonia-Ounap-WGS-Su-HK103-003-1","meta":{"profile":["http://hl7.org/fhir/StructureDefinition/Patient"]},"identifier":[{"system":"https://anvil.terra.bio/#workspaces/anvil-datastorage/AnVIL_CMG_Broad_Orphan_Estonia-Ounap_WGS","value":"AnVIL_CMG_Broad_Orphan_Estonia-Ounap_WGS/Su/HK103-003_1"},{"system":"urn:ncpi:unique-string","value":"Patient|AnVIL_CMG_Broad_Orphan_Estonia-Ounap_WGS|AnVIL_CMG_Broad_Orphan_Estonia-Ounap_WGS/Su/HK103-003_1"}]}
{"resourceType":"Patient","id":"P.AnVIL-CMG-Broad-Orphan-Estonia-Ounap-WGS-Su-HK104-001-D2","meta":{"profile":["http://hl7.org/fhir/StructureDefinition/Patient"]},"identifier":[{"system":"https://anvil.terra.bio/#workspaces/anvil-datastorage/AnVIL_CMG_Broad_Orphan_Estonia-Ounap_WGS","value":"AnVIL_CMG_Broad_Orphan_Estonia-Ounap_WGS/Su/HK104-001_D2"},{"system":"urn:ncpi:unique-string","value":"Patient|AnVIL_CMG_Broad_Orphan_Estonia-Ounap_WGS|AnVIL_CMG_Broad_Orphan_Estonia-Ounap_WGS/Su/HK104-001_D2"}]}
{"resourceType":"Patient","id":"P.AnVIL-CMG-Broad-Orphan-Estonia-Ounap-WGS-Su-HK104-003-1","meta":{"profile":["http://hl7.org/fhir/StructureDefinition/Patient"]},"identifier":[{"system":"https://anvil.terra.bio/#workspaces/anvil-datastorage/AnVIL_CMG_Broad_Orphan_Estonia-Ounap_WGS","value":"AnVIL_CMG_Broad_Orphan_Estonia-Ounap_WGS/Su/HK104-003_1"},{"system":"urn:ncpi:unique-string","value":"Patient|AnVIL_CMG_Broad_Orphan_Estonia-Ounap_WGS|AnVIL_CMG_Broad_Orphan_Estonia-Ounap_WGS/Su/HK104-003_1"}]}
{"resourceType":"Patient","id":"P.AnVIL-CMG-Broad-Orphan-Estonia-Ounap-WGS-Su-HK106-001-1","meta":{"profile":["http://hl7.org/fhir/StructureDefinition/Patient"]},"identifier":[{"system":"https://anvil.terra.bio/#workspaces/anvil-datastorage/AnVIL_CMG_Broad_Orphan_Estonia-Ounap_WGS","value":"AnVIL_CMG_Broad_Orphan_Estonia-Ounap_WGS/Su/HK106-001_1"},{"system":"urn:ncpi:unique-string","value":"Patient|AnVIL_CMG_Broad_Orphan_Estonia-Ounap_WGS|AnVIL_CMG_Broad_Orphan_Estonia-Ounap_WGS/Su/HK106-001_1"}]}
{"resourceType":"Patient","id":"P.AnVIL-CMG-Broad-Orphan-Estonia-Ounap-WGS-Su-HK106-002-1","meta":{"profile":["http://hl7.org/fhir/StructureDefinition/Patient"]},"identifier":[{"system":"https://anvil.terra.bio/#workspaces/anvil-datastorage/AnVIL_CMG_Broad_Orphan_Estonia-Ounap_WGS","value":"AnVIL_CMG_Broad_Orphan_Estonia-Ounap_WGS/Su/HK106-002_1"},{"system":"urn:ncpi:unique-string","value":"Patient|AnVIL_CMG_Broad_Orphan_Estonia-Ounap_WGS|AnVIL_CMG_Broad_Orphan_Estonia-Ounap_WGS/Su/HK106-002_1"}]}
{"resourceType":"Patient","id":"P.AnVIL-CMG-Broad-Orphan-Estonia-Ounap-WGS-Su-HK106-003-1","meta":{"profile":["http://hl7.org/fhir/StructureDefinition/Patient"]},"identifier":[{"system":"https://anvil.terra.bio/#workspaces/anvil-datastorage/AnVIL_CMG_Broad_Orphan_Estonia-Ounap_WGS","value":"AnVIL_CMG_Broad_Orphan_Estonia-Ounap_WGS/Su/HK106-003_1"},{"system":"urn:ncpi:unique-string","value":"Patient|AnVIL_CMG_Broad_Orphan_Estonia-Ounap_WGS|AnVIL_CMG_Broad_Orphan_Estonia-Ounap_WGS/Su/HK106-003_1"}]}
{"resourceType":"Patient","id":"P.AnVIL-CMG-Broad-Orphan-Estonia-Ounap-WGS-Su-OUN-HK120-1-1","meta":{"profile":["http://hl7.org/fhir/StructureDefinition/Patient"]},"identifier":[{"system":"https://anvil.terra.bio/#workspaces/anvil-datastorage/AnVIL_CMG_Broad_Orphan_Estonia-Ounap_WGS","value":"AnVIL_CMG_Broad_Orphan_Estonia-Ounap_WGS/Su/OUN_HK120_1_1"},{"system":"urn:ncpi:unique-string","value":"Patient|AnVIL_CMG_Broad_Orphan_Estonia-Ounap_WGS|AnVIL_CMG_Broad_Orphan_Estonia-Ounap_WGS/Su/OUN_HK120_1_1"}]}
{"resourceType":"Patient","id":"P.AnVIL-CMG-Broad-Orphan-Estonia-Ounap-WGS-Su-OUN-HK120-2-1","meta":{"profile":["http://hl7.org/fhir/StructureDefinition/Patient"]},"identifier":[{"system":"https://anvil.terra.bio/#workspaces/anvil-datastorage/AnVIL_CMG_Broad_Orphan_Estonia-Ounap_WGS","value":"AnVIL_CMG_Broad_Orphan_Estonia-Ounap_WGS/Su/OUN_HK120_2_1"},{"system":"urn:ncpi:unique-string","value":"Patient|AnVIL_CMG_Broad_Orphan_Estonia-Ounap_WGS|AnVIL_CMG_Broad_Orphan_Estonia-Ounap_WGS/Su/OUN_HK120_2_1"}]}
{"resourceType":"Patient","id":"P.AnVIL-CMG-Broad-Orphan-Estonia-Ounap-WGS-Su-OUN-HK120-3-1","meta":{"profile":["http://hl7.org/fhir/StructureDefinition/Patient"]},"identifier":[{"system":"https://anvil.terra.bio/#workspaces/anvil-datastorage/AnVIL_CMG_Broad_Orphan_Estonia-Ounap_WGS","value":"AnVIL_CMG_Broad_Orphan_Estonia-Ounap_WGS/Su/OUN_HK120_3_1"},{"system":"urn:ncpi:unique-string","value":"Patient|AnVIL_CMG_Broad_Orphan_Estonia-Ounap_WGS|AnVIL_CMG_Broad_Orphan_Estonia-Ounap_WGS/Su/OUN_HK120_3_1"}]}
