{"resourceType":"Specimen","id":"Broad-Orphan-Estonia-Ounap-WGS-Sa-E00859946","meta":{"profile":["http://hl7.org/fhir/StructureDefinition/Specimen"]},"identifier":[{"system":"https://anvil.terra.bio/#workspaces/anvil-datastorage/AnVIL_CMG_Broad_Orphan_Estonia-Ounap_WGS","value":"Broad_Orphan_Estonia-Ounap_WGS/Sa/E00859946"},{"system":"urn:ncpi:unique-string","value":"Specimen|AnVIL_CMG_Broad_Orphan_Estonia-Ounap_WGS|Broad_Orphan_Estonia-Ounap_WGS/Sa/E00859946"}],"subject":{"reference":"Patient/P.AnVIL-CMG-Broad-Orphan-Estonia-Ounap-WGS-Su-E00859946"}}
{"resourceType":"Specimen","id":"Broad-Orphan-Estonia-Ounap-WGS-Sa-HK003-0007","meta":{"profile":["http://hl7.org/fhir/StructureDefinition/Specimen"]},"identifier":[{"system":"https://anvil.terra.bio/#workspaces/anvil-datastorage/AnVIL_CMG_Broad_Orphan_Estonia-Ounap_WGS","value":"Broad_Orphan_Estonia-Ounap_WGS/Sa/HK003_0007"},{"system":"urn:ncpi:unique-string","value":"Specimen|AnVIL_CMG_Broad_Orphan_Estonia-Ounap_WGS|Broad_Orphan_Estonia-Ounap_WGS/Sa/HK003_0007"}],"subject":{"reference":"Patient/P.AnVIL-CMG-Broad-Orphan-Estonia-Ounap-WGS-Su-HK003-0007"}}
{"resourceType":"Specimen","id":"Broad-Orphan-Estonia-Ounap-WGS-Sa-HK003-0008","meta":{"profile":["http://hl7.org/fhir/StructureDefinition/Specimen"]},"identifier":[{"system":"https://anvil.terra.bio/#workspaces/anvil-datastorage/AnVIL_CMG_Broad_Orphan_Estonia-Ounap_WGS","value":"Broad_Orphan_Estonia-Ounap_WGS/Sa/HK003_0008"},{"system":"urn:ncpi:unique-string","value":"Specimen|AnVIL_CMG_Broad_Orphan_Estonia-Ounap_WGS|Broad_Orphan_Estonia-Ounap_WGS/Sa/HK003_0008"}],"subject":{"reference":"Patient/P.AnVIL-CMG-Broad-Orphan-Estonia-Ounap-WGS-Su-HK003-0008"}}
{"resourceType":"Specimen","id":"Broad-Orphan-Estonia-Ounap-WGS-Sa-HK003-0009","meta":{"profile":["http://hl7.org/fhir/StructureDefinition/Specimen"]},"identifier":[{"system":"https://anvil.terra.bio/#workspaces/anvil-datastorage/AnVIL_CMG_Broad_Orphan_Estonia-Ounap_WGS","value":"Broad_Orphan_Estonia-Ounap_WGS/Sa/HK003_0009"},{"system":"urn:ncpi:unique-string","value":"Specimen|AnVIL_CMG_Broad_Orphan_Estonia-Ounap_WGS|Broad_Orphan_Estonia-Ounap_WGS/Sa/HK003_0009"}],"subject":{"reference":"Patient/P.AnVIL-CMG-Broad-Orphan-Estonia-Ounap-WGS-Su-HK003-0009"}}
{"resourceType":"Specimen","id":"Broad-Orphan-Estonia-Ounap-WGS-Sa-HK006-0016","meta":{"profile":["http://hl7.org/fhir/StructureDefinition/Specimen"]},"identifier":[{"system":"https://anvil.terra.bio/#workspaces/anvil-datastorage/AnVIL_CMG_Broad_Orphan_Estonia-Ounap_WGS","value":"Broad_Orphan_Estonia-Ounap_WGS/Sa/HK006_0016"},{"system":"urn:ncpi:unique-string","value":"Specimen|AnVIL_CMG_Broad_Orphan_Estonia-Ounap_WGS|Broad_Orphan_Estonia-Ounap_WGS/Sa/HK006_0016"}],"subject":{"reference":"Patient/P.AnVIL-CMG-Broad-Orphan-Estonia-Ounap-WGS-Su-HK006-0016"}}
{"resourceType":"Specimen","id":"Broad-Orphan-Estonia-Ounap-WGS-Sa-HK006-0017","meta":{"profile":["http://hl7.org/fhir/StructureDefinition/Specimen"]},"identifier":[{"system":"https://anvil.terra.bio/#workspaces/anvil-datastorage/AnVIL_CMG_Broad_Orphan_Estonia-Ounap_WGS","value":"Broad_Orphan_Estonia-Ounap_WGS/Sa/HK006_0017"},{"system":"urn:ncpi:unique-string","value":"Specimen|AnVIL_CMG_Broad_Orphan_Estonia-Ounap_WGS|Broad_Orphan_Estonia-Ounap_WGS/Sa/HK006_0017"}],"subject":{"reference":"Patient/P.AnVIL-CMG-Broad-Orphan-Estonia-Ounap-WGS-Su-HK006-0017"}}
{"resourceType":"Specimen","id":"Broad-Orphan-Estonia-Ounap-WGS-Sa-HK006-0018","meta":{"profile":["http://hl7.org/fhir/StructureDefinition/Specimen"]},"identifier":[{"system":"https://anvil.terra.bio/#workspaces/anvil-datastorage/AnVIL_CMG_Broad_Orphan_Estonia-Ounap_WGS","value":"Broad_Orphan_Estonia-Ounap_WGS/Sa/HK006_0018"},{"system":"urn:ncpi:unique-string","value":"Specimen|AnVIL_CMG_Broad_Orphan_Estonia-Ounap_WGS|Broad_Orphan_Estonia-Ounap_WGS/Sa/HK006_0018"}],"subject":{"reference":"Patient/P.AnVIL-CMG-Broad-Orphan-Estonia-Ounap-WGS-Su-HK006-0018"}}
{"resourceType":"Specimen","id":"Broad-Orphan-Estonia-Ounap-WGS-Sa-HK007-0019","meta":{"profile":["http://hl7.org/fhir/StructureDefinition/Specimen"]},"identifier":[{"system":"https://anvil.terra.bio/#workspaces/anvil-datastorage/AnVIL_CMG_Broad_Orphan_Estonia-Ounap_WGS","value":"Broad_Orphan_Estonia-Ounap_WGS/Sa/HK007_0019"},{"system":"urn:ncpi:unique-string","value":"Specimen|AnVIL_CMG_Broad_Orphan_Estonia-Ounap_WGS|Broad_Orphan_Estonia-Ounap_WGS/Sa/HK007_0019"}],"subject":{"reference":"Patient/P.AnVIL-CMG-Broad-Orphan-Estonia-Ounap-WGS-Su-HK007-0019"}}
{"resourceType":"Specimen","id":"Broad-Orphan-Estonia-Ounap-WGS-Sa-HK007-0020","meta":{"profile":["http://hl7.org/fhir/StructureDefinition/Specimen"]},"identifier":[{"system":"https://anvil.terra.bio/#workspaces/anvil-datastorage/AnVIL_CMG_Broad_Orphan_Estonia-Ounap_WGS","value":"Broad_Orphan_Estonia-Ounap_WGS/Sa/HK007_0020"},{"system":"urn:ncpi:unique-string","value":"Specimen|AnVIL_CMG_Broad_Orphan_Estonia-Ounap_WGS|Broad_Orphan_Estonia-Ounap_WGS/Sa/HK007_0020"}],"subject":{"reference":"Patient/P.AnVIL-CMG-Broad-Orphan-Estonia-Ounap-WGS-Su-HK007-0020"}}
{"resourceType":"Specimen","id":"Broad-Orphan-Estonia-Ounap-WGS-Sa-HK007-0021","meta":{"profile":["http://hl7.org/fhir/StructureDefinition/Specimen"]},"identifier":[{"system":"https://anvil.terra.bio/#workspaces/anvil-datastorage/AnVIL_CMG_Broad_Orphan_Estonia-Ounap_WGS","value":"Broad_Orphan_Estonia-Ounap_WGS/Sa/HK007_0021"},{"system":"urn:ncpi:unique-string","value":"Specimen|AnVIL_CMG_Broad_Orphan_Estonia-Ounap_WGS|Broad_Orphan_Estonia-Ounap_WGS/Sa/HK007_0021"}],"subject":{"reference":"Patient/P.AnVIL-CMG-Broad-Orphan-Estonia-Ounap-WGS-Su-HK007-0021"}}
{"resourceType":"Specimen","id":"Broad-Orphan-Estonia-Ounap-WGS-Sa-HK008-0022","meta":{"profile":["http://hl7.org/fhir/StructureDefinition/Specimen"]},"identifier":[{"system":"https://anvil.terra.bio/#workspaces/anvil-datastorage/AnVIL_CMG_Broad_Orphan_Estonia-Ounap_WGS","value":"Broad_Orphan_Estonia-Ounap_WGS/Sa/HK008_0022"},{"system":"urn:ncpi:unique-string","value":"Specimen|AnVIL_CMG_Broad_Orphan_Estonia-Ounap_WGS|Broad_Orphan_Estonia-Ounap_WGS/Sa/HK008_0022"}],"subject":{"reference":"Patient/P.AnVIL-CMG-Broad-Orphan-Estonia-Ounap-WGS-Su-HK008-0022"}}
{"resourceType":"Specimen","id":"Broad-Orphan-Estonia-Ounap-WGS-Sa-HK008-0022-2","meta":{"profile":["http://hl7.org/fhir/StructureDefinition/Specimen"]},"identifier":[{"system":"https://anvil.terra.bio/#workspaces/anvil-datastorage/AnVIL_CMG_Broad_Orphan_Estonia-Ounap_WGS","value":"Broad_Orphan_Estonia-Ounap_WGS/Sa/HK008_0022_2"},{"system":"urn:ncpi:unique-string","value":"Specimen|AnVIL_CMG_Broad_Orphan_Estonia-Ounap_WGS|Broad_Orphan_Estonia-Ounap_WGS/Sa/HK008_0022_2"}],"subject":{"reference":"Patient/P.AnVIL-CMG-Broad-Orphan-Estonia-Ounap-WGS-Su-HK008-0022-2"}}
{"resourceType":"Specimen","id":"Broad-Orphan-Estonia-Ounap-WGS-Sa-HK008-0022-3","meta":{"profile":["http://hl7.org/fhir/StructureDefinition/Specimen"]},"identifier":[{"system":"https://anvil.terra.bio/#workspaces/anvil-datastorage/AnVIL_CMG_Broad_Orphan_Estonia-Ounap_WGS","value":"Broad_Orphan_Estonia-Ounap_WGS/Sa/HK008_0022_3"},{"system":"urn:ncpi:unique-string","value":"Specimen|AnVIL_CMG_Broad_Orphan_Estonia-Ounap_WGS|Broad_Orphan_Estonia-Ounap_WGS/Sa/HK008_0022_3"}],"subject":{"reference":"Patient/P.AnVIL-CMG-Broad-Orphan-Estonia-Ounap-WGS-Su-HK008-0022-3"}}
{"resourceType":"Specimen","id":"Broad-Orphan-Estonia-Ounap-WGS-Sa-HK009-0023","meta":{"profile":["http://hl7.org/fhir/StructureDefinition/Specimen"]},"identifier":[{"system":"https://anvil.terra.bio/#workspaces/anvil-datastorage/AnVIL_CMG_Broad_Orphan_Estonia-Ounap_WGS","value":"Broad_Orphan_Estonia-Ounap_WGS/Sa/HK009_0023"},{"system":"urn:ncpi:unique-string","value":"Specimen|AnVIL_CMG_Broad_Orphan_Estonia-Ounap_WGS|Broad_Orphan_Estonia-Ounap_WGS/Sa/HK009_0023"}],"subject":{"reference":"Patient/P.AnVIL-CMG-Broad-Orphan-Estonia-Ounap-WGS-Su-HK009-0023"}}
{"resourceType":"Specimen","id":"Broad-Orphan-Estonia-Ounap-WGS-Sa-HK009-0024","meta":{"profile":["http://hl7.org/fhir/StructureDefinition/Specimen"]},"identifier":[{"system":"https://anvil.terra.bio/#workspaces/anvil-datastorage/AnVIL_CMG_Broad_Orphan_Estonia-Ounap_WGS","value":"Broad_Orphan_Estonia-Ounap_WGS/Sa/HK009_0024"},{"system":"urn:ncpi:unique-string","value":"Specimen|AnVIL_CMG_Broad_Orphan_Estonia-Ounap_WGS|Broad_Orphan_Estonia-Ounap_WGS/Sa/HK009_0024"}],"subject":{"reference":"Patient/P.AnVIL-CMG-Broad-Orphan-Estonia-Ounap-WGS-Su-HK009-0024"}}
{"resourceType":"Specimen","id":"Broad-Orphan-Estonia-Ounap-WGS-Sa-HK009-0025","meta":{"profile":["http://hl7.org/fhir/StructureDefinition/Specimen"]},"identifier":[{"system":"https://anvil.terra.bio/#workspaces/anvil-datastorage/AnVIL_CMG_Broad_Orphan_Estonia-Ounap_WGS","value":"Broad_Orphan_Estonia-Ounap_WGS/Sa/HK009_0025"},{"system":"urn:ncpi:unique-string","value":"Specimen|AnVIL_CMG_Broad_Orphan_Estonia-Ounap_WGS|Broad_Orphan_Estonia-Ounap_WGS/Sa/HK009_0025"}],"subject":{"reference":"Patient/P.AnVIL-CMG-Broad-Orphan-Estonia-Ounap-WGS-Su-HK009-0025"}}
{"resourceType":"Specimen","id":"Broad-Orphan-Estonia-Ounap-WGS-Sa-HK010-0026","meta":{"profile":["http://hl7.org/fhir/StructureDefinition/Specimen"]},"identifier":[{"system":"https://anvil.terra.bio/#workspaces/anvil-datastorage/AnVIL_CMG_Broad_Orphan_Estonia-Ounap_WGS","value":"Broad_Orphan_Estonia-Ounap_WGS/Sa/HK010_0026"},{"system":"urn:ncpi:unique-string","value":"Specimen|AnVIL_CMG_Broad_Orphan_Estonia-Ounap_WGS|Broad_Orphan_Estonia-Ounap_WGS/Sa/HK010_0026"}],"subject":{"reference":"Patient/P.AnVIL-CMG-Broad-Orphan-Estonia-Ounap-WGS-Su-HK010-0026"}}
{"resourceType":"Specimen","id":"Broad-Orphan-Estonia-Ounap-WGS-Sa-HK010-0027","meta":{"profile":["http://hl7.org/fhir/StructureDefinition/Specimen"]},"identifier":[{"system":"https://anvil.terra.bio/#workspaces/anvil-datastorage/AnVIL_CMG_Broad_Orphan_Estonia-Ounap_WGS","value":"Broad_Orphan_Estonia-Ounap_WGS/Sa/HK010_0027"},{"system":"urn:ncpi:unique-string","value":"Specimen|AnVIL_CMG_Broad_Orphan_Estonia-Ounap_WGS|Broad_Orphan_Estonia-Ounap_WGS/Sa/HK010_0027"}],"subject":{"reference":"Patient/P.AnVIL-CMG-Broad-Orphan-Estonia-Ounap-WGS-Su-HK010-0027"}}
{"resourceType":"Specimen","id":"Broad-Orphan-Estonia-Ounap-WGS-Sa-HK010-0028","meta":{"profile":["http://hl7.org/fhir/StructureDefinition/Specimen"]},"identifier":[{"system":"https://anvil.terra.bio/#workspaces/anvil-datastorage/AnVIL_CMG_Broad_Orphan_Estonia-Ounap_WGS","value":"Broad_Orphan_Estonia-Ounap_WGS/Sa/HK010_0028"},{"system":"urn:ncpi:unique-string","value":"Specimen|AnVIL_CMG_Broad_Orphan_Estonia-Ounap_WGS|Broad_Orphan_Estonia-Ounap_WGS/Sa/HK010_0028"}],"subject":{"reference":"Patient/P.AnVIL-CMG-Broad-Orphan-Estonia-Ounap-WGS-Su-HK010-0028"}}
{"resourceType":"Specimen","id":"Broad-Orphan-Estonia-Ounap-WGS-Sa-HK011-0029","meta":{"profile":["http://hl7.org/fhir/StructureDefinition/Specimen"]},"identifier":[{"system":"https://anvil.terra.bio/#workspaces/anvil-datastorage/AnVIL_CMG_Broad_Orphan_Estonia-Ounap_WGS","value":"Broad_Orphan_Estonia-Ounap_WGS/Sa/HK011_0029"},{"system":"urn:ncpi:unique-string","value":"Specimen|AnVIL_CMG_Broad_Orphan_Estonia-Ounap_WGS|Broad_Orphan_Estonia-Ounap_WGS/Sa/HK011_0029"}],"subject":{"reference":"Patient/P.AnVIL-CMG-Broad-Orphan-Estonia-Ounap-WGS-Su-HK011-0029"}}
{"resourceType":"Specimen","id":"Broad-Orphan-Estonia-Ounap-WGS-Sa-HK011-0030","meta":{"profile":["http://hl7.org/fhir/StructureDefinition/Specimen"]},"identifier":[{"system":"https://anvil.terra.bio/#workspaces/anvil-datastorage/AnVIL_CMG_Broad_Orphan_Estonia-Ounap_WGS","value":"Broad_Orphan_Estonia-Ounap_WGS/Sa/HK011_0030"},{"system":"urn:ncpi:unique-string","value":"Specimen|AnVIL_CMG_Broad_Orphan_Estonia-Ounap_WGS|Broad_Orphan_Estonia-Ounap_WGS/Sa/HK011_0030"}],"subject":{"reference":"Patient/P.AnVIL-CMG-Broad-Orphan-Estonia-Ounap-WGS-Su-HK011-0030"}}
{"resourceType":"Specimen","id":"Broad-Orphan-Estonia-Ounap-WGS-Sa-HK011-0030-3","meta":{"profile":["http://hl7.org/fhir/StructureDefinition/Specimen"]},"identifier":[{"system":"https://anvil.terra.bio/#workspaces/anvil-datastorage/AnVIL_CMG_Broad_Orphan_Estonia-Ounap_WGS","value":"Broad_Orphan_Estonia-Ounap_WGS/Sa/HK011_0030_3"},{"system":"urn:ncpi:unique-string","value":"Specimen|AnVIL_CMG_Broad_Orphan_Estonia-Ounap_WGS|Broad_Orphan_Estonia-Ounap_WGS/Sa/HK011_0030_3"}],"subject":{"reference":"Patient/P.AnVIL-CMG-Broad-Orphan-Estonia-Ounap-WGS-Su-HK011-0030-3"}}
{"resourceType":"Specimen","id":"Broad-Orphan-Estonia-Ounap-WGS-Sa-HK012-0031","meta":{"profile":["http://hl7.org/fhir/StructureDefinition/Specimen"]},"identifier":[{"system":"https://anvil.terra.bio/#workspaces/anvil-datastorage/AnVIL_CMG_Broad_Orphan_Estonia-Ounap_WGS","value":"Broad_Orphan_Estonia-Ounap_WGS/Sa/HK012_0031"},{"system":"urn:ncpi:unique-string","value":"Specimen|AnVIL_CMG_Broad_Orphan_Estonia-Ounap_WGS|Broad_Orphan_Estonia-Ounap_WGS/Sa/HK012_0031"}],"subject":{"reference":"Patient/P.AnVIL-CMG-Broad-Orphan-Estonia-Ounap-WGS-Su-HK012-0031"}}
{"resourceType":"Specimen","id":"Broad-Orphan-Estonia-Ounap-WGS-Sa-HK012-0031-2","meta":{"profile":["http://hl7.org/fhir/StructureDefinition/Specimen"]},"identifier":[{"system":"https://anvil.terra.bio/#workspaces/anvil-datastorage/AnVIL_CMG_Broad_Orphan_Estonia-Ounap_WGS","value":"Broad_Orphan_Estonia-Ounap_WGS/Sa/HK012_0031_2"},{"system":"urn:ncpi:unique-string","value":"Specimen|AnVIL_CMG_Broad_Orphan_Estonia-Ounap_WGS|Broad_Orphan_Estonia-Ounap_WGS/Sa/HK012_0031_2"}],"subject":{"reference":"Patient/P.AnVIL-CMG-Broad-Orphan-Estonia-Ounap-WGS-Su-HK012-0031-2"}}
{"resourceType":"Specimen","id":"Broad-Orphan-Estonia-Ounap-WGS-Sa-HK012-0031-3","meta":{"profile":["http://hl7.org/fhir/StructureDefinition/Specimen"]},"identifier":[{"system":"https://anvil.terra.bio/#workspaces/anvil-datastorage/AnVIL_CMG_Broad_Orphan_Estonia-Ounap_WGS","value":"Broad_Orphan_Estonia-Ounap_WGS/Sa/HK012_0031_3"},{"system":"urn:ncpi:unique-string","value":"Specimen|AnVIL_CMG_Broad_Orphan_Estonia-Ounap_WGS|Broad_Orphan_Estonia-Ounap_WGS/Sa/HK012_0031_3"}],"subject":{"reference":"Patient/P.AnVIL-CMG-Broad-Orphan-Estonia-Ounap-WGS-Su-HK012-0031-3"}}
{"resourceType":"Specimen","id":"Broad-Orphan-Estonia-Ounap-WGS-Sa-HK015-0036","meta":{"profile":["http://hl7.org/fhir/StructureDefinition/Specimen"]},"identifier":[{"system":"https://anvil.terra.bio/#workspaces/anvil-datastorage/AnVIL_CMG_Broad_Orphan_Estonia-Ounap_WGS","value":"Broad_Orphan_Estonia-Ounap_WGS/Sa/HK015_0036"},{"system":"urn:ncpi:unique-string","value":"Specimen|AnVIL_CMG_Broad_Orphan_Estonia-Ounap_WGS|Broad_Orphan_Estonia-Ounap_WGS/Sa/HK015_0036"}],"subject":{"reference":"Patient/P.AnVIL-CMG-Broad-Orphan-Estonia-Ounap-WGS-Su-HK015-0036"}}
{"resourceType":"Specimen","id":"Broad-Orphan-Estonia-Ounap-WGS-Sa-HK015-0037","meta":{"profile":["http://hl7.org/fhir/StructureDefinition/Specimen"]},"identifier":[{"system":"https://anvil.terra.bio/#workspaces/anvil-datastorage/AnVIL_CMG_Broad_Orphan_Estonia-Ounap_WGS","value":"Broad_Orphan_Estonia-Ounap_WGS/Sa/HK015_0037"},{"system":"urn:ncpi:unique-string","value":"Specimen|AnVIL_CMG_Broad_Orphan_Estonia-Ounap_WGS|Broad_Orphan_Estonia-Ounap_WGS/Sa/HK015_0037"}],"subject":{"reference":"Patient/P.AnVIL-CMG-Broad-Orphan-Estonia-Ounap-WGS-Su-HK015-0037"}}
{"resourceType":"Specimen","id":"Broad-Orphan-Estonia-Ounap-WGS-Sa-HK017-0044","meta":{"profile":["http://hl7.org/fhir/StructureDefinition/Specimen"]},"identifier":[{"system":"https://anvil.terra.bio/#workspaces/anvil-datastorage/AnVIL_CMG_Broad_Orphan_Estonia-Ounap_WGS","value":"Broad_Orphan_Estonia-Ounap_WGS/Sa/HK017-0044"},{"system":"urn:ncpi:unique-string","value":"Specimen|AnVIL_CMG_Broad_Orphan_Estonia-Ounap_WGS|Broad_Orphan_Estonia-Ounap_WGS/Sa/HK017-0044"}],"subject":{"reference":"Patient/P.AnVIL-CMG-Broad-Orphan-Estonia-Ounap-WGS-Su-HK017-0044"}}
{"resourceType":"Specimen","id":"Broad-Orphan-Estonia-Ounap-WGS-Sa-HK017-0045","meta":{"profile":["http://hl7.org/fhir/StructureDefinition/Specimen"]},"identifier":[{"system":"https://anvil.terra.bio/#workspaces/anvil-datastorage/AnVIL_CMG_Broad_Orphan_Estonia-Ounap_WGS","value":"Broad_Orphan_Estonia-Ounap_WGS/Sa/HK017-0045"},{"system":"urn:ncpi:unique-string","value":"Specimen|AnVIL_CMG_Broad_Orphan_Estonia-Ounap_WGS|Broad_Orphan_Estonia-Ounap_WGS/Sa/HK017-0045"}],"subject":{"reference":"Patient/P.AnVIL-CMG-Broad-Orphan-Estonia-Ounap-WGS-Su-HK017-0045"}}
{"resourceType":"Specimen","id":"Broad-Orphan-Estonia-Ounap-WGS-Sa-HK017-0046","meta":{"profile":["http://hl7.org/fhir/StructureDefinition/Specimen"]},"identifier":[{"system":"https://anvil.terra.bio/#workspaces/anvil-datastorage/AnVIL_CMG_Broad_Orphan_Estonia-Ounap_WGS","value":"Broad_Orphan_Estonia-Ounap_WGS/Sa/HK017-0046"},{"system":"urn:ncpi:unique-string","value":"Specimen|AnVIL_CMG_Broad_Orphan_Estonia-Ounap_WGS|Broad_Orphan_Estonia-Ounap_WGS/Sa/HK017-0046"}],"subject":{"reference":"Patient/P.AnVIL-CMG-Broad-Orphan-Estonia-Ounap-WGS-Su-HK017-0046"}}
{"resourceType":"Specimen","id":"Broad-Orphan-Estonia-Ounap-WGS-Sa-HK018-0047","meta":{"profile":["http://hl7.org/fhir/StructureDefinition/Specimen"]},"identifier":[{"system":"https://anvil.terra.bio/#workspaces/anvil-datastorage/AnVIL_CMG_Broad_Orphan_Estonia-Ounap_WGS","value":"Broad_Orphan_Estonia-Ounap_WGS/Sa/HK018_0047"},{"system":"urn:ncpi:unique-string","value":"Specimen|AnVIL_CMG_Broad_Orphan_Estonia-Ounap_WGS|Broad_Orphan_Estonia-Ounap_WGS/Sa/HK018_0047"}],"subject":{"reference":"Patient/P.AnVIL-CMG-Broad-Orphan-Estonia-Ounap-WGS-Su-HK018-0047"}}
{"resourceType":"Specimen","id":"Broad-Orphan-Estonia-Ounap-WGS-Sa-HK018-0048","meta":{"profile":["http://hl7.org/fhir/StructureDefinition/Specimen"]},"identifier":[{"system":"https://anvil.terra.bio/#workspaces/anvil-datastorage/AnVIL_CMG_Broad_Orphan_Estonia-Ounap_WGS","value":"Broad_Orphan_Estonia-Ounap_WGS/Sa/HK018_0048"},{"system":"urn:ncpi:unique-string","value":"Specimen|AnVIL_CMG_Broad_Orphan_Estonia-Ounap_WGS|Broad_Orphan_Estonia-Ounap_WGS/Sa/HK018_0048"}],"subject":{"reference":"Patient/P.AnVIL-CMG-Broad-Orphan-Estonia-Ounap-WGS-Su-HK018-0048"}}
{"resourceType":"Specimen","id":"Broad-Orphan-Estonia-Ounap-WGS-Sa-HK018-0049","meta":{"profile":["http://hl7.org/fhir/StructureDefinition/Specimen"]},"identifier":[{"system":"https://anvil.terra.bio/#workspaces/anvil-datastorage/AnVIL_CMG_Broad_Orphan_Estonia-Ounap_WGS","value":"Broad_Orphan_Estonia-Ounap_WGS/Sa/HK018_0049"},{"system":"urn:ncpi:unique-string","value":"Specimen|AnVIL_CMG_Broad_Orphan_Estonia-Ounap_WGS|Broad_Orphan_Estonia-Ounap_WGS/Sa/HK018_0049"}],"subject":{"reference":"Patient/P.AnVIL-CMG-Broad-Orphan-Estonia-Ounap-WGS-Su-HK018-0049"}}
{"resourceType":"Specimen","id":"Broad-Orphan-Estonia-Ounap-WGS-Sa-HK022-0059","meta":{"profile":["http://hl7.org/fhir/StructureDefinition/Specimen"]},"identifier":[{"system":"https://anvil.terra.bio/#workspaces/anvil-datastorage/AnVIL_CMG_Broad_Orphan_Estonia-Ounap_WGS","value":"Broad_Orphan_Estonia-Ounap_WGS/Sa/HK022_0059"},{"system":"urn:ncpi:unique-string","value":"Specimen|AnVIL_CMG_Broad_Orphan_Estonia-Ounap_WGS|Broad_Orphan_Estonia-Ounap_WGS/Sa/HK022_0059"}],"subject":{"reference":"Patient/P.AnVIL-CMG-Broad-Orphan-Estonia-Ounap-WGS-Su-HK022-0059"}}
{"resourceType":"Specimen","id":"Broad-Orphan-Estonia-Ounap-WGS-Sa-HK022-0060","meta":{"profile":["http://hl7.org/fhir/StructureDefinition/Specimen"]},"identifier":[{"system":"https://anvil.terra.bio/#workspaces/anvil-datastorage/AnVIL_CMG_Broad_Orphan_Estonia-Ounap_WGS","value":"Broad_Orphan_Estonia-Ounap_WGS/Sa/HK022_0060"},{"system":"urn:ncpi:unique-string","value":"Specimen|AnVIL_CMG_Broad_Orphan_Estonia-Ounap_WGS|Broad_Orphan_Estonia-Ounap_WGS/Sa/HK022_0060"}],"subject":{"reference":"Patient/P.AnVIL-CMG-Broad-Orphan-Estonia-Ounap-WGS-Su-HK022-0060"}}
{"resourceType":"Specimen","id":"Broad-Orphan-Estonia-Ounap-WGS-Sa-HK022-0061","meta":{"profile":["http://hl7.org/fhir/StructureDefinition/Specimen"]},"identifier":[{"system":"https://anvil.terra.bio/#workspaces/anvil-datastorage/AnVIL_CMG_Broad_Orphan_Estonia-Ounap_WGS","value":"Broad_Orphan_Estonia-Ounap_WGS/Sa/HK022_0061"},{"system":"urn:ncpi:unique-string","value":"Specimen|AnVIL_CMG_Broad_Orphan_Estonia-Ounap_WGS|Broad_Orphan_Estonia-Ounap_WGS/Sa/HK022_0061"}],"subject":{"reference":"Patient/P.AnVIL-CMG-Broad-Orphan-Estonia-Ounap-WGS-Su-HK022-0061"}}
{"resourceType":"Specimen","id":"Broad-Orphan-Estonia-Ounap-WGS-Sa-HK024-0065","meta":{"profile":["http://hl7.org/fhir/StructureDefinition/Specimen"]},"identifier":[{"system":"https://anvil.terra.bio/#workspaces/anvil-datastorage/AnVIL_CMG_Broad_Orphan_Estonia-Ounap_WGS","value":"Broad_Orphan_Estonia-Ounap_WGS/Sa/HK024_0065"},{"system":"urn:ncpi:unique-string","value":"Specimen|AnVIL_CMG_Broad_Orphan_Estonia-Ounap_WGS|Broad_Orphan_Estonia-Ounap_WGS/Sa/HK024_0065"}],"subject":{"reference":"Patient/P.AnVIL-CMG-Broad-Orphan-Estonia-Ounap-WGS-Su-HK024-0065"}}
{"resourceType":"Specimen","id":"Broad-Orphan-Estonia-Ounap-WGS-Sa-HK024-0066","meta":{"profile":["http://hl7.org/fhir/StructureDefinition/Specimen"]},"identifier":[{"system":"https://anvil.terra.bio/#workspaces/anvil-datastorage/AnVIL_CMG_Broad_Orphan_Estonia-Ounap_WGS","value":"Broad_Orphan_Estonia-Ounap_WGS/Sa/HK024_0066"},{"system":"urn:ncpi:unique-string","value":"Specimen|AnVIL_CMG_Broad_Orphan_Estonia-Ounap_WGS|Broad_Orphan_Estonia-Ounap_WGS/Sa/HK024_0066"}],"subject":{"reference":"Patient/P.AnVIL-CMG-Broad-Orphan-Estonia-Ounap-WGS-Su-HK024-0066"}}
{"resourceType":"Specimen","id":"Broad-Orphan-Estonia-Ounap-WGS-Sa-HK024-0067","meta":{"profile":["http://hl7.org/fhir/StructureDefinition/Specimen"]},"identifier":[{"system":"https://anvil.terra.bio/#workspaces/anvil-datastorage/AnVIL_CMG_Broad_Orphan_Estonia-Ounap_WGS","value":"Broad_Orphan_Estonia-Ounap_WGS/Sa/HK024_0067"},{"system":"urn:ncpi:unique-string","value":"Specimen|AnVIL_CMG_Broad_Orphan_Estonia-Ounap_WGS|Broad_Orphan_Estonia-Ounap_WGS/Sa/HK024_0067"}],"subject":{"reference":"Patient/P.AnVIL-CMG-Broad-Orphan-Estonia-Ounap-WGS-Su-HK024-0067"}}
{"resourceType":"Specimen","id":"Broad-Orphan-Estonia-Ounap-WGS-Sa-HK025-0068-2","meta":{"profile":["http://hl7.org/fhir/StructureDefinition/Specimen"]},"identifier":[{"system":"https://anvil.terra.bio/#workspaces/anvil-datastorage/AnVIL_CMG_Broad_Orphan_Estonia-Ounap_WGS","value":"Broad_Orphan_Estonia-Ounap_WGS/Sa/HK025-0068_2"},{"system":"urn:ncpi:unique-string","value":"Specimen|AnVIL_CMG_Broad_Orphan_Estonia-Ounap_WGS|Broad_Orphan_Estonia-Ounap_WGS/Sa/HK025-0068_2"}],"subject":{"reference":"Patient/P.AnVIL-CMG-Broad-Orphan-Estonia-Ounap-WGS-Su-HK025-0068-2"}}
{"resourceType":"Specimen","id":"Broad-Orphan-Estonia-Ounap-WGS-Sa-HK025-0068-3","meta":{"profile":["http://hl7.org/fhir/StructureDefinition/Specimen"]},"identifier":[{"system":"https://anvil.terra.bio/#workspaces/anvil-datastorage/AnVIL_CMG_Broad_Orphan_Estonia-Ounap_WGS","value":"Broad_Orphan_Estonia-Ounap_WGS/Sa/HK025-0068_3"},{"system":"urn:ncpi:unique-string","value":"Specimen|AnVIL_CMG_Broad_Orphan_Estonia-Ounap_WGS|Broad_Orphan_Estonia-Ounap_WGS/Sa/HK025-0068_3"}],"subject":{"reference":"Patient/P.AnVIL-CMG-Broad-Orphan-Estonia-Ounap-WGS-Su-HK025-0068-3"}}
{"resourceType":"Specimen","id":"Broad-Orphan-Estonia-Ounap-WGS-Sa-HK025-0068","meta":{"profile":["http://hl7.org/fhir/StructureDefinition/Specimen"]},"identifier":[{"system":"https://anvil.terra.bio/#workspaces/anvil-datastorage/AnVIL_CMG_Broad_Orphan_Estonia-Ounap_WGS","value":"Broad_Orphan_Estonia-Ounap_WGS/Sa/HK025_0068"},{"system":"urn:ncpi:unique-string","value":"Specimen|AnVIL_CMG_Broad_Orphan_Estonia-Ounap_WGS|Broad_Orphan_Estonia-Ounap_WGS/Sa/HK025_0068"}],"subject":{"reference":"Patient/P.AnVIL-CMG-Broad-Orphan-Estonia-Ounap-WGS-Su-HK025-0068"}}
{"resourceType":"Specimen","id":"Broad-Orphan-Estonia-Ounap-WGS-Sa-HK028-0073","meta":{"profile":["http://hl7.org/fhir/StructureDefinition/Specimen"]},"identifier":[{"system":"https://anvil.terra.bio/#workspaces/anvil-datastorage/AnVIL_CMG_Broad_Orphan_Estonia-Ounap_WGS","value":"Broad_Orphan_Estonia-Ounap_WGS/Sa/HK028_0073"},{"system":"urn:ncpi:unique-string","value":"Specimen|AnVIL_CMG_Broad_Orphan_Estonia-Ounap_WGS|Broad_Orphan_Estonia-Ounap_WGS/Sa/HK028_0073"}],"subject":{"reference":"Patient/P.AnVIL-CMG-Broad-Orphan-Estonia-Ounap-WGS-Su-HK028-0073"}}
{"resourceType":"Specimen","id":"Broad-Orphan-Estonia-Ounap-WGS-Sa-HK028-0074","meta":{"profile":["http://hl7.org/fhir/StructureDefinition/Specimen"]},"identifier":[{"system":"https://anvil.terra.bio/#workspaces/anvil-datastorage/AnVIL_CMG_Broad_Orphan_Estonia-Ounap_WGS","value":"Broad_Orphan_Estonia-Ounap_WGS/Sa/HK028_0074"},{"system":"urn:ncpi:unique-string","value":"Specimen|AnVIL_CMG_Broad_Orphan_Estonia-Ounap_WGS|Broad_Orphan_Estonia-Ounap_WGS/Sa/HK028_0074"}],"subject":{"reference":"Patient/P.AnVIL-CMG-Broad-Orphan-Estonia-Ounap-WGS-Su-HK028-0074"}}
{"resourceType":"Specimen","id":"Broad-Orphan-Estonia-Ounap-WGS-Sa-HK028-0075","meta":{"profile":["http://hl7.org/fhir/StructureDefinition/Specimen"]},"identifier":[{"system":"https://anvil.terra.bio/#workspaces/anvil-datastorage/AnVIL_CMG_Broad_Orphan_Estonia-Ounap_WGS","value":"Broad_Orphan_Estonia-Ounap_WGS/Sa/HK028_0075"},{"system":"urn:ncpi:unique-string","value":"Specimen|AnVIL_CMG_Broad_Orphan_Estonia-Ounap_WGS|Broad_Orphan_Estonia-Ounap_WGS/Sa/HK028_0075"}],"subject":{"reference":"Patient/P.AnVIL-CMG-Broad-Orphan-Estonia-Ounap-WGS-Su-HK028-0075"}}
{"resourceType":"Specimen","id":"Broad-Orphan-Estonia-Ounap-WGS-Sa-HK029-0076-2","meta":{"profile":["http://hl7.org/fhir/StructureDefinition/Specimen"]},"identifier":[{"system":"https://anvil.terra.bio/#workspaces/anvil-datastorage/AnVIL_CMG_Broad_Orphan_Estonia-Ounap_WGS","value":"Broad_Orphan_Estonia-Ounap_WGS/Sa/HK029-0076_2"},{"system":"urn:ncpi:unique-string","value":"Specimen|AnVIL_CMG_Broad_Orphan_Estonia-Ounap_WGS|Broad_Orphan_Estonia-Ounap_WGS/Sa/HK029-0076_2"}],"subject":{"reference":"Patient/P.AnVIL-CMG-Broad-Orphan-Estonia-Ounap-WGS-Su-HK029-0076-2"}}
{"resourceType":"Specimen","id":"Broad-Orphan-Estonia-Ounap-WGS-Sa-HK029-0076-3","meta":{"profile":["http://hl7.org/fhir/StructureDefinition/Specimen"]},"identifier":[{"system":"https://anvil.terra.bio/#workspaces/anvil-datastorage/AnVIL_CMG_Broad_Orphan_Estonia-Ounap_WGS","value":"Broad_Orphan_Estonia-Ounap_WGS/Sa/HK029-0076_3"},{"system":"urn:ncpi:unique-string","value":"Specimen|AnVIL_CMG_Broad_Orphan_Estonia-Ounap_WGS|Broad_Orphan_Estonia-Ounap_WGS/Sa/HK029-0076_3"}],"subject":{"reference":"Patient/P.AnVIL-CMG-Broad-Orphan-Estonia-Ounap-WGS-Su-HK029-0076-3"}}
{"resourceType":"Specimen","id":"Broad-Orphan-Estonia-Ounap-WGS-Sa-HK029-0076","meta":{"profile":["http://hl7.org/fhir/StructureDefinition/Specimen"]},"identifier":[{"system":"https://anvil.terra.bio/#workspaces/anvil-datastorage/AnVIL_CMG_Broad_Orphan_Estonia-Ounap_WGS","value":"Broad_Orphan_Estonia-Ounap_WGS/Sa/HK029_0076"},{"system":"urn:ncpi:unique-string","value":"Specimen|AnVIL_CMG_Broad_Orphan_Estonia-Ounap_WGS|Broad_Orphan_Estonia-Ounap_WGS/Sa/HK029_0076"}],"subject":{"reference":"Patient/P.AnVIL-CMG-Broad-Orphan-Estonia-Ounap-WGS-Su-HK029-0076"}}
{"resourceType":"Specimen","id":"Broad-Orphan-Estonia-Ounap-WGS-Sa-HK031-0078","meta":{"profile":["http://hl7.org/fhir/StructureDefinition/Specimen"]},"identifier":[{"system":"https://anvil.terra.bio/#workspaces/anvil-datastorage/AnVIL_CMG_Broad_Orphan_Estonia-Ounap_WGS","value":"Broad_Orphan_Estonia-Ounap_WGS/Sa/HK031_0078"},{"system":"urn:ncpi:unique-string","value":"Specimen|AnVIL_CMG_Broad_Orphan_Estonia-Ounap_WGS|Broad_Orphan_Estonia-Ounap_WGS/Sa/HK031_0078"}],"subject":{"reference":"Patient/P.AnVIL-CMG-Broad-Orphan-Estonia-Ounap-WGS-Su-HK031-0078"}}
{"resourceType":"Specimen","id":"Broad-Orphan-Estonia-Ounap-WGS-Sa-HK031-0079","meta":{"profile":["http://hl7.org/fhir/StructureDefinition/Specimen"]},"identifier":[{"system":"https://anvil.terra.bio/#workspaces/anvil-datastorage/AnVIL_CMG_Broad_Orphan_Estonia-Ounap_WGS","value":"Broad_Orphan_Estonia-Ounap_WGS/Sa/HK031_0079"},{"system":"urn:ncpi:unique-string","value":"Specimen|AnVIL_CMG_Broad_Orphan_Estonia-Ounap_WGS|Broad_Orphan_Estonia-Ounap_WGS/Sa/HK031_0079"}],"subject":{"reference":"Patient/P.AnVIL-CMG-Broad-Orphan-Estonia-Ounap-WGS-Su-HK031-0079"}}
{"resourceType":"Specimen","id":"Broad-Orphan-Estonia-Ounap-WGS-Sa-HK031-0080","meta":{"profile":["http://hl7.org/fhir/StructureDefinition/Specimen"]},"identifier":[{"system":"https://anvil.terra.bio/#workspaces/anvil-datastorage/AnVIL_CMG_Broad_Orphan_Estonia-Ounap_WGS","value":"Broad_Orphan_Estonia-Ounap_WGS/Sa/HK031_0080"},{"system":"urn:ncpi:unique-string","value":"Specimen|AnVIL_CMG_Broad_Orphan_Estonia-Ounap_WGS|Broad_Orphan_Estonia-Ounap_WGS/Sa/HK031_0080"}],"subject":{"reference":"Patient/P.AnVIL-CMG-Broad-Orphan-Estonia-Ounap-WGS-Su-HK031-0080"}}
{"resourceType":"Specimen","id":"Broad-Orphan-Estonia-Ounap-WGS-Sa-HK032-0081","meta":{"profile":["http://hl7.org/fhir/StructureDefinition/Specimen"]},"identifier":[{"system":"https://anvil.terra.bio/#workspaces/anvil-datastorage/AnVIL_CMG_Broad_Orphan_Estonia-Ounap_WGS","value":"Broad_Orphan_Estonia-Ounap_WGS/Sa/HK032_0081"},{"system":"urn:ncpi:unique-string","value":"Specimen|AnVIL_CMG_Broad_Orphan_Estonia-Ounap_WGS|Broad_Orphan_Estonia-Ounap_WGS/Sa/HK032_0081"}],"subject":{"reference":"Patient/P.AnVIL-CMG-Broad-Orphan-Estonia-Ounap-WGS-Su-HK032-0081"}}
{"resourceType":"Specimen","id":"Broad-Orphan-Estonia-Ounap-WGS-Sa-HK035-0088","meta":{"profile":["http://hl7.org/fhir/StructureDefinition/Specimen"]},"identifier":[{"system":"https://anvil.terra.bio/#workspaces/anvil-datastorage/AnVIL_CMG_Broad_Orphan_Estonia-Ounap_WGS","value":"Broad_Orphan_Estonia-Ounap_WGS/Sa/HK035_0088"},{"system":"urn:ncpi:unique-string","value":"Specimen|AnVIL_CMG_Broad_Orphan_Estonia-Ounap_WGS|Broad_Orphan_Estonia-Ounap_WGS/Sa/HK035_0088"}],"subject":{"reference":"Patient/P.AnVIL-CMG-Broad-Orphan-Estonia-Ounap-WGS-Su-HK035-0088"}}
{"resourceType":"Specimen","id":"Broad-Orphan-Estonia-Ounap-WGS-Sa-HK035-0089","meta":{"profile":["http://hl7.org/fhir/StructureDefinition/Specimen"]},"identifier":[{"system":"https://anvil.terra.bio/#workspaces/anvil-datastorage/AnVIL_CMG_Broad_Orphan_Estonia-Ounap_WGS","value":"Broad_Orphan_Estonia-Ounap_WGS/Sa/HK035_0089"},{"system":"urn:ncpi:unique-string","value":"Specimen|AnVIL_CMG_Broad_Orphan_Estonia-Ounap_WGS|Broad_Orphan_Estonia-Ounap_WGS/Sa/HK035_0089"}],"subject":{"reference":"Patient/P.AnVIL-CMG-Broad-Orphan-Estonia-Ounap-WGS-Su-HK035-0089"}}
{"resourceType":"Specimen","id":"Broad-Orphan-Estonia-Ounap-WGS-Sa-HK036-0091","meta":{"profile":["http://hl7.org/fhir/StructureDefinition/Specimen"]},"identifier":[{"system":"https://anvil.terra.bio/#workspaces/anvil-datastorage/AnVIL_CMG_Broad_Orphan_Estonia-Ounap_WGS","value":"Broad_Orphan_Estonia-Ounap_WGS/Sa/HK036_0091"},{"system":"urn:ncpi:unique-string","value":"Specimen|AnVIL_CMG_Broad_Orphan_Estonia-Ounap_WGS|Broad_Orphan_Estonia-Ounap_WGS/Sa/HK036_0091"}],"subject":{"reference":"Patient/P.AnVIL-CMG-Broad-Orphan-Estonia-Ounap-WGS-Su-HK036-0091"}}
{"resourceType":"Specimen","id":"Broad-Orphan-Estonia-Ounap-WGS-Sa-HK036-0092","meta":{"profile":["http://hl7.org/fhir/StructureDefinition/Specimen"]},"identifier":[{"system":"https://anvil.terra.bio/#workspaces/anvil-datastorage/AnVIL_CMG_Broad_Orphan_Estonia-Ounap_WGS","value":"Broad_Orphan_Estonia-Ounap_WGS/Sa/HK036_0092"},{"system":"urn:ncpi:unique-string","value":"Specimen|AnVIL_CMG_Broad_Orphan_Estonia-Ounap_WGS|Broad_Orphan_Estonia-Ounap_WGS/Sa/HK036_0092"}],"subject":{"reference":"Patient/P.AnVIL-CMG-Broad-Orphan-Estonia-Ounap-WGS-Su-HK036-0092"}}
{"resourceType":"Specimen","id":"Broad-Orphan-Estonia-Ounap-WGS-Sa-HK036-0093","meta":{"profile":["http://hl7.org/fhir/StructureDefinition/Specimen"]},"identifier":[{"system":"https://anvil.terra.bio/#workspaces/anvil-datastorage/AnVIL_CMG_Broad_Orphan_Estonia-Ounap_WGS","value":"Broad_Orphan_Estonia-Ounap_WGS/Sa/HK036_0093"},{"system":"urn:ncpi:unique-string","value":"Specimen|AnVIL_CMG_Broad_Orphan_Estonia-Ounap_WGS|Broad_Orphan_Estonia-Ounap_WGS/Sa/HK036_0093"}],"subject":{"reference":"Patient/P.AnVIL-CMG-Broad-Orphan-Estonia-Ounap-WGS-Su-HK036-0093"}}
{"resourceType":"Specimen","id":"Broad-Orphan-Estonia-Ounap-WGS-Sa-HK037-0094","meta":{"profile":["http://hl7.org/fhir/StructureDefinition/Specimen"]},"identifier":[{"system":"https://anvil.terra.bio/#workspaces/anvil-datastorage/AnVIL_CMG_Broad_Orphan_Estonia-Ounap_WGS","value":"Broad_Orphan_Estonia-Ounap_WGS/Sa/HK037_0094"},{"system":"urn:ncpi:unique-string","value":"Specimen|AnVIL_CMG_Broad_Orphan_Estonia-Ounap_WGS|Broad_Orphan_Estonia-Ounap_WGS/Sa/HK037_0094"}],"subject":{"reference":"Patient/P.AnVIL-CMG-Broad-Orphan-Estonia-Ounap-WGS-Su-HK037-0094"}}
{"resourceType":"Specimen","id":"Broad-Orphan-Estonia-Ounap-WGS-Sa-HK044-0109","meta":{"profile":["http://hl7.org/fhir/StructureDefinition/Specimen"]},"identifier":[{"system":"https://anvil.terra.bio/#workspaces/anvil-datastorage/AnVIL_CMG_Broad_Orphan_Estonia-Ounap_WGS","value":"Broad_Orphan_Estonia-Ounap_WGS/Sa/HK044_0109"},{"system":"urn:ncpi:unique-string","value":"Specimen|AnVIL_CMG_Broad_Orphan_Estonia-Ounap_WGS|Broad_Orphan_Estonia-Ounap_WGS/Sa/HK044_0109"}],"subject":{"reference":"Patient/P.AnVIL-CMG-Broad-Orphan-Estonia-Ounap-WGS-Su-HK044-0109"}}
{"resourceType":"Specimen","id":"Broad-Orphan-Estonia-Ounap-WGS-Sa-HK044-0110","meta":{"profile":["http://hl7.org/fhir/StructureDefinition/Specimen"]},"identifier":[{"system":"https://anvil.terra.bio/#workspaces/anvil-datastorage/AnVIL_CMG_Broad_Orphan_Estonia-Ounap_WGS","value":"Broad_Orphan_Estonia-Ounap_WGS/Sa/HK044_0110"},{"system":"urn:ncpi:unique-string","value":"Specimen|AnVIL_CMG_Broad_Orphan_Estonia-Ounap_WGS|Broad_Orphan_Estonia-Ounap_WGS/Sa/HK044_0110"}],"subject":{"reference":"Patient/P.AnVIL-CMG-Broad-Orphan-Estonia-Ounap-WGS-Su-HK044-0110"}}
{"resourceType":"Specimen","id":"Broad-Orphan-Estonia-Ounap-WGS-Sa-HK044-0111","meta":{"profile":["http://hl7.org/fhir/StructureDefinition/Specimen"]},"identifier":[{"system":"https://anvil.terra.bio/#workspaces/anvil-datastorage/AnVIL_CMG_Broad_Orphan_Estonia-Ounap_WGS","value":"Broad_Orphan_Estonia-Ounap_WGS/Sa/HK044_0111"},{"system":"urn:ncpi:unique-string","value":"Specimen|AnVIL_CMG_Broad_Orphan_Estonia-Ounap_WGS|Broad_Orphan_Estonia-Ounap_WGS/Sa/HK044_0111"}],"subject":{"reference":"Patient/P.AnVIL-CMG-Broad-Orphan-Estonia-Ounap-WGS-Su-HK044-0111"}}
{"resourceType":"Specimen","id":"Broad-Orphan-Estonia-Ounap-WGS-Sa-HK047-0116","meta":{"profile":["http://hl7.org/fhir/StructureDefinition/Specimen"]},"identifier":[{"system":"https://anvil.terra.bio/#workspaces/anvil-datastorage/AnVIL_CMG_Broad_Orphan_Estonia-Ounap_WGS","value":"Broad_Orphan_Estonia-Ounap_WGS/Sa/HK047_0116"},{"system":"urn:ncpi:unique-string","value":"Specimen|AnVIL_CMG_Broad_Orphan_Estonia-Ounap_WGS|Broad_Orphan_Estonia-Ounap_WGS/Sa/HK047_0116"}],"subject":{"reference":"Patient/P.AnVIL-CMG-Broad-Orphan-Estonia-Ounap-WGS-Su-HK047-0116"}}
{"resourceType":"Specimen","id":"Broad-Orphan-Estonia-Ounap-WGS-Sa-HK047-0117","meta":{"profile":["http://hl7.org/fhir/StructureDefinition/Specimen"]},"identifier":[{"system":"https://anvil.terra.bio/#workspaces/anvil-datastorage/AnVIL_CMG_Broad_Orphan_Estonia-Ounap_WGS","value":"Broad_Orphan_Estonia-Ounap_WGS/Sa/HK047_0117"},{"system":"urn:ncpi:unique-string","value":"Specimen|AnVIL_CMG_Broad_Orphan_Estonia-Ounap_WGS|Broad_Orphan_Estonia-Ounap_WGS/Sa/HK047_0117"}],"subject":{"reference":"Patient/P.AnVIL-CMG-Broad-Orphan-Estonia-Ounap-WGS-Su-HK047-0117"}}
{"resourceType":"Specimen","id":"Broad-Orphan-Estonia-Ounap-WGS-Sa-HK047-0118","meta":{"profile":["http://hl7.org/fhir/StructureDefinition/Specimen"]},"identifier":[{"system":"https://anvil.terra.bio/#workspaces/anvil-datastorage/AnVIL_CMG_Broad_Orphan_Estonia-Ounap_WGS","value":"Broad_Orphan_Estonia-Ounap_WGS/Sa/HK047_0118"},{"system":"urn:ncpi:unique-string","value":"Specimen|AnVIL_CMG_Broad_Orphan_Estonia-Ounap_WGS|Broad_Orphan_Estonia-Ounap_WGS/Sa/HK047_0118"}],"subject":{"reference":"Patient/P.AnVIL-CMG-Broad-Orphan-Estonia-Ounap-WGS-Su-HK047-0118"}}
{"resourceType":"Specimen","id":"Broad-Orphan-Estonia-Ounap-WGS-Sa-HK048-0120-3","meta":{"profile":["http://hl7.org/fhir/StructureDefinition/Specimen"]},"identifier":[{"system":"https://anvil.terra.bio/#workspaces/anvil-datastorage/AnVIL_CMG_Broad_Orphan_Estonia-Ounap_WGS","value":"Broad_Orphan_Estonia-Ounap_WGS/Sa/HK048-0120_3"},{"system":"urn:ncpi:unique-string","value":"Specimen|AnVIL_CMG_Broad_Orphan_Estonia-Ounap_WGS|Broad_Orphan_Estonia-Ounap_WGS/Sa/HK048-0120_3"}],"subject":{"reference":"Patient/P.AnVIL-CMG-Broad-Orphan-Estonia-Ounap-WGS-Su-HK048-0120-3"}}
{"resourceType":"Specimen","id":"Broad-Orphan-Estonia-Ounap-WGS-Sa-HK051-0127","meta":{"profile":["http://hl7.org/fhir/StructureDefinition/Specimen"]},"identifier":[{"system":"https://anvil.terra.bio/#workspaces/anvil-datastorage/AnVIL_CMG_Broad_Orphan_Estonia-Ounap_WGS","value":"Broad_Orphan_Estonia-Ounap_WGS/Sa/HK051_0127"},{"system":"urn:ncpi:unique-string","value":"Specimen|AnVIL_CMG_Broad_Orphan_Estonia-Ounap_WGS|Broad_Orphan_Estonia-Ounap_WGS/Sa/HK051_0127"}],"subject":{"reference":"Patient/P.AnVIL-CMG-Broad-Orphan-Estonia-Ounap-WGS-Su-HK051-0127"}}
{"resourceType":"Specimen","id":"Broad-Orphan-Estonia-Ounap-WGS-Sa-HK051-0128","meta":{"profile":["http://hl7.org/fhir/StructureDefinition/Specimen"]},"identifier":[{"system":"https://anvil.terra.bio/#workspaces/anvil-datastorage/AnVIL_CMG_Broad_Orphan_Estonia-Ounap_WGS","value":"Broad_Orphan_Estonia-Ounap_WGS/Sa/HK051_0128"},{"system":"urn:ncpi:unique-string","value":"Specimen|AnVIL_CMG_Broad_Orphan_Estonia-Ounap_WGS|Broad_Orphan_Estonia-Ounap_WGS/Sa/HK051_0128"}],"subject":{"reference":"Patient/P.AnVIL-CMG-Broad-Orphan-Estonia-Ounap-WGS-Su-HK051-0128"}}
{"resourceType":"Specimen","id":"Broad-Orphan-Estonia-Ounap-WGS-Sa-HK051-0129","meta":{"profile":["http://hl7.org/fhir/StructureDefinition/Specimen"]},"identifier":[{"system":"https://anvil.terra.bio/#workspaces/anvil-datastorage/AnVIL_CMG_Broad_Orphan_Estonia-Ounap_WGS","value":"Broad_Orphan_Estonia-Ounap_WGS/Sa/HK051_0129"},{"system":"urn:ncpi:unique-string","value":"Specimen|AnVIL_CMG_Broad_Orphan_Estonia-Ounap_WGS|Broad_Orphan_Estonia-Ounap_WGS/Sa/HK051_0129"}],"subject":{"reference":"Patient/P.AnVIL-CMG-Broad-Orphan-Estonia-Ounap-WGS-Su-HK051-0129"}}
{"resourceType":"Specimen","id":"Broad-Orphan-Estonia-Ounap-WGS-Sa-HK053-0133-1","meta":{"profile":["http://hl7.org/fhir/StructureDefinition/Specimen"]},"identifier":[{"system":"https://anvil.terra.bio/#workspaces/anvil-datastorage/AnVIL_CMG_Broad_Orphan_Estonia-Ounap_WGS","value":"Broad_Orphan_Estonia-Ounap_WGS/Sa/HK053-0133_1"},{"system":"urn:ncpi:unique-string","value":"Specimen|AnVIL_CMG_Broad_Orphan_Estonia-Ounap_WGS|Broad_Orphan_Estonia-Ounap_WGS/Sa/HK053-0133_1"}],"subject":{"reference":"Patient/P.AnVIL-CMG-Broad-Orphan-Estonia-Ounap-WGS-Su-HK053-0133-1"}}
{"resourceType":"Specimen","id":"Broad-Orphan-Estonia-Ounap-WGS-Sa-HK053-0134-1","meta":{"profile":["http://hl7.org/fhir/StructureDefinition/Specimen"]},"identifier":[{"system":"https://anvil.terra.bio/#workspaces/anvil-datastorage/AnVIL_CMG_Broad_Orphan_Estonia-Ounap_WGS","value":"Broad_Orphan_Estonia-Ounap_WGS/Sa/HK053-0134_1"},{"system":"urn:ncpi:unique-string","value":"Specimen|AnVIL_CMG_Broad_Orphan_Estonia-Ounap_WGS|Broad_Orphan_Estonia-Ounap_WGS/Sa/HK053-0134_1"}],"subject":{"reference":"Patient/P.AnVIL-CMG-Broad-Orphan-Estonia-Ounap-WGS-Su-HK053-0134-1"}}
{"resourceType":"Specimen","id":"Broad-Orphan-Estonia-Ounap-WGS-Sa-HK053-0135-1","meta":{"profile":["http://hl7.org/fhir/StructureDefinition/Specimen"]},"identifier":[{"system":"https://anvil.terra.bio/#workspaces/anvil-datastorage/AnVIL_CMG_Broad_Orphan_Estonia-Ounap_WGS","value":"Broad_Orphan_Estonia-Ounap_WGS/Sa/HK053-0135_1"},{"system":"urn:ncpi:unique-string","value":"Specimen|AnVIL_CMG_Broad_Orphan_Estonia-Ounap_WGS|Broad_Orphan_Estonia-Ounap_WGS/Sa/HK053-0135_1"}],"subject":{"reference":"Patient/P.AnVIL-CMG-Broad-Orphan-Estonia-Ounap-WGS-Su-HK053-0135-1"}}
{"resourceType":"Specimen","id":"Broad-Orphan-Estonia-Ounap-WGS-Sa-HK069-0177-1","meta":{"profile":["http://hl7.org/fhir/StructureDefinition/Specimen"]},"identifier":[{"system":"https://anvil.terra.bio/#workspaces/anvil-datastorage/AnVIL_CMG_Broad_Orphan_Estonia-Ounap_WGS","value":"Broad_Orphan_Estonia-Ounap_WGS/Sa/HK069-0177_1"},{"system":"urn:ncpi:unique-string","value":"Specimen|AnVIL_CMG_Broad_Orphan_Estonia-Ounap_WGS|Broad_Orphan_Estonia-Ounap_WGS/Sa/HK069-0177_1"}],"subject":{"reference":"Patient/P.AnVIL-CMG-Broad-Orphan-Estonia-Ounap-WGS-Su-HK069-0177-1"}}
{"resourceType":"Specimen","id":"Broad-Orphan-Estonia-Ounap-WGS-Sa-HK069-0178-1","meta":{"profile":["http://hl7.org/fhir/StructureDefinition/Specimen"]},"identifier":[{"system":"https://anvil.terra.bio/#workspaces/anvil-datastorage/AnVIL_CMG_Broad_Orphan_Estonia-Ounap_WGS","value":"Broad_Orphan_Estonia-Ounap_WGS/Sa/HK069-0178_1"},{"system":"urn:ncpi:unique-string","value":"Specimen|AnVIL_CMG_Broad_Orphan_Estonia-Ounap_WGS|Broad_Orphan_Estonia-Ounap_WGS/Sa/HK069-0178_1"}],"subject":{"reference":"Patient/P.AnVIL-CMG-Broad-Orphan-Estonia-Ounap-WGS-Su-HK069-0178-1"}}
{"resourceType":"Specimen","id":"Broad-Orphan-Estonia-Ounap-WGS-Sa-HK069-0179-1","meta":{"profile":["http://hl7.org/fhir/StructureDefinition/Specimen"]},"identifier":[{"system":"https://anvil.terra.bio/#workspaces/anvil-datastorage/AnVIL_CMG_Broad_Orphan_Estonia-Ounap_WGS","value":"Broad_Orphan_Estonia-Ounap_WGS/Sa/HK069-0179_1"},{"system":"urn:ncpi:unique-string","value":"Specimen|AnVIL_CMG_Broad_Orphan_Estonia-Ounap_WGS|Broad_Orphan_Estonia-Ounap_WGS/Sa/HK069-0179_1"}],"subject":{"reference":"Patient/P.AnVIL-CMG-Broad-Orphan-Estonia-Ounap-WGS-Su-HK069-0179-1"}}
{"resourceType":"Specimen","id":"Broad-Orphan-Estonia-Ounap-WGS-Sa-HK071-001","meta":{"profile":["http://hl7.org/fhir/StructureDefinition/Specimen"]},"identifier":[{"system":"https://anvil.terra.bio/#workspaces/anvil-datastorage/AnVIL_CMG_Broad_Orphan_Estonia-Ounap_WGS","value":"Broad_Orphan_Estonia-Ounap_WGS/Sa/HK071-001"},{"system":"urn:ncpi:unique-string","value":"Specimen|AnVIL_CMG_Broad_Orphan_Estonia-Ounap_WGS|Broad_Orphan_Estonia-Ounap_WGS/Sa/HK071-001"}],"subject":{"reference":"Patient/P.AnVIL-CMG-Broad-Orphan-Estonia-Ounap-WGS-Su-HK071-001"}}
{"resourceType":"Specimen","id":"Broad-Orphan-Estonia-Ounap-WGS-Sa-HK071-002","meta":{"profile":["http://hl7.org/fhir/StructureDefinition/Specimen"]},"identifier":[{"system":"https://anvil.terra.bio/#workspaces/anvil-datastorage/AnVIL_CMG_Broad_Orphan_Estonia-Ounap_WGS","value":"Broad_Orphan_Estonia-Ounap_WGS/Sa/HK071-002"},{"system":"urn:ncpi:unique-string","value":"Specimen|AnVIL_CMG_Broad_Orphan_Estonia-Ounap_WGS|Broad_Orphan_Estonia-Ounap_WGS/Sa/HK071-002"}],"subject":{"reference":"Patient/P.AnVIL-CMG-Broad-Orphan-Estonia-Ounap-WGS-Su-HK071-002"}}
{"resourceType":"Specimen","id":"Broad-Orphan-Estonia-Ounap-WGS-Sa-HK071-004","meta":{"profile":["http://hl7.org/fhir/StructureDefinition/Specimen"]},"identifier":[{"system":"https://anvil.terra.bio/#workspaces/anvil-datastorage/AnVIL_CMG_Broad_Orphan_Estonia-Ounap_WGS","value":"Broad_Orphan_Estonia-Ounap_WGS/Sa/HK071-004"},{"system":"urn:ncpi:unique-string","value":"Specimen|AnVIL_CMG_Broad_Orphan_Estonia-Ounap_WGS|Broad_Orphan_Estonia-Ounap_WGS/Sa/HK071-004"}],"subject":{"reference":"Patient/P.AnVIL-CMG-Broad-Orphan-Estonia-Ounap-WGS-Su-HK071-004"}}
{"resourceType":"Specimen","id":"Broad-Orphan-Estonia-Ounap-WGS-Sa-HK072-001-1","meta":{"profile":["http://hl7.org/fhir/StructureDefinition/Specimen"]},"identifier":[{"system":"https://anvil.terra.bio/#workspaces/anvil-datastorage/AnVIL_CMG_Broad_Orphan_Estonia-Ounap_WGS","value":"Broad_Orphan_Estonia-Ounap_WGS/Sa/HK072-001_1"},{"system":"urn:ncpi:unique-string","value":"Specimen|AnVIL_CMG_Broad_Orphan_Estonia-Ounap_WGS|Broad_Orphan_Estonia-Ounap_WGS/Sa/HK072-001_1"}],"subject":{"reference":"Patient/P.AnVIL-CMG-Broad-Orphan-Estonia-Ounap-WGS-Su-HK072-001-1"}}
{"resourceType":"Specimen","id":"Broad-Orphan-Estonia-Ounap-WGS-Sa-HK072-002-1","meta":{"profile":["http://hl7.org/fhir/StructureDefinition/Specimen"]},"identifier":[{"system":"https://anvil.terra.bio/#workspaces/anvil-datastorage/AnVIL_CMG_Broad_Orphan_Estonia-Ounap_WGS","value":"Broad_Orphan_Estonia-Ounap_WGS/Sa/HK072-002_1"},{"system":"urn:ncpi:unique-string","value":"Specimen|AnVIL_CMG_Broad_Orphan_Estonia-Ounap_WGS|Broad_Orphan_Estonia-Ounap_WGS/Sa/HK072-002_1"}],"subject":{"reference":"Patient/P.AnVIL-CMG-Broad-Orphan-Estonia-Ounap-WGS-Su-HK072-002-1"}}
{"resourceType":"Specimen","id":"Broad-Orphan-Estonia-Ounap-WGS-Sa-HK072-003-1","meta":{"profile":["http://hl7.org/fhir/StructureDefinition/Specimen"]},"identifier":[{"system":"https://anvil.terra.bio/#workspaces/anvil-datastorage/AnVIL_CMG_Broad_Orphan_Estonia-Ounap_WGS","value":"Broad_Orphan_Estonia-Ounap_WGS/Sa/HK072-003_1"},{"system":"urn:ncpi:unique-string","value":"Specimen|AnVIL_CMG_Broad_Orphan_Estonia-Ounap_WGS|Broad_Orphan_Estonia-Ounap_WGS/Sa/HK072-003_1"}],"subject":{"reference":"Patient/P.AnVIL-CMG-Broad-Orphan-Estonia-Ounap-WGS-Su-HK072-003-1"}}
{"resourceType":"Specimen","id":"Broad-Orphan-Estonia-Ounap-WGS-Sa-HK073-001-1","meta":{"profile":["http://hl7.org/fhir/StructureDefinition/Specimen"]},"identifier":[{"system":"https://anvil.terra.bio/#workspaces/anvil-datastorage/AnVIL_CMG_Broad_Orphan_Estonia-Ounap_WGS","value":"Broad_Orphan_Estonia-Ounap_WGS/Sa/HK073-001_1"},{"system":"urn:ncpi:unique-string","value":"Specimen|AnVIL_CMG_Broad_Orphan_Estonia-Ounap_WGS|Broad_Orphan_Estonia-Ounap_WGS/Sa/HK073-001_1"}],"subject":{"reference":"Patient/P.AnVIL-CMG-Broad-Orphan-Estonia-Ounap-WGS-Su-HK073-001-1"}}
{"resourceType":"Specimen","id":"Broad-Orphan-Estonia-Ounap-WGS-Sa-HK073-002-1","meta":{"profile":["http://hl7.org/fhir/StructureDefinition/Specimen"]},"identifier":[{"system":"https://anvil.terra.bio/#workspaces/anvil-datastorage/AnVIL_CMG_Broad_Orphan_Estonia-Ounap_WGS","value":"Broad_Orphan_Estonia-Ounap_WGS/Sa/HK073-002_1"},{"system":"urn:ncpi:unique-string","value":"Specimen|AnVIL_CMG_Broad_Orphan_Estonia-Ounap_WGS|Broad_Orphan_Estonia-Ounap_WGS/Sa/HK073-002_1"}],"subject":{"reference":"Patient/P.AnVIL-CMG-Broad-Orphan-Estonia-Ounap-WGS-Su-HK073-002-1"}}
{"resourceType":"Specimen","id":"Broad-Orphan-Estonia-Ounap-WGS-Sa-HK073-003-1","meta":{"profile":["http://hl7.org/fhir/StructureDefinition/Specimen"]},"identifier":[{"system":"https://anvil.terra.bio/#workspaces/anvil-datastorage/AnVIL_CMG_Broad_Orphan_Estonia-Ounap_WGS","value":"Broad_Orphan_Estonia-Ounap_WGS/Sa/HK073-003_1"},{"system":"urn:ncpi:unique-string","value":"Specimen|AnVIL_CMG_Broad_Orphan_Estonia-Ounap_WGS|Broad_Orphan_Estonia-Ounap_WGS/Sa/HK073-003_1"}],"subject":{"reference":"Patient/P.AnVIL-CMG-Broad-Orphan-Estonia-Ounap-WGS-Su-HK073-003-1"}}
{"resourceType":"Specimen","id":"Broad-Orphan-Estonia-Ounap-WGS-Sa-HK075-001-1","meta":{"profile":["http://hl7.org/fhir/StructureDefinition/Specimen"]},"identifier":[{"system":"https://anvil.terra.bio/#workspaces/anvil-datastorage/AnVIL_CMG_Broad_Orphan_Estonia-Ounap_WGS","value":"Broad_Orphan_Estonia-Ounap_WGS/Sa/HK075-001_1"},{"system":"urn:ncpi:unique-string","value":"Specimen|AnVIL_CMG_Broad_Orphan_Estonia-Ounap_WGS|Broad_Orphan_Estonia-Ounap_WGS/Sa/HK075-001_1"}],"subject":{"reference":"Patient/P.AnVIL-CMG-Broad-Orphan-Estonia-Ounap-WGS-Su-HK075-001-1"}}
{"resourceType":"Specimen","id":"Broad-Orphan-Estonia-Ounap-WGS-Sa-HK075-002-1","meta":{"profile":["http://hl7.org/fhir/StructureDefinition/Specimen"]},"identifier":[{"system":"https://anvil.terra.bio/#workspaces/anvil-datastorage/AnVIL_CMG_Broad_Orphan_Estonia-Ounap_WGS","value":"Broad_Orphan_Estonia-Ounap_WGS/Sa/HK075-002_1"},{"system":"urn:ncpi:unique-string","value":"Specimen|AnVIL_CMG_Broad_Orphan_Estonia-Ounap_WGS|Broad_Orphan_Estonia-Ounap_WGS/Sa/HK075-002_1"}],"subject":{"reference":"Patient/P.AnVIL-CMG-Broad-Orphan-Estonia-Ounap-WGS-Su-HK075-002-1"}}
{"resourceType":"Specimen","id":"Broad-Orphan-Estonia-Ounap-WGS-Sa-HK075-003-1","meta":{"profile":["http://hl7.org/fhir/StructureDefinition/Specimen"]},"identifier":[{"system":"https://anvil.terra.bio/#workspaces/anvil-datastorage/AnVIL_CMG_Broad_Orphan_Estonia-Ounap_WGS","value":"Broad_Orphan_Estonia-Ounap_WGS/Sa/HK075-003_1"},{"system":"urn:ncpi:unique-string","value":"Specimen|AnVIL_CMG_Broad_Orphan_Estonia-Ounap_WGS|Broad_Orphan_Estonia-Ounap_WGS/Sa/HK075-003_1"}],"subject":{"reference":"Patient/P.AnVIL-CMG-Broad-Orphan-Estonia-Ounap-WGS-Su-HK075-003-1"}}
{"resourceType":"Specimen","id":"Broad-Orphan-Estonia-Ounap-WGS-Sa-HK087-001-1","meta":{"profile":["http://hl7.org/fhir/StructureDefinition/Specimen"]},"identifier":[{"system":"https://anvil.terra.bio/#workspaces/anvil-datastorage/AnVIL_CMG_Broad_Orphan_Estonia-Ounap_WGS","value":"Broad_Orphan_Estonia-Ounap_WGS/Sa/HK087-001_1"},{"system":"urn:ncpi:unique-string","value":"Specimen|AnVIL_CMG_Broad_Orphan_Estonia-Ounap_WGS|Broad_Orphan_Estonia-Ounap_WGS/Sa/HK087-001_1"}],"subject":{"reference":"Patient/P.AnVIL-CMG-Broad-Orphan-Estonia-Ounap-WGS-Su-HK087-001-1"}}
{"resourceType":"Specimen","id":"Broad-Orphan-Estonia-Ounap-WGS-Sa-HK087-002-1","meta":{"profile":["http://hl7.org/fhir/StructureDefinition/Specimen"]},"identifier":[{"system":"https://anvil.terra.bio/#workspaces/anvil-datastorage/AnVIL_CMG_Broad_Orphan_Estonia-Ounap_WGS","value":"Broad_Orphan_Estonia-Ounap_WGS/Sa/HK087-002_1"},{"system":"urn:ncpi:unique-string","value":"Specimen|AnVIL_CMG_Broad_Orphan_Estonia-Ounap_WGS|Broad_Orphan_Estonia-Ounap_WGS/Sa/HK087-002_1"}],"subject":{"reference":"Patient/P.AnVIL-CMG-Broad-Orphan-Estonia-Ounap-WGS-Su-HK087-002-1"}}
{"resourceType":"Specimen","id":"Broad-Orphan-Estonia-Ounap-WGS-Sa-HK087-003-1","meta":{"profile":["http://hl7.org/fhir/StructureDefinition/Specimen"]},"identifier":[{"system":"https://anvil.terra.bio/#workspaces/anvil-datastorage/AnVIL_CMG_Broad_Orphan_Estonia-Ounap_WGS","value":"Broad_Orphan_Estonia-Ounap_WGS/Sa/HK087-003_1"},{"system":"urn:ncpi:unique-string","value":"Specimen|AnVIL_CMG_Broad_Orphan_Estonia-Ounap_WGS|Broad_Orphan_Estonia-Ounap_WGS/Sa/HK087-003_1"}],"subject":{"reference":"Patient/P.AnVIL-CMG-Broad-Orphan-Estonia-Ounap-WGS-Su-HK087-003-1"}}
{"resourceType":"Specimen","id":"Broad-Orphan-Estonia-Ounap-WGS-Sa-HK088-001-1","meta":{"profile":["http://hl7.org/fhir/StructureDefinition/Specimen"]},"identifier":[{"system":"https://anvil.terra.bio/#workspaces/anvil-datastorage/AnVIL_CMG_Broad_Orphan_Estonia-Ounap_WGS","value":"Broad_Orphan_Estonia-Ounap_WGS/Sa/HK088-001_1"},{"system":"urn:ncpi:unique-string","value":"Specimen|AnVIL_CMG_Broad_Orphan_Estonia-Ounap_WGS|Broad_Orphan_Estonia-Ounap_WGS/Sa/HK088-001_1"}],"subject":{"reference":"Patient/P.AnVIL-CMG-Broad-Orphan-Estonia-Ounap-WGS-Su-HK088-001-1"}}
{"resourceType":"Specimen","id":"Broad-Orphan-Estonia-Ounap-WGS-Sa-HK088-002-1","meta":{"profile":["http://hl7.org/fhir/StructureDefinition/Specimen"]},"identifier":[{"system":"https://anvil.terra.bio/#workspaces/anvil-datastorage/AnVIL_CMG_Broad_Orphan_Estonia-Ounap_WGS","value":"Broad_Orphan_Estonia-Ounap_WGS/Sa/HK088-002_1"},{"system":"urn:ncpi:unique-string","value":"Specimen|AnVIL_CMG_Broad_Orphan_Estonia-Ounap_WGS|Broad_Orphan_Estonia-Ounap_WGS/Sa/HK088-002_1"}],"subject":{"reference":"Patient/P.AnVIL-CMG-Broad-Orphan-Estonia-Ounap-WGS-Su-HK088-002-1"}}
{"resourceType":"Specimen","id":"Broad-Orphan-Estonia-Ounap-WGS-Sa-HK088-003-1","meta":{"profile":["http://hl7.org/fhir/StructureDefinition/Specimen"]},"identifier":[{"system":"https://anvil.terra.bio/#workspaces/anvil-datastorage/AnVIL_CMG_Broad_Orphan_Estonia-Ounap_WGS","value":"Broad_Orphan_Estonia-Ounap_WGS/Sa/HK088-003_1"},{"system":"urn:ncpi:unique-string","value":"Specimen|AnVIL_CMG_Broad_Orphan_Estonia-Ounap_WGS|Broad_Orphan_Estonia-Ounap_WGS/Sa/HK088-003_1"}],"subject":{"reference":"Patient/P.AnVIL-CMG-Broad-Orphan-Estonia-Ounap-WGS-Su-HK088-003-1"}}
{"resourceType":"Specimen","id":"Broad-Orphan-Estonia-Ounap-WGS-Sa-HK090-001-1","meta":{"profile":["http://hl7.org/fhir/StructureDefinition/Specimen"]},"identifier":[{"system":"https://anvil.terra.bio/#workspaces/anvil-datastorage/AnVIL_CMG_Broad_Orphan_Estonia-Ounap_WGS","value":"Broad_Orphan_Estonia-Ounap_WGS/Sa/HK090-001_1"},{"system":"urn:ncpi:unique-string","value":"Specimen|AnVIL_CMG_Broad_Orphan_Estonia-Ounap_WGS|Broad_Orphan_Estonia-Ounap_WGS/Sa/HK090-001_1"}],"subject":{"reference":"Patient/P.AnVIL-CMG-Broad-Orphan-Estonia-Ounap-WGS-Su-HK090-001-1"}}
{"resourceType":"Specimen","id":"Broad-Orphan-Estonia-Ounap-WGS-Sa-HK090-002-1","meta":{"profile":["http://hl7.org/fhir/StructureDefinition/Specimen"]},"identifier":[{"system":"https://anvil.terra.bio/#workspaces/anvil-datastorage/AnVIL_CMG_Broad_Orphan_Estonia-Ounap_WGS","value":"Broad_Orphan_Estonia-Ounap_WGS/Sa/HK090-002_1"},{"system":"urn:ncpi:unique-string","value":"Specimen|AnVIL_CMG_Broad_Orphan_Estonia-Ounap_WGS|Broad_Orphan_Estonia-Ounap_WGS/Sa/HK090-002_1"}],"subject":{"reference":"Patient/P.AnVIL-CMG-Broad-Orphan-Estonia-Ounap-WGS-Su-HK090-002-1"}}
{"resourceType":"Specimen","id":"Broad-Orphan-Estonia-Ounap-WGS-Sa-HK090-003-1","meta":{"profile":["http://hl7.org/fhir/StructureDefinition/Specimen"]},"identifier":[{"system":"https://anvil.terra.bio/#workspaces/anvil-datastorage/AnVIL_CMG_Broad_Orphan_Estonia-Ounap_WGS","value":"Broad_Orphan_Estonia-Ounap_WGS/Sa/HK090-003_1"},{"system":"urn:ncpi:unique-string","value":"Specimen|AnVIL_CMG_Broad_Orphan_Estonia-Ounap_WGS|Broad_Orphan_Estonia-Ounap_WGS/Sa/HK090-003_1"}],"subject":{"reference":"Patient/P.AnVIL-CMG-Broad-Orphan-Estonia-Ounap-WGS-Su-HK090-003-1"}}
{"resourceType":"Specimen","id":"Broad-Orphan-Estonia-Ounap-WGS-Sa-HK095-001-1","meta":{"profile":["http://hl7.org/fhir/StructureDefinition/Specimen"]},"identifier":[{"system":"https://anvil.terra.bio/#workspaces/anvil-datastorage/AnVIL_CMG_Broad_Orphan_Estonia-Ounap_WGS","value":"Broad_Orphan_Estonia-Ounap_WGS/Sa/HK095-001_1"},{"system":"urn:ncpi:unique-string","value":"Specimen|AnVIL_CMG_Broad_Orphan_Estonia-Ounap_WGS|Broad_Orphan_Estonia-Ounap_WGS/Sa/HK095-001_1"}],"subject":{"reference":"Patient/P.AnVIL-CMG-Broad-Orphan-Estonia-Ounap-WGS-Su-HK095-001-1"}}
{"resourceType":"Specimen","id":"Broad-Orphan-Estonia-Ounap-WGS-Sa-HK095-002-1","meta":{"profile":["http://hl7.org/fhir/StructureDefinition/Specimen"]},"identifier":[{"system":"https://anvil.terra.bio/#workspaces/anvil-datastorage/AnVIL_CMG_Broad_Orphan_Estonia-Ounap_WGS","value":"Broad_Orphan_Estonia-Ounap_WGS/Sa/HK095-002_1"},{"system":"urn:ncpi:unique-string","value":"Specimen|AnVIL_CMG_Broad_Orphan_Estonia-Ounap_WGS|Broad_Orphan_Estonia-Ounap_WGS/Sa/HK095-002_1"}],"subject":{"reference":"Patient/P.AnVIL-CMG-Broad-Orphan-Estonia-Ounap-WGS-Su-HK095-002-1"}}
{"resourceType":"Specimen","id":"Broad-Orphan-Estonia-Ounap-WGS-Sa-HK095-003-1","meta":{"profile":["http://hl7.org/fhir/StructureDefinition/Specimen"]},"identifier":[{"system":"https://anvil.terra.bio/#workspaces/anvil-datastorage/AnVIL_CMG_Broad_Orphan_Estonia-Ounap_WGS","value":"Broad_Orphan_Estonia-Ounap_WGS/Sa/HK095-003_1"},{"system":"urn:ncpi:unique-string","value":"Specimen|AnVIL_CMG_Broad_Orphan_Estonia-Ounap_WGS|Broad_Orphan_Estonia-Ounap_WGS/Sa/HK095-003_1"}],"subject":{"reference":"Patient/P.AnVIL-CMG-Broad-Orphan-Estonia-Ounap-WGS-Su-HK095-003-1"}}
{"resourceType":"Specimen","id":"Broad-Orphan-Estonia-Ounap-WGS-Sa-HK101-001-1","meta":{"profile":["http://hl7.org/fhir/StructureDefinition/Specimen"]},"identifier":[{"system":"https://anvil.terra.bio/#workspaces/anvil-datastorage/AnVIL_CMG_Broad_Orphan_Estonia-Ounap_WGS","value":"Broad_Orphan_Estonia-Ounap_WGS/Sa/HK101-001_1"},{"system":"urn:ncpi:unique-string","value":"Specimen|AnVIL_CMG_Broad_Orphan_Estonia-Ounap_WGS|Broad_Orphan_Estonia-Ounap_WGS/Sa/HK101-001_1"}],"subject":{"reference":"Patient/P.AnVIL-CMG-Broad-Orphan-Estonia-Ounap-WGS-Su-HK101-001-1"}}
{"resourceType":"Specimen","id":"Broad-Orphan-Estonia-Ounap-WGS-Sa-HK101-002-1","meta":{"profile":["http://hl7.org/fhir/StructureDefinition/Specimen"]},"identifier":[{"system":"https://anvil.terra.bio/#workspaces/anvil-datastorage/AnVIL_CMG_Broad_Orphan_Estonia-Ounap_WGS","value":"Broad_Orphan_Estonia-Ounap_WGS/Sa/HK101-002_1"},{"system":"urn:ncpi:unique-string","value":"Specimen|AnVIL_CMG_Broad_Orphan_Estonia-Ounap_WGS|Broad_Orphan_Estonia-Ounap_WGS/Sa/HK101-002_1"}],"subject":{"reference":"Patient/P.AnVIL-CMG-Broad-Orphan-Estonia-Ounap-WGS-Su-HK101-002-1"}}
{"resourceType":"Specimen","id":"Broad-Orphan-Estonia-Ounap-WGS-Sa-HK101-003-1","meta":{"profile":["http://hl7.org/fhir/StructureDefinition/Specimen"]},"identifier":[{"system":"https://anvil.terra.bio/#workspaces/anvil-datastorage/AnVIL_CMG_Broad_Orphan_Estonia-Ounap_WGS","value":"Broad_Orphan_Estonia-Ounap_WGS/Sa/HK101-003_1"},{"system":"urn:ncpi:unique-string","value":"Specimen|AnVIL_CMG_Broad_Orphan_Estonia-Ounap_WGS|Broad_Orphan_Estonia-Ounap_WGS/Sa/HK101-003_1"}],"subject":{"reference":"Patient/P.AnVIL-CMG-Broad-Orphan-Estonia-Ounap-WGS-Su-HK101-003-1"}}
{"resourceType":"Specimen","id":"Broad-Orphan-Estonia-Ounap-WGS-Sa-HK102-001-1","meta":{"profile":["http://hl7.org/fhir/StructureDefinition/Specimen"]},"identifier":[{"system":"https://anvil.terra.bio/#workspaces/anvil-datastorage/AnVIL_CMG_Broad_Orphan_Estonia-Ounap_WGS","value":"Broad_Orphan_Estonia-Ounap_WGS/Sa/HK102-001_1"},{"system":"urn:ncpi:unique-string","value":"Specimen|AnVIL_CMG_Broad_Orphan_Estonia-Ounap_WGS|Broad_Orphan_Estonia-Ounap_WGS/Sa/HK102-001_1"}],"subject":{"reference":"Patient/P.AnVIL-CMG-Broad-Orphan-Estonia-Ounap-WGS-Su-HK102-001-1"}}
{"resourceType":"Specimen","id":"Broad-Orphan-Estonia-Ounap-WGS-Sa-HK102-002-1","meta":{"profile":["http://hl7.org/fhir/StructureDefinition/Specimen"]},"identifier":[{"system":"https://anvil.terra.bio/#workspaces/anvil-datastorage/AnVIL_CMG_Broad_Orphan_Estonia-Ounap_WGS","value":"Broad_Orphan_Estonia-Ounap_WGS/Sa/HK102-002_1"},{"system":"urn:ncpi:unique-string","value":"Specimen|AnVIL_CMG_Broad_Orphan_Estonia-Ounap_WGS|Broad_Orphan_Estonia-Ounap_WGS/Sa/HK102-002_1"}],"subject":{"reference":"Patient/P.AnVIL-CMG-Broad-Orphan-Estonia-Ounap-WGS-Su-HK102-002-1"}}
{"resourceType":"Specimen","id":"Broad-Orphan-Estonia-Ounap-WGS-Sa-HK102-003-1","meta":{"profile":["http://hl7.org/fhir/StructureDefinition/Specimen"]},"identifier":[{"system":"https://anvil.terra.bio/#workspaces/anvil-datastorage/AnVIL_CMG_Broad_Orphan_Estonia-Ounap_WGS","value":"Broad_Orphan_Estonia-Ounap_WGS/Sa/HK102-003_1"},{"system":"urn:ncpi:unique-string","value":"Specimen|AnVIL_CMG_Broad_Orphan_Estonia-Ounap_WGS|Broad_Orphan_Estonia-Ounap_WGS/Sa/HK102-003_1"}],"subject":{"reference":"Patient/P.AnVIL-CMG-Broad-Orphan-Estonia-Ounap-WGS-Su-HK102-003-1"}}
{"resourceType":"Specimen","id":"Broad-Orphan-Estonia-Ounap-WGS-Sa-HK103-001-1","meta":{"profile":["http://hl7.org/fhir/StructureDefinition/Specimen"]},"identifier":[{"system":"https://anvil.terra.bio/#workspaces/anvil-datastorage/AnVIL_CMG_Broad_Orphan_Estonia-Ounap_WGS","value":"Broad_Orphan_Estonia-Ounap_WGS/Sa/HK103-001_1"},{"system":"urn:ncpi:unique-string","value":"Specimen|AnVIL_CMG_Broad_Orphan_Estonia-Ounap_WGS|Broad_Orphan_Estonia-Ounap_WGS/Sa/HK103-001_1"}],"subject":{"reference":"Patient/P.AnVIL-CMG-Broad-Orphan-Estonia-Ounap-WGS-Su-HK103-001-1"}}
{"resourceType":"Specimen","id":"Broad-Orphan-Estonia-Ounap-WGS-Sa-HK103-002-1","meta":{"profile":["http://hl7.org/fhir/StructureDefinition/Specimen"]},"identifier":[{"system":"https://anvil.terra.bio/#workspaces/anvil-datastorage/AnVIL_CMG_Broad_Orphan_Estonia-Ounap_WGS","value":"Broad_Orphan_Estonia-Ounap_WGS/Sa/HK103-002_1"},{"system":"urn:ncpi:unique-string","value":"Specimen|AnVIL_CMG_Broad_Orphan_Estonia-Ounap_WGS|Broad_Orphan_Estonia-Ounap_WGS/Sa/HK103-002_1"}],"subject":{"reference":"Patient/P.AnVIL-CMG-Broad-Orphan-Estonia-Ounap-WGS-Su-HK103-002-1"}}
{"resourceType":"Specimen","id":"Broad-Orphan-Estonia-Ounap-WGS-Sa-HK103-003-1","meta":{"profile":["http://hl7.org/fhir/StructureDefinition/Specimen"]},"identifier":[{"system":"https://anvil.terra.bio/#workspaces/anvil-datastorage/AnVIL_CMG_Broad_Orphan_Estonia-Ounap_WGS","value":"Broad_Orphan_Estonia-Ounap_WGS/Sa/HK103-003_1"},{"system":"urn:ncpi:unique-string","value":"Specimen|AnVIL_CMG_Broad_Orphan_Estonia-Ounap_WGS|Broad_Orphan_Estonia-Ounap_WGS/Sa/HK103-003_1"}],"subject":{"reference":"Patient/P.AnVIL-CMG-Broad-Orphan-Estonia-Ounap-WGS-Su-HK103-003-1"}}
{"resourceType":"Specimen","id":"Broad-Orphan-Estonia-Ounap-WGS-Sa-HK104-001-D2","meta":{"profile":["http://hl7.org/fhir/StructureDefinition/Specimen"]},"identifier":[{"system":"https://anvil.terra.bio/#workspaces/anvil-datastorage/AnVIL_CMG_Broad_Orphan_Estonia-Ounap_WGS","value":"Broad_Orphan_Estonia-Ounap_WGS/Sa/HK104-001_D2"},{"system":"urn:ncpi:unique-string","value":"Specimen|AnVIL_CMG_Broad_Orphan_Estonia-Ounap_WGS|Broad_Orphan_Estonia-Ounap_WGS/Sa/HK104-001_D2"}],"subject":{"reference":"Patient/P.AnVIL-CMG-Broad-Orphan-Estonia-Ounap-WGS-Su-HK104-001-D2"}}
{"resourceType":"Specimen","id":"Broad-Orphan-Estonia-Ounap-WGS-Sa-HK104-003-1","meta":{"profile":["http://hl7.org/fhir/StructureDefinition/Specimen"]},"identifier":[{"system":"https://anvil.terra.bio/#workspaces/anvil-datastorage/AnVIL_CMG_Broad_Orphan_Estonia-Ounap_WGS","value":"Broad_Orphan_Estonia-Ounap_WGS/Sa/HK104-003_1"},{"system":"urn:ncpi:unique-string","value":"Specimen|AnVIL_CMG_Broad_Orphan_Estonia-Ounap_WGS|Broad_Orphan_Estonia-Ounap_WGS/Sa/HK104-003_1"}],"subject":{"reference":"Patient/P.AnVIL-CMG-Broad-Orphan-Estonia-Ounap-WGS-Su-HK104-003-1"}}
{"resourceType":"Specimen","id":"Broad-Orphan-Estonia-Ounap-WGS-Sa-HK106-001-1","meta":{"profile":["http://hl7.org/fhir/StructureDefinition/Specimen"]},"identifier":[{"system":"https://anvil.terra.bio/#workspaces/anvil-datastorage/AnVIL_CMG_Broad_Orphan_Estonia-Ounap_WGS","value":"Broad_Orphan_Estonia-Ounap_WGS/Sa/HK106-001_1"},{"system":"urn:ncpi:unique-string","value":"Specimen|AnVIL_CMG_Broad_Orphan_Estonia-Ounap_WGS|Broad_Orphan_Estonia-Ounap_WGS/Sa/HK106-001_1"}],"subject":{"reference":"Patient/P.AnVIL-CMG-Broad-Orphan-Estonia-Ounap-WGS-Su-HK106-001-1"}}
{"resourceType":"Specimen","id":"Broad-Orphan-Estonia-Ounap-WGS-Sa-HK106-002-1","meta":{"profile":["http://hl7.org/fhir/StructureDefinition/Specimen"]},"identifier":[{"system":"https://anvil.terra.bio/#workspaces/anvil-datastorage/AnVIL_CMG_Broad_Orphan_Estonia-Ounap_WGS","value":"Broad_Orphan_Estonia-Ounap_WGS/Sa/HK106-002_1"},{"system":"urn:ncpi:unique-string","value":"Specimen|AnVIL_CMG_Broad_Orphan_Estonia-Ounap_WGS|Broad_Orphan_Estonia-Ounap_WGS/Sa/HK106-002_1"}],"subject":{"reference":"Patient/P.AnVIL-CMG-Broad-Orphan-Estonia-Ounap-WGS-Su-HK106-002-1"}}
{"resourceType":"Specimen","id":"Broad-Orphan-Estonia-Ounap-WGS-Sa-HK106-003-1","meta":{"profile":["http://hl7.org/fhir/StructureDefinition/Specimen"]},"identifier":[{"system":"https://anvil.terra.bio/#workspaces/anvil-datastorage/AnVIL_CMG_Broad_Orphan_Estonia-Ounap_WGS","value":"Broad_Orphan_Estonia-Ounap_WGS/Sa/HK106-003_1"},{"system":"urn:ncpi:unique-string","value":"Specimen|AnVIL_CMG_Broad_Orphan_Estonia-Ounap_WGS|Broad_Orphan_Estonia-Ounap_WGS/Sa/HK106-003_1"}],"subject":{"reference":"Patient/P.AnVIL-CMG-Broad-Orphan-Estonia-Ounap-WGS-Su-HK106-003-1"}}
{"resourceType":"Specimen","id":"Broad-Orphan-Estonia-Ounap-WGS-Sa-OUN-HK120-1-1","meta":{"profile":["http://hl7.org/fhir/StructureDefinition/Specimen"]},"identifier":[{"system":"https://anvil.terra.bio/#workspaces/anvil-datastorage/AnVIL_CMG_Broad_Orphan_Estonia-Ounap_WGS","value":"Broad_Orphan_Estonia-Ounap_WGS/Sa/OUN_HK120_1_1"},{"system":"urn:ncpi:unique-string","value":"Specimen|AnVIL_CMG_Broad_Orphan_Estonia-Ounap_WGS|Broad_Orphan_Estonia-Ounap_WGS/Sa/OUN_HK120_1_1"}],"subject":{"reference":"Patient/P.AnVIL-CMG-Broad-Orphan-Estonia-Ounap-WGS-Su-OUN-HK120-1-1"}}
{"resourceType":"Specimen","id":"Broad-Orphan-Estonia-Ounap-WGS-Sa-OUN-HK120-2-1","meta":{"profile":["http://hl7.org/fhir/StructureDefinition/Specimen"]},"identifier":[{"system":"https://anvil.terra.bio/#workspaces/anvil-datastorage/AnVIL_CMG_Broad_Orphan_Estonia-Ounap_WGS","value":"Broad_Orphan_Estonia-Ounap_WGS/Sa/OUN_HK120_2_1"},{"system":"urn:ncpi:unique-string","value":"Specimen|AnVIL_CMG_Broad_Orphan_Estonia-Ounap_WGS|Broad_Orphan_Estonia-Ounap_WGS/Sa/OUN_HK120_2_1"}],"subject":{"reference":"Patient/P.AnVIL-CMG-Broad-Orphan-Estonia-Ounap-WGS-Su-OUN-HK120-2-1"}}
{"resourceType":"Specimen","id":"Broad-Orphan-Estonia-Ounap-WGS-Sa-OUN-HK120-3-1","meta":{"profile":["http://hl7.org/fhir/StructureDefinition/Specimen"]},"identifier":[{"system":"https://anvil.terra.bio/#workspaces/anvil-datastorage/AnVIL_CMG_Broad_Orphan_Estonia-Ounap_WGS","value":"Broad_Orphan_Estonia-Ounap_WGS/Sa/OUN_HK120_3_1"},{"system":"urn:ncpi:unique-string","value":"Specimen|AnVIL_CMG_Broad_Orphan_Estonia-Ounap_WGS|Broad_Orphan_Estonia-Ounap_WGS/Sa/OUN_HK120_3_1"}],"subject":{"reference":"Patient/P.AnVIL-CMG-Broad-Orphan-Estonia-Ounap-WGS-Su-OUN-HK120-3-1"}}
