{"resourceType":"Observation","id":"nVIL-CMG-Broad-Muscle-OGrady-WES-Su-OGR-SSH-AB-83-D1-OMIM-181430","meta":{"profile":["http://fhir.ncpi-project-forge.io/StructureDefinition/ncpi-phenotype"]},"identifier":[{"system":"urn:ncpi:unique-string","value":"nVIL-CMG-Broad-Muscle-OGrady-WES-Su-OGR-SSH-AB-83-D1-OMIM-181430"}],"status":"final","code":{"coding":[{"system":"http://purl.obolibrary.org/obo/omim.owl","code":"OMIM:181430","display":"SCAPULOPERONEAL MYOPATHY, MYH7-RELATED; SPMM"}],"text":"SCAPULOPERONEAL MYOPATHY, MYH7-RELATED; SPMM"},"subject":{"reference":"Patient/P.AnVIL-CMG-Broad-Muscle-OGrady-WES-Su-OGR-SSH-AB-83-D1"},"valueCodeableConcept":{"coding":[{"system":"http://snomed.info/sct","code":"373573001","display":"Clinical finding present (situation)"}],"text":"Phenotype Present"},"interpretation":[{"coding":[{"system":"http://terminology.hl7.org/CodeSystem/v3-ObservationInterpretation","code":"POS","display":"Positive"}],"text":"Present"}],"extension":[]}
{"resourceType":"Observation","id":"nVIL-CMG-Broad-Muscle-OGrady-WES-Su-OGR-SSH-AB-84-D1-OMIM-181430","meta":{"profile":["http://fhir.ncpi-project-forge.io/StructureDefinition/ncpi-phenotype"]},"identifier":[{"system":"urn:ncpi:unique-string","value":"nVIL-CMG-Broad-Muscle-OGrady-WES-Su-OGR-SSH-AB-84-D1-OMIM-181430"}],"status":"final","code":{"coding":[{"system":"http://purl.obolibrary.org/obo/omim.owl","code":"OMIM:181430","display":"SCAPULOPERONEAL MYOPATHY, MYH7-RELATED; SPMM"}],"text":"SCAPULOPERONEAL MYOPATHY, MYH7-RELATED; SPMM"},"subject":{"reference":"Patient/P.AnVIL-CMG-Broad-Muscle-OGrady-WES-Su-OGR-SSH-AB-84-D1"},"valueCodeableConcept":{"coding":[{"system":"http://snomed.info/sct","code":"373573001","display":"Clinical finding present (situation)"}],"text":"Phenotype Present"},"interpretation":[{"coding":[{"system":"http://terminology.hl7.org/CodeSystem/v3-ObservationInterpretation","code":"POS","display":"Positive"}],"text":"Present"}],"extension":[]}
{"resourceType":"Observation","id":"nVIL-CMG-Broad-Muscle-OGrady-WES-Su-OGR-SSH-AB-85-D1-OMIM-181430","meta":{"profile":["http://fhir.ncpi-project-forge.io/StructureDefinition/ncpi-phenotype"]},"identifier":[{"system":"urn:ncpi:unique-string","value":"nVIL-CMG-Broad-Muscle-OGrady-WES-Su-OGR-SSH-AB-85-D1-OMIM-181430"}],"status":"final","code":{"coding":[{"system":"http://purl.obolibrary.org/obo/omim.owl","code":"OMIM:181430","display":"SCAPULOPERONEAL MYOPATHY, MYH7-RELATED; SPMM"}],"text":"SCAPULOPERONEAL MYOPATHY, MYH7-RELATED; SPMM"},"subject":{"reference":"Patient/P.AnVIL-CMG-Broad-Muscle-OGrady-WES-Su-OGR-SSH-AB-85-D1"},"valueCodeableConcept":{"coding":[{"system":"http://snomed.info/sct","code":"373573001","display":"Clinical finding present (situation)"}],"text":"Phenotype Present"},"interpretation":[{"coding":[{"system":"http://terminology.hl7.org/CodeSystem/v3-ObservationInterpretation","code":"POS","display":"Positive"}],"text":"Present"}],"extension":[]}
{"resourceType":"Observation","id":"AnVIL-CMG-Broad-Muscle-OGrady-WES-Su-OGR-SSH-V-65-D1-OMIM-615866","meta":{"profile":["http://fhir.ncpi-project-forge.io/StructureDefinition/ncpi-phenotype"]},"identifier":[{"system":"urn:ncpi:unique-string","value":"AnVIL-CMG-Broad-Muscle-OGrady-WES-Su-OGR-SSH-V-65-D1-OMIM-615866"}],"status":"final","code":{"coding":[{"system":"http://purl.obolibrary.org/obo/omim.owl","code":"OMIM:615866","display":"COFFIN-SIRIS SYNDROME 9; CSS9"}],"text":"COFFIN-SIRIS SYNDROME 9; CSS9"},"subject":{"reference":"Patient/P.AnVIL-CMG-Broad-Muscle-OGrady-WES-Su-OGR-SSH-V-65-D1"},"valueCodeableConcept":{"coding":[{"system":"http://snomed.info/sct","code":"373573001","display":"Clinical finding present (situation)"}],"text":"Phenotype Present"},"interpretation":[{"coding":[{"system":"http://terminology.hl7.org/CodeSystem/v3-ObservationInterpretation","code":"POS","display":"Positive"}],"text":"Present"}],"extension":[]}
{"resourceType":"Observation","id":"AnVIL-CMG-Broad-Muscle-OGrady-WES-Su-OGR-SSH-V-66-D1-OMIM-615866","meta":{"profile":["http://fhir.ncpi-project-forge.io/StructureDefinition/ncpi-phenotype"]},"identifier":[{"system":"urn:ncpi:unique-string","value":"AnVIL-CMG-Broad-Muscle-OGrady-WES-Su-OGR-SSH-V-66-D1-OMIM-615866"}],"status":"final","code":{"coding":[{"system":"http://purl.obolibrary.org/obo/omim.owl","code":"OMIM:615866","display":"COFFIN-SIRIS SYNDROME 9; CSS9"}],"text":"COFFIN-SIRIS SYNDROME 9; CSS9"},"subject":{"reference":"Patient/P.AnVIL-CMG-Broad-Muscle-OGrady-WES-Su-OGR-SSH-V-66-D1"},"valueCodeableConcept":{"coding":[{"system":"http://snomed.info/sct","code":"373573001","display":"Clinical finding present (situation)"}],"text":"Phenotype Present"},"interpretation":[{"coding":[{"system":"http://terminology.hl7.org/CodeSystem/v3-ObservationInterpretation","code":"POS","display":"Positive"}],"text":"Present"}],"extension":[]}
{"resourceType":"Observation","id":"AnVIL-CMG-Broad-Muscle-OGrady-WES-Su-OGR-SSH-V-67-D1-OMIM-615866","meta":{"profile":["http://fhir.ncpi-project-forge.io/StructureDefinition/ncpi-phenotype"]},"identifier":[{"system":"urn:ncpi:unique-string","value":"AnVIL-CMG-Broad-Muscle-OGrady-WES-Su-OGR-SSH-V-67-D1-OMIM-615866"}],"status":"final","code":{"coding":[{"system":"http://purl.obolibrary.org/obo/omim.owl","code":"OMIM:615866","display":"COFFIN-SIRIS SYNDROME 9; CSS9"}],"text":"COFFIN-SIRIS SYNDROME 9; CSS9"},"subject":{"reference":"Patient/P.AnVIL-CMG-Broad-Muscle-OGrady-WES-Su-OGR-SSH-V-67-D1"},"valueCodeableConcept":{"coding":[{"system":"http://snomed.info/sct","code":"373573001","display":"Clinical finding present (situation)"}],"text":"Phenotype Present"},"interpretation":[{"coding":[{"system":"http://terminology.hl7.org/CodeSystem/v3-ObservationInterpretation","code":"POS","display":"Positive"}],"text":"Present"}],"extension":[]}
{"resourceType":"Observation","id":"AnVIL-CMG-Broad-Muscle-OGrady-WES-Su-OGR-SSH-X-71-D1-OMIM-617954","meta":{"profile":["http://fhir.ncpi-project-forge.io/StructureDefinition/ncpi-phenotype"]},"identifier":[{"system":"urn:ncpi:unique-string","value":"AnVIL-CMG-Broad-Muscle-OGrady-WES-Su-OGR-SSH-X-71-D1-OMIM-617954"}],"status":"final","code":{"coding":[{"system":"http://purl.obolibrary.org/obo/omim.owl","code":"OMIM:617954","display":"MULTIPLE MITOCHONDRIAL DYSFUNCTIONS SYNDROME 6; MMDS6"}],"text":"MULTIPLE MITOCHONDRIAL DYSFUNCTIONS SYNDROME 6; MMDS6"},"subject":{"reference":"Patient/P.AnVIL-CMG-Broad-Muscle-OGrady-WES-Su-OGR-SSH-X-71-D1"},"valueCodeableConcept":{"coding":[{"system":"http://snomed.info/sct","code":"373573001","display":"Clinical finding present (situation)"}],"text":"Phenotype Present"},"interpretation":[{"coding":[{"system":"http://terminology.hl7.org/CodeSystem/v3-ObservationInterpretation","code":"POS","display":"Positive"}],"text":"Present"}],"extension":[]}
{"resourceType":"Observation","id":"AnVIL-CMG-Broad-Muscle-OGrady-WES-Su-OGR-SSH-X-72-D1-OMIM-617954","meta":{"profile":["http://fhir.ncpi-project-forge.io/StructureDefinition/ncpi-phenotype"]},"identifier":[{"system":"urn:ncpi:unique-string","value":"AnVIL-CMG-Broad-Muscle-OGrady-WES-Su-OGR-SSH-X-72-D1-OMIM-617954"}],"status":"final","code":{"coding":[{"system":"http://purl.obolibrary.org/obo/omim.owl","code":"OMIM:617954","display":"MULTIPLE MITOCHONDRIAL DYSFUNCTIONS SYNDROME 6; MMDS6"}],"text":"MULTIPLE MITOCHONDRIAL DYSFUNCTIONS SYNDROME 6; MMDS6"},"subject":{"reference":"Patient/P.AnVIL-CMG-Broad-Muscle-OGrady-WES-Su-OGR-SSH-X-72-D1"},"valueCodeableConcept":{"coding":[{"system":"http://snomed.info/sct","code":"373573001","display":"Clinical finding present (situation)"}],"text":"Phenotype Present"},"interpretation":[{"coding":[{"system":"http://terminology.hl7.org/CodeSystem/v3-ObservationInterpretation","code":"POS","display":"Positive"}],"text":"Present"}],"extension":[]}
{"resourceType":"Observation","id":"AnVIL-CMG-Broad-Muscle-OGrady-WES-Su-OGR-SSH-X-73-D1-OMIM-617954","meta":{"profile":["http://fhir.ncpi-project-forge.io/StructureDefinition/ncpi-phenotype"]},"identifier":[{"system":"urn:ncpi:unique-string","value":"AnVIL-CMG-Broad-Muscle-OGrady-WES-Su-OGR-SSH-X-73-D1-OMIM-617954"}],"status":"final","code":{"coding":[{"system":"http://purl.obolibrary.org/obo/omim.owl","code":"OMIM:617954","display":"MULTIPLE MITOCHONDRIAL DYSFUNCTIONS SYNDROME 6; MMDS6"}],"text":"MULTIPLE MITOCHONDRIAL DYSFUNCTIONS SYNDROME 6; MMDS6"},"subject":{"reference":"Patient/P.AnVIL-CMG-Broad-Muscle-OGrady-WES-Su-OGR-SSH-X-73-D1"},"valueCodeableConcept":{"coding":[{"system":"http://snomed.info/sct","code":"373573001","display":"Clinical finding present (situation)"}],"text":"Phenotype Present"},"interpretation":[{"coding":[{"system":"http://terminology.hl7.org/CodeSystem/v3-ObservationInterpretation","code":"POS","display":"Positive"}],"text":"Present"}],"extension":[]}
{"resourceType":"Observation","id":"n-AnVIL-CMG-Broad-Muscle-OGrady-WES-Su-SSH-A-012-1-1-OMIM-615763","meta":{"profile":["http://fhir.ncpi-project-forge.io/StructureDefinition/ncpi-phenotype"]},"identifier":[{"system":"urn:ncpi:unique-string","value":"n-AnVIL-CMG-Broad-Muscle-OGrady-WES-Su-SSH-A-012-1-1-OMIM-615763"}],"status":"final","code":{"coding":[{"system":"http://purl.obolibrary.org/obo/omim.owl","code":"OMIM:615763","display":"CORTICAL DYSPLASIA, COMPLEX, WITH OTHER BRAIN MALFORMATIONS 5; CDCBM5"}],"text":"CORTICAL DYSPLASIA, COMPLEX, WITH OTHER BRAIN MALFORMATIONS 5; CDCBM5"},"subject":{"reference":"Patient/P.AnVIL-CMG-Broad-Muscle-OGrady-WES-Su-SSH-A-012-1-1"},"valueCodeableConcept":{"coding":[{"system":"http://snomed.info/sct","code":"373573001","display":"Clinical finding present (situation)"}],"text":"Phenotype Present"},"interpretation":[{"coding":[{"system":"http://terminology.hl7.org/CodeSystem/v3-ObservationInterpretation","code":"POS","display":"Positive"}],"text":"Present"}],"extension":[]}
{"resourceType":"Observation","id":"n-AnVIL-CMG-Broad-Muscle-OGrady-WES-Su-SSH-A-013-1-1-OMIM-615763","meta":{"profile":["http://fhir.ncpi-project-forge.io/StructureDefinition/ncpi-phenotype"]},"identifier":[{"system":"urn:ncpi:unique-string","value":"n-AnVIL-CMG-Broad-Muscle-OGrady-WES-Su-SSH-A-013-1-1-OMIM-615763"}],"status":"final","code":{"coding":[{"system":"http://purl.obolibrary.org/obo/omim.owl","code":"OMIM:615763","display":"CORTICAL DYSPLASIA, COMPLEX, WITH OTHER BRAIN MALFORMATIONS 5; CDCBM5"}],"text":"CORTICAL DYSPLASIA, COMPLEX, WITH OTHER BRAIN MALFORMATIONS 5; CDCBM5"},"subject":{"reference":"Patient/P.AnVIL-CMG-Broad-Muscle-OGrady-WES-Su-SSH-A-013-1-1"},"valueCodeableConcept":{"coding":[{"system":"http://snomed.info/sct","code":"373573001","display":"Clinical finding present (situation)"}],"text":"Phenotype Present"},"interpretation":[{"coding":[{"system":"http://terminology.hl7.org/CodeSystem/v3-ObservationInterpretation","code":"POS","display":"Positive"}],"text":"Present"}],"extension":[]}
{"resourceType":"Observation","id":"n-AnVIL-CMG-Broad-Muscle-OGrady-WES-Su-SSH-A-014-1-1-OMIM-615763","meta":{"profile":["http://fhir.ncpi-project-forge.io/StructureDefinition/ncpi-phenotype"]},"identifier":[{"system":"urn:ncpi:unique-string","value":"n-AnVIL-CMG-Broad-Muscle-OGrady-WES-Su-SSH-A-014-1-1-OMIM-615763"}],"status":"final","code":{"coding":[{"system":"http://purl.obolibrary.org/obo/omim.owl","code":"OMIM:615763","display":"CORTICAL DYSPLASIA, COMPLEX, WITH OTHER BRAIN MALFORMATIONS 5; CDCBM5"}],"text":"CORTICAL DYSPLASIA, COMPLEX, WITH OTHER BRAIN MALFORMATIONS 5; CDCBM5"},"subject":{"reference":"Patient/P.AnVIL-CMG-Broad-Muscle-OGrady-WES-Su-SSH-A-014-1-1"},"valueCodeableConcept":{"coding":[{"system":"http://snomed.info/sct","code":"373573001","display":"Clinical finding present (situation)"}],"text":"Phenotype Present"},"interpretation":[{"coding":[{"system":"http://terminology.hl7.org/CodeSystem/v3-ObservationInterpretation","code":"POS","display":"Positive"}],"text":"Present"}],"extension":[]}
{"resourceType":"Observation","id":"ion-AnVIL-CMG-Broad-Muscle-OGrady-WES-Su-SSH-J-031-1-OMIM-617183","meta":{"profile":["http://fhir.ncpi-project-forge.io/StructureDefinition/ncpi-phenotype"]},"identifier":[{"system":"urn:ncpi:unique-string","value":"ion-AnVIL-CMG-Broad-Muscle-OGrady-WES-Su-SSH-J-031-1-OMIM-617183"}],"status":"final","code":{"coding":[{"system":"http://purl.obolibrary.org/obo/omim.owl","code":"OMIM:617183","display":"HAREL-YOON SYNDROME; HAYOS"}],"text":"HAREL-YOON SYNDROME; HAYOS"},"subject":{"reference":"Patient/P.AnVIL-CMG-Broad-Muscle-OGrady-WES-Su-SSH-J-031-1"},"valueCodeableConcept":{"coding":[{"system":"http://snomed.info/sct","code":"373573001","display":"Clinical finding present (situation)"}],"text":"Phenotype Present"},"interpretation":[{"coding":[{"system":"http://terminology.hl7.org/CodeSystem/v3-ObservationInterpretation","code":"POS","display":"Positive"}],"text":"Present"}],"extension":[]}
{"resourceType":"Observation","id":"ion-AnVIL-CMG-Broad-Muscle-OGrady-WES-Su-SSH-J-032-1-OMIM-617183","meta":{"profile":["http://fhir.ncpi-project-forge.io/StructureDefinition/ncpi-phenotype"]},"identifier":[{"system":"urn:ncpi:unique-string","value":"ion-AnVIL-CMG-Broad-Muscle-OGrady-WES-Su-SSH-J-032-1-OMIM-617183"}],"status":"final","code":{"coding":[{"system":"http://purl.obolibrary.org/obo/omim.owl","code":"OMIM:617183","display":"HAREL-YOON SYNDROME; HAYOS"}],"text":"HAREL-YOON SYNDROME; HAYOS"},"subject":{"reference":"Patient/P.AnVIL-CMG-Broad-Muscle-OGrady-WES-Su-SSH-J-032-1"},"valueCodeableConcept":{"coding":[{"system":"http://snomed.info/sct","code":"373573001","display":"Clinical finding present (situation)"}],"text":"Phenotype Present"},"interpretation":[{"coding":[{"system":"http://terminology.hl7.org/CodeSystem/v3-ObservationInterpretation","code":"POS","display":"Positive"}],"text":"Present"}],"extension":[]}
{"resourceType":"Observation","id":"ion-AnVIL-CMG-Broad-Muscle-OGrady-WES-Su-SSH-J-033-1-OMIM-617183","meta":{"profile":["http://fhir.ncpi-project-forge.io/StructureDefinition/ncpi-phenotype"]},"identifier":[{"system":"urn:ncpi:unique-string","value":"ion-AnVIL-CMG-Broad-Muscle-OGrady-WES-Su-SSH-J-033-1-OMIM-617183"}],"status":"final","code":{"coding":[{"system":"http://purl.obolibrary.org/obo/omim.owl","code":"OMIM:617183","display":"HAREL-YOON SYNDROME; HAYOS"}],"text":"HAREL-YOON SYNDROME; HAYOS"},"subject":{"reference":"Patient/P.AnVIL-CMG-Broad-Muscle-OGrady-WES-Su-SSH-J-033-1"},"valueCodeableConcept":{"coding":[{"system":"http://snomed.info/sct","code":"373573001","display":"Clinical finding present (situation)"}],"text":"Phenotype Present"},"interpretation":[{"coding":[{"system":"http://terminology.hl7.org/CodeSystem/v3-ObservationInterpretation","code":"POS","display":"Positive"}],"text":"Present"}],"extension":[]}
{"resourceType":"Observation","id":"ion-AnVIL-CMG-Broad-Muscle-OGrady-WES-Su-SSH-N-043-1-OMIM-300486","meta":{"profile":["http://fhir.ncpi-project-forge.io/StructureDefinition/ncpi-phenotype"]},"identifier":[{"system":"urn:ncpi:unique-string","value":"ion-AnVIL-CMG-Broad-Muscle-OGrady-WES-Su-SSH-N-043-1-OMIM-300486"}],"status":"final","code":{"coding":[{"system":"http://purl.obolibrary.org/obo/omim.owl","code":"OMIM:300486","display":"MENTAL RETARDATION, X-LINKED, WITH CEREBELLAR HYPOPLASIA AND DISTINCTIVE FACIAL APPEARANCE"}],"text":"MENTAL RETARDATION, X-LINKED, WITH CEREBELLAR HYPOPLASIA AND DISTINCTIVE FACIAL APPEARANCE"},"subject":{"reference":"Patient/P.AnVIL-CMG-Broad-Muscle-OGrady-WES-Su-SSH-N-043-1"},"valueCodeableConcept":{"coding":[{"system":"http://snomed.info/sct","code":"373573001","display":"Clinical finding present (situation)"}],"text":"Phenotype Present"},"interpretation":[{"coding":[{"system":"http://terminology.hl7.org/CodeSystem/v3-ObservationInterpretation","code":"POS","display":"Positive"}],"text":"Present"}],"extension":[]}
{"resourceType":"Observation","id":"ion-AnVIL-CMG-Broad-Muscle-OGrady-WES-Su-SSH-O-044-1-OMIM-256300","meta":{"profile":["http://fhir.ncpi-project-forge.io/StructureDefinition/ncpi-phenotype"]},"identifier":[{"system":"urn:ncpi:unique-string","value":"ion-AnVIL-CMG-Broad-Muscle-OGrady-WES-Su-SSH-O-044-1-OMIM-256300"}],"status":"final","code":{"coding":[{"system":"http://purl.obolibrary.org/obo/omim.owl","code":"OMIM:256300","display":"NEPHROTIC SYNDROME, TYPE 1; NPHS1"}],"text":"NEPHROTIC SYNDROME, TYPE 1; NPHS1"},"subject":{"reference":"Patient/P.AnVIL-CMG-Broad-Muscle-OGrady-WES-Su-SSH-O-044-1"},"valueCodeableConcept":{"coding":[{"system":"http://snomed.info/sct","code":"373573001","display":"Clinical finding present (situation)"}],"text":"Phenotype Present"},"interpretation":[{"coding":[{"system":"http://terminology.hl7.org/CodeSystem/v3-ObservationInterpretation","code":"POS","display":"Positive"}],"text":"Present"}],"extension":[]}
{"resourceType":"Observation","id":"ion-AnVIL-CMG-Broad-Muscle-OGrady-WES-Su-SSH-O-045-1-OMIM-256300","meta":{"profile":["http://fhir.ncpi-project-forge.io/StructureDefinition/ncpi-phenotype"]},"identifier":[{"system":"urn:ncpi:unique-string","value":"ion-AnVIL-CMG-Broad-Muscle-OGrady-WES-Su-SSH-O-045-1-OMIM-256300"}],"status":"final","code":{"coding":[{"system":"http://purl.obolibrary.org/obo/omim.owl","code":"OMIM:256300","display":"NEPHROTIC SYNDROME, TYPE 1; NPHS1"}],"text":"NEPHROTIC SYNDROME, TYPE 1; NPHS1"},"subject":{"reference":"Patient/P.AnVIL-CMG-Broad-Muscle-OGrady-WES-Su-SSH-O-045-1"},"valueCodeableConcept":{"coding":[{"system":"http://snomed.info/sct","code":"373573001","display":"Clinical finding present (situation)"}],"text":"Phenotype Present"},"interpretation":[{"coding":[{"system":"http://terminology.hl7.org/CodeSystem/v3-ObservationInterpretation","code":"POS","display":"Positive"}],"text":"Present"}],"extension":[]}
{"resourceType":"Observation","id":"ion-AnVIL-CMG-Broad-Muscle-OGrady-WES-Su-SSH-O-046-1-OMIM-256300","meta":{"profile":["http://fhir.ncpi-project-forge.io/StructureDefinition/ncpi-phenotype"]},"identifier":[{"system":"urn:ncpi:unique-string","value":"ion-AnVIL-CMG-Broad-Muscle-OGrady-WES-Su-SSH-O-046-1-OMIM-256300"}],"status":"final","code":{"coding":[{"system":"http://purl.obolibrary.org/obo/omim.owl","code":"OMIM:256300","display":"NEPHROTIC SYNDROME, TYPE 1; NPHS1"}],"text":"NEPHROTIC SYNDROME, TYPE 1; NPHS1"},"subject":{"reference":"Patient/P.AnVIL-CMG-Broad-Muscle-OGrady-WES-Su-SSH-O-046-1"},"valueCodeableConcept":{"coding":[{"system":"http://snomed.info/sct","code":"373573001","display":"Clinical finding present (situation)"}],"text":"Phenotype Present"},"interpretation":[{"coding":[{"system":"http://terminology.hl7.org/CodeSystem/v3-ObservationInterpretation","code":"POS","display":"Positive"}],"text":"Present"}],"extension":[]}
