{"resourceType":"Specimen","id":"Broad-Muscle-OGrady-WES-Sa-OGR-SSH-AB-83-D1","meta":{"profile":["http://hl7.org/fhir/StructureDefinition/Specimen"]},"identifier":[{"system":"https://anvil.terra.bio/#workspaces/anvil-datastorage/AnVIL_CMG_Broad_Muscle_OGrady_WES","value":"Broad_Muscle_OGrady_WES/Sa/OGR_SSH_AB_83_D1"},{"system":"urn:ncpi:unique-string","value":"Specimen|AnVIL_CMG_Broad_Muscle_OGrady_WES|Broad_Muscle_OGrady_WES/Sa/OGR_SSH_AB_83_D1"}],"subject":{"reference":"Patient/P.AnVIL-CMG-Broad-Muscle-OGrady-WES-Su-OGR-SSH-AB-83-D1"}}
{"resourceType":"Specimen","id":"Broad-Muscle-OGrady-WES-Sa-OGR-SSH-AB-84-D1","meta":{"profile":["http://hl7.org/fhir/StructureDefinition/Specimen"]},"identifier":[{"system":"https://anvil.terra.bio/#workspaces/anvil-datastorage/AnVIL_CMG_Broad_Muscle_OGrady_WES","value":"Broad_Muscle_OGrady_WES/Sa/OGR_SSH_AB_84_D1"},{"system":"urn:ncpi:unique-string","value":"Specimen|AnVIL_CMG_Broad_Muscle_OGrady_WES|Broad_Muscle_OGrady_WES/Sa/OGR_SSH_AB_84_D1"}],"subject":{"reference":"Patient/P.AnVIL-CMG-Broad-Muscle-OGrady-WES-Su-OGR-SSH-AB-84-D1"}}
{"resourceType":"Specimen","id":"Broad-Muscle-OGrady-WES-Sa-OGR-SSH-AB-85-D1","meta":{"profile":["http://hl7.org/fhir/StructureDefinition/Specimen"]},"identifier":[{"system":"https://anvil.terra.bio/#workspaces/anvil-datastorage/AnVIL_CMG_Broad_Muscle_OGrady_WES","value":"Broad_Muscle_OGrady_WES/Sa/OGR_SSH_AB_85_D1"},{"system":"urn:ncpi:unique-string","value":"Specimen|AnVIL_CMG_Broad_Muscle_OGrady_WES|Broad_Muscle_OGrady_WES/Sa/OGR_SSH_AB_85_D1"}],"subject":{"reference":"Patient/P.AnVIL-CMG-Broad-Muscle-OGrady-WES-Su-OGR-SSH-AB-85-D1"}}
{"resourceType":"Specimen","id":"Broad-Muscle-OGrady-WES-Sa-OGR-SSH-R-53-D1","meta":{"profile":["http://hl7.org/fhir/StructureDefinition/Specimen"]},"identifier":[{"system":"https://anvil.terra.bio/#workspaces/anvil-datastorage/AnVIL_CMG_Broad_Muscle_OGrady_WES","value":"Broad_Muscle_OGrady_WES/Sa/OGR_SSH_R_53_D1"},{"system":"urn:ncpi:unique-string","value":"Specimen|AnVIL_CMG_Broad_Muscle_OGrady_WES|Broad_Muscle_OGrady_WES/Sa/OGR_SSH_R_53_D1"}],"subject":{"reference":"Patient/P.AnVIL-CMG-Broad-Muscle-OGrady-WES-Su-OGR-SSH-R-53-D1"}}
{"resourceType":"Specimen","id":"Broad-Muscle-OGrady-WES-Sa-OGR-SSH-R-54-D1","meta":{"profile":["http://hl7.org/fhir/StructureDefinition/Specimen"]},"identifier":[{"system":"https://anvil.terra.bio/#workspaces/anvil-datastorage/AnVIL_CMG_Broad_Muscle_OGrady_WES","value":"Broad_Muscle_OGrady_WES/Sa/OGR_SSH_R_54_D1"},{"system":"urn:ncpi:unique-string","value":"Specimen|AnVIL_CMG_Broad_Muscle_OGrady_WES|Broad_Muscle_OGrady_WES/Sa/OGR_SSH_R_54_D1"}],"subject":{"reference":"Patient/P.AnVIL-CMG-Broad-Muscle-OGrady-WES-Su-OGR-SSH-R-54-D1"}}
{"resourceType":"Specimen","id":"Broad-Muscle-OGrady-WES-Sa-OGR-SSH-R-55-D1","meta":{"profile":["http://hl7.org/fhir/StructureDefinition/Specimen"]},"identifier":[{"system":"https://anvil.terra.bio/#workspaces/anvil-datastorage/AnVIL_CMG_Broad_Muscle_OGrady_WES","value":"Broad_Muscle_OGrady_WES/Sa/OGR_SSH_R_55_D1"},{"system":"urn:ncpi:unique-string","value":"Specimen|AnVIL_CMG_Broad_Muscle_OGrady_WES|Broad_Muscle_OGrady_WES/Sa/OGR_SSH_R_55_D1"}],"subject":{"reference":"Patient/P.AnVIL-CMG-Broad-Muscle-OGrady-WES-Su-OGR-SSH-R-55-D1"}}
{"resourceType":"Specimen","id":"Broad-Muscle-OGrady-WES-Sa-OGR-SSH-S-56-D1","meta":{"profile":["http://hl7.org/fhir/StructureDefinition/Specimen"]},"identifier":[{"system":"https://anvil.terra.bio/#workspaces/anvil-datastorage/AnVIL_CMG_Broad_Muscle_OGrady_WES","value":"Broad_Muscle_OGrady_WES/Sa/OGR_SSH_S_56_D1"},{"system":"urn:ncpi:unique-string","value":"Specimen|AnVIL_CMG_Broad_Muscle_OGrady_WES|Broad_Muscle_OGrady_WES/Sa/OGR_SSH_S_56_D1"}],"subject":{"reference":"Patient/P.AnVIL-CMG-Broad-Muscle-OGrady-WES-Su-OGR-SSH-S-56-D1"}}
{"resourceType":"Specimen","id":"Broad-Muscle-OGrady-WES-Sa-OGR-SSH-S-57-D1","meta":{"profile":["http://hl7.org/fhir/StructureDefinition/Specimen"]},"identifier":[{"system":"https://anvil.terra.bio/#workspaces/anvil-datastorage/AnVIL_CMG_Broad_Muscle_OGrady_WES","value":"Broad_Muscle_OGrady_WES/Sa/OGR_SSH_S_57_D1"},{"system":"urn:ncpi:unique-string","value":"Specimen|AnVIL_CMG_Broad_Muscle_OGrady_WES|Broad_Muscle_OGrady_WES/Sa/OGR_SSH_S_57_D1"}],"subject":{"reference":"Patient/P.AnVIL-CMG-Broad-Muscle-OGrady-WES-Su-OGR-SSH-S-57-D1"}}
{"resourceType":"Specimen","id":"Broad-Muscle-OGrady-WES-Sa-OGR-SSH-S-58-D1","meta":{"profile":["http://hl7.org/fhir/StructureDefinition/Specimen"]},"identifier":[{"system":"https://anvil.terra.bio/#workspaces/anvil-datastorage/AnVIL_CMG_Broad_Muscle_OGrady_WES","value":"Broad_Muscle_OGrady_WES/Sa/OGR_SSH_S_58_D1"},{"system":"urn:ncpi:unique-string","value":"Specimen|AnVIL_CMG_Broad_Muscle_OGrady_WES|Broad_Muscle_OGrady_WES/Sa/OGR_SSH_S_58_D1"}],"subject":{"reference":"Patient/P.AnVIL-CMG-Broad-Muscle-OGrady-WES-Su-OGR-SSH-S-58-D1"}}
{"resourceType":"Specimen","id":"Broad-Muscle-OGrady-WES-Sa-OGR-SSH-T-59-D1","meta":{"profile":["http://hl7.org/fhir/StructureDefinition/Specimen"]},"identifier":[{"system":"https://anvil.terra.bio/#workspaces/anvil-datastorage/AnVIL_CMG_Broad_Muscle_OGrady_WES","value":"Broad_Muscle_OGrady_WES/Sa/OGR_SSH_T_59_D1"},{"system":"urn:ncpi:unique-string","value":"Specimen|AnVIL_CMG_Broad_Muscle_OGrady_WES|Broad_Muscle_OGrady_WES/Sa/OGR_SSH_T_59_D1"}],"subject":{"reference":"Patient/P.AnVIL-CMG-Broad-Muscle-OGrady-WES-Su-OGR-SSH-T-59-D1"}}
{"resourceType":"Specimen","id":"Broad-Muscle-OGrady-WES-Sa-OGR-SSH-T-60-D1","meta":{"profile":["http://hl7.org/fhir/StructureDefinition/Specimen"]},"identifier":[{"system":"https://anvil.terra.bio/#workspaces/anvil-datastorage/AnVIL_CMG_Broad_Muscle_OGrady_WES","value":"Broad_Muscle_OGrady_WES/Sa/OGR_SSH_T_60_D1"},{"system":"urn:ncpi:unique-string","value":"Specimen|AnVIL_CMG_Broad_Muscle_OGrady_WES|Broad_Muscle_OGrady_WES/Sa/OGR_SSH_T_60_D1"}],"subject":{"reference":"Patient/P.AnVIL-CMG-Broad-Muscle-OGrady-WES-Su-OGR-SSH-T-60-D1"}}
{"resourceType":"Specimen","id":"Broad-Muscle-OGrady-WES-Sa-OGR-SSH-T-61-D1","meta":{"profile":["http://hl7.org/fhir/StructureDefinition/Specimen"]},"identifier":[{"system":"https://anvil.terra.bio/#workspaces/anvil-datastorage/AnVIL_CMG_Broad_Muscle_OGrady_WES","value":"Broad_Muscle_OGrady_WES/Sa/OGR_SSH_T_61_D1"},{"system":"urn:ncpi:unique-string","value":"Specimen|AnVIL_CMG_Broad_Muscle_OGrady_WES|Broad_Muscle_OGrady_WES/Sa/OGR_SSH_T_61_D1"}],"subject":{"reference":"Patient/P.AnVIL-CMG-Broad-Muscle-OGrady-WES-Su-OGR-SSH-T-61-D1"}}
{"resourceType":"Specimen","id":"Broad-Muscle-OGrady-WES-Sa-OGR-SSH-U-62-D1","meta":{"profile":["http://hl7.org/fhir/StructureDefinition/Specimen"]},"identifier":[{"system":"https://anvil.terra.bio/#workspaces/anvil-datastorage/AnVIL_CMG_Broad_Muscle_OGrady_WES","value":"Broad_Muscle_OGrady_WES/Sa/OGR_SSH_U_62_D1"},{"system":"urn:ncpi:unique-string","value":"Specimen|AnVIL_CMG_Broad_Muscle_OGrady_WES|Broad_Muscle_OGrady_WES/Sa/OGR_SSH_U_62_D1"}],"subject":{"reference":"Patient/P.AnVIL-CMG-Broad-Muscle-OGrady-WES-Su-OGR-SSH-U-62-D1"}}
{"resourceType":"Specimen","id":"Broad-Muscle-OGrady-WES-Sa-OGR-SSH-U-63-D1","meta":{"profile":["http://hl7.org/fhir/StructureDefinition/Specimen"]},"identifier":[{"system":"https://anvil.terra.bio/#workspaces/anvil-datastorage/AnVIL_CMG_Broad_Muscle_OGrady_WES","value":"Broad_Muscle_OGrady_WES/Sa/OGR_SSH_U_63_D1"},{"system":"urn:ncpi:unique-string","value":"Specimen|AnVIL_CMG_Broad_Muscle_OGrady_WES|Broad_Muscle_OGrady_WES/Sa/OGR_SSH_U_63_D1"}],"subject":{"reference":"Patient/P.AnVIL-CMG-Broad-Muscle-OGrady-WES-Su-OGR-SSH-U-63-D1"}}
{"resourceType":"Specimen","id":"Broad-Muscle-OGrady-WES-Sa-OGR-SSH-U-64-D1","meta":{"profile":["http://hl7.org/fhir/StructureDefinition/Specimen"]},"identifier":[{"system":"https://anvil.terra.bio/#workspaces/anvil-datastorage/AnVIL_CMG_Broad_Muscle_OGrady_WES","value":"Broad_Muscle_OGrady_WES/Sa/OGR_SSH_U_64_D1"},{"system":"urn:ncpi:unique-string","value":"Specimen|AnVIL_CMG_Broad_Muscle_OGrady_WES|Broad_Muscle_OGrady_WES/Sa/OGR_SSH_U_64_D1"}],"subject":{"reference":"Patient/P.AnVIL-CMG-Broad-Muscle-OGrady-WES-Su-OGR-SSH-U-64-D1"}}
{"resourceType":"Specimen","id":"Broad-Muscle-OGrady-WES-Sa-OGR-SSH-V-65-D1","meta":{"profile":["http://hl7.org/fhir/StructureDefinition/Specimen"]},"identifier":[{"system":"https://anvil.terra.bio/#workspaces/anvil-datastorage/AnVIL_CMG_Broad_Muscle_OGrady_WES","value":"Broad_Muscle_OGrady_WES/Sa/OGR_SSH_V_65_D1"},{"system":"urn:ncpi:unique-string","value":"Specimen|AnVIL_CMG_Broad_Muscle_OGrady_WES|Broad_Muscle_OGrady_WES/Sa/OGR_SSH_V_65_D1"}],"subject":{"reference":"Patient/P.AnVIL-CMG-Broad-Muscle-OGrady-WES-Su-OGR-SSH-V-65-D1"}}
{"resourceType":"Specimen","id":"Broad-Muscle-OGrady-WES-Sa-OGR-SSH-V-66-D1","meta":{"profile":["http://hl7.org/fhir/StructureDefinition/Specimen"]},"identifier":[{"system":"https://anvil.terra.bio/#workspaces/anvil-datastorage/AnVIL_CMG_Broad_Muscle_OGrady_WES","value":"Broad_Muscle_OGrady_WES/Sa/OGR_SSH_V_66_D1"},{"system":"urn:ncpi:unique-string","value":"Specimen|AnVIL_CMG_Broad_Muscle_OGrady_WES|Broad_Muscle_OGrady_WES/Sa/OGR_SSH_V_66_D1"}],"subject":{"reference":"Patient/P.AnVIL-CMG-Broad-Muscle-OGrady-WES-Su-OGR-SSH-V-66-D1"}}
{"resourceType":"Specimen","id":"Broad-Muscle-OGrady-WES-Sa-OGR-SSH-V-67-D1","meta":{"profile":["http://hl7.org/fhir/StructureDefinition/Specimen"]},"identifier":[{"system":"https://anvil.terra.bio/#workspaces/anvil-datastorage/AnVIL_CMG_Broad_Muscle_OGrady_WES","value":"Broad_Muscle_OGrady_WES/Sa/OGR_SSH_V_67_D1"},{"system":"urn:ncpi:unique-string","value":"Specimen|AnVIL_CMG_Broad_Muscle_OGrady_WES|Broad_Muscle_OGrady_WES/Sa/OGR_SSH_V_67_D1"}],"subject":{"reference":"Patient/P.AnVIL-CMG-Broad-Muscle-OGrady-WES-Su-OGR-SSH-V-67-D1"}}
{"resourceType":"Specimen","id":"Broad-Muscle-OGrady-WES-Sa-OGR-SSH-W-68-D1","meta":{"profile":["http://hl7.org/fhir/StructureDefinition/Specimen"]},"identifier":[{"system":"https://anvil.terra.bio/#workspaces/anvil-datastorage/AnVIL_CMG_Broad_Muscle_OGrady_WES","value":"Broad_Muscle_OGrady_WES/Sa/OGR_SSH_W_68_D1"},{"system":"urn:ncpi:unique-string","value":"Specimen|AnVIL_CMG_Broad_Muscle_OGrady_WES|Broad_Muscle_OGrady_WES/Sa/OGR_SSH_W_68_D1"}],"subject":{"reference":"Patient/P.AnVIL-CMG-Broad-Muscle-OGrady-WES-Su-OGR-SSH-W-68-D1"}}
{"resourceType":"Specimen","id":"Broad-Muscle-OGrady-WES-Sa-OGR-SSH-W-69-D1","meta":{"profile":["http://hl7.org/fhir/StructureDefinition/Specimen"]},"identifier":[{"system":"https://anvil.terra.bio/#workspaces/anvil-datastorage/AnVIL_CMG_Broad_Muscle_OGrady_WES","value":"Broad_Muscle_OGrady_WES/Sa/OGR_SSH_W_69_D1"},{"system":"urn:ncpi:unique-string","value":"Specimen|AnVIL_CMG_Broad_Muscle_OGrady_WES|Broad_Muscle_OGrady_WES/Sa/OGR_SSH_W_69_D1"}],"subject":{"reference":"Patient/P.AnVIL-CMG-Broad-Muscle-OGrady-WES-Su-OGR-SSH-W-69-D1"}}
{"resourceType":"Specimen","id":"Broad-Muscle-OGrady-WES-Sa-OGR-SSH-W-70-D1","meta":{"profile":["http://hl7.org/fhir/StructureDefinition/Specimen"]},"identifier":[{"system":"https://anvil.terra.bio/#workspaces/anvil-datastorage/AnVIL_CMG_Broad_Muscle_OGrady_WES","value":"Broad_Muscle_OGrady_WES/Sa/OGR_SSH_W_70_D1"},{"system":"urn:ncpi:unique-string","value":"Specimen|AnVIL_CMG_Broad_Muscle_OGrady_WES|Broad_Muscle_OGrady_WES/Sa/OGR_SSH_W_70_D1"}],"subject":{"reference":"Patient/P.AnVIL-CMG-Broad-Muscle-OGrady-WES-Su-OGR-SSH-W-70-D1"}}
{"resourceType":"Specimen","id":"Broad-Muscle-OGrady-WES-Sa-OGR-SSH-X-71-D1","meta":{"profile":["http://hl7.org/fhir/StructureDefinition/Specimen"]},"identifier":[{"system":"https://anvil.terra.bio/#workspaces/anvil-datastorage/AnVIL_CMG_Broad_Muscle_OGrady_WES","value":"Broad_Muscle_OGrady_WES/Sa/OGR_SSH_X_71_D1"},{"system":"urn:ncpi:unique-string","value":"Specimen|AnVIL_CMG_Broad_Muscle_OGrady_WES|Broad_Muscle_OGrady_WES/Sa/OGR_SSH_X_71_D1"}],"subject":{"reference":"Patient/P.AnVIL-CMG-Broad-Muscle-OGrady-WES-Su-OGR-SSH-X-71-D1"}}
{"resourceType":"Specimen","id":"Broad-Muscle-OGrady-WES-Sa-OGR-SSH-X-72-D1","meta":{"profile":["http://hl7.org/fhir/StructureDefinition/Specimen"]},"identifier":[{"system":"https://anvil.terra.bio/#workspaces/anvil-datastorage/AnVIL_CMG_Broad_Muscle_OGrady_WES","value":"Broad_Muscle_OGrady_WES/Sa/OGR_SSH_X_72_D1"},{"system":"urn:ncpi:unique-string","value":"Specimen|AnVIL_CMG_Broad_Muscle_OGrady_WES|Broad_Muscle_OGrady_WES/Sa/OGR_SSH_X_72_D1"}],"subject":{"reference":"Patient/P.AnVIL-CMG-Broad-Muscle-OGrady-WES-Su-OGR-SSH-X-72-D1"}}
{"resourceType":"Specimen","id":"Broad-Muscle-OGrady-WES-Sa-OGR-SSH-X-73-D1","meta":{"profile":["http://hl7.org/fhir/StructureDefinition/Specimen"]},"identifier":[{"system":"https://anvil.terra.bio/#workspaces/anvil-datastorage/AnVIL_CMG_Broad_Muscle_OGrady_WES","value":"Broad_Muscle_OGrady_WES/Sa/OGR_SSH_X_73_D1"},{"system":"urn:ncpi:unique-string","value":"Specimen|AnVIL_CMG_Broad_Muscle_OGrady_WES|Broad_Muscle_OGrady_WES/Sa/OGR_SSH_X_73_D1"}],"subject":{"reference":"Patient/P.AnVIL-CMG-Broad-Muscle-OGrady-WES-Su-OGR-SSH-X-73-D1"}}
{"resourceType":"Specimen","id":"Broad-Muscle-OGrady-WES-Sa-OGR-SSH-Y-74-D1","meta":{"profile":["http://hl7.org/fhir/StructureDefinition/Specimen"]},"identifier":[{"system":"https://anvil.terra.bio/#workspaces/anvil-datastorage/AnVIL_CMG_Broad_Muscle_OGrady_WES","value":"Broad_Muscle_OGrady_WES/Sa/OGR_SSH_Y_74_D1"},{"system":"urn:ncpi:unique-string","value":"Specimen|AnVIL_CMG_Broad_Muscle_OGrady_WES|Broad_Muscle_OGrady_WES/Sa/OGR_SSH_Y_74_D1"}],"subject":{"reference":"Patient/P.AnVIL-CMG-Broad-Muscle-OGrady-WES-Su-OGR-SSH-Y-74-D1"}}
{"resourceType":"Specimen","id":"Broad-Muscle-OGrady-WES-Sa-OGR-SSH-Y-75-D1","meta":{"profile":["http://hl7.org/fhir/StructureDefinition/Specimen"]},"identifier":[{"system":"https://anvil.terra.bio/#workspaces/anvil-datastorage/AnVIL_CMG_Broad_Muscle_OGrady_WES","value":"Broad_Muscle_OGrady_WES/Sa/OGR_SSH_Y_75_D1"},{"system":"urn:ncpi:unique-string","value":"Specimen|AnVIL_CMG_Broad_Muscle_OGrady_WES|Broad_Muscle_OGrady_WES/Sa/OGR_SSH_Y_75_D1"}],"subject":{"reference":"Patient/P.AnVIL-CMG-Broad-Muscle-OGrady-WES-Su-OGR-SSH-Y-75-D1"}}
{"resourceType":"Specimen","id":"Broad-Muscle-OGrady-WES-Sa-OGR-SSH-Y-76-D1","meta":{"profile":["http://hl7.org/fhir/StructureDefinition/Specimen"]},"identifier":[{"system":"https://anvil.terra.bio/#workspaces/anvil-datastorage/AnVIL_CMG_Broad_Muscle_OGrady_WES","value":"Broad_Muscle_OGrady_WES/Sa/OGR_SSH_Y_76_D1"},{"system":"urn:ncpi:unique-string","value":"Specimen|AnVIL_CMG_Broad_Muscle_OGrady_WES|Broad_Muscle_OGrady_WES/Sa/OGR_SSH_Y_76_D1"}],"subject":{"reference":"Patient/P.AnVIL-CMG-Broad-Muscle-OGrady-WES-Su-OGR-SSH-Y-76-D1"}}
{"resourceType":"Specimen","id":"Broad-Muscle-OGrady-WES-Sa-OGR-SSH-Z-77-D1","meta":{"profile":["http://hl7.org/fhir/StructureDefinition/Specimen"]},"identifier":[{"system":"https://anvil.terra.bio/#workspaces/anvil-datastorage/AnVIL_CMG_Broad_Muscle_OGrady_WES","value":"Broad_Muscle_OGrady_WES/Sa/OGR_SSH_Z_77_D1"},{"system":"urn:ncpi:unique-string","value":"Specimen|AnVIL_CMG_Broad_Muscle_OGrady_WES|Broad_Muscle_OGrady_WES/Sa/OGR_SSH_Z_77_D1"}],"subject":{"reference":"Patient/P.AnVIL-CMG-Broad-Muscle-OGrady-WES-Su-OGR-SSH-Z-77-D1"}}
{"resourceType":"Specimen","id":"Broad-Muscle-OGrady-WES-Sa-OGR-SSH-Z-78-D1","meta":{"profile":["http://hl7.org/fhir/StructureDefinition/Specimen"]},"identifier":[{"system":"https://anvil.terra.bio/#workspaces/anvil-datastorage/AnVIL_CMG_Broad_Muscle_OGrady_WES","value":"Broad_Muscle_OGrady_WES/Sa/OGR_SSH_Z_78_D1"},{"system":"urn:ncpi:unique-string","value":"Specimen|AnVIL_CMG_Broad_Muscle_OGrady_WES|Broad_Muscle_OGrady_WES/Sa/OGR_SSH_Z_78_D1"}],"subject":{"reference":"Patient/P.AnVIL-CMG-Broad-Muscle-OGrady-WES-Su-OGR-SSH-Z-78-D1"}}
{"resourceType":"Specimen","id":"Broad-Muscle-OGrady-WES-Sa-OGR-SSH-Z-79-D1","meta":{"profile":["http://hl7.org/fhir/StructureDefinition/Specimen"]},"identifier":[{"system":"https://anvil.terra.bio/#workspaces/anvil-datastorage/AnVIL_CMG_Broad_Muscle_OGrady_WES","value":"Broad_Muscle_OGrady_WES/Sa/OGR_SSH_Z_79_D1"},{"system":"urn:ncpi:unique-string","value":"Specimen|AnVIL_CMG_Broad_Muscle_OGrady_WES|Broad_Muscle_OGrady_WES/Sa/OGR_SSH_Z_79_D1"}],"subject":{"reference":"Patient/P.AnVIL-CMG-Broad-Muscle-OGrady-WES-Su-OGR-SSH-Z-79-D1"}}
{"resourceType":"Specimen","id":"Broad-Muscle-OGrady-WES-Sa-SSH-A-012-1-1","meta":{"profile":["http://hl7.org/fhir/StructureDefinition/Specimen"]},"identifier":[{"system":"https://anvil.terra.bio/#workspaces/anvil-datastorage/AnVIL_CMG_Broad_Muscle_OGrady_WES","value":"Broad_Muscle_OGrady_WES/Sa/SSH_A_012_1_1"},{"system":"urn:ncpi:unique-string","value":"Specimen|AnVIL_CMG_Broad_Muscle_OGrady_WES|Broad_Muscle_OGrady_WES/Sa/SSH_A_012_1_1"}],"subject":{"reference":"Patient/P.AnVIL-CMG-Broad-Muscle-OGrady-WES-Su-SSH-A-012-1-1"}}
{"resourceType":"Specimen","id":"Broad-Muscle-OGrady-WES-Sa-SSH-A-013-1-1","meta":{"profile":["http://hl7.org/fhir/StructureDefinition/Specimen"]},"identifier":[{"system":"https://anvil.terra.bio/#workspaces/anvil-datastorage/AnVIL_CMG_Broad_Muscle_OGrady_WES","value":"Broad_Muscle_OGrady_WES/Sa/SSH_A_013_1_1"},{"system":"urn:ncpi:unique-string","value":"Specimen|AnVIL_CMG_Broad_Muscle_OGrady_WES|Broad_Muscle_OGrady_WES/Sa/SSH_A_013_1_1"}],"subject":{"reference":"Patient/P.AnVIL-CMG-Broad-Muscle-OGrady-WES-Su-SSH-A-013-1-1"}}
{"resourceType":"Specimen","id":"Broad-Muscle-OGrady-WES-Sa-SSH-A-014-1-1","meta":{"profile":["http://hl7.org/fhir/StructureDefinition/Specimen"]},"identifier":[{"system":"https://anvil.terra.bio/#workspaces/anvil-datastorage/AnVIL_CMG_Broad_Muscle_OGrady_WES","value":"Broad_Muscle_OGrady_WES/Sa/SSH_A_014_1_1"},{"system":"urn:ncpi:unique-string","value":"Specimen|AnVIL_CMG_Broad_Muscle_OGrady_WES|Broad_Muscle_OGrady_WES/Sa/SSH_A_014_1_1"}],"subject":{"reference":"Patient/P.AnVIL-CMG-Broad-Muscle-OGrady-WES-Su-SSH-A-014-1-1"}}
{"resourceType":"Specimen","id":"Broad-Muscle-OGrady-WES-Sa-SSH-B-011-1-1","meta":{"profile":["http://hl7.org/fhir/StructureDefinition/Specimen"]},"identifier":[{"system":"https://anvil.terra.bio/#workspaces/anvil-datastorage/AnVIL_CMG_Broad_Muscle_OGrady_WES","value":"Broad_Muscle_OGrady_WES/Sa/SSH_B_011_1_1"},{"system":"urn:ncpi:unique-string","value":"Specimen|AnVIL_CMG_Broad_Muscle_OGrady_WES|Broad_Muscle_OGrady_WES/Sa/SSH_B_011_1_1"}],"subject":{"reference":"Patient/P.AnVIL-CMG-Broad-Muscle-OGrady-WES-Su-SSH-B-011-1-1"}}
{"resourceType":"Specimen","id":"Broad-Muscle-OGrady-WES-Sa-SSH-C-001-1-1","meta":{"profile":["http://hl7.org/fhir/StructureDefinition/Specimen"]},"identifier":[{"system":"https://anvil.terra.bio/#workspaces/anvil-datastorage/AnVIL_CMG_Broad_Muscle_OGrady_WES","value":"Broad_Muscle_OGrady_WES/Sa/SSH_C_001_1_1"},{"system":"urn:ncpi:unique-string","value":"Specimen|AnVIL_CMG_Broad_Muscle_OGrady_WES|Broad_Muscle_OGrady_WES/Sa/SSH_C_001_1_1"}],"subject":{"reference":"Patient/P.AnVIL-CMG-Broad-Muscle-OGrady-WES-Su-SSH-C-001-1-1"}}
{"resourceType":"Specimen","id":"Broad-Muscle-OGrady-WES-Sa-SSH-C-002-1-1","meta":{"profile":["http://hl7.org/fhir/StructureDefinition/Specimen"]},"identifier":[{"system":"https://anvil.terra.bio/#workspaces/anvil-datastorage/AnVIL_CMG_Broad_Muscle_OGrady_WES","value":"Broad_Muscle_OGrady_WES/Sa/SSH_C_002_1_1"},{"system":"urn:ncpi:unique-string","value":"Specimen|AnVIL_CMG_Broad_Muscle_OGrady_WES|Broad_Muscle_OGrady_WES/Sa/SSH_C_002_1_1"}],"subject":{"reference":"Patient/P.AnVIL-CMG-Broad-Muscle-OGrady-WES-Su-SSH-C-002-1-1"}}
{"resourceType":"Specimen","id":"Broad-Muscle-OGrady-WES-Sa-SSH-C-003-1-1","meta":{"profile":["http://hl7.org/fhir/StructureDefinition/Specimen"]},"identifier":[{"system":"https://anvil.terra.bio/#workspaces/anvil-datastorage/AnVIL_CMG_Broad_Muscle_OGrady_WES","value":"Broad_Muscle_OGrady_WES/Sa/SSH_C_003_1_1"},{"system":"urn:ncpi:unique-string","value":"Specimen|AnVIL_CMG_Broad_Muscle_OGrady_WES|Broad_Muscle_OGrady_WES/Sa/SSH_C_003_1_1"}],"subject":{"reference":"Patient/P.AnVIL-CMG-Broad-Muscle-OGrady-WES-Su-SSH-C-003-1-1"}}
{"resourceType":"Specimen","id":"Broad-Muscle-OGrady-WES-Sa-SSH-D-004-1-1","meta":{"profile":["http://hl7.org/fhir/StructureDefinition/Specimen"]},"identifier":[{"system":"https://anvil.terra.bio/#workspaces/anvil-datastorage/AnVIL_CMG_Broad_Muscle_OGrady_WES","value":"Broad_Muscle_OGrady_WES/Sa/SSH_D_004_1_1"},{"system":"urn:ncpi:unique-string","value":"Specimen|AnVIL_CMG_Broad_Muscle_OGrady_WES|Broad_Muscle_OGrady_WES/Sa/SSH_D_004_1_1"}],"subject":{"reference":"Patient/P.AnVIL-CMG-Broad-Muscle-OGrady-WES-Su-SSH-D-004-1-1"}}
{"resourceType":"Specimen","id":"Broad-Muscle-OGrady-WES-Sa-SSH-D-005-1-1","meta":{"profile":["http://hl7.org/fhir/StructureDefinition/Specimen"]},"identifier":[{"system":"https://anvil.terra.bio/#workspaces/anvil-datastorage/AnVIL_CMG_Broad_Muscle_OGrady_WES","value":"Broad_Muscle_OGrady_WES/Sa/SSH_D_005_1_1"},{"system":"urn:ncpi:unique-string","value":"Specimen|AnVIL_CMG_Broad_Muscle_OGrady_WES|Broad_Muscle_OGrady_WES/Sa/SSH_D_005_1_1"}],"subject":{"reference":"Patient/P.AnVIL-CMG-Broad-Muscle-OGrady-WES-Su-SSH-D-005-1-1"}}
{"resourceType":"Specimen","id":"Broad-Muscle-OGrady-WES-Sa-SSH-D-006-1-1","meta":{"profile":["http://hl7.org/fhir/StructureDefinition/Specimen"]},"identifier":[{"system":"https://anvil.terra.bio/#workspaces/anvil-datastorage/AnVIL_CMG_Broad_Muscle_OGrady_WES","value":"Broad_Muscle_OGrady_WES/Sa/SSH_D_006_1_1"},{"system":"urn:ncpi:unique-string","value":"Specimen|AnVIL_CMG_Broad_Muscle_OGrady_WES|Broad_Muscle_OGrady_WES/Sa/SSH_D_006_1_1"}],"subject":{"reference":"Patient/P.AnVIL-CMG-Broad-Muscle-OGrady-WES-Su-SSH-D-006-1-1"}}
{"resourceType":"Specimen","id":"Broad-Muscle-OGrady-WES-Sa-SSH-D-009-1-1","meta":{"profile":["http://hl7.org/fhir/StructureDefinition/Specimen"]},"identifier":[{"system":"https://anvil.terra.bio/#workspaces/anvil-datastorage/AnVIL_CMG_Broad_Muscle_OGrady_WES","value":"Broad_Muscle_OGrady_WES/Sa/SSH_D_009_1_1"},{"system":"urn:ncpi:unique-string","value":"Specimen|AnVIL_CMG_Broad_Muscle_OGrady_WES|Broad_Muscle_OGrady_WES/Sa/SSH_D_009_1_1"}],"subject":{"reference":"Patient/P.AnVIL-CMG-Broad-Muscle-OGrady-WES-Su-SSH-D-009-1-1"}}
{"resourceType":"Specimen","id":"Broad-Muscle-OGrady-WES-Sa-SSH-D-010-1-1","meta":{"profile":["http://hl7.org/fhir/StructureDefinition/Specimen"]},"identifier":[{"system":"https://anvil.terra.bio/#workspaces/anvil-datastorage/AnVIL_CMG_Broad_Muscle_OGrady_WES","value":"Broad_Muscle_OGrady_WES/Sa/SSH_D_010_1_1"},{"system":"urn:ncpi:unique-string","value":"Specimen|AnVIL_CMG_Broad_Muscle_OGrady_WES|Broad_Muscle_OGrady_WES/Sa/SSH_D_010_1_1"}],"subject":{"reference":"Patient/P.AnVIL-CMG-Broad-Muscle-OGrady-WES-Su-SSH-D-010-1-1"}}
{"resourceType":"Specimen","id":"Broad-Muscle-OGrady-WES-Sa-SSH-E-015-1-1","meta":{"profile":["http://hl7.org/fhir/StructureDefinition/Specimen"]},"identifier":[{"system":"https://anvil.terra.bio/#workspaces/anvil-datastorage/AnVIL_CMG_Broad_Muscle_OGrady_WES","value":"Broad_Muscle_OGrady_WES/Sa/SSH_E_015_1_1"},{"system":"urn:ncpi:unique-string","value":"Specimen|AnVIL_CMG_Broad_Muscle_OGrady_WES|Broad_Muscle_OGrady_WES/Sa/SSH_E_015_1_1"}],"subject":{"reference":"Patient/P.AnVIL-CMG-Broad-Muscle-OGrady-WES-Su-SSH-E-015-1-1"}}
{"resourceType":"Specimen","id":"Broad-Muscle-OGrady-WES-Sa-SSH-E-016-1-1","meta":{"profile":["http://hl7.org/fhir/StructureDefinition/Specimen"]},"identifier":[{"system":"https://anvil.terra.bio/#workspaces/anvil-datastorage/AnVIL_CMG_Broad_Muscle_OGrady_WES","value":"Broad_Muscle_OGrady_WES/Sa/SSH_E_016_1_1"},{"system":"urn:ncpi:unique-string","value":"Specimen|AnVIL_CMG_Broad_Muscle_OGrady_WES|Broad_Muscle_OGrady_WES/Sa/SSH_E_016_1_1"}],"subject":{"reference":"Patient/P.AnVIL-CMG-Broad-Muscle-OGrady-WES-Su-SSH-E-016-1-1"}}
{"resourceType":"Specimen","id":"Broad-Muscle-OGrady-WES-Sa-SSH-E-017-1-1","meta":{"profile":["http://hl7.org/fhir/StructureDefinition/Specimen"]},"identifier":[{"system":"https://anvil.terra.bio/#workspaces/anvil-datastorage/AnVIL_CMG_Broad_Muscle_OGrady_WES","value":"Broad_Muscle_OGrady_WES/Sa/SSH_E_017_1_1"},{"system":"urn:ncpi:unique-string","value":"Specimen|AnVIL_CMG_Broad_Muscle_OGrady_WES|Broad_Muscle_OGrady_WES/Sa/SSH_E_017_1_1"}],"subject":{"reference":"Patient/P.AnVIL-CMG-Broad-Muscle-OGrady-WES-Su-SSH-E-017-1-1"}}
{"resourceType":"Specimen","id":"Broad-Muscle-OGrady-WES-Sa-SSH-F-018-1","meta":{"profile":["http://hl7.org/fhir/StructureDefinition/Specimen"]},"identifier":[{"system":"https://anvil.terra.bio/#workspaces/anvil-datastorage/AnVIL_CMG_Broad_Muscle_OGrady_WES","value":"Broad_Muscle_OGrady_WES/Sa/SSH_F_018_1"},{"system":"urn:ncpi:unique-string","value":"Specimen|AnVIL_CMG_Broad_Muscle_OGrady_WES|Broad_Muscle_OGrady_WES/Sa/SSH_F_018_1"}],"subject":{"reference":"Patient/P.AnVIL-CMG-Broad-Muscle-OGrady-WES-Su-SSH-F-018-1"}}
{"resourceType":"Specimen","id":"Broad-Muscle-OGrady-WES-Sa-SSH-F-019-1-1","meta":{"profile":["http://hl7.org/fhir/StructureDefinition/Specimen"]},"identifier":[{"system":"https://anvil.terra.bio/#workspaces/anvil-datastorage/AnVIL_CMG_Broad_Muscle_OGrady_WES","value":"Broad_Muscle_OGrady_WES/Sa/SSH_F_019_1_1"},{"system":"urn:ncpi:unique-string","value":"Specimen|AnVIL_CMG_Broad_Muscle_OGrady_WES|Broad_Muscle_OGrady_WES/Sa/SSH_F_019_1_1"}],"subject":{"reference":"Patient/P.AnVIL-CMG-Broad-Muscle-OGrady-WES-Su-SSH-F-019-1-1"}}
{"resourceType":"Specimen","id":"Broad-Muscle-OGrady-WES-Sa-SSH-F-020-1-1","meta":{"profile":["http://hl7.org/fhir/StructureDefinition/Specimen"]},"identifier":[{"system":"https://anvil.terra.bio/#workspaces/anvil-datastorage/AnVIL_CMG_Broad_Muscle_OGrady_WES","value":"Broad_Muscle_OGrady_WES/Sa/SSH_F_020_1_1"},{"system":"urn:ncpi:unique-string","value":"Specimen|AnVIL_CMG_Broad_Muscle_OGrady_WES|Broad_Muscle_OGrady_WES/Sa/SSH_F_020_1_1"}],"subject":{"reference":"Patient/P.AnVIL-CMG-Broad-Muscle-OGrady-WES-Su-SSH-F-020-1-1"}}
{"resourceType":"Specimen","id":"Broad-Muscle-OGrady-WES-Sa-SSH-H-022-1","meta":{"profile":["http://hl7.org/fhir/StructureDefinition/Specimen"]},"identifier":[{"system":"https://anvil.terra.bio/#workspaces/anvil-datastorage/AnVIL_CMG_Broad_Muscle_OGrady_WES","value":"Broad_Muscle_OGrady_WES/Sa/SSH_H_022_1"},{"system":"urn:ncpi:unique-string","value":"Specimen|AnVIL_CMG_Broad_Muscle_OGrady_WES|Broad_Muscle_OGrady_WES/Sa/SSH_H_022_1"}],"subject":{"reference":"Patient/P.AnVIL-CMG-Broad-Muscle-OGrady-WES-Su-SSH-H-022-1"}}
{"resourceType":"Specimen","id":"Broad-Muscle-OGrady-WES-Sa-SSH-H-023-1","meta":{"profile":["http://hl7.org/fhir/StructureDefinition/Specimen"]},"identifier":[{"system":"https://anvil.terra.bio/#workspaces/anvil-datastorage/AnVIL_CMG_Broad_Muscle_OGrady_WES","value":"Broad_Muscle_OGrady_WES/Sa/SSH_H_023_1"},{"system":"urn:ncpi:unique-string","value":"Specimen|AnVIL_CMG_Broad_Muscle_OGrady_WES|Broad_Muscle_OGrady_WES/Sa/SSH_H_023_1"}],"subject":{"reference":"Patient/P.AnVIL-CMG-Broad-Muscle-OGrady-WES-Su-SSH-H-023-1"}}
{"resourceType":"Specimen","id":"Broad-Muscle-OGrady-WES-Sa-SSH-H-024-1","meta":{"profile":["http://hl7.org/fhir/StructureDefinition/Specimen"]},"identifier":[{"system":"https://anvil.terra.bio/#workspaces/anvil-datastorage/AnVIL_CMG_Broad_Muscle_OGrady_WES","value":"Broad_Muscle_OGrady_WES/Sa/SSH_H_024_1"},{"system":"urn:ncpi:unique-string","value":"Specimen|AnVIL_CMG_Broad_Muscle_OGrady_WES|Broad_Muscle_OGrady_WES/Sa/SSH_H_024_1"}],"subject":{"reference":"Patient/P.AnVIL-CMG-Broad-Muscle-OGrady-WES-Su-SSH-H-024-1"}}
{"resourceType":"Specimen","id":"Broad-Muscle-OGrady-WES-Sa-SSH-I-026-1","meta":{"profile":["http://hl7.org/fhir/StructureDefinition/Specimen"]},"identifier":[{"system":"https://anvil.terra.bio/#workspaces/anvil-datastorage/AnVIL_CMG_Broad_Muscle_OGrady_WES","value":"Broad_Muscle_OGrady_WES/Sa/SSH_I_026_1"},{"system":"urn:ncpi:unique-string","value":"Specimen|AnVIL_CMG_Broad_Muscle_OGrady_WES|Broad_Muscle_OGrady_WES/Sa/SSH_I_026_1"}],"subject":{"reference":"Patient/P.AnVIL-CMG-Broad-Muscle-OGrady-WES-Su-SSH-I-026-1"}}
{"resourceType":"Specimen","id":"Broad-Muscle-OGrady-WES-Sa-SSH-I-027-1","meta":{"profile":["http://hl7.org/fhir/StructureDefinition/Specimen"]},"identifier":[{"system":"https://anvil.terra.bio/#workspaces/anvil-datastorage/AnVIL_CMG_Broad_Muscle_OGrady_WES","value":"Broad_Muscle_OGrady_WES/Sa/SSH_I_027_1"},{"system":"urn:ncpi:unique-string","value":"Specimen|AnVIL_CMG_Broad_Muscle_OGrady_WES|Broad_Muscle_OGrady_WES/Sa/SSH_I_027_1"}],"subject":{"reference":"Patient/P.AnVIL-CMG-Broad-Muscle-OGrady-WES-Su-SSH-I-027-1"}}
{"resourceType":"Specimen","id":"Broad-Muscle-OGrady-WES-Sa-SSH-I-028-1","meta":{"profile":["http://hl7.org/fhir/StructureDefinition/Specimen"]},"identifier":[{"system":"https://anvil.terra.bio/#workspaces/anvil-datastorage/AnVIL_CMG_Broad_Muscle_OGrady_WES","value":"Broad_Muscle_OGrady_WES/Sa/SSH_I_028_1"},{"system":"urn:ncpi:unique-string","value":"Specimen|AnVIL_CMG_Broad_Muscle_OGrady_WES|Broad_Muscle_OGrady_WES/Sa/SSH_I_028_1"}],"subject":{"reference":"Patient/P.AnVIL-CMG-Broad-Muscle-OGrady-WES-Su-SSH-I-028-1"}}
{"resourceType":"Specimen","id":"Broad-Muscle-OGrady-WES-Sa-SSH-I-029-1","meta":{"profile":["http://hl7.org/fhir/StructureDefinition/Specimen"]},"identifier":[{"system":"https://anvil.terra.bio/#workspaces/anvil-datastorage/AnVIL_CMG_Broad_Muscle_OGrady_WES","value":"Broad_Muscle_OGrady_WES/Sa/SSH_I_029_1"},{"system":"urn:ncpi:unique-string","value":"Specimen|AnVIL_CMG_Broad_Muscle_OGrady_WES|Broad_Muscle_OGrady_WES/Sa/SSH_I_029_1"}],"subject":{"reference":"Patient/P.AnVIL-CMG-Broad-Muscle-OGrady-WES-Su-SSH-I-029-1"}}
{"resourceType":"Specimen","id":"Broad-Muscle-OGrady-WES-Sa-SSH-I-030-1","meta":{"profile":["http://hl7.org/fhir/StructureDefinition/Specimen"]},"identifier":[{"system":"https://anvil.terra.bio/#workspaces/anvil-datastorage/AnVIL_CMG_Broad_Muscle_OGrady_WES","value":"Broad_Muscle_OGrady_WES/Sa/SSH_I_030_1"},{"system":"urn:ncpi:unique-string","value":"Specimen|AnVIL_CMG_Broad_Muscle_OGrady_WES|Broad_Muscle_OGrady_WES/Sa/SSH_I_030_1"}],"subject":{"reference":"Patient/P.AnVIL-CMG-Broad-Muscle-OGrady-WES-Su-SSH-I-030-1"}}
{"resourceType":"Specimen","id":"Broad-Muscle-OGrady-WES-Sa-SSH-J-031-1","meta":{"profile":["http://hl7.org/fhir/StructureDefinition/Specimen"]},"identifier":[{"system":"https://anvil.terra.bio/#workspaces/anvil-datastorage/AnVIL_CMG_Broad_Muscle_OGrady_WES","value":"Broad_Muscle_OGrady_WES/Sa/SSH_J_031_1"},{"system":"urn:ncpi:unique-string","value":"Specimen|AnVIL_CMG_Broad_Muscle_OGrady_WES|Broad_Muscle_OGrady_WES/Sa/SSH_J_031_1"}],"subject":{"reference":"Patient/P.AnVIL-CMG-Broad-Muscle-OGrady-WES-Su-SSH-J-031-1"}}
{"resourceType":"Specimen","id":"Broad-Muscle-OGrady-WES-Sa-SSH-J-032-1","meta":{"profile":["http://hl7.org/fhir/StructureDefinition/Specimen"]},"identifier":[{"system":"https://anvil.terra.bio/#workspaces/anvil-datastorage/AnVIL_CMG_Broad_Muscle_OGrady_WES","value":"Broad_Muscle_OGrady_WES/Sa/SSH_J_032_1"},{"system":"urn:ncpi:unique-string","value":"Specimen|AnVIL_CMG_Broad_Muscle_OGrady_WES|Broad_Muscle_OGrady_WES/Sa/SSH_J_032_1"}],"subject":{"reference":"Patient/P.AnVIL-CMG-Broad-Muscle-OGrady-WES-Su-SSH-J-032-1"}}
{"resourceType":"Specimen","id":"Broad-Muscle-OGrady-WES-Sa-SSH-J-033-1","meta":{"profile":["http://hl7.org/fhir/StructureDefinition/Specimen"]},"identifier":[{"system":"https://anvil.terra.bio/#workspaces/anvil-datastorage/AnVIL_CMG_Broad_Muscle_OGrady_WES","value":"Broad_Muscle_OGrady_WES/Sa/SSH_J_033_1"},{"system":"urn:ncpi:unique-string","value":"Specimen|AnVIL_CMG_Broad_Muscle_OGrady_WES|Broad_Muscle_OGrady_WES/Sa/SSH_J_033_1"}],"subject":{"reference":"Patient/P.AnVIL-CMG-Broad-Muscle-OGrady-WES-Su-SSH-J-033-1"}}
{"resourceType":"Specimen","id":"Broad-Muscle-OGrady-WES-Sa-SSH-K-034-1","meta":{"profile":["http://hl7.org/fhir/StructureDefinition/Specimen"]},"identifier":[{"system":"https://anvil.terra.bio/#workspaces/anvil-datastorage/AnVIL_CMG_Broad_Muscle_OGrady_WES","value":"Broad_Muscle_OGrady_WES/Sa/SSH_K_034_1"},{"system":"urn:ncpi:unique-string","value":"Specimen|AnVIL_CMG_Broad_Muscle_OGrady_WES|Broad_Muscle_OGrady_WES/Sa/SSH_K_034_1"}],"subject":{"reference":"Patient/P.AnVIL-CMG-Broad-Muscle-OGrady-WES-Su-SSH-K-034-1"}}
{"resourceType":"Specimen","id":"Broad-Muscle-OGrady-WES-Sa-SSH-K-035-1","meta":{"profile":["http://hl7.org/fhir/StructureDefinition/Specimen"]},"identifier":[{"system":"https://anvil.terra.bio/#workspaces/anvil-datastorage/AnVIL_CMG_Broad_Muscle_OGrady_WES","value":"Broad_Muscle_OGrady_WES/Sa/SSH_K_035_1"},{"system":"urn:ncpi:unique-string","value":"Specimen|AnVIL_CMG_Broad_Muscle_OGrady_WES|Broad_Muscle_OGrady_WES/Sa/SSH_K_035_1"}],"subject":{"reference":"Patient/P.AnVIL-CMG-Broad-Muscle-OGrady-WES-Su-SSH-K-035-1"}}
{"resourceType":"Specimen","id":"Broad-Muscle-OGrady-WES-Sa-SSH-L-036-1","meta":{"profile":["http://hl7.org/fhir/StructureDefinition/Specimen"]},"identifier":[{"system":"https://anvil.terra.bio/#workspaces/anvil-datastorage/AnVIL_CMG_Broad_Muscle_OGrady_WES","value":"Broad_Muscle_OGrady_WES/Sa/SSH_L_036_1"},{"system":"urn:ncpi:unique-string","value":"Specimen|AnVIL_CMG_Broad_Muscle_OGrady_WES|Broad_Muscle_OGrady_WES/Sa/SSH_L_036_1"}],"subject":{"reference":"Patient/P.AnVIL-CMG-Broad-Muscle-OGrady-WES-Su-SSH-L-036-1"}}
{"resourceType":"Specimen","id":"Broad-Muscle-OGrady-WES-Sa-SSH-L-038-1","meta":{"profile":["http://hl7.org/fhir/StructureDefinition/Specimen"]},"identifier":[{"system":"https://anvil.terra.bio/#workspaces/anvil-datastorage/AnVIL_CMG_Broad_Muscle_OGrady_WES","value":"Broad_Muscle_OGrady_WES/Sa/SSH_L_038_1"},{"system":"urn:ncpi:unique-string","value":"Specimen|AnVIL_CMG_Broad_Muscle_OGrady_WES|Broad_Muscle_OGrady_WES/Sa/SSH_L_038_1"}],"subject":{"reference":"Patient/P.AnVIL-CMG-Broad-Muscle-OGrady-WES-Su-SSH-L-038-1"}}
{"resourceType":"Specimen","id":"Broad-Muscle-OGrady-WES-Sa-SSH-L-039-1","meta":{"profile":["http://hl7.org/fhir/StructureDefinition/Specimen"]},"identifier":[{"system":"https://anvil.terra.bio/#workspaces/anvil-datastorage/AnVIL_CMG_Broad_Muscle_OGrady_WES","value":"Broad_Muscle_OGrady_WES/Sa/SSH_L_039_1"},{"system":"urn:ncpi:unique-string","value":"Specimen|AnVIL_CMG_Broad_Muscle_OGrady_WES|Broad_Muscle_OGrady_WES/Sa/SSH_L_039_1"}],"subject":{"reference":"Patient/P.AnVIL-CMG-Broad-Muscle-OGrady-WES-Su-SSH-L-039-1"}}
{"resourceType":"Specimen","id":"Broad-Muscle-OGrady-WES-Sa-SSH-M-040-1","meta":{"profile":["http://hl7.org/fhir/StructureDefinition/Specimen"]},"identifier":[{"system":"https://anvil.terra.bio/#workspaces/anvil-datastorage/AnVIL_CMG_Broad_Muscle_OGrady_WES","value":"Broad_Muscle_OGrady_WES/Sa/SSH_M_040_1"},{"system":"urn:ncpi:unique-string","value":"Specimen|AnVIL_CMG_Broad_Muscle_OGrady_WES|Broad_Muscle_OGrady_WES/Sa/SSH_M_040_1"}],"subject":{"reference":"Patient/P.AnVIL-CMG-Broad-Muscle-OGrady-WES-Su-SSH-M-040-1"}}
{"resourceType":"Specimen","id":"Broad-Muscle-OGrady-WES-Sa-SSH-M-041-1","meta":{"profile":["http://hl7.org/fhir/StructureDefinition/Specimen"]},"identifier":[{"system":"https://anvil.terra.bio/#workspaces/anvil-datastorage/AnVIL_CMG_Broad_Muscle_OGrady_WES","value":"Broad_Muscle_OGrady_WES/Sa/SSH_M_041_1"},{"system":"urn:ncpi:unique-string","value":"Specimen|AnVIL_CMG_Broad_Muscle_OGrady_WES|Broad_Muscle_OGrady_WES/Sa/SSH_M_041_1"}],"subject":{"reference":"Patient/P.AnVIL-CMG-Broad-Muscle-OGrady-WES-Su-SSH-M-041-1"}}
{"resourceType":"Specimen","id":"Broad-Muscle-OGrady-WES-Sa-SSH-M-042-1","meta":{"profile":["http://hl7.org/fhir/StructureDefinition/Specimen"]},"identifier":[{"system":"https://anvil.terra.bio/#workspaces/anvil-datastorage/AnVIL_CMG_Broad_Muscle_OGrady_WES","value":"Broad_Muscle_OGrady_WES/Sa/SSH_M_042_1"},{"system":"urn:ncpi:unique-string","value":"Specimen|AnVIL_CMG_Broad_Muscle_OGrady_WES|Broad_Muscle_OGrady_WES/Sa/SSH_M_042_1"}],"subject":{"reference":"Patient/P.AnVIL-CMG-Broad-Muscle-OGrady-WES-Su-SSH-M-042-1"}}
{"resourceType":"Specimen","id":"Broad-Muscle-OGrady-WES-Sa-SSH-N-043-1","meta":{"profile":["http://hl7.org/fhir/StructureDefinition/Specimen"]},"identifier":[{"system":"https://anvil.terra.bio/#workspaces/anvil-datastorage/AnVIL_CMG_Broad_Muscle_OGrady_WES","value":"Broad_Muscle_OGrady_WES/Sa/SSH_N_043_1"},{"system":"urn:ncpi:unique-string","value":"Specimen|AnVIL_CMG_Broad_Muscle_OGrady_WES|Broad_Muscle_OGrady_WES/Sa/SSH_N_043_1"}],"subject":{"reference":"Patient/P.AnVIL-CMG-Broad-Muscle-OGrady-WES-Su-SSH-N-043-1"}}
{"resourceType":"Specimen","id":"Broad-Muscle-OGrady-WES-Sa-SSH-O-044-1","meta":{"profile":["http://hl7.org/fhir/StructureDefinition/Specimen"]},"identifier":[{"system":"https://anvil.terra.bio/#workspaces/anvil-datastorage/AnVIL_CMG_Broad_Muscle_OGrady_WES","value":"Broad_Muscle_OGrady_WES/Sa/SSH_O_044_1"},{"system":"urn:ncpi:unique-string","value":"Specimen|AnVIL_CMG_Broad_Muscle_OGrady_WES|Broad_Muscle_OGrady_WES/Sa/SSH_O_044_1"}],"subject":{"reference":"Patient/P.AnVIL-CMG-Broad-Muscle-OGrady-WES-Su-SSH-O-044-1"}}
{"resourceType":"Specimen","id":"Broad-Muscle-OGrady-WES-Sa-SSH-O-045-1","meta":{"profile":["http://hl7.org/fhir/StructureDefinition/Specimen"]},"identifier":[{"system":"https://anvil.terra.bio/#workspaces/anvil-datastorage/AnVIL_CMG_Broad_Muscle_OGrady_WES","value":"Broad_Muscle_OGrady_WES/Sa/SSH_O_045_1"},{"system":"urn:ncpi:unique-string","value":"Specimen|AnVIL_CMG_Broad_Muscle_OGrady_WES|Broad_Muscle_OGrady_WES/Sa/SSH_O_045_1"}],"subject":{"reference":"Patient/P.AnVIL-CMG-Broad-Muscle-OGrady-WES-Su-SSH-O-045-1"}}
{"resourceType":"Specimen","id":"Broad-Muscle-OGrady-WES-Sa-SSH-O-046-1","meta":{"profile":["http://hl7.org/fhir/StructureDefinition/Specimen"]},"identifier":[{"system":"https://anvil.terra.bio/#workspaces/anvil-datastorage/AnVIL_CMG_Broad_Muscle_OGrady_WES","value":"Broad_Muscle_OGrady_WES/Sa/SSH_O_046_1"},{"system":"urn:ncpi:unique-string","value":"Specimen|AnVIL_CMG_Broad_Muscle_OGrady_WES|Broad_Muscle_OGrady_WES/Sa/SSH_O_046_1"}],"subject":{"reference":"Patient/P.AnVIL-CMG-Broad-Muscle-OGrady-WES-Su-SSH-O-046-1"}}
{"resourceType":"Specimen","id":"Broad-Muscle-OGrady-WES-Sa-SSH-P-047-1","meta":{"profile":["http://hl7.org/fhir/StructureDefinition/Specimen"]},"identifier":[{"system":"https://anvil.terra.bio/#workspaces/anvil-datastorage/AnVIL_CMG_Broad_Muscle_OGrady_WES","value":"Broad_Muscle_OGrady_WES/Sa/SSH_P_047_1"},{"system":"urn:ncpi:unique-string","value":"Specimen|AnVIL_CMG_Broad_Muscle_OGrady_WES|Broad_Muscle_OGrady_WES/Sa/SSH_P_047_1"}],"subject":{"reference":"Patient/P.AnVIL-CMG-Broad-Muscle-OGrady-WES-Su-SSH-P-047-1"}}
{"resourceType":"Specimen","id":"Broad-Muscle-OGrady-WES-Sa-SSH-Q-50-1","meta":{"profile":["http://hl7.org/fhir/StructureDefinition/Specimen"]},"identifier":[{"system":"https://anvil.terra.bio/#workspaces/anvil-datastorage/AnVIL_CMG_Broad_Muscle_OGrady_WES","value":"Broad_Muscle_OGrady_WES/Sa/SSH_Q_50_1"},{"system":"urn:ncpi:unique-string","value":"Specimen|AnVIL_CMG_Broad_Muscle_OGrady_WES|Broad_Muscle_OGrady_WES/Sa/SSH_Q_50_1"}],"subject":{"reference":"Patient/P.AnVIL-CMG-Broad-Muscle-OGrady-WES-Su-SSH-Q-50-1"}}
