{"resourceType":"Task","id":"T.Broad-Muscle-OGrady-WES-Sa-OGR-SSH-AB-83-D1","status":"accepted","intent":"unknown","input":[{"type":{"coding":[{"code":"Specimen"}]},"valueReference":{"reference":"Specimen/Broad-Muscle-OGrady-WES-Sa-OGR-SSH-AB-83-D1"}}],"output":[]}
{"resourceType":"Task","id":"T.Broad-Muscle-OGrady-WES-Sa-OGR-SSH-AB-84-D1","status":"accepted","intent":"unknown","input":[{"type":{"coding":[{"code":"Specimen"}]},"valueReference":{"reference":"Specimen/Broad-Muscle-OGrady-WES-Sa-OGR-SSH-AB-84-D1"}}],"output":[]}
{"resourceType":"Task","id":"T.Broad-Muscle-OGrady-WES-Sa-OGR-SSH-AB-85-D1","status":"accepted","intent":"unknown","input":[{"type":{"coding":[{"code":"Specimen"}]},"valueReference":{"reference":"Specimen/Broad-Muscle-OGrady-WES-Sa-OGR-SSH-AB-85-D1"}}],"output":[]}
{"resourceType":"Task","id":"T.Broad-Muscle-OGrady-WES-Sa-OGR-SSH-R-53-D1","status":"accepted","intent":"unknown","input":[{"type":{"coding":[{"code":"Specimen"}]},"valueReference":{"reference":"Specimen/Broad-Muscle-OGrady-WES-Sa-OGR-SSH-R-53-D1"}}],"output":[]}
{"resourceType":"Task","id":"T.Broad-Muscle-OGrady-WES-Sa-OGR-SSH-R-54-D1","status":"accepted","intent":"unknown","input":[{"type":{"coding":[{"code":"Specimen"}]},"valueReference":{"reference":"Specimen/Broad-Muscle-OGrady-WES-Sa-OGR-SSH-R-54-D1"}}],"output":[]}
{"resourceType":"Task","id":"T.Broad-Muscle-OGrady-WES-Sa-OGR-SSH-R-55-D1","status":"accepted","intent":"unknown","input":[{"type":{"coding":[{"code":"Specimen"}]},"valueReference":{"reference":"Specimen/Broad-Muscle-OGrady-WES-Sa-OGR-SSH-R-55-D1"}}],"output":[]}
{"resourceType":"Task","id":"T.Broad-Muscle-OGrady-WES-Sa-OGR-SSH-S-56-D1","status":"accepted","intent":"unknown","input":[{"type":{"coding":[{"code":"Specimen"}]},"valueReference":{"reference":"Specimen/Broad-Muscle-OGrady-WES-Sa-OGR-SSH-S-56-D1"}}],"output":[]}
{"resourceType":"Task","id":"T.Broad-Muscle-OGrady-WES-Sa-OGR-SSH-S-57-D1","status":"accepted","intent":"unknown","input":[{"type":{"coding":[{"code":"Specimen"}]},"valueReference":{"reference":"Specimen/Broad-Muscle-OGrady-WES-Sa-OGR-SSH-S-57-D1"}}],"output":[]}
{"resourceType":"Task","id":"T.Broad-Muscle-OGrady-WES-Sa-OGR-SSH-S-58-D1","status":"accepted","intent":"unknown","input":[{"type":{"coding":[{"code":"Specimen"}]},"valueReference":{"reference":"Specimen/Broad-Muscle-OGrady-WES-Sa-OGR-SSH-S-58-D1"}}],"output":[]}
{"resourceType":"Task","id":"T.Broad-Muscle-OGrady-WES-Sa-OGR-SSH-T-59-D1","status":"accepted","intent":"unknown","input":[{"type":{"coding":[{"code":"Specimen"}]},"valueReference":{"reference":"Specimen/Broad-Muscle-OGrady-WES-Sa-OGR-SSH-T-59-D1"}}],"output":[]}
{"resourceType":"Task","id":"T.Broad-Muscle-OGrady-WES-Sa-OGR-SSH-T-60-D1","status":"accepted","intent":"unknown","input":[{"type":{"coding":[{"code":"Specimen"}]},"valueReference":{"reference":"Specimen/Broad-Muscle-OGrady-WES-Sa-OGR-SSH-T-60-D1"}}],"output":[]}
{"resourceType":"Task","id":"T.Broad-Muscle-OGrady-WES-Sa-OGR-SSH-T-61-D1","status":"accepted","intent":"unknown","input":[{"type":{"coding":[{"code":"Specimen"}]},"valueReference":{"reference":"Specimen/Broad-Muscle-OGrady-WES-Sa-OGR-SSH-T-61-D1"}}],"output":[]}
{"resourceType":"Task","id":"T.Broad-Muscle-OGrady-WES-Sa-OGR-SSH-U-62-D1","status":"accepted","intent":"unknown","input":[{"type":{"coding":[{"code":"Specimen"}]},"valueReference":{"reference":"Specimen/Broad-Muscle-OGrady-WES-Sa-OGR-SSH-U-62-D1"}}],"output":[]}
{"resourceType":"Task","id":"T.Broad-Muscle-OGrady-WES-Sa-OGR-SSH-U-63-D1","status":"accepted","intent":"unknown","input":[{"type":{"coding":[{"code":"Specimen"}]},"valueReference":{"reference":"Specimen/Broad-Muscle-OGrady-WES-Sa-OGR-SSH-U-63-D1"}}],"output":[]}
{"resourceType":"Task","id":"T.Broad-Muscle-OGrady-WES-Sa-OGR-SSH-U-64-D1","status":"accepted","intent":"unknown","input":[{"type":{"coding":[{"code":"Specimen"}]},"valueReference":{"reference":"Specimen/Broad-Muscle-OGrady-WES-Sa-OGR-SSH-U-64-D1"}}],"output":[]}
{"resourceType":"Task","id":"T.Broad-Muscle-OGrady-WES-Sa-OGR-SSH-V-65-D1","status":"accepted","intent":"unknown","input":[{"type":{"coding":[{"code":"Specimen"}]},"valueReference":{"reference":"Specimen/Broad-Muscle-OGrady-WES-Sa-OGR-SSH-V-65-D1"}}],"output":[]}
{"resourceType":"Task","id":"T.Broad-Muscle-OGrady-WES-Sa-OGR-SSH-V-66-D1","status":"accepted","intent":"unknown","input":[{"type":{"coding":[{"code":"Specimen"}]},"valueReference":{"reference":"Specimen/Broad-Muscle-OGrady-WES-Sa-OGR-SSH-V-66-D1"}}],"output":[]}
{"resourceType":"Task","id":"T.Broad-Muscle-OGrady-WES-Sa-OGR-SSH-V-67-D1","status":"accepted","intent":"unknown","input":[{"type":{"coding":[{"code":"Specimen"}]},"valueReference":{"reference":"Specimen/Broad-Muscle-OGrady-WES-Sa-OGR-SSH-V-67-D1"}}],"output":[]}
{"resourceType":"Task","id":"T.Broad-Muscle-OGrady-WES-Sa-OGR-SSH-W-68-D1","status":"accepted","intent":"unknown","input":[{"type":{"coding":[{"code":"Specimen"}]},"valueReference":{"reference":"Specimen/Broad-Muscle-OGrady-WES-Sa-OGR-SSH-W-68-D1"}}],"output":[]}
{"resourceType":"Task","id":"T.Broad-Muscle-OGrady-WES-Sa-OGR-SSH-W-69-D1","status":"accepted","intent":"unknown","input":[{"type":{"coding":[{"code":"Specimen"}]},"valueReference":{"reference":"Specimen/Broad-Muscle-OGrady-WES-Sa-OGR-SSH-W-69-D1"}}],"output":[]}
{"resourceType":"Task","id":"T.Broad-Muscle-OGrady-WES-Sa-OGR-SSH-W-70-D1","status":"accepted","intent":"unknown","input":[{"type":{"coding":[{"code":"Specimen"}]},"valueReference":{"reference":"Specimen/Broad-Muscle-OGrady-WES-Sa-OGR-SSH-W-70-D1"}}],"output":[]}
{"resourceType":"Task","id":"T.Broad-Muscle-OGrady-WES-Sa-OGR-SSH-X-71-D1","status":"accepted","intent":"unknown","input":[{"type":{"coding":[{"code":"Specimen"}]},"valueReference":{"reference":"Specimen/Broad-Muscle-OGrady-WES-Sa-OGR-SSH-X-71-D1"}}],"output":[]}
{"resourceType":"Task","id":"T.Broad-Muscle-OGrady-WES-Sa-OGR-SSH-X-72-D1","status":"accepted","intent":"unknown","input":[{"type":{"coding":[{"code":"Specimen"}]},"valueReference":{"reference":"Specimen/Broad-Muscle-OGrady-WES-Sa-OGR-SSH-X-72-D1"}}],"output":[]}
{"resourceType":"Task","id":"T.Broad-Muscle-OGrady-WES-Sa-OGR-SSH-X-73-D1","status":"accepted","intent":"unknown","input":[{"type":{"coding":[{"code":"Specimen"}]},"valueReference":{"reference":"Specimen/Broad-Muscle-OGrady-WES-Sa-OGR-SSH-X-73-D1"}}],"output":[]}
{"resourceType":"Task","id":"T.Broad-Muscle-OGrady-WES-Sa-OGR-SSH-Y-74-D1","status":"accepted","intent":"unknown","input":[{"type":{"coding":[{"code":"Specimen"}]},"valueReference":{"reference":"Specimen/Broad-Muscle-OGrady-WES-Sa-OGR-SSH-Y-74-D1"}}],"output":[]}
{"resourceType":"Task","id":"T.Broad-Muscle-OGrady-WES-Sa-OGR-SSH-Y-75-D1","status":"accepted","intent":"unknown","input":[{"type":{"coding":[{"code":"Specimen"}]},"valueReference":{"reference":"Specimen/Broad-Muscle-OGrady-WES-Sa-OGR-SSH-Y-75-D1"}}],"output":[]}
{"resourceType":"Task","id":"T.Broad-Muscle-OGrady-WES-Sa-OGR-SSH-Y-76-D1","status":"accepted","intent":"unknown","input":[{"type":{"coding":[{"code":"Specimen"}]},"valueReference":{"reference":"Specimen/Broad-Muscle-OGrady-WES-Sa-OGR-SSH-Y-76-D1"}}],"output":[]}
{"resourceType":"Task","id":"T.Broad-Muscle-OGrady-WES-Sa-OGR-SSH-Z-77-D1","status":"accepted","intent":"unknown","input":[{"type":{"coding":[{"code":"Specimen"}]},"valueReference":{"reference":"Specimen/Broad-Muscle-OGrady-WES-Sa-OGR-SSH-Z-77-D1"}}],"output":[]}
{"resourceType":"Task","id":"T.Broad-Muscle-OGrady-WES-Sa-OGR-SSH-Z-78-D1","status":"accepted","intent":"unknown","input":[{"type":{"coding":[{"code":"Specimen"}]},"valueReference":{"reference":"Specimen/Broad-Muscle-OGrady-WES-Sa-OGR-SSH-Z-78-D1"}}],"output":[]}
{"resourceType":"Task","id":"T.Broad-Muscle-OGrady-WES-Sa-OGR-SSH-Z-79-D1","status":"accepted","intent":"unknown","input":[{"type":{"coding":[{"code":"Specimen"}]},"valueReference":{"reference":"Specimen/Broad-Muscle-OGrady-WES-Sa-OGR-SSH-Z-79-D1"}}],"output":[]}
{"resourceType":"Task","id":"T.Broad-Muscle-OGrady-WES-Sa-SSH-A-012-1-1","status":"accepted","intent":"unknown","input":[{"type":{"coding":[{"code":"Specimen"}]},"valueReference":{"reference":"Specimen/Broad-Muscle-OGrady-WES-Sa-SSH-A-012-1-1"}}],"output":[]}
{"resourceType":"Task","id":"T.Broad-Muscle-OGrady-WES-Sa-SSH-A-013-1-1","status":"accepted","intent":"unknown","input":[{"type":{"coding":[{"code":"Specimen"}]},"valueReference":{"reference":"Specimen/Broad-Muscle-OGrady-WES-Sa-SSH-A-013-1-1"}}],"output":[]}
{"resourceType":"Task","id":"T.Broad-Muscle-OGrady-WES-Sa-SSH-A-014-1-1","status":"accepted","intent":"unknown","input":[{"type":{"coding":[{"code":"Specimen"}]},"valueReference":{"reference":"Specimen/Broad-Muscle-OGrady-WES-Sa-SSH-A-014-1-1"}}],"output":[]}
{"resourceType":"Task","id":"T.Broad-Muscle-OGrady-WES-Sa-SSH-B-011-1-1","status":"accepted","intent":"unknown","input":[{"type":{"coding":[{"code":"Specimen"}]},"valueReference":{"reference":"Specimen/Broad-Muscle-OGrady-WES-Sa-SSH-B-011-1-1"}}],"output":[]}
{"resourceType":"Task","id":"T.Broad-Muscle-OGrady-WES-Sa-SSH-C-001-1-1","status":"accepted","intent":"unknown","input":[{"type":{"coding":[{"code":"Specimen"}]},"valueReference":{"reference":"Specimen/Broad-Muscle-OGrady-WES-Sa-SSH-C-001-1-1"}}],"output":[]}
{"resourceType":"Task","id":"T.Broad-Muscle-OGrady-WES-Sa-SSH-C-002-1-1","status":"accepted","intent":"unknown","input":[{"type":{"coding":[{"code":"Specimen"}]},"valueReference":{"reference":"Specimen/Broad-Muscle-OGrady-WES-Sa-SSH-C-002-1-1"}}],"output":[]}
{"resourceType":"Task","id":"T.Broad-Muscle-OGrady-WES-Sa-SSH-C-003-1-1","status":"accepted","intent":"unknown","input":[{"type":{"coding":[{"code":"Specimen"}]},"valueReference":{"reference":"Specimen/Broad-Muscle-OGrady-WES-Sa-SSH-C-003-1-1"}}],"output":[]}
{"resourceType":"Task","id":"T.Broad-Muscle-OGrady-WES-Sa-SSH-D-004-1-1","status":"accepted","intent":"unknown","input":[{"type":{"coding":[{"code":"Specimen"}]},"valueReference":{"reference":"Specimen/Broad-Muscle-OGrady-WES-Sa-SSH-D-004-1-1"}}],"output":[]}
{"resourceType":"Task","id":"T.Broad-Muscle-OGrady-WES-Sa-SSH-D-005-1-1","status":"accepted","intent":"unknown","input":[{"type":{"coding":[{"code":"Specimen"}]},"valueReference":{"reference":"Specimen/Broad-Muscle-OGrady-WES-Sa-SSH-D-005-1-1"}}],"output":[]}
{"resourceType":"Task","id":"T.Broad-Muscle-OGrady-WES-Sa-SSH-D-006-1-1","status":"accepted","intent":"unknown","input":[{"type":{"coding":[{"code":"Specimen"}]},"valueReference":{"reference":"Specimen/Broad-Muscle-OGrady-WES-Sa-SSH-D-006-1-1"}}],"output":[]}
{"resourceType":"Task","id":"T.Broad-Muscle-OGrady-WES-Sa-SSH-D-009-1-1","status":"accepted","intent":"unknown","input":[{"type":{"coding":[{"code":"Specimen"}]},"valueReference":{"reference":"Specimen/Broad-Muscle-OGrady-WES-Sa-SSH-D-009-1-1"}}],"output":[]}
{"resourceType":"Task","id":"T.Broad-Muscle-OGrady-WES-Sa-SSH-D-010-1-1","status":"accepted","intent":"unknown","input":[{"type":{"coding":[{"code":"Specimen"}]},"valueReference":{"reference":"Specimen/Broad-Muscle-OGrady-WES-Sa-SSH-D-010-1-1"}}],"output":[]}
{"resourceType":"Task","id":"T.Broad-Muscle-OGrady-WES-Sa-SSH-E-015-1-1","status":"accepted","intent":"unknown","input":[{"type":{"coding":[{"code":"Specimen"}]},"valueReference":{"reference":"Specimen/Broad-Muscle-OGrady-WES-Sa-SSH-E-015-1-1"}}],"output":[]}
{"resourceType":"Task","id":"T.Broad-Muscle-OGrady-WES-Sa-SSH-E-016-1-1","status":"accepted","intent":"unknown","input":[{"type":{"coding":[{"code":"Specimen"}]},"valueReference":{"reference":"Specimen/Broad-Muscle-OGrady-WES-Sa-SSH-E-016-1-1"}}],"output":[]}
{"resourceType":"Task","id":"T.Broad-Muscle-OGrady-WES-Sa-SSH-E-017-1-1","status":"accepted","intent":"unknown","input":[{"type":{"coding":[{"code":"Specimen"}]},"valueReference":{"reference":"Specimen/Broad-Muscle-OGrady-WES-Sa-SSH-E-017-1-1"}}],"output":[]}
{"resourceType":"Task","id":"T.Broad-Muscle-OGrady-WES-Sa-SSH-F-018-1","status":"accepted","intent":"unknown","input":[{"type":{"coding":[{"code":"Specimen"}]},"valueReference":{"reference":"Specimen/Broad-Muscle-OGrady-WES-Sa-SSH-F-018-1"}}],"output":[]}
{"resourceType":"Task","id":"T.Broad-Muscle-OGrady-WES-Sa-SSH-F-019-1-1","status":"accepted","intent":"unknown","input":[{"type":{"coding":[{"code":"Specimen"}]},"valueReference":{"reference":"Specimen/Broad-Muscle-OGrady-WES-Sa-SSH-F-019-1-1"}}],"output":[]}
{"resourceType":"Task","id":"T.Broad-Muscle-OGrady-WES-Sa-SSH-F-020-1-1","status":"accepted","intent":"unknown","input":[{"type":{"coding":[{"code":"Specimen"}]},"valueReference":{"reference":"Specimen/Broad-Muscle-OGrady-WES-Sa-SSH-F-020-1-1"}}],"output":[]}
{"resourceType":"Task","id":"T.Broad-Muscle-OGrady-WES-Sa-SSH-H-022-1","status":"accepted","intent":"unknown","input":[{"type":{"coding":[{"code":"Specimen"}]},"valueReference":{"reference":"Specimen/Broad-Muscle-OGrady-WES-Sa-SSH-H-022-1"}}],"output":[]}
{"resourceType":"Task","id":"T.Broad-Muscle-OGrady-WES-Sa-SSH-H-023-1","status":"accepted","intent":"unknown","input":[{"type":{"coding":[{"code":"Specimen"}]},"valueReference":{"reference":"Specimen/Broad-Muscle-OGrady-WES-Sa-SSH-H-023-1"}}],"output":[]}
{"resourceType":"Task","id":"T.Broad-Muscle-OGrady-WES-Sa-SSH-H-024-1","status":"accepted","intent":"unknown","input":[{"type":{"coding":[{"code":"Specimen"}]},"valueReference":{"reference":"Specimen/Broad-Muscle-OGrady-WES-Sa-SSH-H-024-1"}}],"output":[]}
{"resourceType":"Task","id":"T.Broad-Muscle-OGrady-WES-Sa-SSH-I-026-1","status":"accepted","intent":"unknown","input":[{"type":{"coding":[{"code":"Specimen"}]},"valueReference":{"reference":"Specimen/Broad-Muscle-OGrady-WES-Sa-SSH-I-026-1"}}],"output":[]}
{"resourceType":"Task","id":"T.Broad-Muscle-OGrady-WES-Sa-SSH-I-027-1","status":"accepted","intent":"unknown","input":[{"type":{"coding":[{"code":"Specimen"}]},"valueReference":{"reference":"Specimen/Broad-Muscle-OGrady-WES-Sa-SSH-I-027-1"}}],"output":[]}
{"resourceType":"Task","id":"T.Broad-Muscle-OGrady-WES-Sa-SSH-I-028-1","status":"accepted","intent":"unknown","input":[{"type":{"coding":[{"code":"Specimen"}]},"valueReference":{"reference":"Specimen/Broad-Muscle-OGrady-WES-Sa-SSH-I-028-1"}}],"output":[]}
{"resourceType":"Task","id":"T.Broad-Muscle-OGrady-WES-Sa-SSH-I-029-1","status":"accepted","intent":"unknown","input":[{"type":{"coding":[{"code":"Specimen"}]},"valueReference":{"reference":"Specimen/Broad-Muscle-OGrady-WES-Sa-SSH-I-029-1"}}],"output":[]}
{"resourceType":"Task","id":"T.Broad-Muscle-OGrady-WES-Sa-SSH-I-030-1","status":"accepted","intent":"unknown","input":[{"type":{"coding":[{"code":"Specimen"}]},"valueReference":{"reference":"Specimen/Broad-Muscle-OGrady-WES-Sa-SSH-I-030-1"}}],"output":[]}
{"resourceType":"Task","id":"T.Broad-Muscle-OGrady-WES-Sa-SSH-J-031-1","status":"accepted","intent":"unknown","input":[{"type":{"coding":[{"code":"Specimen"}]},"valueReference":{"reference":"Specimen/Broad-Muscle-OGrady-WES-Sa-SSH-J-031-1"}}],"output":[]}
{"resourceType":"Task","id":"T.Broad-Muscle-OGrady-WES-Sa-SSH-J-032-1","status":"accepted","intent":"unknown","input":[{"type":{"coding":[{"code":"Specimen"}]},"valueReference":{"reference":"Specimen/Broad-Muscle-OGrady-WES-Sa-SSH-J-032-1"}}],"output":[]}
{"resourceType":"Task","id":"T.Broad-Muscle-OGrady-WES-Sa-SSH-J-033-1","status":"accepted","intent":"unknown","input":[{"type":{"coding":[{"code":"Specimen"}]},"valueReference":{"reference":"Specimen/Broad-Muscle-OGrady-WES-Sa-SSH-J-033-1"}}],"output":[]}
{"resourceType":"Task","id":"T.Broad-Muscle-OGrady-WES-Sa-SSH-K-034-1","status":"accepted","intent":"unknown","input":[{"type":{"coding":[{"code":"Specimen"}]},"valueReference":{"reference":"Specimen/Broad-Muscle-OGrady-WES-Sa-SSH-K-034-1"}}],"output":[]}
{"resourceType":"Task","id":"T.Broad-Muscle-OGrady-WES-Sa-SSH-K-035-1","status":"accepted","intent":"unknown","input":[{"type":{"coding":[{"code":"Specimen"}]},"valueReference":{"reference":"Specimen/Broad-Muscle-OGrady-WES-Sa-SSH-K-035-1"}}],"output":[]}
{"resourceType":"Task","id":"T.Broad-Muscle-OGrady-WES-Sa-SSH-L-036-1","status":"accepted","intent":"unknown","input":[{"type":{"coding":[{"code":"Specimen"}]},"valueReference":{"reference":"Specimen/Broad-Muscle-OGrady-WES-Sa-SSH-L-036-1"}}],"output":[]}
{"resourceType":"Task","id":"T.Broad-Muscle-OGrady-WES-Sa-SSH-L-038-1","status":"accepted","intent":"unknown","input":[{"type":{"coding":[{"code":"Specimen"}]},"valueReference":{"reference":"Specimen/Broad-Muscle-OGrady-WES-Sa-SSH-L-038-1"}}],"output":[]}
{"resourceType":"Task","id":"T.Broad-Muscle-OGrady-WES-Sa-SSH-L-039-1","status":"accepted","intent":"unknown","input":[{"type":{"coding":[{"code":"Specimen"}]},"valueReference":{"reference":"Specimen/Broad-Muscle-OGrady-WES-Sa-SSH-L-039-1"}}],"output":[]}
{"resourceType":"Task","id":"T.Broad-Muscle-OGrady-WES-Sa-SSH-M-040-1","status":"accepted","intent":"unknown","input":[{"type":{"coding":[{"code":"Specimen"}]},"valueReference":{"reference":"Specimen/Broad-Muscle-OGrady-WES-Sa-SSH-M-040-1"}}],"output":[]}
{"resourceType":"Task","id":"T.Broad-Muscle-OGrady-WES-Sa-SSH-M-041-1","status":"accepted","intent":"unknown","input":[{"type":{"coding":[{"code":"Specimen"}]},"valueReference":{"reference":"Specimen/Broad-Muscle-OGrady-WES-Sa-SSH-M-041-1"}}],"output":[]}
{"resourceType":"Task","id":"T.Broad-Muscle-OGrady-WES-Sa-SSH-M-042-1","status":"accepted","intent":"unknown","input":[{"type":{"coding":[{"code":"Specimen"}]},"valueReference":{"reference":"Specimen/Broad-Muscle-OGrady-WES-Sa-SSH-M-042-1"}}],"output":[]}
{"resourceType":"Task","id":"T.Broad-Muscle-OGrady-WES-Sa-SSH-N-043-1","status":"accepted","intent":"unknown","input":[{"type":{"coding":[{"code":"Specimen"}]},"valueReference":{"reference":"Specimen/Broad-Muscle-OGrady-WES-Sa-SSH-N-043-1"}}],"output":[]}
{"resourceType":"Task","id":"T.Broad-Muscle-OGrady-WES-Sa-SSH-O-044-1","status":"accepted","intent":"unknown","input":[{"type":{"coding":[{"code":"Specimen"}]},"valueReference":{"reference":"Specimen/Broad-Muscle-OGrady-WES-Sa-SSH-O-044-1"}}],"output":[]}
{"resourceType":"Task","id":"T.Broad-Muscle-OGrady-WES-Sa-SSH-O-045-1","status":"accepted","intent":"unknown","input":[{"type":{"coding":[{"code":"Specimen"}]},"valueReference":{"reference":"Specimen/Broad-Muscle-OGrady-WES-Sa-SSH-O-045-1"}}],"output":[]}
{"resourceType":"Task","id":"T.Broad-Muscle-OGrady-WES-Sa-SSH-O-046-1","status":"accepted","intent":"unknown","input":[{"type":{"coding":[{"code":"Specimen"}]},"valueReference":{"reference":"Specimen/Broad-Muscle-OGrady-WES-Sa-SSH-O-046-1"}}],"output":[]}
{"resourceType":"Task","id":"T.Broad-Muscle-OGrady-WES-Sa-SSH-P-047-1","status":"accepted","intent":"unknown","input":[{"type":{"coding":[{"code":"Specimen"}]},"valueReference":{"reference":"Specimen/Broad-Muscle-OGrady-WES-Sa-SSH-P-047-1"}}],"output":[]}
{"resourceType":"Task","id":"T.Broad-Muscle-OGrady-WES-Sa-SSH-Q-50-1","status":"accepted","intent":"unknown","input":[{"type":{"coding":[{"code":"Specimen"}]},"valueReference":{"reference":"Specimen/Broad-Muscle-OGrady-WES-Sa-SSH-Q-50-1"}}],"output":[]}
