{"resourceType":"Patient","id":"P.AnVIL-CMG-Broad-Blood-Gazda-WES-Su-C2149-GAZ-391-3-A","meta":{"profile":["http://hl7.org/fhir/StructureDefinition/Patient"]},"identifier":[{"system":"https://anvil.terra.bio/#workspaces/anvil-datastorage/AnVIL_CMG_Broad_Blood_Gazda_WES","value":"AnVIL_CMG_Broad_Blood_Gazda_WES/Su/C2149_GAZ_391-3_A"},{"system":"urn:ncpi:unique-string","value":"Patient|AnVIL_CMG_Broad_Blood_Gazda_WES|AnVIL_CMG_Broad_Blood_Gazda_WES/Su/C2149_GAZ_391-3_A"}],"gender":"male"}
{"resourceType":"Patient","id":"P.AnVIL-CMG-Broad-Blood-Gazda-WES-Su-C2149-GAZ-470-3-A","meta":{"profile":["http://hl7.org/fhir/StructureDefinition/Patient"]},"identifier":[{"system":"https://anvil.terra.bio/#workspaces/anvil-datastorage/AnVIL_CMG_Broad_Blood_Gazda_WES","value":"AnVIL_CMG_Broad_Blood_Gazda_WES/Su/C2149_GAZ_470-3_A"},{"system":"urn:ncpi:unique-string","value":"Patient|AnVIL_CMG_Broad_Blood_Gazda_WES|AnVIL_CMG_Broad_Blood_Gazda_WES/Su/C2149_GAZ_470-3_A"}],"gender":"male"}
{"resourceType":"Patient","id":"P.AnVIL-CMG-Broad-Blood-Gazda-WES-Su-C2149-GAZ-471-1-A","meta":{"profile":["http://hl7.org/fhir/StructureDefinition/Patient"]},"identifier":[{"system":"https://anvil.terra.bio/#workspaces/anvil-datastorage/AnVIL_CMG_Broad_Blood_Gazda_WES","value":"AnVIL_CMG_Broad_Blood_Gazda_WES/Su/C2149_GAZ_471-1_A"},{"system":"urn:ncpi:unique-string","value":"Patient|AnVIL_CMG_Broad_Blood_Gazda_WES|AnVIL_CMG_Broad_Blood_Gazda_WES/Su/C2149_GAZ_471-1_A"}],"gender":"male"}
{"resourceType":"Patient","id":"P.AnVIL-CMG-Broad-Blood-Gazda-WES-Su-C2149-GAZ-471-2-A","meta":{"profile":["http://hl7.org/fhir/StructureDefinition/Patient"]},"identifier":[{"system":"https://anvil.terra.bio/#workspaces/anvil-datastorage/AnVIL_CMG_Broad_Blood_Gazda_WES","value":"AnVIL_CMG_Broad_Blood_Gazda_WES/Su/C2149_GAZ_471-2_A"},{"system":"urn:ncpi:unique-string","value":"Patient|AnVIL_CMG_Broad_Blood_Gazda_WES|AnVIL_CMG_Broad_Blood_Gazda_WES/Su/C2149_GAZ_471-2_A"}],"gender":"female"}
{"resourceType":"Patient","id":"P.AnVIL-CMG-Broad-Blood-Gazda-WES-Su-C2149-GAZ-471-3-A","meta":{"profile":["http://hl7.org/fhir/StructureDefinition/Patient"]},"identifier":[{"system":"https://anvil.terra.bio/#workspaces/anvil-datastorage/AnVIL_CMG_Broad_Blood_Gazda_WES","value":"AnVIL_CMG_Broad_Blood_Gazda_WES/Su/C2149_GAZ_471-3_A"},{"system":"urn:ncpi:unique-string","value":"Patient|AnVIL_CMG_Broad_Blood_Gazda_WES|AnVIL_CMG_Broad_Blood_Gazda_WES/Su/C2149_GAZ_471-3_A"}],"gender":"female"}
{"resourceType":"Patient","id":"P.AnVIL-CMG-Broad-Blood-Gazda-WES-Su-C2149-GAZ-472-1-A","meta":{"profile":["http://hl7.org/fhir/StructureDefinition/Patient"]},"identifier":[{"system":"https://anvil.terra.bio/#workspaces/anvil-datastorage/AnVIL_CMG_Broad_Blood_Gazda_WES","value":"AnVIL_CMG_Broad_Blood_Gazda_WES/Su/C2149_GAZ_472-1_A"},{"system":"urn:ncpi:unique-string","value":"Patient|AnVIL_CMG_Broad_Blood_Gazda_WES|AnVIL_CMG_Broad_Blood_Gazda_WES/Su/C2149_GAZ_472-1_A"}],"gender":"male"}
{"resourceType":"Patient","id":"P.AnVIL-CMG-Broad-Blood-Gazda-WES-Su-C2149-GAZ-472-2-A","meta":{"profile":["http://hl7.org/fhir/StructureDefinition/Patient"]},"identifier":[{"system":"https://anvil.terra.bio/#workspaces/anvil-datastorage/AnVIL_CMG_Broad_Blood_Gazda_WES","value":"AnVIL_CMG_Broad_Blood_Gazda_WES/Su/C2149_GAZ_472-2_A"},{"system":"urn:ncpi:unique-string","value":"Patient|AnVIL_CMG_Broad_Blood_Gazda_WES|AnVIL_CMG_Broad_Blood_Gazda_WES/Su/C2149_GAZ_472-2_A"}],"gender":"female"}
{"resourceType":"Patient","id":"P.AnVIL-CMG-Broad-Blood-Gazda-WES-Su-C2149-GAZ-472-3-A","meta":{"profile":["http://hl7.org/fhir/StructureDefinition/Patient"]},"identifier":[{"system":"https://anvil.terra.bio/#workspaces/anvil-datastorage/AnVIL_CMG_Broad_Blood_Gazda_WES","value":"AnVIL_CMG_Broad_Blood_Gazda_WES/Su/C2149_GAZ_472-3_A"},{"system":"urn:ncpi:unique-string","value":"Patient|AnVIL_CMG_Broad_Blood_Gazda_WES|AnVIL_CMG_Broad_Blood_Gazda_WES/Su/C2149_GAZ_472-3_A"}],"gender":"female"}
{"resourceType":"Patient","id":"P.AnVIL-CMG-Broad-Blood-Gazda-WES-Su-C2149-GAZ-473-3-A","meta":{"profile":["http://hl7.org/fhir/StructureDefinition/Patient"]},"identifier":[{"system":"https://anvil.terra.bio/#workspaces/anvil-datastorage/AnVIL_CMG_Broad_Blood_Gazda_WES","value":"AnVIL_CMG_Broad_Blood_Gazda_WES/Su/C2149_GAZ_473-3_A"},{"system":"urn:ncpi:unique-string","value":"Patient|AnVIL_CMG_Broad_Blood_Gazda_WES|AnVIL_CMG_Broad_Blood_Gazda_WES/Su/C2149_GAZ_473-3_A"}],"gender":"male"}
{"resourceType":"Patient","id":"P.AnVIL-CMG-Broad-Blood-Gazda-WES-Su-C2149-GAZ-474-3-A","meta":{"profile":["http://hl7.org/fhir/StructureDefinition/Patient"]},"identifier":[{"system":"https://anvil.terra.bio/#workspaces/anvil-datastorage/AnVIL_CMG_Broad_Blood_Gazda_WES","value":"AnVIL_CMG_Broad_Blood_Gazda_WES/Su/C2149_GAZ_474-3_A"},{"system":"urn:ncpi:unique-string","value":"Patient|AnVIL_CMG_Broad_Blood_Gazda_WES|AnVIL_CMG_Broad_Blood_Gazda_WES/Su/C2149_GAZ_474-3_A"}],"gender":"female"}
{"resourceType":"Patient","id":"P.AnVIL-CMG-Broad-Blood-Gazda-WES-Su-C2149-GAZ-475-1-A","meta":{"profile":["http://hl7.org/fhir/StructureDefinition/Patient"]},"identifier":[{"system":"https://anvil.terra.bio/#workspaces/anvil-datastorage/AnVIL_CMG_Broad_Blood_Gazda_WES","value":"AnVIL_CMG_Broad_Blood_Gazda_WES/Su/C2149_GAZ_475-1_A"},{"system":"urn:ncpi:unique-string","value":"Patient|AnVIL_CMG_Broad_Blood_Gazda_WES|AnVIL_CMG_Broad_Blood_Gazda_WES/Su/C2149_GAZ_475-1_A"}],"gender":"male"}
{"resourceType":"Patient","id":"P.AnVIL-CMG-Broad-Blood-Gazda-WES-Su-C2149-GAZ-475-2-A","meta":{"profile":["http://hl7.org/fhir/StructureDefinition/Patient"]},"identifier":[{"system":"https://anvil.terra.bio/#workspaces/anvil-datastorage/AnVIL_CMG_Broad_Blood_Gazda_WES","value":"AnVIL_CMG_Broad_Blood_Gazda_WES/Su/C2149_GAZ_475-2_A"},{"system":"urn:ncpi:unique-string","value":"Patient|AnVIL_CMG_Broad_Blood_Gazda_WES|AnVIL_CMG_Broad_Blood_Gazda_WES/Su/C2149_GAZ_475-2_A"}],"gender":"female"}
{"resourceType":"Patient","id":"P.AnVIL-CMG-Broad-Blood-Gazda-WES-Su-C2149-GAZ-475-3-A","meta":{"profile":["http://hl7.org/fhir/StructureDefinition/Patient"]},"identifier":[{"system":"https://anvil.terra.bio/#workspaces/anvil-datastorage/AnVIL_CMG_Broad_Blood_Gazda_WES","value":"AnVIL_CMG_Broad_Blood_Gazda_WES/Su/C2149_GAZ_475-3_A"},{"system":"urn:ncpi:unique-string","value":"Patient|AnVIL_CMG_Broad_Blood_Gazda_WES|AnVIL_CMG_Broad_Blood_Gazda_WES/Su/C2149_GAZ_475-3_A"}],"gender":"female"}
{"resourceType":"Patient","id":"P.AnVIL-CMG-Broad-Blood-Gazda-WES-Su-C2149-GAZ-476-3-A","meta":{"profile":["http://hl7.org/fhir/StructureDefinition/Patient"]},"identifier":[{"system":"https://anvil.terra.bio/#workspaces/anvil-datastorage/AnVIL_CMG_Broad_Blood_Gazda_WES","value":"AnVIL_CMG_Broad_Blood_Gazda_WES/Su/C2149_GAZ_476-3_A"},{"system":"urn:ncpi:unique-string","value":"Patient|AnVIL_CMG_Broad_Blood_Gazda_WES|AnVIL_CMG_Broad_Blood_Gazda_WES/Su/C2149_GAZ_476-3_A"}],"gender":"male"}
{"resourceType":"Patient","id":"P.AnVIL-CMG-Broad-Blood-Gazda-WES-Su-C2149-GAZ-478-1-A","meta":{"profile":["http://hl7.org/fhir/StructureDefinition/Patient"]},"identifier":[{"system":"https://anvil.terra.bio/#workspaces/anvil-datastorage/AnVIL_CMG_Broad_Blood_Gazda_WES","value":"AnVIL_CMG_Broad_Blood_Gazda_WES/Su/C2149_GAZ_478-1_A"},{"system":"urn:ncpi:unique-string","value":"Patient|AnVIL_CMG_Broad_Blood_Gazda_WES|AnVIL_CMG_Broad_Blood_Gazda_WES/Su/C2149_GAZ_478-1_A"}],"gender":"male"}
{"resourceType":"Patient","id":"P.AnVIL-CMG-Broad-Blood-Gazda-WES-Su-C2149-GAZ-478-2-A","meta":{"profile":["http://hl7.org/fhir/StructureDefinition/Patient"]},"identifier":[{"system":"https://anvil.terra.bio/#workspaces/anvil-datastorage/AnVIL_CMG_Broad_Blood_Gazda_WES","value":"AnVIL_CMG_Broad_Blood_Gazda_WES/Su/C2149_GAZ_478-2_A"},{"system":"urn:ncpi:unique-string","value":"Patient|AnVIL_CMG_Broad_Blood_Gazda_WES|AnVIL_CMG_Broad_Blood_Gazda_WES/Su/C2149_GAZ_478-2_A"}],"gender":"female"}
{"resourceType":"Patient","id":"P.AnVIL-CMG-Broad-Blood-Gazda-WES-Su-C2149-GAZ-478-3-A","meta":{"profile":["http://hl7.org/fhir/StructureDefinition/Patient"]},"identifier":[{"system":"https://anvil.terra.bio/#workspaces/anvil-datastorage/AnVIL_CMG_Broad_Blood_Gazda_WES","value":"AnVIL_CMG_Broad_Blood_Gazda_WES/Su/C2149_GAZ_478-3_A"},{"system":"urn:ncpi:unique-string","value":"Patient|AnVIL_CMG_Broad_Blood_Gazda_WES|AnVIL_CMG_Broad_Blood_Gazda_WES/Su/C2149_GAZ_478-3_A"}],"gender":"female"}
{"resourceType":"Patient","id":"P.AnVIL-CMG-Broad-Blood-Gazda-WES-Su-C2149-GAZ-480-6-A","meta":{"profile":["http://hl7.org/fhir/StructureDefinition/Patient"]},"identifier":[{"system":"https://anvil.terra.bio/#workspaces/anvil-datastorage/AnVIL_CMG_Broad_Blood_Gazda_WES","value":"AnVIL_CMG_Broad_Blood_Gazda_WES/Su/C2149_GAZ_480-6_A"},{"system":"urn:ncpi:unique-string","value":"Patient|AnVIL_CMG_Broad_Blood_Gazda_WES|AnVIL_CMG_Broad_Blood_Gazda_WES/Su/C2149_GAZ_480-6_A"}],"gender":"female"}
{"resourceType":"Patient","id":"P.AnVIL-CMG-Broad-Blood-Gazda-WES-Su-C2149-GAZ-481-1-A","meta":{"profile":["http://hl7.org/fhir/StructureDefinition/Patient"]},"identifier":[{"system":"https://anvil.terra.bio/#workspaces/anvil-datastorage/AnVIL_CMG_Broad_Blood_Gazda_WES","value":"AnVIL_CMG_Broad_Blood_Gazda_WES/Su/C2149_GAZ_481-1_A"},{"system":"urn:ncpi:unique-string","value":"Patient|AnVIL_CMG_Broad_Blood_Gazda_WES|AnVIL_CMG_Broad_Blood_Gazda_WES/Su/C2149_GAZ_481-1_A"}],"gender":"male"}
{"resourceType":"Patient","id":"P.AnVIL-CMG-Broad-Blood-Gazda-WES-Su-C2149-GAZ-481-2-A","meta":{"profile":["http://hl7.org/fhir/StructureDefinition/Patient"]},"identifier":[{"system":"https://anvil.terra.bio/#workspaces/anvil-datastorage/AnVIL_CMG_Broad_Blood_Gazda_WES","value":"AnVIL_CMG_Broad_Blood_Gazda_WES/Su/C2149_GAZ_481-2_A"},{"system":"urn:ncpi:unique-string","value":"Patient|AnVIL_CMG_Broad_Blood_Gazda_WES|AnVIL_CMG_Broad_Blood_Gazda_WES/Su/C2149_GAZ_481-2_A"}],"gender":"female"}
{"resourceType":"Patient","id":"P.AnVIL-CMG-Broad-Blood-Gazda-WES-Su-C2149-GAZ-481-3-A","meta":{"profile":["http://hl7.org/fhir/StructureDefinition/Patient"]},"identifier":[{"system":"https://anvil.terra.bio/#workspaces/anvil-datastorage/AnVIL_CMG_Broad_Blood_Gazda_WES","value":"AnVIL_CMG_Broad_Blood_Gazda_WES/Su/C2149_GAZ_481-3_A"},{"system":"urn:ncpi:unique-string","value":"Patient|AnVIL_CMG_Broad_Blood_Gazda_WES|AnVIL_CMG_Broad_Blood_Gazda_WES/Su/C2149_GAZ_481-3_A"}],"gender":"male"}
{"resourceType":"Patient","id":"P.AnVIL-CMG-Broad-Blood-Gazda-WES-Su-C2149-GAZ-482-3-A","meta":{"profile":["http://hl7.org/fhir/StructureDefinition/Patient"]},"identifier":[{"system":"https://anvil.terra.bio/#workspaces/anvil-datastorage/AnVIL_CMG_Broad_Blood_Gazda_WES","value":"AnVIL_CMG_Broad_Blood_Gazda_WES/Su/C2149_GAZ_482-3_A"},{"system":"urn:ncpi:unique-string","value":"Patient|AnVIL_CMG_Broad_Blood_Gazda_WES|AnVIL_CMG_Broad_Blood_Gazda_WES/Su/C2149_GAZ_482-3_A"}],"gender":"male"}
{"resourceType":"Patient","id":"P.AnVIL-CMG-Broad-Blood-Gazda-WES-Su-C2149-GAZ-483-1-A","meta":{"profile":["http://hl7.org/fhir/StructureDefinition/Patient"]},"identifier":[{"system":"https://anvil.terra.bio/#workspaces/anvil-datastorage/AnVIL_CMG_Broad_Blood_Gazda_WES","value":"AnVIL_CMG_Broad_Blood_Gazda_WES/Su/C2149_GAZ_483-1_A"},{"system":"urn:ncpi:unique-string","value":"Patient|AnVIL_CMG_Broad_Blood_Gazda_WES|AnVIL_CMG_Broad_Blood_Gazda_WES/Su/C2149_GAZ_483-1_A"}],"gender":"male"}
{"resourceType":"Patient","id":"P.AnVIL-CMG-Broad-Blood-Gazda-WES-Su-C2149-GAZ-483-2-A","meta":{"profile":["http://hl7.org/fhir/StructureDefinition/Patient"]},"identifier":[{"system":"https://anvil.terra.bio/#workspaces/anvil-datastorage/AnVIL_CMG_Broad_Blood_Gazda_WES","value":"AnVIL_CMG_Broad_Blood_Gazda_WES/Su/C2149_GAZ_483-2_A"},{"system":"urn:ncpi:unique-string","value":"Patient|AnVIL_CMG_Broad_Blood_Gazda_WES|AnVIL_CMG_Broad_Blood_Gazda_WES/Su/C2149_GAZ_483-2_A"}],"gender":"female"}
{"resourceType":"Patient","id":"P.AnVIL-CMG-Broad-Blood-Gazda-WES-Su-C2149-GAZ-483-3-A","meta":{"profile":["http://hl7.org/fhir/StructureDefinition/Patient"]},"identifier":[{"system":"https://anvil.terra.bio/#workspaces/anvil-datastorage/AnVIL_CMG_Broad_Blood_Gazda_WES","value":"AnVIL_CMG_Broad_Blood_Gazda_WES/Su/C2149_GAZ_483-3_A"},{"system":"urn:ncpi:unique-string","value":"Patient|AnVIL_CMG_Broad_Blood_Gazda_WES|AnVIL_CMG_Broad_Blood_Gazda_WES/Su/C2149_GAZ_483-3_A"}],"gender":"male"}
{"resourceType":"Patient","id":"P.AnVIL-CMG-Broad-Blood-Gazda-WES-Su-C2149-GAZ-485-1-A","meta":{"profile":["http://hl7.org/fhir/StructureDefinition/Patient"]},"identifier":[{"system":"https://anvil.terra.bio/#workspaces/anvil-datastorage/AnVIL_CMG_Broad_Blood_Gazda_WES","value":"AnVIL_CMG_Broad_Blood_Gazda_WES/Su/C2149_GAZ_485-1_A"},{"system":"urn:ncpi:unique-string","value":"Patient|AnVIL_CMG_Broad_Blood_Gazda_WES|AnVIL_CMG_Broad_Blood_Gazda_WES/Su/C2149_GAZ_485-1_A"}],"gender":"male"}
{"resourceType":"Patient","id":"P.AnVIL-CMG-Broad-Blood-Gazda-WES-Su-C2149-GAZ-485-2-A","meta":{"profile":["http://hl7.org/fhir/StructureDefinition/Patient"]},"identifier":[{"system":"https://anvil.terra.bio/#workspaces/anvil-datastorage/AnVIL_CMG_Broad_Blood_Gazda_WES","value":"AnVIL_CMG_Broad_Blood_Gazda_WES/Su/C2149_GAZ_485-2_A"},{"system":"urn:ncpi:unique-string","value":"Patient|AnVIL_CMG_Broad_Blood_Gazda_WES|AnVIL_CMG_Broad_Blood_Gazda_WES/Su/C2149_GAZ_485-2_A"}],"gender":"female"}
{"resourceType":"Patient","id":"P.AnVIL-CMG-Broad-Blood-Gazda-WES-Su-C2149-GAZ-485-3-A","meta":{"profile":["http://hl7.org/fhir/StructureDefinition/Patient"]},"identifier":[{"system":"https://anvil.terra.bio/#workspaces/anvil-datastorage/AnVIL_CMG_Broad_Blood_Gazda_WES","value":"AnVIL_CMG_Broad_Blood_Gazda_WES/Su/C2149_GAZ_485-3_A"},{"system":"urn:ncpi:unique-string","value":"Patient|AnVIL_CMG_Broad_Blood_Gazda_WES|AnVIL_CMG_Broad_Blood_Gazda_WES/Su/C2149_GAZ_485-3_A"}],"gender":"male"}
{"resourceType":"Patient","id":"P.AnVIL-CMG-Broad-Blood-Gazda-WES-Su-C2149-GAZ-486-1-A","meta":{"profile":["http://hl7.org/fhir/StructureDefinition/Patient"]},"identifier":[{"system":"https://anvil.terra.bio/#workspaces/anvil-datastorage/AnVIL_CMG_Broad_Blood_Gazda_WES","value":"AnVIL_CMG_Broad_Blood_Gazda_WES/Su/C2149_GAZ_486-1_A"},{"system":"urn:ncpi:unique-string","value":"Patient|AnVIL_CMG_Broad_Blood_Gazda_WES|AnVIL_CMG_Broad_Blood_Gazda_WES/Su/C2149_GAZ_486-1_A"}],"gender":"male"}
{"resourceType":"Patient","id":"P.AnVIL-CMG-Broad-Blood-Gazda-WES-Su-C2149-GAZ-486-2-A","meta":{"profile":["http://hl7.org/fhir/StructureDefinition/Patient"]},"identifier":[{"system":"https://anvil.terra.bio/#workspaces/anvil-datastorage/AnVIL_CMG_Broad_Blood_Gazda_WES","value":"AnVIL_CMG_Broad_Blood_Gazda_WES/Su/C2149_GAZ_486-2_A"},{"system":"urn:ncpi:unique-string","value":"Patient|AnVIL_CMG_Broad_Blood_Gazda_WES|AnVIL_CMG_Broad_Blood_Gazda_WES/Su/C2149_GAZ_486-2_A"}],"gender":"female"}
{"resourceType":"Patient","id":"P.AnVIL-CMG-Broad-Blood-Gazda-WES-Su-C2149-GAZ-486-3-A","meta":{"profile":["http://hl7.org/fhir/StructureDefinition/Patient"]},"identifier":[{"system":"https://anvil.terra.bio/#workspaces/anvil-datastorage/AnVIL_CMG_Broad_Blood_Gazda_WES","value":"AnVIL_CMG_Broad_Blood_Gazda_WES/Su/C2149_GAZ_486-3_A"},{"system":"urn:ncpi:unique-string","value":"Patient|AnVIL_CMG_Broad_Blood_Gazda_WES|AnVIL_CMG_Broad_Blood_Gazda_WES/Su/C2149_GAZ_486-3_A"}],"gender":"female"}
{"resourceType":"Patient","id":"P.AnVIL-CMG-Broad-Blood-Gazda-WES-Su-C2149-GAZ-488-3-A","meta":{"profile":["http://hl7.org/fhir/StructureDefinition/Patient"]},"identifier":[{"system":"https://anvil.terra.bio/#workspaces/anvil-datastorage/AnVIL_CMG_Broad_Blood_Gazda_WES","value":"AnVIL_CMG_Broad_Blood_Gazda_WES/Su/C2149_GAZ_488-3_A"},{"system":"urn:ncpi:unique-string","value":"Patient|AnVIL_CMG_Broad_Blood_Gazda_WES|AnVIL_CMG_Broad_Blood_Gazda_WES/Su/C2149_GAZ_488-3_A"}],"gender":"male"}
{"resourceType":"Patient","id":"P.AnVIL-CMG-Broad-Blood-Gazda-WES-Su-C2149-GAZ-489-3-A","meta":{"profile":["http://hl7.org/fhir/StructureDefinition/Patient"]},"identifier":[{"system":"https://anvil.terra.bio/#workspaces/anvil-datastorage/AnVIL_CMG_Broad_Blood_Gazda_WES","value":"AnVIL_CMG_Broad_Blood_Gazda_WES/Su/C2149_GAZ_489-3_A"},{"system":"urn:ncpi:unique-string","value":"Patient|AnVIL_CMG_Broad_Blood_Gazda_WES|AnVIL_CMG_Broad_Blood_Gazda_WES/Su/C2149_GAZ_489-3_A"}],"gender":"female"}
{"resourceType":"Patient","id":"P.AnVIL-CMG-Broad-Blood-Gazda-WES-Su-C2149-GAZ-494-1-A","meta":{"profile":["http://hl7.org/fhir/StructureDefinition/Patient"]},"identifier":[{"system":"https://anvil.terra.bio/#workspaces/anvil-datastorage/AnVIL_CMG_Broad_Blood_Gazda_WES","value":"AnVIL_CMG_Broad_Blood_Gazda_WES/Su/C2149_GAZ_494-1_A"},{"system":"urn:ncpi:unique-string","value":"Patient|AnVIL_CMG_Broad_Blood_Gazda_WES|AnVIL_CMG_Broad_Blood_Gazda_WES/Su/C2149_GAZ_494-1_A"}],"gender":"male"}
{"resourceType":"Patient","id":"P.AnVIL-CMG-Broad-Blood-Gazda-WES-Su-C2149-GAZ-494-2-A","meta":{"profile":["http://hl7.org/fhir/StructureDefinition/Patient"]},"identifier":[{"system":"https://anvil.terra.bio/#workspaces/anvil-datastorage/AnVIL_CMG_Broad_Blood_Gazda_WES","value":"AnVIL_CMG_Broad_Blood_Gazda_WES/Su/C2149_GAZ_494-2_A"},{"system":"urn:ncpi:unique-string","value":"Patient|AnVIL_CMG_Broad_Blood_Gazda_WES|AnVIL_CMG_Broad_Blood_Gazda_WES/Su/C2149_GAZ_494-2_A"}],"gender":"female"}
{"resourceType":"Patient","id":"P.AnVIL-CMG-Broad-Blood-Gazda-WES-Su-C2149-GAZ-494-3-A","meta":{"profile":["http://hl7.org/fhir/StructureDefinition/Patient"]},"identifier":[{"system":"https://anvil.terra.bio/#workspaces/anvil-datastorage/AnVIL_CMG_Broad_Blood_Gazda_WES","value":"AnVIL_CMG_Broad_Blood_Gazda_WES/Su/C2149_GAZ_494-3_A"},{"system":"urn:ncpi:unique-string","value":"Patient|AnVIL_CMG_Broad_Blood_Gazda_WES|AnVIL_CMG_Broad_Blood_Gazda_WES/Su/C2149_GAZ_494-3_A"}],"gender":"male"}
{"resourceType":"Patient","id":"P.AnVIL-CMG-Broad-Blood-Gazda-WES-Su-C2149-GAZ-495-1-A","meta":{"profile":["http://hl7.org/fhir/StructureDefinition/Patient"]},"identifier":[{"system":"https://anvil.terra.bio/#workspaces/anvil-datastorage/AnVIL_CMG_Broad_Blood_Gazda_WES","value":"AnVIL_CMG_Broad_Blood_Gazda_WES/Su/C2149_GAZ_495-1_A"},{"system":"urn:ncpi:unique-string","value":"Patient|AnVIL_CMG_Broad_Blood_Gazda_WES|AnVIL_CMG_Broad_Blood_Gazda_WES/Su/C2149_GAZ_495-1_A"}],"gender":"male"}
{"resourceType":"Patient","id":"P.AnVIL-CMG-Broad-Blood-Gazda-WES-Su-C2149-GAZ-495-2-A","meta":{"profile":["http://hl7.org/fhir/StructureDefinition/Patient"]},"identifier":[{"system":"https://anvil.terra.bio/#workspaces/anvil-datastorage/AnVIL_CMG_Broad_Blood_Gazda_WES","value":"AnVIL_CMG_Broad_Blood_Gazda_WES/Su/C2149_GAZ_495-2_A"},{"system":"urn:ncpi:unique-string","value":"Patient|AnVIL_CMG_Broad_Blood_Gazda_WES|AnVIL_CMG_Broad_Blood_Gazda_WES/Su/C2149_GAZ_495-2_A"}],"gender":"female"}
{"resourceType":"Patient","id":"P.AnVIL-CMG-Broad-Blood-Gazda-WES-Su-C2149-GAZ-495-3-A","meta":{"profile":["http://hl7.org/fhir/StructureDefinition/Patient"]},"identifier":[{"system":"https://anvil.terra.bio/#workspaces/anvil-datastorage/AnVIL_CMG_Broad_Blood_Gazda_WES","value":"AnVIL_CMG_Broad_Blood_Gazda_WES/Su/C2149_GAZ_495-3_A"},{"system":"urn:ncpi:unique-string","value":"Patient|AnVIL_CMG_Broad_Blood_Gazda_WES|AnVIL_CMG_Broad_Blood_Gazda_WES/Su/C2149_GAZ_495-3_A"}],"gender":"male"}
{"resourceType":"Patient","id":"P.AnVIL-CMG-Broad-Blood-Gazda-WES-Su-C2149-GAZ-496-1-A","meta":{"profile":["http://hl7.org/fhir/StructureDefinition/Patient"]},"identifier":[{"system":"https://anvil.terra.bio/#workspaces/anvil-datastorage/AnVIL_CMG_Broad_Blood_Gazda_WES","value":"AnVIL_CMG_Broad_Blood_Gazda_WES/Su/C2149_GAZ_496-1_A"},{"system":"urn:ncpi:unique-string","value":"Patient|AnVIL_CMG_Broad_Blood_Gazda_WES|AnVIL_CMG_Broad_Blood_Gazda_WES/Su/C2149_GAZ_496-1_A"}],"gender":"male"}
{"resourceType":"Patient","id":"P.AnVIL-CMG-Broad-Blood-Gazda-WES-Su-C2149-GAZ-496-2-A","meta":{"profile":["http://hl7.org/fhir/StructureDefinition/Patient"]},"identifier":[{"system":"https://anvil.terra.bio/#workspaces/anvil-datastorage/AnVIL_CMG_Broad_Blood_Gazda_WES","value":"AnVIL_CMG_Broad_Blood_Gazda_WES/Su/C2149_GAZ_496-2_A"},{"system":"urn:ncpi:unique-string","value":"Patient|AnVIL_CMG_Broad_Blood_Gazda_WES|AnVIL_CMG_Broad_Blood_Gazda_WES/Su/C2149_GAZ_496-2_A"}],"gender":"female"}
{"resourceType":"Patient","id":"P.AnVIL-CMG-Broad-Blood-Gazda-WES-Su-C2149-GAZ-496-3-A","meta":{"profile":["http://hl7.org/fhir/StructureDefinition/Patient"]},"identifier":[{"system":"https://anvil.terra.bio/#workspaces/anvil-datastorage/AnVIL_CMG_Broad_Blood_Gazda_WES","value":"AnVIL_CMG_Broad_Blood_Gazda_WES/Su/C2149_GAZ_496-3_A"},{"system":"urn:ncpi:unique-string","value":"Patient|AnVIL_CMG_Broad_Blood_Gazda_WES|AnVIL_CMG_Broad_Blood_Gazda_WES/Su/C2149_GAZ_496-3_A"}],"gender":"female"}
{"resourceType":"Patient","id":"P.AnVIL-CMG-Broad-Blood-Gazda-WES-Su-C2149-GAZ-497-1-A","meta":{"profile":["http://hl7.org/fhir/StructureDefinition/Patient"]},"identifier":[{"system":"https://anvil.terra.bio/#workspaces/anvil-datastorage/AnVIL_CMG_Broad_Blood_Gazda_WES","value":"AnVIL_CMG_Broad_Blood_Gazda_WES/Su/C2149_GAZ_497-1_A"},{"system":"urn:ncpi:unique-string","value":"Patient|AnVIL_CMG_Broad_Blood_Gazda_WES|AnVIL_CMG_Broad_Blood_Gazda_WES/Su/C2149_GAZ_497-1_A"}],"gender":"male"}
{"resourceType":"Patient","id":"P.AnVIL-CMG-Broad-Blood-Gazda-WES-Su-C2149-GAZ-497-2-A","meta":{"profile":["http://hl7.org/fhir/StructureDefinition/Patient"]},"identifier":[{"system":"https://anvil.terra.bio/#workspaces/anvil-datastorage/AnVIL_CMG_Broad_Blood_Gazda_WES","value":"AnVIL_CMG_Broad_Blood_Gazda_WES/Su/C2149_GAZ_497-2_A"},{"system":"urn:ncpi:unique-string","value":"Patient|AnVIL_CMG_Broad_Blood_Gazda_WES|AnVIL_CMG_Broad_Blood_Gazda_WES/Su/C2149_GAZ_497-2_A"}],"gender":"female"}
{"resourceType":"Patient","id":"P.AnVIL-CMG-Broad-Blood-Gazda-WES-Su-C2149-GAZ-497-3-A","meta":{"profile":["http://hl7.org/fhir/StructureDefinition/Patient"]},"identifier":[{"system":"https://anvil.terra.bio/#workspaces/anvil-datastorage/AnVIL_CMG_Broad_Blood_Gazda_WES","value":"AnVIL_CMG_Broad_Blood_Gazda_WES/Su/C2149_GAZ_497-3_A"},{"system":"urn:ncpi:unique-string","value":"Patient|AnVIL_CMG_Broad_Blood_Gazda_WES|AnVIL_CMG_Broad_Blood_Gazda_WES/Su/C2149_GAZ_497-3_A"}],"gender":"male"}
{"resourceType":"Patient","id":"P.AnVIL-CMG-Broad-Blood-Gazda-WES-Su-C2149-GAZ-498-1-A","meta":{"profile":["http://hl7.org/fhir/StructureDefinition/Patient"]},"identifier":[{"system":"https://anvil.terra.bio/#workspaces/anvil-datastorage/AnVIL_CMG_Broad_Blood_Gazda_WES","value":"AnVIL_CMG_Broad_Blood_Gazda_WES/Su/C2149_GAZ_498-1_A"},{"system":"urn:ncpi:unique-string","value":"Patient|AnVIL_CMG_Broad_Blood_Gazda_WES|AnVIL_CMG_Broad_Blood_Gazda_WES/Su/C2149_GAZ_498-1_A"}],"gender":"male"}
{"resourceType":"Patient","id":"P.AnVIL-CMG-Broad-Blood-Gazda-WES-Su-C2149-GAZ-498-2-A","meta":{"profile":["http://hl7.org/fhir/StructureDefinition/Patient"]},"identifier":[{"system":"https://anvil.terra.bio/#workspaces/anvil-datastorage/AnVIL_CMG_Broad_Blood_Gazda_WES","value":"AnVIL_CMG_Broad_Blood_Gazda_WES/Su/C2149_GAZ_498-2_A"},{"system":"urn:ncpi:unique-string","value":"Patient|AnVIL_CMG_Broad_Blood_Gazda_WES|AnVIL_CMG_Broad_Blood_Gazda_WES/Su/C2149_GAZ_498-2_A"}],"gender":"female"}
{"resourceType":"Patient","id":"P.AnVIL-CMG-Broad-Blood-Gazda-WES-Su-C2149-GAZ-498-3-A","meta":{"profile":["http://hl7.org/fhir/StructureDefinition/Patient"]},"identifier":[{"system":"https://anvil.terra.bio/#workspaces/anvil-datastorage/AnVIL_CMG_Broad_Blood_Gazda_WES","value":"AnVIL_CMG_Broad_Blood_Gazda_WES/Su/C2149_GAZ_498-3_A"},{"system":"urn:ncpi:unique-string","value":"Patient|AnVIL_CMG_Broad_Blood_Gazda_WES|AnVIL_CMG_Broad_Blood_Gazda_WES/Su/C2149_GAZ_498-3_A"}],"gender":"male"}
{"resourceType":"Patient","id":"P.AnVIL-CMG-Broad-Blood-Gazda-WES-Su-C2149-GAZ-499-1-A","meta":{"profile":["http://hl7.org/fhir/StructureDefinition/Patient"]},"identifier":[{"system":"https://anvil.terra.bio/#workspaces/anvil-datastorage/AnVIL_CMG_Broad_Blood_Gazda_WES","value":"AnVIL_CMG_Broad_Blood_Gazda_WES/Su/C2149_GAZ_499-1_A"},{"system":"urn:ncpi:unique-string","value":"Patient|AnVIL_CMG_Broad_Blood_Gazda_WES|AnVIL_CMG_Broad_Blood_Gazda_WES/Su/C2149_GAZ_499-1_A"}],"gender":"male"}
{"resourceType":"Patient","id":"P.AnVIL-CMG-Broad-Blood-Gazda-WES-Su-C2149-GAZ-499-2-A","meta":{"profile":["http://hl7.org/fhir/StructureDefinition/Patient"]},"identifier":[{"system":"https://anvil.terra.bio/#workspaces/anvil-datastorage/AnVIL_CMG_Broad_Blood_Gazda_WES","value":"AnVIL_CMG_Broad_Blood_Gazda_WES/Su/C2149_GAZ_499-2_A"},{"system":"urn:ncpi:unique-string","value":"Patient|AnVIL_CMG_Broad_Blood_Gazda_WES|AnVIL_CMG_Broad_Blood_Gazda_WES/Su/C2149_GAZ_499-2_A"}],"gender":"female"}
{"resourceType":"Patient","id":"P.AnVIL-CMG-Broad-Blood-Gazda-WES-Su-C2149-GAZ-499-3-A","meta":{"profile":["http://hl7.org/fhir/StructureDefinition/Patient"]},"identifier":[{"system":"https://anvil.terra.bio/#workspaces/anvil-datastorage/AnVIL_CMG_Broad_Blood_Gazda_WES","value":"AnVIL_CMG_Broad_Blood_Gazda_WES/Su/C2149_GAZ_499-3_A"},{"system":"urn:ncpi:unique-string","value":"Patient|AnVIL_CMG_Broad_Blood_Gazda_WES|AnVIL_CMG_Broad_Blood_Gazda_WES/Su/C2149_GAZ_499-3_A"}],"gender":"male"}
