{"resourceType":"ResearchStudy","id":"AnVIL-CMG-Broad-Blood-Gazda-WES","meta":{"profile":["http://hl7.org/fhir/StructureDefinition/ResearchStudy"]},"identifier":[{"system":"https://anvil.terra.bio/#workspaces/anvil-datastorage/","value":"AnVIL_CMG_Broad_Blood_Gazda_WES"},{"system":"urn:ncpi:unique-string","value":"ResearchStudy|AnVIL_CMG_Broad_Blood_Gazda_WES"},{"value":"AnVIL_CMG_Broad_Blood_Gazda_WES"}],"extension":[{"url":"http://fhir.ncpi-project-forge.io/StructureDefinition/related-organization","extension":[{"url":"organization","valueReference":{"reference":"Organization/Organization.None"}}]},{"url":"http://fhir.ncpi-project-forge.io/StructureDefinition/display-name","valueString":"AnVIL_CMG_Broad_Blood_Gazda_WES"}],"title":"AnVIL_CMG_Broad_Blood_Gazda_WES","status":"completed"}
