{"resourceType":"Task","id":"T.Broad-Blood-Gazda-WES-Sa-C2149-GAZ-391-3-A-1-v2-Exome-GCP","status":"accepted","intent":"unknown","input":[{"type":{"coding":[{"code":"Specimen"}]},"valueReference":{"reference":"Specimen/Broad-Blood-Gazda-WES-Sa-C2149-GAZ-391-3-A-1-v2-Exome-GCP"}}],"output":[{"type":{"coding":[{"code":"DocumentReference"}]},"valueReference":{"reference":"DocumentReference/oad-Blood-Gazda-WES-Sa-C2149-GAZ-391-3-A-1-v2-Exome-GCP-md5-path"}},{"type":{"coding":[{"code":"DocumentReference"}]},"valueReference":{"reference":"DocumentReference/ad-Blood-Gazda-WES-Sa-C2149-GAZ-391-3-A-1-v2-Exome-GCP-crai-path"}},{"type":{"coding":[{"code":"DocumentReference"}]},"valueReference":{"reference":"DocumentReference/ad-Blood-Gazda-WES-Sa-C2149-GAZ-391-3-A-1-v2-Exome-GCP-cram-path"}}]}
{"resourceType":"Task","id":"T.Broad-Blood-Gazda-WES-Sa-C2149-GAZ-470-3-A-1-v1-Exome-GCP","status":"accepted","intent":"unknown","input":[{"type":{"coding":[{"code":"Specimen"}]},"valueReference":{"reference":"Specimen/Broad-Blood-Gazda-WES-Sa-C2149-GAZ-470-3-A-1-v1-Exome-GCP"}}],"output":[{"type":{"coding":[{"code":"DocumentReference"}]},"valueReference":{"reference":"DocumentReference/oad-Blood-Gazda-WES-Sa-C2149-GAZ-470-3-A-1-v1-Exome-GCP-md5-path"}},{"type":{"coding":[{"code":"DocumentReference"}]},"valueReference":{"reference":"DocumentReference/ad-Blood-Gazda-WES-Sa-C2149-GAZ-470-3-A-1-v1-Exome-GCP-crai-path"}},{"type":{"coding":[{"code":"DocumentReference"}]},"valueReference":{"reference":"DocumentReference/ad-Blood-Gazda-WES-Sa-C2149-GAZ-470-3-A-1-v1-Exome-GCP-cram-path"}}]}
{"resourceType":"Task","id":"T.Broad-Blood-Gazda-WES-Sa-C2149-GAZ-471-1-A-1-v1-Exome-GCP","status":"accepted","intent":"unknown","input":[{"type":{"coding":[{"code":"Specimen"}]},"valueReference":{"reference":"Specimen/Broad-Blood-Gazda-WES-Sa-C2149-GAZ-471-1-A-1-v1-Exome-GCP"}}],"output":[{"type":{"coding":[{"code":"DocumentReference"}]},"valueReference":{"reference":"DocumentReference/oad-Blood-Gazda-WES-Sa-C2149-GAZ-471-1-A-1-v1-Exome-GCP-md5-path"}},{"type":{"coding":[{"code":"DocumentReference"}]},"valueReference":{"reference":"DocumentReference/ad-Blood-Gazda-WES-Sa-C2149-GAZ-471-1-A-1-v1-Exome-GCP-crai-path"}},{"type":{"coding":[{"code":"DocumentReference"}]},"valueReference":{"reference":"DocumentReference/ad-Blood-Gazda-WES-Sa-C2149-GAZ-471-1-A-1-v1-Exome-GCP-cram-path"}}]}
{"resourceType":"Task","id":"T.Broad-Blood-Gazda-WES-Sa-C2149-GAZ-471-2-A-1-v1-Exome-GCP","status":"accepted","intent":"unknown","input":[{"type":{"coding":[{"code":"Specimen"}]},"valueReference":{"reference":"Specimen/Broad-Blood-Gazda-WES-Sa-C2149-GAZ-471-2-A-1-v1-Exome-GCP"}}],"output":[{"type":{"coding":[{"code":"DocumentReference"}]},"valueReference":{"reference":"DocumentReference/oad-Blood-Gazda-WES-Sa-C2149-GAZ-471-2-A-1-v1-Exome-GCP-md5-path"}},{"type":{"coding":[{"code":"DocumentReference"}]},"valueReference":{"reference":"DocumentReference/ad-Blood-Gazda-WES-Sa-C2149-GAZ-471-2-A-1-v1-Exome-GCP-crai-path"}},{"type":{"coding":[{"code":"DocumentReference"}]},"valueReference":{"reference":"DocumentReference/ad-Blood-Gazda-WES-Sa-C2149-GAZ-471-2-A-1-v1-Exome-GCP-cram-path"}}]}
{"resourceType":"Task","id":"T.Broad-Blood-Gazda-WES-Sa-C2149-GAZ-471-3-A-1-v1-Exome-GCP","status":"accepted","intent":"unknown","input":[{"type":{"coding":[{"code":"Specimen"}]},"valueReference":{"reference":"Specimen/Broad-Blood-Gazda-WES-Sa-C2149-GAZ-471-3-A-1-v1-Exome-GCP"}}],"output":[{"type":{"coding":[{"code":"DocumentReference"}]},"valueReference":{"reference":"DocumentReference/oad-Blood-Gazda-WES-Sa-C2149-GAZ-471-3-A-1-v1-Exome-GCP-md5-path"}},{"type":{"coding":[{"code":"DocumentReference"}]},"valueReference":{"reference":"DocumentReference/ad-Blood-Gazda-WES-Sa-C2149-GAZ-471-3-A-1-v1-Exome-GCP-crai-path"}},{"type":{"coding":[{"code":"DocumentReference"}]},"valueReference":{"reference":"DocumentReference/ad-Blood-Gazda-WES-Sa-C2149-GAZ-471-3-A-1-v1-Exome-GCP-cram-path"}}]}
{"resourceType":"Task","id":"T.Broad-Blood-Gazda-WES-Sa-C2149-GAZ-472-1-A-1-v1-Exome-GCP","status":"accepted","intent":"unknown","input":[{"type":{"coding":[{"code":"Specimen"}]},"valueReference":{"reference":"Specimen/Broad-Blood-Gazda-WES-Sa-C2149-GAZ-472-1-A-1-v1-Exome-GCP"}}],"output":[{"type":{"coding":[{"code":"DocumentReference"}]},"valueReference":{"reference":"DocumentReference/oad-Blood-Gazda-WES-Sa-C2149-GAZ-472-1-A-1-v1-Exome-GCP-md5-path"}},{"type":{"coding":[{"code":"DocumentReference"}]},"valueReference":{"reference":"DocumentReference/ad-Blood-Gazda-WES-Sa-C2149-GAZ-472-1-A-1-v1-Exome-GCP-crai-path"}},{"type":{"coding":[{"code":"DocumentReference"}]},"valueReference":{"reference":"DocumentReference/ad-Blood-Gazda-WES-Sa-C2149-GAZ-472-1-A-1-v1-Exome-GCP-cram-path"}}]}
{"resourceType":"Task","id":"T.Broad-Blood-Gazda-WES-Sa-C2149-GAZ-472-2-A-1-v1-Exome-GCP","status":"accepted","intent":"unknown","input":[{"type":{"coding":[{"code":"Specimen"}]},"valueReference":{"reference":"Specimen/Broad-Blood-Gazda-WES-Sa-C2149-GAZ-472-2-A-1-v1-Exome-GCP"}}],"output":[{"type":{"coding":[{"code":"DocumentReference"}]},"valueReference":{"reference":"DocumentReference/oad-Blood-Gazda-WES-Sa-C2149-GAZ-472-2-A-1-v1-Exome-GCP-md5-path"}},{"type":{"coding":[{"code":"DocumentReference"}]},"valueReference":{"reference":"DocumentReference/ad-Blood-Gazda-WES-Sa-C2149-GAZ-472-2-A-1-v1-Exome-GCP-crai-path"}},{"type":{"coding":[{"code":"DocumentReference"}]},"valueReference":{"reference":"DocumentReference/ad-Blood-Gazda-WES-Sa-C2149-GAZ-472-2-A-1-v1-Exome-GCP-cram-path"}}]}
{"resourceType":"Task","id":"T.Broad-Blood-Gazda-WES-Sa-C2149-GAZ-472-3-A-1-v1-Exome-GCP","status":"accepted","intent":"unknown","input":[{"type":{"coding":[{"code":"Specimen"}]},"valueReference":{"reference":"Specimen/Broad-Blood-Gazda-WES-Sa-C2149-GAZ-472-3-A-1-v1-Exome-GCP"}}],"output":[{"type":{"coding":[{"code":"DocumentReference"}]},"valueReference":{"reference":"DocumentReference/oad-Blood-Gazda-WES-Sa-C2149-GAZ-472-3-A-1-v1-Exome-GCP-md5-path"}},{"type":{"coding":[{"code":"DocumentReference"}]},"valueReference":{"reference":"DocumentReference/ad-Blood-Gazda-WES-Sa-C2149-GAZ-472-3-A-1-v1-Exome-GCP-crai-path"}},{"type":{"coding":[{"code":"DocumentReference"}]},"valueReference":{"reference":"DocumentReference/ad-Blood-Gazda-WES-Sa-C2149-GAZ-472-3-A-1-v1-Exome-GCP-cram-path"}}]}
{"resourceType":"Task","id":"T.Broad-Blood-Gazda-WES-Sa-C2149-GAZ-473-3-A-1-v1-Exome-GCP","status":"accepted","intent":"unknown","input":[{"type":{"coding":[{"code":"Specimen"}]},"valueReference":{"reference":"Specimen/Broad-Blood-Gazda-WES-Sa-C2149-GAZ-473-3-A-1-v1-Exome-GCP"}}],"output":[{"type":{"coding":[{"code":"DocumentReference"}]},"valueReference":{"reference":"DocumentReference/oad-Blood-Gazda-WES-Sa-C2149-GAZ-473-3-A-1-v1-Exome-GCP-md5-path"}},{"type":{"coding":[{"code":"DocumentReference"}]},"valueReference":{"reference":"DocumentReference/ad-Blood-Gazda-WES-Sa-C2149-GAZ-473-3-A-1-v1-Exome-GCP-crai-path"}},{"type":{"coding":[{"code":"DocumentReference"}]},"valueReference":{"reference":"DocumentReference/ad-Blood-Gazda-WES-Sa-C2149-GAZ-473-3-A-1-v1-Exome-GCP-cram-path"}}]}
{"resourceType":"Task","id":"T.Broad-Blood-Gazda-WES-Sa-C2149-GAZ-474-3-A-1-v2-Exome-GCP","status":"accepted","intent":"unknown","input":[{"type":{"coding":[{"code":"Specimen"}]},"valueReference":{"reference":"Specimen/Broad-Blood-Gazda-WES-Sa-C2149-GAZ-474-3-A-1-v2-Exome-GCP"}}],"output":[{"type":{"coding":[{"code":"DocumentReference"}]},"valueReference":{"reference":"DocumentReference/oad-Blood-Gazda-WES-Sa-C2149-GAZ-474-3-A-1-v2-Exome-GCP-md5-path"}},{"type":{"coding":[{"code":"DocumentReference"}]},"valueReference":{"reference":"DocumentReference/ad-Blood-Gazda-WES-Sa-C2149-GAZ-474-3-A-1-v2-Exome-GCP-crai-path"}},{"type":{"coding":[{"code":"DocumentReference"}]},"valueReference":{"reference":"DocumentReference/ad-Blood-Gazda-WES-Sa-C2149-GAZ-474-3-A-1-v2-Exome-GCP-cram-path"}}]}
{"resourceType":"Task","id":"T.Broad-Blood-Gazda-WES-Sa-C2149-GAZ-475-1-A-1-v2-Exome-GCP","status":"accepted","intent":"unknown","input":[{"type":{"coding":[{"code":"Specimen"}]},"valueReference":{"reference":"Specimen/Broad-Blood-Gazda-WES-Sa-C2149-GAZ-475-1-A-1-v2-Exome-GCP"}}],"output":[{"type":{"coding":[{"code":"DocumentReference"}]},"valueReference":{"reference":"DocumentReference/oad-Blood-Gazda-WES-Sa-C2149-GAZ-475-1-A-1-v2-Exome-GCP-md5-path"}},{"type":{"coding":[{"code":"DocumentReference"}]},"valueReference":{"reference":"DocumentReference/ad-Blood-Gazda-WES-Sa-C2149-GAZ-475-1-A-1-v2-Exome-GCP-crai-path"}},{"type":{"coding":[{"code":"DocumentReference"}]},"valueReference":{"reference":"DocumentReference/ad-Blood-Gazda-WES-Sa-C2149-GAZ-475-1-A-1-v2-Exome-GCP-cram-path"}}]}
{"resourceType":"Task","id":"T.Broad-Blood-Gazda-WES-Sa-C2149-GAZ-475-2-A-1-v1-Exome-GCP","status":"accepted","intent":"unknown","input":[{"type":{"coding":[{"code":"Specimen"}]},"valueReference":{"reference":"Specimen/Broad-Blood-Gazda-WES-Sa-C2149-GAZ-475-2-A-1-v1-Exome-GCP"}}],"output":[{"type":{"coding":[{"code":"DocumentReference"}]},"valueReference":{"reference":"DocumentReference/oad-Blood-Gazda-WES-Sa-C2149-GAZ-475-2-A-1-v1-Exome-GCP-md5-path"}},{"type":{"coding":[{"code":"DocumentReference"}]},"valueReference":{"reference":"DocumentReference/ad-Blood-Gazda-WES-Sa-C2149-GAZ-475-2-A-1-v1-Exome-GCP-crai-path"}},{"type":{"coding":[{"code":"DocumentReference"}]},"valueReference":{"reference":"DocumentReference/ad-Blood-Gazda-WES-Sa-C2149-GAZ-475-2-A-1-v1-Exome-GCP-cram-path"}}]}
{"resourceType":"Task","id":"T.Broad-Blood-Gazda-WES-Sa-C2149-GAZ-475-3-A-1-v1-Exome-GCP","status":"accepted","intent":"unknown","input":[{"type":{"coding":[{"code":"Specimen"}]},"valueReference":{"reference":"Specimen/Broad-Blood-Gazda-WES-Sa-C2149-GAZ-475-3-A-1-v1-Exome-GCP"}}],"output":[{"type":{"coding":[{"code":"DocumentReference"}]},"valueReference":{"reference":"DocumentReference/oad-Blood-Gazda-WES-Sa-C2149-GAZ-475-3-A-1-v1-Exome-GCP-md5-path"}},{"type":{"coding":[{"code":"DocumentReference"}]},"valueReference":{"reference":"DocumentReference/ad-Blood-Gazda-WES-Sa-C2149-GAZ-475-3-A-1-v1-Exome-GCP-crai-path"}},{"type":{"coding":[{"code":"DocumentReference"}]},"valueReference":{"reference":"DocumentReference/ad-Blood-Gazda-WES-Sa-C2149-GAZ-475-3-A-1-v1-Exome-GCP-cram-path"}}]}
{"resourceType":"Task","id":"T.Broad-Blood-Gazda-WES-Sa-C2149-GAZ-476-3-A-1-v1-Exome-GCP","status":"accepted","intent":"unknown","input":[{"type":{"coding":[{"code":"Specimen"}]},"valueReference":{"reference":"Specimen/Broad-Blood-Gazda-WES-Sa-C2149-GAZ-476-3-A-1-v1-Exome-GCP"}}],"output":[{"type":{"coding":[{"code":"DocumentReference"}]},"valueReference":{"reference":"DocumentReference/oad-Blood-Gazda-WES-Sa-C2149-GAZ-476-3-A-1-v1-Exome-GCP-md5-path"}},{"type":{"coding":[{"code":"DocumentReference"}]},"valueReference":{"reference":"DocumentReference/ad-Blood-Gazda-WES-Sa-C2149-GAZ-476-3-A-1-v1-Exome-GCP-crai-path"}},{"type":{"coding":[{"code":"DocumentReference"}]},"valueReference":{"reference":"DocumentReference/ad-Blood-Gazda-WES-Sa-C2149-GAZ-476-3-A-1-v1-Exome-GCP-cram-path"}}]}
{"resourceType":"Task","id":"T.Broad-Blood-Gazda-WES-Sa-C2149-GAZ-478-1-A-2-v1-Exome-GCP","status":"accepted","intent":"unknown","input":[{"type":{"coding":[{"code":"Specimen"}]},"valueReference":{"reference":"Specimen/Broad-Blood-Gazda-WES-Sa-C2149-GAZ-478-1-A-2-v1-Exome-GCP"}}],"output":[{"type":{"coding":[{"code":"DocumentReference"}]},"valueReference":{"reference":"DocumentReference/oad-Blood-Gazda-WES-Sa-C2149-GAZ-478-1-A-2-v1-Exome-GCP-md5-path"}},{"type":{"coding":[{"code":"DocumentReference"}]},"valueReference":{"reference":"DocumentReference/ad-Blood-Gazda-WES-Sa-C2149-GAZ-478-1-A-2-v1-Exome-GCP-crai-path"}},{"type":{"coding":[{"code":"DocumentReference"}]},"valueReference":{"reference":"DocumentReference/ad-Blood-Gazda-WES-Sa-C2149-GAZ-478-1-A-2-v1-Exome-GCP-cram-path"}}]}
{"resourceType":"Task","id":"T.Broad-Blood-Gazda-WES-Sa-C2149-GAZ-478-2-A-1-v2-Exome-GCP","status":"accepted","intent":"unknown","input":[{"type":{"coding":[{"code":"Specimen"}]},"valueReference":{"reference":"Specimen/Broad-Blood-Gazda-WES-Sa-C2149-GAZ-478-2-A-1-v2-Exome-GCP"}}],"output":[{"type":{"coding":[{"code":"DocumentReference"}]},"valueReference":{"reference":"DocumentReference/oad-Blood-Gazda-WES-Sa-C2149-GAZ-478-2-A-1-v2-Exome-GCP-md5-path"}},{"type":{"coding":[{"code":"DocumentReference"}]},"valueReference":{"reference":"DocumentReference/ad-Blood-Gazda-WES-Sa-C2149-GAZ-478-2-A-1-v2-Exome-GCP-crai-path"}},{"type":{"coding":[{"code":"DocumentReference"}]},"valueReference":{"reference":"DocumentReference/ad-Blood-Gazda-WES-Sa-C2149-GAZ-478-2-A-1-v2-Exome-GCP-cram-path"}}]}
{"resourceType":"Task","id":"T.Broad-Blood-Gazda-WES-Sa-C2149-GAZ-478-3-A-1-v1-Exome-GCP","status":"accepted","intent":"unknown","input":[{"type":{"coding":[{"code":"Specimen"}]},"valueReference":{"reference":"Specimen/Broad-Blood-Gazda-WES-Sa-C2149-GAZ-478-3-A-1-v1-Exome-GCP"}}],"output":[{"type":{"coding":[{"code":"DocumentReference"}]},"valueReference":{"reference":"DocumentReference/oad-Blood-Gazda-WES-Sa-C2149-GAZ-478-3-A-1-v1-Exome-GCP-md5-path"}},{"type":{"coding":[{"code":"DocumentReference"}]},"valueReference":{"reference":"DocumentReference/ad-Blood-Gazda-WES-Sa-C2149-GAZ-478-3-A-1-v1-Exome-GCP-crai-path"}},{"type":{"coding":[{"code":"DocumentReference"}]},"valueReference":{"reference":"DocumentReference/ad-Blood-Gazda-WES-Sa-C2149-GAZ-478-3-A-1-v1-Exome-GCP-cram-path"}}]}
{"resourceType":"Task","id":"T.Broad-Blood-Gazda-WES-Sa-C2149-GAZ-480-6-A-1-v2-Exome-GCP","status":"accepted","intent":"unknown","input":[{"type":{"coding":[{"code":"Specimen"}]},"valueReference":{"reference":"Specimen/Broad-Blood-Gazda-WES-Sa-C2149-GAZ-480-6-A-1-v2-Exome-GCP"}}],"output":[{"type":{"coding":[{"code":"DocumentReference"}]},"valueReference":{"reference":"DocumentReference/oad-Blood-Gazda-WES-Sa-C2149-GAZ-480-6-A-1-v2-Exome-GCP-md5-path"}},{"type":{"coding":[{"code":"DocumentReference"}]},"valueReference":{"reference":"DocumentReference/ad-Blood-Gazda-WES-Sa-C2149-GAZ-480-6-A-1-v2-Exome-GCP-crai-path"}},{"type":{"coding":[{"code":"DocumentReference"}]},"valueReference":{"reference":"DocumentReference/ad-Blood-Gazda-WES-Sa-C2149-GAZ-480-6-A-1-v2-Exome-GCP-cram-path"}}]}
{"resourceType":"Task","id":"T.Broad-Blood-Gazda-WES-Sa-C2149-GAZ-481-1-A-1-v1-Exome-GCP","status":"accepted","intent":"unknown","input":[{"type":{"coding":[{"code":"Specimen"}]},"valueReference":{"reference":"Specimen/Broad-Blood-Gazda-WES-Sa-C2149-GAZ-481-1-A-1-v1-Exome-GCP"}}],"output":[{"type":{"coding":[{"code":"DocumentReference"}]},"valueReference":{"reference":"DocumentReference/oad-Blood-Gazda-WES-Sa-C2149-GAZ-481-1-A-1-v1-Exome-GCP-md5-path"}},{"type":{"coding":[{"code":"DocumentReference"}]},"valueReference":{"reference":"DocumentReference/ad-Blood-Gazda-WES-Sa-C2149-GAZ-481-1-A-1-v1-Exome-GCP-crai-path"}},{"type":{"coding":[{"code":"DocumentReference"}]},"valueReference":{"reference":"DocumentReference/ad-Blood-Gazda-WES-Sa-C2149-GAZ-481-1-A-1-v1-Exome-GCP-cram-path"}}]}
{"resourceType":"Task","id":"T.Broad-Blood-Gazda-WES-Sa-C2149-GAZ-481-2-A-1-v1-Exome-GCP","status":"accepted","intent":"unknown","input":[{"type":{"coding":[{"code":"Specimen"}]},"valueReference":{"reference":"Specimen/Broad-Blood-Gazda-WES-Sa-C2149-GAZ-481-2-A-1-v1-Exome-GCP"}}],"output":[{"type":{"coding":[{"code":"DocumentReference"}]},"valueReference":{"reference":"DocumentReference/oad-Blood-Gazda-WES-Sa-C2149-GAZ-481-2-A-1-v1-Exome-GCP-md5-path"}},{"type":{"coding":[{"code":"DocumentReference"}]},"valueReference":{"reference":"DocumentReference/ad-Blood-Gazda-WES-Sa-C2149-GAZ-481-2-A-1-v1-Exome-GCP-crai-path"}},{"type":{"coding":[{"code":"DocumentReference"}]},"valueReference":{"reference":"DocumentReference/ad-Blood-Gazda-WES-Sa-C2149-GAZ-481-2-A-1-v1-Exome-GCP-cram-path"}}]}
{"resourceType":"Task","id":"T.Broad-Blood-Gazda-WES-Sa-C2149-GAZ-481-3-A-1-v2-Exome-GCP","status":"accepted","intent":"unknown","input":[{"type":{"coding":[{"code":"Specimen"}]},"valueReference":{"reference":"Specimen/Broad-Blood-Gazda-WES-Sa-C2149-GAZ-481-3-A-1-v2-Exome-GCP"}}],"output":[{"type":{"coding":[{"code":"DocumentReference"}]},"valueReference":{"reference":"DocumentReference/oad-Blood-Gazda-WES-Sa-C2149-GAZ-481-3-A-1-v2-Exome-GCP-md5-path"}},{"type":{"coding":[{"code":"DocumentReference"}]},"valueReference":{"reference":"DocumentReference/ad-Blood-Gazda-WES-Sa-C2149-GAZ-481-3-A-1-v2-Exome-GCP-crai-path"}},{"type":{"coding":[{"code":"DocumentReference"}]},"valueReference":{"reference":"DocumentReference/ad-Blood-Gazda-WES-Sa-C2149-GAZ-481-3-A-1-v2-Exome-GCP-cram-path"}}]}
{"resourceType":"Task","id":"T.Broad-Blood-Gazda-WES-Sa-C2149-GAZ-482-3-A-1-v2-Exome-GCP","status":"accepted","intent":"unknown","input":[{"type":{"coding":[{"code":"Specimen"}]},"valueReference":{"reference":"Specimen/Broad-Blood-Gazda-WES-Sa-C2149-GAZ-482-3-A-1-v2-Exome-GCP"}}],"output":[{"type":{"coding":[{"code":"DocumentReference"}]},"valueReference":{"reference":"DocumentReference/oad-Blood-Gazda-WES-Sa-C2149-GAZ-482-3-A-1-v2-Exome-GCP-md5-path"}},{"type":{"coding":[{"code":"DocumentReference"}]},"valueReference":{"reference":"DocumentReference/ad-Blood-Gazda-WES-Sa-C2149-GAZ-482-3-A-1-v2-Exome-GCP-crai-path"}},{"type":{"coding":[{"code":"DocumentReference"}]},"valueReference":{"reference":"DocumentReference/ad-Blood-Gazda-WES-Sa-C2149-GAZ-482-3-A-1-v2-Exome-GCP-cram-path"}}]}
{"resourceType":"Task","id":"T.Broad-Blood-Gazda-WES-Sa-C2149-GAZ-483-1-A-1-v1-Exome-GCP","status":"accepted","intent":"unknown","input":[{"type":{"coding":[{"code":"Specimen"}]},"valueReference":{"reference":"Specimen/Broad-Blood-Gazda-WES-Sa-C2149-GAZ-483-1-A-1-v1-Exome-GCP"}}],"output":[{"type":{"coding":[{"code":"DocumentReference"}]},"valueReference":{"reference":"DocumentReference/oad-Blood-Gazda-WES-Sa-C2149-GAZ-483-1-A-1-v1-Exome-GCP-md5-path"}},{"type":{"coding":[{"code":"DocumentReference"}]},"valueReference":{"reference":"DocumentReference/ad-Blood-Gazda-WES-Sa-C2149-GAZ-483-1-A-1-v1-Exome-GCP-crai-path"}},{"type":{"coding":[{"code":"DocumentReference"}]},"valueReference":{"reference":"DocumentReference/ad-Blood-Gazda-WES-Sa-C2149-GAZ-483-1-A-1-v1-Exome-GCP-cram-path"}}]}
{"resourceType":"Task","id":"T.Broad-Blood-Gazda-WES-Sa-C2149-GAZ-483-2-A-1-v2-Exome-GCP","status":"accepted","intent":"unknown","input":[{"type":{"coding":[{"code":"Specimen"}]},"valueReference":{"reference":"Specimen/Broad-Blood-Gazda-WES-Sa-C2149-GAZ-483-2-A-1-v2-Exome-GCP"}}],"output":[{"type":{"coding":[{"code":"DocumentReference"}]},"valueReference":{"reference":"DocumentReference/oad-Blood-Gazda-WES-Sa-C2149-GAZ-483-2-A-1-v2-Exome-GCP-md5-path"}},{"type":{"coding":[{"code":"DocumentReference"}]},"valueReference":{"reference":"DocumentReference/ad-Blood-Gazda-WES-Sa-C2149-GAZ-483-2-A-1-v2-Exome-GCP-crai-path"}},{"type":{"coding":[{"code":"DocumentReference"}]},"valueReference":{"reference":"DocumentReference/ad-Blood-Gazda-WES-Sa-C2149-GAZ-483-2-A-1-v2-Exome-GCP-cram-path"}}]}
{"resourceType":"Task","id":"T.Broad-Blood-Gazda-WES-Sa-C2149-GAZ-483-3-A-1-v2-Exome-GCP","status":"accepted","intent":"unknown","input":[{"type":{"coding":[{"code":"Specimen"}]},"valueReference":{"reference":"Specimen/Broad-Blood-Gazda-WES-Sa-C2149-GAZ-483-3-A-1-v2-Exome-GCP"}}],"output":[{"type":{"coding":[{"code":"DocumentReference"}]},"valueReference":{"reference":"DocumentReference/oad-Blood-Gazda-WES-Sa-C2149-GAZ-483-3-A-1-v2-Exome-GCP-md5-path"}},{"type":{"coding":[{"code":"DocumentReference"}]},"valueReference":{"reference":"DocumentReference/ad-Blood-Gazda-WES-Sa-C2149-GAZ-483-3-A-1-v2-Exome-GCP-crai-path"}},{"type":{"coding":[{"code":"DocumentReference"}]},"valueReference":{"reference":"DocumentReference/ad-Blood-Gazda-WES-Sa-C2149-GAZ-483-3-A-1-v2-Exome-GCP-cram-path"}}]}
{"resourceType":"Task","id":"T.Broad-Blood-Gazda-WES-Sa-C2149-GAZ-485-1-A-1-v2-Exome-GCP","status":"accepted","intent":"unknown","input":[{"type":{"coding":[{"code":"Specimen"}]},"valueReference":{"reference":"Specimen/Broad-Blood-Gazda-WES-Sa-C2149-GAZ-485-1-A-1-v2-Exome-GCP"}}],"output":[{"type":{"coding":[{"code":"DocumentReference"}]},"valueReference":{"reference":"DocumentReference/oad-Blood-Gazda-WES-Sa-C2149-GAZ-485-1-A-1-v2-Exome-GCP-md5-path"}},{"type":{"coding":[{"code":"DocumentReference"}]},"valueReference":{"reference":"DocumentReference/ad-Blood-Gazda-WES-Sa-C2149-GAZ-485-1-A-1-v2-Exome-GCP-crai-path"}},{"type":{"coding":[{"code":"DocumentReference"}]},"valueReference":{"reference":"DocumentReference/ad-Blood-Gazda-WES-Sa-C2149-GAZ-485-1-A-1-v2-Exome-GCP-cram-path"}}]}
{"resourceType":"Task","id":"T.Broad-Blood-Gazda-WES-Sa-C2149-GAZ-485-2-A-1-v1-Exome-GCP","status":"accepted","intent":"unknown","input":[{"type":{"coding":[{"code":"Specimen"}]},"valueReference":{"reference":"Specimen/Broad-Blood-Gazda-WES-Sa-C2149-GAZ-485-2-A-1-v1-Exome-GCP"}}],"output":[{"type":{"coding":[{"code":"DocumentReference"}]},"valueReference":{"reference":"DocumentReference/oad-Blood-Gazda-WES-Sa-C2149-GAZ-485-2-A-1-v1-Exome-GCP-md5-path"}},{"type":{"coding":[{"code":"DocumentReference"}]},"valueReference":{"reference":"DocumentReference/ad-Blood-Gazda-WES-Sa-C2149-GAZ-485-2-A-1-v1-Exome-GCP-crai-path"}},{"type":{"coding":[{"code":"DocumentReference"}]},"valueReference":{"reference":"DocumentReference/ad-Blood-Gazda-WES-Sa-C2149-GAZ-485-2-A-1-v1-Exome-GCP-cram-path"}}]}
{"resourceType":"Task","id":"T.Broad-Blood-Gazda-WES-Sa-C2149-GAZ-485-3-A-1-v1-Exome-GCP","status":"accepted","intent":"unknown","input":[{"type":{"coding":[{"code":"Specimen"}]},"valueReference":{"reference":"Specimen/Broad-Blood-Gazda-WES-Sa-C2149-GAZ-485-3-A-1-v1-Exome-GCP"}}],"output":[{"type":{"coding":[{"code":"DocumentReference"}]},"valueReference":{"reference":"DocumentReference/oad-Blood-Gazda-WES-Sa-C2149-GAZ-485-3-A-1-v1-Exome-GCP-md5-path"}},{"type":{"coding":[{"code":"DocumentReference"}]},"valueReference":{"reference":"DocumentReference/ad-Blood-Gazda-WES-Sa-C2149-GAZ-485-3-A-1-v1-Exome-GCP-crai-path"}},{"type":{"coding":[{"code":"DocumentReference"}]},"valueReference":{"reference":"DocumentReference/ad-Blood-Gazda-WES-Sa-C2149-GAZ-485-3-A-1-v1-Exome-GCP-cram-path"}}]}
{"resourceType":"Task","id":"T.Broad-Blood-Gazda-WES-Sa-C2149-GAZ-486-1-A-1-v1-Exome-GCP","status":"accepted","intent":"unknown","input":[{"type":{"coding":[{"code":"Specimen"}]},"valueReference":{"reference":"Specimen/Broad-Blood-Gazda-WES-Sa-C2149-GAZ-486-1-A-1-v1-Exome-GCP"}}],"output":[{"type":{"coding":[{"code":"DocumentReference"}]},"valueReference":{"reference":"DocumentReference/oad-Blood-Gazda-WES-Sa-C2149-GAZ-486-1-A-1-v1-Exome-GCP-md5-path"}},{"type":{"coding":[{"code":"DocumentReference"}]},"valueReference":{"reference":"DocumentReference/ad-Blood-Gazda-WES-Sa-C2149-GAZ-486-1-A-1-v1-Exome-GCP-crai-path"}},{"type":{"coding":[{"code":"DocumentReference"}]},"valueReference":{"reference":"DocumentReference/ad-Blood-Gazda-WES-Sa-C2149-GAZ-486-1-A-1-v1-Exome-GCP-cram-path"}}]}
{"resourceType":"Task","id":"T.Broad-Blood-Gazda-WES-Sa-C2149-GAZ-486-2-A-1-v1-Exome-GCP","status":"accepted","intent":"unknown","input":[{"type":{"coding":[{"code":"Specimen"}]},"valueReference":{"reference":"Specimen/Broad-Blood-Gazda-WES-Sa-C2149-GAZ-486-2-A-1-v1-Exome-GCP"}}],"output":[{"type":{"coding":[{"code":"DocumentReference"}]},"valueReference":{"reference":"DocumentReference/oad-Blood-Gazda-WES-Sa-C2149-GAZ-486-2-A-1-v1-Exome-GCP-md5-path"}},{"type":{"coding":[{"code":"DocumentReference"}]},"valueReference":{"reference":"DocumentReference/ad-Blood-Gazda-WES-Sa-C2149-GAZ-486-2-A-1-v1-Exome-GCP-crai-path"}},{"type":{"coding":[{"code":"DocumentReference"}]},"valueReference":{"reference":"DocumentReference/ad-Blood-Gazda-WES-Sa-C2149-GAZ-486-2-A-1-v1-Exome-GCP-cram-path"}}]}
{"resourceType":"Task","id":"T.Broad-Blood-Gazda-WES-Sa-C2149-GAZ-486-3-A-1-v1-Exome-GCP","status":"accepted","intent":"unknown","input":[{"type":{"coding":[{"code":"Specimen"}]},"valueReference":{"reference":"Specimen/Broad-Blood-Gazda-WES-Sa-C2149-GAZ-486-3-A-1-v1-Exome-GCP"}}],"output":[{"type":{"coding":[{"code":"DocumentReference"}]},"valueReference":{"reference":"DocumentReference/oad-Blood-Gazda-WES-Sa-C2149-GAZ-486-3-A-1-v1-Exome-GCP-md5-path"}},{"type":{"coding":[{"code":"DocumentReference"}]},"valueReference":{"reference":"DocumentReference/ad-Blood-Gazda-WES-Sa-C2149-GAZ-486-3-A-1-v1-Exome-GCP-crai-path"}},{"type":{"coding":[{"code":"DocumentReference"}]},"valueReference":{"reference":"DocumentReference/ad-Blood-Gazda-WES-Sa-C2149-GAZ-486-3-A-1-v1-Exome-GCP-cram-path"}}]}
{"resourceType":"Task","id":"T.Broad-Blood-Gazda-WES-Sa-C2149-GAZ-488-3-A-1-v1-Exome-GCP","status":"accepted","intent":"unknown","input":[{"type":{"coding":[{"code":"Specimen"}]},"valueReference":{"reference":"Specimen/Broad-Blood-Gazda-WES-Sa-C2149-GAZ-488-3-A-1-v1-Exome-GCP"}}],"output":[{"type":{"coding":[{"code":"DocumentReference"}]},"valueReference":{"reference":"DocumentReference/oad-Blood-Gazda-WES-Sa-C2149-GAZ-488-3-A-1-v1-Exome-GCP-md5-path"}},{"type":{"coding":[{"code":"DocumentReference"}]},"valueReference":{"reference":"DocumentReference/ad-Blood-Gazda-WES-Sa-C2149-GAZ-488-3-A-1-v1-Exome-GCP-crai-path"}},{"type":{"coding":[{"code":"DocumentReference"}]},"valueReference":{"reference":"DocumentReference/ad-Blood-Gazda-WES-Sa-C2149-GAZ-488-3-A-1-v1-Exome-GCP-cram-path"}}]}
{"resourceType":"Task","id":"T.Broad-Blood-Gazda-WES-Sa-C2149-GAZ-489-3-A-1-v1-Exome-GCP","status":"accepted","intent":"unknown","input":[{"type":{"coding":[{"code":"Specimen"}]},"valueReference":{"reference":"Specimen/Broad-Blood-Gazda-WES-Sa-C2149-GAZ-489-3-A-1-v1-Exome-GCP"}}],"output":[{"type":{"coding":[{"code":"DocumentReference"}]},"valueReference":{"reference":"DocumentReference/oad-Blood-Gazda-WES-Sa-C2149-GAZ-489-3-A-1-v1-Exome-GCP-md5-path"}},{"type":{"coding":[{"code":"DocumentReference"}]},"valueReference":{"reference":"DocumentReference/ad-Blood-Gazda-WES-Sa-C2149-GAZ-489-3-A-1-v1-Exome-GCP-crai-path"}},{"type":{"coding":[{"code":"DocumentReference"}]},"valueReference":{"reference":"DocumentReference/ad-Blood-Gazda-WES-Sa-C2149-GAZ-489-3-A-1-v1-Exome-GCP-cram-path"}}]}
{"resourceType":"Task","id":"T.Broad-Blood-Gazda-WES-Sa-C2149-GAZ-494-1-A-1-v1-Exome-GCP","status":"accepted","intent":"unknown","input":[{"type":{"coding":[{"code":"Specimen"}]},"valueReference":{"reference":"Specimen/Broad-Blood-Gazda-WES-Sa-C2149-GAZ-494-1-A-1-v1-Exome-GCP"}}],"output":[{"type":{"coding":[{"code":"DocumentReference"}]},"valueReference":{"reference":"DocumentReference/oad-Blood-Gazda-WES-Sa-C2149-GAZ-494-1-A-1-v1-Exome-GCP-md5-path"}},{"type":{"coding":[{"code":"DocumentReference"}]},"valueReference":{"reference":"DocumentReference/ad-Blood-Gazda-WES-Sa-C2149-GAZ-494-1-A-1-v1-Exome-GCP-crai-path"}},{"type":{"coding":[{"code":"DocumentReference"}]},"valueReference":{"reference":"DocumentReference/ad-Blood-Gazda-WES-Sa-C2149-GAZ-494-1-A-1-v1-Exome-GCP-cram-path"}}]}
{"resourceType":"Task","id":"T.Broad-Blood-Gazda-WES-Sa-C2149-GAZ-494-2-A-1-v1-Exome-GCP","status":"accepted","intent":"unknown","input":[{"type":{"coding":[{"code":"Specimen"}]},"valueReference":{"reference":"Specimen/Broad-Blood-Gazda-WES-Sa-C2149-GAZ-494-2-A-1-v1-Exome-GCP"}}],"output":[{"type":{"coding":[{"code":"DocumentReference"}]},"valueReference":{"reference":"DocumentReference/oad-Blood-Gazda-WES-Sa-C2149-GAZ-494-2-A-1-v1-Exome-GCP-md5-path"}},{"type":{"coding":[{"code":"DocumentReference"}]},"valueReference":{"reference":"DocumentReference/ad-Blood-Gazda-WES-Sa-C2149-GAZ-494-2-A-1-v1-Exome-GCP-crai-path"}},{"type":{"coding":[{"code":"DocumentReference"}]},"valueReference":{"reference":"DocumentReference/ad-Blood-Gazda-WES-Sa-C2149-GAZ-494-2-A-1-v1-Exome-GCP-cram-path"}}]}
{"resourceType":"Task","id":"T.Broad-Blood-Gazda-WES-Sa-C2149-GAZ-494-3-A-1-v1-Exome-GCP","status":"accepted","intent":"unknown","input":[{"type":{"coding":[{"code":"Specimen"}]},"valueReference":{"reference":"Specimen/Broad-Blood-Gazda-WES-Sa-C2149-GAZ-494-3-A-1-v1-Exome-GCP"}}],"output":[{"type":{"coding":[{"code":"DocumentReference"}]},"valueReference":{"reference":"DocumentReference/oad-Blood-Gazda-WES-Sa-C2149-GAZ-494-3-A-1-v1-Exome-GCP-md5-path"}},{"type":{"coding":[{"code":"DocumentReference"}]},"valueReference":{"reference":"DocumentReference/ad-Blood-Gazda-WES-Sa-C2149-GAZ-494-3-A-1-v1-Exome-GCP-crai-path"}},{"type":{"coding":[{"code":"DocumentReference"}]},"valueReference":{"reference":"DocumentReference/ad-Blood-Gazda-WES-Sa-C2149-GAZ-494-3-A-1-v1-Exome-GCP-cram-path"}}]}
{"resourceType":"Task","id":"T.Broad-Blood-Gazda-WES-Sa-C2149-GAZ-495-1-A-1-v1-Exome-GCP","status":"accepted","intent":"unknown","input":[{"type":{"coding":[{"code":"Specimen"}]},"valueReference":{"reference":"Specimen/Broad-Blood-Gazda-WES-Sa-C2149-GAZ-495-1-A-1-v1-Exome-GCP"}}],"output":[{"type":{"coding":[{"code":"DocumentReference"}]},"valueReference":{"reference":"DocumentReference/oad-Blood-Gazda-WES-Sa-C2149-GAZ-495-1-A-1-v1-Exome-GCP-md5-path"}},{"type":{"coding":[{"code":"DocumentReference"}]},"valueReference":{"reference":"DocumentReference/ad-Blood-Gazda-WES-Sa-C2149-GAZ-495-1-A-1-v1-Exome-GCP-crai-path"}},{"type":{"coding":[{"code":"DocumentReference"}]},"valueReference":{"reference":"DocumentReference/ad-Blood-Gazda-WES-Sa-C2149-GAZ-495-1-A-1-v1-Exome-GCP-cram-path"}}]}
{"resourceType":"Task","id":"T.Broad-Blood-Gazda-WES-Sa-C2149-GAZ-495-2-A-1-v1-Exome-GCP","status":"accepted","intent":"unknown","input":[{"type":{"coding":[{"code":"Specimen"}]},"valueReference":{"reference":"Specimen/Broad-Blood-Gazda-WES-Sa-C2149-GAZ-495-2-A-1-v1-Exome-GCP"}}],"output":[{"type":{"coding":[{"code":"DocumentReference"}]},"valueReference":{"reference":"DocumentReference/oad-Blood-Gazda-WES-Sa-C2149-GAZ-495-2-A-1-v1-Exome-GCP-md5-path"}},{"type":{"coding":[{"code":"DocumentReference"}]},"valueReference":{"reference":"DocumentReference/ad-Blood-Gazda-WES-Sa-C2149-GAZ-495-2-A-1-v1-Exome-GCP-crai-path"}},{"type":{"coding":[{"code":"DocumentReference"}]},"valueReference":{"reference":"DocumentReference/ad-Blood-Gazda-WES-Sa-C2149-GAZ-495-2-A-1-v1-Exome-GCP-cram-path"}}]}
{"resourceType":"Task","id":"T.Broad-Blood-Gazda-WES-Sa-C2149-GAZ-495-3-A-1-v1-Exome-GCP","status":"accepted","intent":"unknown","input":[{"type":{"coding":[{"code":"Specimen"}]},"valueReference":{"reference":"Specimen/Broad-Blood-Gazda-WES-Sa-C2149-GAZ-495-3-A-1-v1-Exome-GCP"}}],"output":[{"type":{"coding":[{"code":"DocumentReference"}]},"valueReference":{"reference":"DocumentReference/oad-Blood-Gazda-WES-Sa-C2149-GAZ-495-3-A-1-v1-Exome-GCP-md5-path"}},{"type":{"coding":[{"code":"DocumentReference"}]},"valueReference":{"reference":"DocumentReference/ad-Blood-Gazda-WES-Sa-C2149-GAZ-495-3-A-1-v1-Exome-GCP-crai-path"}},{"type":{"coding":[{"code":"DocumentReference"}]},"valueReference":{"reference":"DocumentReference/ad-Blood-Gazda-WES-Sa-C2149-GAZ-495-3-A-1-v1-Exome-GCP-cram-path"}}]}
{"resourceType":"Task","id":"T.Broad-Blood-Gazda-WES-Sa-C2149-GAZ-496-1-A-1-v1-Exome-GCP","status":"accepted","intent":"unknown","input":[{"type":{"coding":[{"code":"Specimen"}]},"valueReference":{"reference":"Specimen/Broad-Blood-Gazda-WES-Sa-C2149-GAZ-496-1-A-1-v1-Exome-GCP"}}],"output":[{"type":{"coding":[{"code":"DocumentReference"}]},"valueReference":{"reference":"DocumentReference/oad-Blood-Gazda-WES-Sa-C2149-GAZ-496-1-A-1-v1-Exome-GCP-md5-path"}},{"type":{"coding":[{"code":"DocumentReference"}]},"valueReference":{"reference":"DocumentReference/ad-Blood-Gazda-WES-Sa-C2149-GAZ-496-1-A-1-v1-Exome-GCP-crai-path"}},{"type":{"coding":[{"code":"DocumentReference"}]},"valueReference":{"reference":"DocumentReference/ad-Blood-Gazda-WES-Sa-C2149-GAZ-496-1-A-1-v1-Exome-GCP-cram-path"}}]}
{"resourceType":"Task","id":"T.Broad-Blood-Gazda-WES-Sa-C2149-GAZ-496-2-A-1-v1-Exome-GCP","status":"accepted","intent":"unknown","input":[{"type":{"coding":[{"code":"Specimen"}]},"valueReference":{"reference":"Specimen/Broad-Blood-Gazda-WES-Sa-C2149-GAZ-496-2-A-1-v1-Exome-GCP"}}],"output":[{"type":{"coding":[{"code":"DocumentReference"}]},"valueReference":{"reference":"DocumentReference/oad-Blood-Gazda-WES-Sa-C2149-GAZ-496-2-A-1-v1-Exome-GCP-md5-path"}},{"type":{"coding":[{"code":"DocumentReference"}]},"valueReference":{"reference":"DocumentReference/ad-Blood-Gazda-WES-Sa-C2149-GAZ-496-2-A-1-v1-Exome-GCP-crai-path"}},{"type":{"coding":[{"code":"DocumentReference"}]},"valueReference":{"reference":"DocumentReference/ad-Blood-Gazda-WES-Sa-C2149-GAZ-496-2-A-1-v1-Exome-GCP-cram-path"}}]}
{"resourceType":"Task","id":"T.Broad-Blood-Gazda-WES-Sa-C2149-GAZ-496-3-A-1-v2-Exome-GCP","status":"accepted","intent":"unknown","input":[{"type":{"coding":[{"code":"Specimen"}]},"valueReference":{"reference":"Specimen/Broad-Blood-Gazda-WES-Sa-C2149-GAZ-496-3-A-1-v2-Exome-GCP"}}],"output":[{"type":{"coding":[{"code":"DocumentReference"}]},"valueReference":{"reference":"DocumentReference/oad-Blood-Gazda-WES-Sa-C2149-GAZ-496-3-A-1-v2-Exome-GCP-md5-path"}},{"type":{"coding":[{"code":"DocumentReference"}]},"valueReference":{"reference":"DocumentReference/ad-Blood-Gazda-WES-Sa-C2149-GAZ-496-3-A-1-v2-Exome-GCP-crai-path"}},{"type":{"coding":[{"code":"DocumentReference"}]},"valueReference":{"reference":"DocumentReference/ad-Blood-Gazda-WES-Sa-C2149-GAZ-496-3-A-1-v2-Exome-GCP-cram-path"}}]}
{"resourceType":"Task","id":"T.Broad-Blood-Gazda-WES-Sa-C2149-GAZ-497-1-A-1-v1-Exome-GCP","status":"accepted","intent":"unknown","input":[{"type":{"coding":[{"code":"Specimen"}]},"valueReference":{"reference":"Specimen/Broad-Blood-Gazda-WES-Sa-C2149-GAZ-497-1-A-1-v1-Exome-GCP"}}],"output":[{"type":{"coding":[{"code":"DocumentReference"}]},"valueReference":{"reference":"DocumentReference/oad-Blood-Gazda-WES-Sa-C2149-GAZ-497-1-A-1-v1-Exome-GCP-md5-path"}},{"type":{"coding":[{"code":"DocumentReference"}]},"valueReference":{"reference":"DocumentReference/ad-Blood-Gazda-WES-Sa-C2149-GAZ-497-1-A-1-v1-Exome-GCP-crai-path"}},{"type":{"coding":[{"code":"DocumentReference"}]},"valueReference":{"reference":"DocumentReference/ad-Blood-Gazda-WES-Sa-C2149-GAZ-497-1-A-1-v1-Exome-GCP-cram-path"}}]}
{"resourceType":"Task","id":"T.Broad-Blood-Gazda-WES-Sa-C2149-GAZ-497-2-A-1-v1-Exome-GCP","status":"accepted","intent":"unknown","input":[{"type":{"coding":[{"code":"Specimen"}]},"valueReference":{"reference":"Specimen/Broad-Blood-Gazda-WES-Sa-C2149-GAZ-497-2-A-1-v1-Exome-GCP"}}],"output":[{"type":{"coding":[{"code":"DocumentReference"}]},"valueReference":{"reference":"DocumentReference/oad-Blood-Gazda-WES-Sa-C2149-GAZ-497-2-A-1-v1-Exome-GCP-md5-path"}},{"type":{"coding":[{"code":"DocumentReference"}]},"valueReference":{"reference":"DocumentReference/ad-Blood-Gazda-WES-Sa-C2149-GAZ-497-2-A-1-v1-Exome-GCP-crai-path"}},{"type":{"coding":[{"code":"DocumentReference"}]},"valueReference":{"reference":"DocumentReference/ad-Blood-Gazda-WES-Sa-C2149-GAZ-497-2-A-1-v1-Exome-GCP-cram-path"}}]}
{"resourceType":"Task","id":"T.Broad-Blood-Gazda-WES-Sa-C2149-GAZ-497-3-A-1-v1-Exome-GCP","status":"accepted","intent":"unknown","input":[{"type":{"coding":[{"code":"Specimen"}]},"valueReference":{"reference":"Specimen/Broad-Blood-Gazda-WES-Sa-C2149-GAZ-497-3-A-1-v1-Exome-GCP"}}],"output":[{"type":{"coding":[{"code":"DocumentReference"}]},"valueReference":{"reference":"DocumentReference/oad-Blood-Gazda-WES-Sa-C2149-GAZ-497-3-A-1-v1-Exome-GCP-md5-path"}},{"type":{"coding":[{"code":"DocumentReference"}]},"valueReference":{"reference":"DocumentReference/ad-Blood-Gazda-WES-Sa-C2149-GAZ-497-3-A-1-v1-Exome-GCP-crai-path"}},{"type":{"coding":[{"code":"DocumentReference"}]},"valueReference":{"reference":"DocumentReference/ad-Blood-Gazda-WES-Sa-C2149-GAZ-497-3-A-1-v1-Exome-GCP-cram-path"}}]}
{"resourceType":"Task","id":"T.Broad-Blood-Gazda-WES-Sa-C2149-GAZ-498-1-A-1-v1-Exome-GCP","status":"accepted","intent":"unknown","input":[{"type":{"coding":[{"code":"Specimen"}]},"valueReference":{"reference":"Specimen/Broad-Blood-Gazda-WES-Sa-C2149-GAZ-498-1-A-1-v1-Exome-GCP"}}],"output":[{"type":{"coding":[{"code":"DocumentReference"}]},"valueReference":{"reference":"DocumentReference/oad-Blood-Gazda-WES-Sa-C2149-GAZ-498-1-A-1-v1-Exome-GCP-md5-path"}},{"type":{"coding":[{"code":"DocumentReference"}]},"valueReference":{"reference":"DocumentReference/ad-Blood-Gazda-WES-Sa-C2149-GAZ-498-1-A-1-v1-Exome-GCP-crai-path"}},{"type":{"coding":[{"code":"DocumentReference"}]},"valueReference":{"reference":"DocumentReference/ad-Blood-Gazda-WES-Sa-C2149-GAZ-498-1-A-1-v1-Exome-GCP-cram-path"}}]}
{"resourceType":"Task","id":"T.Broad-Blood-Gazda-WES-Sa-C2149-GAZ-498-2-A-1-v1-Exome-GCP","status":"accepted","intent":"unknown","input":[{"type":{"coding":[{"code":"Specimen"}]},"valueReference":{"reference":"Specimen/Broad-Blood-Gazda-WES-Sa-C2149-GAZ-498-2-A-1-v1-Exome-GCP"}}],"output":[{"type":{"coding":[{"code":"DocumentReference"}]},"valueReference":{"reference":"DocumentReference/oad-Blood-Gazda-WES-Sa-C2149-GAZ-498-2-A-1-v1-Exome-GCP-md5-path"}},{"type":{"coding":[{"code":"DocumentReference"}]},"valueReference":{"reference":"DocumentReference/ad-Blood-Gazda-WES-Sa-C2149-GAZ-498-2-A-1-v1-Exome-GCP-crai-path"}},{"type":{"coding":[{"code":"DocumentReference"}]},"valueReference":{"reference":"DocumentReference/ad-Blood-Gazda-WES-Sa-C2149-GAZ-498-2-A-1-v1-Exome-GCP-cram-path"}}]}
{"resourceType":"Task","id":"T.Broad-Blood-Gazda-WES-Sa-C2149-GAZ-498-3-A-1-v1-Exome-GCP","status":"accepted","intent":"unknown","input":[{"type":{"coding":[{"code":"Specimen"}]},"valueReference":{"reference":"Specimen/Broad-Blood-Gazda-WES-Sa-C2149-GAZ-498-3-A-1-v1-Exome-GCP"}}],"output":[{"type":{"coding":[{"code":"DocumentReference"}]},"valueReference":{"reference":"DocumentReference/oad-Blood-Gazda-WES-Sa-C2149-GAZ-498-3-A-1-v1-Exome-GCP-md5-path"}},{"type":{"coding":[{"code":"DocumentReference"}]},"valueReference":{"reference":"DocumentReference/ad-Blood-Gazda-WES-Sa-C2149-GAZ-498-3-A-1-v1-Exome-GCP-crai-path"}},{"type":{"coding":[{"code":"DocumentReference"}]},"valueReference":{"reference":"DocumentReference/ad-Blood-Gazda-WES-Sa-C2149-GAZ-498-3-A-1-v1-Exome-GCP-cram-path"}}]}
{"resourceType":"Task","id":"T.Broad-Blood-Gazda-WES-Sa-C2149-GAZ-499-1-A-1-v1-Exome-GCP","status":"accepted","intent":"unknown","input":[{"type":{"coding":[{"code":"Specimen"}]},"valueReference":{"reference":"Specimen/Broad-Blood-Gazda-WES-Sa-C2149-GAZ-499-1-A-1-v1-Exome-GCP"}}],"output":[{"type":{"coding":[{"code":"DocumentReference"}]},"valueReference":{"reference":"DocumentReference/oad-Blood-Gazda-WES-Sa-C2149-GAZ-499-1-A-1-v1-Exome-GCP-md5-path"}},{"type":{"coding":[{"code":"DocumentReference"}]},"valueReference":{"reference":"DocumentReference/ad-Blood-Gazda-WES-Sa-C2149-GAZ-499-1-A-1-v1-Exome-GCP-crai-path"}},{"type":{"coding":[{"code":"DocumentReference"}]},"valueReference":{"reference":"DocumentReference/ad-Blood-Gazda-WES-Sa-C2149-GAZ-499-1-A-1-v1-Exome-GCP-cram-path"}}]}
{"resourceType":"Task","id":"T.Broad-Blood-Gazda-WES-Sa-C2149-GAZ-499-2-A-1-v1-Exome-GCP","status":"accepted","intent":"unknown","input":[{"type":{"coding":[{"code":"Specimen"}]},"valueReference":{"reference":"Specimen/Broad-Blood-Gazda-WES-Sa-C2149-GAZ-499-2-A-1-v1-Exome-GCP"}}],"output":[{"type":{"coding":[{"code":"DocumentReference"}]},"valueReference":{"reference":"DocumentReference/oad-Blood-Gazda-WES-Sa-C2149-GAZ-499-2-A-1-v1-Exome-GCP-md5-path"}},{"type":{"coding":[{"code":"DocumentReference"}]},"valueReference":{"reference":"DocumentReference/ad-Blood-Gazda-WES-Sa-C2149-GAZ-499-2-A-1-v1-Exome-GCP-crai-path"}},{"type":{"coding":[{"code":"DocumentReference"}]},"valueReference":{"reference":"DocumentReference/ad-Blood-Gazda-WES-Sa-C2149-GAZ-499-2-A-1-v1-Exome-GCP-cram-path"}}]}
{"resourceType":"Task","id":"T.Broad-Blood-Gazda-WES-Sa-C2149-GAZ-499-3-A-1-v1-Exome-GCP","status":"accepted","intent":"unknown","input":[{"type":{"coding":[{"code":"Specimen"}]},"valueReference":{"reference":"Specimen/Broad-Blood-Gazda-WES-Sa-C2149-GAZ-499-3-A-1-v1-Exome-GCP"}}],"output":[{"type":{"coding":[{"code":"DocumentReference"}]},"valueReference":{"reference":"DocumentReference/oad-Blood-Gazda-WES-Sa-C2149-GAZ-499-3-A-1-v1-Exome-GCP-md5-path"}},{"type":{"coding":[{"code":"DocumentReference"}]},"valueReference":{"reference":"DocumentReference/ad-Blood-Gazda-WES-Sa-C2149-GAZ-499-3-A-1-v1-Exome-GCP-crai-path"}},{"type":{"coding":[{"code":"DocumentReference"}]},"valueReference":{"reference":"DocumentReference/ad-Blood-Gazda-WES-Sa-C2149-GAZ-499-3-A-1-v1-Exome-GCP-cram-path"}}]}
