{"resourceType":"Observation","id":"IL-CMG-Broad-Heart-Ware-WES-Su-ICCV-458-10CC06258-01-OMIM-607015","meta":{"profile":["http://fhir.ncpi-project-forge.io/StructureDefinition/ncpi-phenotype"]},"identifier":[{"system":"urn:ncpi:unique-string","value":"IL-CMG-Broad-Heart-Ware-WES-Su-ICCV-458-10CC06258-01-OMIM-607015"}],"status":"final","code":{"coding":[{"system":"http://purl.obolibrary.org/obo/omim.owl","code":"OMIM:607015","display":"HURLER-SCHEIE SYNDROME"}],"text":"HURLER-SCHEIE SYNDROME"},"subject":{"reference":"Patient/P.AnVIL-CMG-Broad-Heart-Ware-WES-Su-ICCV-458-10CC06258-01"},"valueCodeableConcept":{"coding":[{"system":"http://snomed.info/sct","code":"373573001","display":"Clinical finding present (situation)"}],"text":"Phenotype Present"},"interpretation":[{"coding":[{"system":"http://terminology.hl7.org/CodeSystem/v3-ObservationInterpretation","code":"POS","display":"Positive"}],"text":"Present"}],"extension":[]}
{"resourceType":"Observation","id":"IL-CMG-Broad-Heart-Ware-WES-Su-ICCV-458-10DC06257-01-OMIM-607015","meta":{"profile":["http://fhir.ncpi-project-forge.io/StructureDefinition/ncpi-phenotype"]},"identifier":[{"system":"urn:ncpi:unique-string","value":"IL-CMG-Broad-Heart-Ware-WES-Su-ICCV-458-10DC06257-01-OMIM-607015"}],"status":"final","code":{"coding":[{"system":"http://purl.obolibrary.org/obo/omim.owl","code":"OMIM:607015","display":"HURLER-SCHEIE SYNDROME"}],"text":"HURLER-SCHEIE SYNDROME"},"subject":{"reference":"Patient/P.AnVIL-CMG-Broad-Heart-Ware-WES-Su-ICCV-458-10DC06257-01"},"valueCodeableConcept":{"coding":[{"system":"http://snomed.info/sct","code":"373573001","display":"Clinical finding present (situation)"}],"text":"Phenotype Present"},"interpretation":[{"coding":[{"system":"http://terminology.hl7.org/CodeSystem/v3-ObservationInterpretation","code":"POS","display":"Positive"}],"text":"Present"}],"extension":[]}
{"resourceType":"Observation","id":"IL-CMG-Broad-Heart-Ware-WES-Su-ICCV-458-10JS06256-01-OMIM-607015","meta":{"profile":["http://fhir.ncpi-project-forge.io/StructureDefinition/ncpi-phenotype"]},"identifier":[{"system":"urn:ncpi:unique-string","value":"IL-CMG-Broad-Heart-Ware-WES-Su-ICCV-458-10JS06256-01-OMIM-607015"}],"status":"final","code":{"coding":[{"system":"http://purl.obolibrary.org/obo/omim.owl","code":"OMIM:607015","display":"HURLER-SCHEIE SYNDROME"}],"text":"HURLER-SCHEIE SYNDROME"},"subject":{"reference":"Patient/P.AnVIL-CMG-Broad-Heart-Ware-WES-Su-ICCV-458-10JS06256-01"},"valueCodeableConcept":{"coding":[{"system":"http://snomed.info/sct","code":"373573001","display":"Clinical finding present (situation)"}],"text":"Phenotype Present"},"interpretation":[{"coding":[{"system":"http://terminology.hl7.org/CodeSystem/v3-ObservationInterpretation","code":"POS","display":"Positive"}],"text":"Present"}],"extension":[]}
