{"resourceType":"ResearchSubject","id":"P.AnVIL-CMG-Broad-Heart-Ware-WES-Su-ICCV-199-10DB03553-01","meta":{"profile":["http://hl7.org/fhir/StructureDefinition/ResearchSubject"]},"identifier":[{"system":"https://anvil.terra.bio/#workspaces/anvil-datastorage/AnVIL_CMG_Broad_Heart_Ware_WES","value":"AnVIL_CMG_Broad_Heart_Ware_WES/Su/ICCV_199_10DB03553_01"},{"system":"urn:ncpi:unique-string","value":"P.AnVIL-CMG-Broad-Heart-Ware-WES-Su-ICCV-199-10DB03553-01"}],"status":"off-study","study":{"reference":"ResearchStudy/AnVIL-CMG-Broad-Heart-Ware-WES"},"individual":{"reference":"Patient/P.AnVIL-CMG-Broad-Heart-Ware-WES-Su-ICCV-199-10DB03553-01"}}
{"resourceType":"ResearchSubject","id":"P.AnVIL-CMG-Broad-Heart-Ware-WES-Su-ICCV-199-10DB03554-01","meta":{"profile":["http://hl7.org/fhir/StructureDefinition/ResearchSubject"]},"identifier":[{"system":"https://anvil.terra.bio/#workspaces/anvil-datastorage/AnVIL_CMG_Broad_Heart_Ware_WES","value":"AnVIL_CMG_Broad_Heart_Ware_WES/Su/ICCV_199_10DB03554_01"},{"system":"urn:ncpi:unique-string","value":"P.AnVIL-CMG-Broad-Heart-Ware-WES-Su-ICCV-199-10DB03554-01"}],"status":"off-study","study":{"reference":"ResearchStudy/AnVIL-CMG-Broad-Heart-Ware-WES"},"individual":{"reference":"Patient/P.AnVIL-CMG-Broad-Heart-Ware-WES-Su-ICCV-199-10DB03554-01"}}
{"resourceType":"ResearchSubject","id":"P.AnVIL-CMG-Broad-Heart-Ware-WES-Su-ICCV-199-10NB03555-01","meta":{"profile":["http://hl7.org/fhir/StructureDefinition/ResearchSubject"]},"identifier":[{"system":"https://anvil.terra.bio/#workspaces/anvil-datastorage/AnVIL_CMG_Broad_Heart_Ware_WES","value":"AnVIL_CMG_Broad_Heart_Ware_WES/Su/ICCV_199_10NB03555_01"},{"system":"urn:ncpi:unique-string","value":"P.AnVIL-CMG-Broad-Heart-Ware-WES-Su-ICCV-199-10NB03555-01"}],"status":"off-study","study":{"reference":"ResearchStudy/AnVIL-CMG-Broad-Heart-Ware-WES"},"individual":{"reference":"Patient/P.AnVIL-CMG-Broad-Heart-Ware-WES-Su-ICCV-199-10NB03555-01"}}
{"resourceType":"ResearchSubject","id":"P.AnVIL-CMG-Broad-Heart-Ware-WES-Su-ICCV-447-10RB05666-01","meta":{"profile":["http://hl7.org/fhir/StructureDefinition/ResearchSubject"]},"identifier":[{"system":"https://anvil.terra.bio/#workspaces/anvil-datastorage/AnVIL_CMG_Broad_Heart_Ware_WES","value":"AnVIL_CMG_Broad_Heart_Ware_WES/Su/ICCV_447_10RB05666_01"},{"system":"urn:ncpi:unique-string","value":"P.AnVIL-CMG-Broad-Heart-Ware-WES-Su-ICCV-447-10RB05666-01"}],"status":"off-study","study":{"reference":"ResearchStudy/AnVIL-CMG-Broad-Heart-Ware-WES"},"individual":{"reference":"Patient/P.AnVIL-CMG-Broad-Heart-Ware-WES-Su-ICCV-447-10RB05666-01"}}
{"resourceType":"ResearchSubject","id":"P.AnVIL-CMG-Broad-Heart-Ware-WES-Su-ICCV-447-10RB05668-01","meta":{"profile":["http://hl7.org/fhir/StructureDefinition/ResearchSubject"]},"identifier":[{"system":"https://anvil.terra.bio/#workspaces/anvil-datastorage/AnVIL_CMG_Broad_Heart_Ware_WES","value":"AnVIL_CMG_Broad_Heart_Ware_WES/Su/ICCV_447_10RB05668_01"},{"system":"urn:ncpi:unique-string","value":"P.AnVIL-CMG-Broad-Heart-Ware-WES-Su-ICCV-447-10RB05668-01"}],"status":"off-study","study":{"reference":"ResearchStudy/AnVIL-CMG-Broad-Heart-Ware-WES"},"individual":{"reference":"Patient/P.AnVIL-CMG-Broad-Heart-Ware-WES-Su-ICCV-447-10RB05668-01"}}
{"resourceType":"ResearchSubject","id":"P.AnVIL-CMG-Broad-Heart-Ware-WES-Su-ICCV-447-10SB05667-01","meta":{"profile":["http://hl7.org/fhir/StructureDefinition/ResearchSubject"]},"identifier":[{"system":"https://anvil.terra.bio/#workspaces/anvil-datastorage/AnVIL_CMG_Broad_Heart_Ware_WES","value":"AnVIL_CMG_Broad_Heart_Ware_WES/Su/ICCV_447_10SB05667_01"},{"system":"urn:ncpi:unique-string","value":"P.AnVIL-CMG-Broad-Heart-Ware-WES-Su-ICCV-447-10SB05667-01"}],"status":"off-study","study":{"reference":"ResearchStudy/AnVIL-CMG-Broad-Heart-Ware-WES"},"individual":{"reference":"Patient/P.AnVIL-CMG-Broad-Heart-Ware-WES-Su-ICCV-447-10SB05667-01"}}
{"resourceType":"ResearchSubject","id":"P.AnVIL-CMG-Broad-Heart-Ware-WES-Su-ICCV-453-10LH05764-01","meta":{"profile":["http://hl7.org/fhir/StructureDefinition/ResearchSubject"]},"identifier":[{"system":"https://anvil.terra.bio/#workspaces/anvil-datastorage/AnVIL_CMG_Broad_Heart_Ware_WES","value":"AnVIL_CMG_Broad_Heart_Ware_WES/Su/ICCV_453_10LH05764_01"},{"system":"urn:ncpi:unique-string","value":"P.AnVIL-CMG-Broad-Heart-Ware-WES-Su-ICCV-453-10LH05764-01"}],"status":"off-study","study":{"reference":"ResearchStudy/AnVIL-CMG-Broad-Heart-Ware-WES"},"individual":{"reference":"Patient/P.AnVIL-CMG-Broad-Heart-Ware-WES-Su-ICCV-453-10LH05764-01"}}
{"resourceType":"ResearchSubject","id":"P.AnVIL-CMG-Broad-Heart-Ware-WES-Su-ICCV-458-10CC06258-01","meta":{"profile":["http://hl7.org/fhir/StructureDefinition/ResearchSubject"]},"identifier":[{"system":"https://anvil.terra.bio/#workspaces/anvil-datastorage/AnVIL_CMG_Broad_Heart_Ware_WES","value":"AnVIL_CMG_Broad_Heart_Ware_WES/Su/ICCV_458_10CC06258_01"},{"system":"urn:ncpi:unique-string","value":"P.AnVIL-CMG-Broad-Heart-Ware-WES-Su-ICCV-458-10CC06258-01"}],"status":"off-study","study":{"reference":"ResearchStudy/AnVIL-CMG-Broad-Heart-Ware-WES"},"individual":{"reference":"Patient/P.AnVIL-CMG-Broad-Heart-Ware-WES-Su-ICCV-458-10CC06258-01"}}
{"resourceType":"ResearchSubject","id":"P.AnVIL-CMG-Broad-Heart-Ware-WES-Su-ICCV-458-10DC06257-01","meta":{"profile":["http://hl7.org/fhir/StructureDefinition/ResearchSubject"]},"identifier":[{"system":"https://anvil.terra.bio/#workspaces/anvil-datastorage/AnVIL_CMG_Broad_Heart_Ware_WES","value":"AnVIL_CMG_Broad_Heart_Ware_WES/Su/ICCV_458_10DC06257_01"},{"system":"urn:ncpi:unique-string","value":"P.AnVIL-CMG-Broad-Heart-Ware-WES-Su-ICCV-458-10DC06257-01"}],"status":"off-study","study":{"reference":"ResearchStudy/AnVIL-CMG-Broad-Heart-Ware-WES"},"individual":{"reference":"Patient/P.AnVIL-CMG-Broad-Heart-Ware-WES-Su-ICCV-458-10DC06257-01"}}
{"resourceType":"ResearchSubject","id":"P.AnVIL-CMG-Broad-Heart-Ware-WES-Su-ICCV-458-10JS06256-01","meta":{"profile":["http://hl7.org/fhir/StructureDefinition/ResearchSubject"]},"identifier":[{"system":"https://anvil.terra.bio/#workspaces/anvil-datastorage/AnVIL_CMG_Broad_Heart_Ware_WES","value":"AnVIL_CMG_Broad_Heart_Ware_WES/Su/ICCV_458_10JS06256_01"},{"system":"urn:ncpi:unique-string","value":"P.AnVIL-CMG-Broad-Heart-Ware-WES-Su-ICCV-458-10JS06256-01"}],"status":"off-study","study":{"reference":"ResearchStudy/AnVIL-CMG-Broad-Heart-Ware-WES"},"individual":{"reference":"Patient/P.AnVIL-CMG-Broad-Heart-Ware-WES-Su-ICCV-458-10JS06256-01"}}
