{"resourceType":"Task","id":"T.Broad-Heart-Ware-WES-Sa-ICCV-199-10DB03553-01","status":"accepted","intent":"unknown","input":[{"type":{"coding":[{"code":"Specimen"}]},"valueReference":{"reference":"Specimen/Broad-Heart-Ware-WES-Sa-ICCV-199-10DB03553-01"}}],"output":[]}
{"resourceType":"Task","id":"T.Broad-Heart-Ware-WES-Sa-ICCV-199-10DB03554-01","status":"accepted","intent":"unknown","input":[{"type":{"coding":[{"code":"Specimen"}]},"valueReference":{"reference":"Specimen/Broad-Heart-Ware-WES-Sa-ICCV-199-10DB03554-01"}}],"output":[]}
{"resourceType":"Task","id":"T.Broad-Heart-Ware-WES-Sa-ICCV-199-10NB03555-01","status":"accepted","intent":"unknown","input":[{"type":{"coding":[{"code":"Specimen"}]},"valueReference":{"reference":"Specimen/Broad-Heart-Ware-WES-Sa-ICCV-199-10NB03555-01"}}],"output":[]}
{"resourceType":"Task","id":"T.Broad-Heart-Ware-WES-Sa-ICCV-447-10RB05666-01","status":"accepted","intent":"unknown","input":[{"type":{"coding":[{"code":"Specimen"}]},"valueReference":{"reference":"Specimen/Broad-Heart-Ware-WES-Sa-ICCV-447-10RB05666-01"}}],"output":[]}
{"resourceType":"Task","id":"T.Broad-Heart-Ware-WES-Sa-ICCV-447-10RB05668-01","status":"accepted","intent":"unknown","input":[{"type":{"coding":[{"code":"Specimen"}]},"valueReference":{"reference":"Specimen/Broad-Heart-Ware-WES-Sa-ICCV-447-10RB05668-01"}}],"output":[]}
{"resourceType":"Task","id":"T.Broad-Heart-Ware-WES-Sa-ICCV-447-10SB05667-01","status":"accepted","intent":"unknown","input":[{"type":{"coding":[{"code":"Specimen"}]},"valueReference":{"reference":"Specimen/Broad-Heart-Ware-WES-Sa-ICCV-447-10SB05667-01"}}],"output":[]}
{"resourceType":"Task","id":"T.Broad-Heart-Ware-WES-Sa-ICCV-453-10LH05764-01","status":"accepted","intent":"unknown","input":[{"type":{"coding":[{"code":"Specimen"}]},"valueReference":{"reference":"Specimen/Broad-Heart-Ware-WES-Sa-ICCV-453-10LH05764-01"}}],"output":[]}
{"resourceType":"Task","id":"T.Broad-Heart-Ware-WES-Sa-ICCV-458-10CC06258-01","status":"accepted","intent":"unknown","input":[{"type":{"coding":[{"code":"Specimen"}]},"valueReference":{"reference":"Specimen/Broad-Heart-Ware-WES-Sa-ICCV-458-10CC06258-01"}}],"output":[]}
{"resourceType":"Task","id":"T.Broad-Heart-Ware-WES-Sa-ICCV-458-10DC06257-01","status":"accepted","intent":"unknown","input":[{"type":{"coding":[{"code":"Specimen"}]},"valueReference":{"reference":"Specimen/Broad-Heart-Ware-WES-Sa-ICCV-458-10DC06257-01"}}],"output":[]}
{"resourceType":"Task","id":"T.Broad-Heart-Ware-WES-Sa-ICCV-458-10JS06256-01","status":"accepted","intent":"unknown","input":[{"type":{"coding":[{"code":"Specimen"}]},"valueReference":{"reference":"Specimen/Broad-Heart-Ware-WES-Sa-ICCV-458-10JS06256-01"}}],"output":[]}
