{"resourceType":"Patient","id":"P.AnVIL-CMG-Broad-Heart-PCGC-Tristani-WGS-Su-1-00042-01-1","meta":{"profile":["http://hl7.org/fhir/StructureDefinition/Patient"]},"identifier":[{"system":"https://anvil.terra.bio/#workspaces/anvil-datastorage/AnVIL_CMG_Broad_Heart_PCGC-Tristani_WGS","value":"AnVIL_CMG_Broad_Heart_PCGC-Tristani_WGS/Su/1-00042-01_1"},{"system":"urn:ncpi:unique-string","value":"Patient|AnVIL_CMG_Broad_Heart_PCGC-Tristani_WGS|AnVIL_CMG_Broad_Heart_PCGC-Tristani_WGS/Su/1-00042-01_1"}]}
{"resourceType":"Patient","id":"P.AnVIL-CMG-Broad-Heart-PCGC-Tristani-WGS-Su-1-00042-02-1","meta":{"profile":["http://hl7.org/fhir/StructureDefinition/Patient"]},"identifier":[{"system":"https://anvil.terra.bio/#workspaces/anvil-datastorage/AnVIL_CMG_Broad_Heart_PCGC-Tristani_WGS","value":"AnVIL_CMG_Broad_Heart_PCGC-Tristani_WGS/Su/1-00042-02_1"},{"system":"urn:ncpi:unique-string","value":"Patient|AnVIL_CMG_Broad_Heart_PCGC-Tristani_WGS|AnVIL_CMG_Broad_Heart_PCGC-Tristani_WGS/Su/1-00042-02_1"}]}
{"resourceType":"Patient","id":"P.AnVIL-CMG-Broad-Heart-PCGC-Tristani-WGS-Su-1-00042-04-1","meta":{"profile":["http://hl7.org/fhir/StructureDefinition/Patient"]},"identifier":[{"system":"https://anvil.terra.bio/#workspaces/anvil-datastorage/AnVIL_CMG_Broad_Heart_PCGC-Tristani_WGS","value":"AnVIL_CMG_Broad_Heart_PCGC-Tristani_WGS/Su/1-00042-04_1"},{"system":"urn:ncpi:unique-string","value":"Patient|AnVIL_CMG_Broad_Heart_PCGC-Tristani_WGS|AnVIL_CMG_Broad_Heart_PCGC-Tristani_WGS/Su/1-00042-04_1"}]}
{"resourceType":"Patient","id":"P.AnVIL-CMG-Broad-Heart-PCGC-Tristani-WGS-Su-1-00042-1","meta":{"profile":["http://hl7.org/fhir/StructureDefinition/Patient"]},"identifier":[{"system":"https://anvil.terra.bio/#workspaces/anvil-datastorage/AnVIL_CMG_Broad_Heart_PCGC-Tristani_WGS","value":"AnVIL_CMG_Broad_Heart_PCGC-Tristani_WGS/Su/1-00042_1"},{"system":"urn:ncpi:unique-string","value":"Patient|AnVIL_CMG_Broad_Heart_PCGC-Tristani_WGS|AnVIL_CMG_Broad_Heart_PCGC-Tristani_WGS/Su/1-00042_1"}]}
{"resourceType":"Patient","id":"P.AnVIL-CMG-Broad-Heart-PCGC-Tristani-WGS-Su-1-01207-01-1","meta":{"profile":["http://hl7.org/fhir/StructureDefinition/Patient"]},"identifier":[{"system":"https://anvil.terra.bio/#workspaces/anvil-datastorage/AnVIL_CMG_Broad_Heart_PCGC-Tristani_WGS","value":"AnVIL_CMG_Broad_Heart_PCGC-Tristani_WGS/Su/1-01207-01_1"},{"system":"urn:ncpi:unique-string","value":"Patient|AnVIL_CMG_Broad_Heart_PCGC-Tristani_WGS|AnVIL_CMG_Broad_Heart_PCGC-Tristani_WGS/Su/1-01207-01_1"}]}
{"resourceType":"Patient","id":"P.AnVIL-CMG-Broad-Heart-PCGC-Tristani-WGS-Su-1-01207-02-1","meta":{"profile":["http://hl7.org/fhir/StructureDefinition/Patient"]},"identifier":[{"system":"https://anvil.terra.bio/#workspaces/anvil-datastorage/AnVIL_CMG_Broad_Heart_PCGC-Tristani_WGS","value":"AnVIL_CMG_Broad_Heart_PCGC-Tristani_WGS/Su/1-01207-02_1"},{"system":"urn:ncpi:unique-string","value":"Patient|AnVIL_CMG_Broad_Heart_PCGC-Tristani_WGS|AnVIL_CMG_Broad_Heart_PCGC-Tristani_WGS/Su/1-01207-02_1"}]}
{"resourceType":"Patient","id":"P.AnVIL-CMG-Broad-Heart-PCGC-Tristani-WGS-Su-1-01207-1","meta":{"profile":["http://hl7.org/fhir/StructureDefinition/Patient"]},"identifier":[{"system":"https://anvil.terra.bio/#workspaces/anvil-datastorage/AnVIL_CMG_Broad_Heart_PCGC-Tristani_WGS","value":"AnVIL_CMG_Broad_Heart_PCGC-Tristani_WGS/Su/1-01207_1"},{"system":"urn:ncpi:unique-string","value":"Patient|AnVIL_CMG_Broad_Heart_PCGC-Tristani_WGS|AnVIL_CMG_Broad_Heart_PCGC-Tristani_WGS/Su/1-01207_1"}]}
{"resourceType":"Patient","id":"P.AnVIL-CMG-Broad-Heart-PCGC-Tristani-WGS-Su-1-02482-01-1","meta":{"profile":["http://hl7.org/fhir/StructureDefinition/Patient"]},"identifier":[{"system":"https://anvil.terra.bio/#workspaces/anvil-datastorage/AnVIL_CMG_Broad_Heart_PCGC-Tristani_WGS","value":"AnVIL_CMG_Broad_Heart_PCGC-Tristani_WGS/Su/1-02482-01_1"},{"system":"urn:ncpi:unique-string","value":"Patient|AnVIL_CMG_Broad_Heart_PCGC-Tristani_WGS|AnVIL_CMG_Broad_Heart_PCGC-Tristani_WGS/Su/1-02482-01_1"}]}
{"resourceType":"Patient","id":"P.AnVIL-CMG-Broad-Heart-PCGC-Tristani-WGS-Su-1-02482-02-1","meta":{"profile":["http://hl7.org/fhir/StructureDefinition/Patient"]},"identifier":[{"system":"https://anvil.terra.bio/#workspaces/anvil-datastorage/AnVIL_CMG_Broad_Heart_PCGC-Tristani_WGS","value":"AnVIL_CMG_Broad_Heart_PCGC-Tristani_WGS/Su/1-02482-02_1"},{"system":"urn:ncpi:unique-string","value":"Patient|AnVIL_CMG_Broad_Heart_PCGC-Tristani_WGS|AnVIL_CMG_Broad_Heart_PCGC-Tristani_WGS/Su/1-02482-02_1"}]}
{"resourceType":"Patient","id":"P.AnVIL-CMG-Broad-Heart-PCGC-Tristani-WGS-Su-1-02482-03-1","meta":{"profile":["http://hl7.org/fhir/StructureDefinition/Patient"]},"identifier":[{"system":"https://anvil.terra.bio/#workspaces/anvil-datastorage/AnVIL_CMG_Broad_Heart_PCGC-Tristani_WGS","value":"AnVIL_CMG_Broad_Heart_PCGC-Tristani_WGS/Su/1-02482-03_1"},{"system":"urn:ncpi:unique-string","value":"Patient|AnVIL_CMG_Broad_Heart_PCGC-Tristani_WGS|AnVIL_CMG_Broad_Heart_PCGC-Tristani_WGS/Su/1-02482-03_1"}]}
{"resourceType":"Patient","id":"P.AnVIL-CMG-Broad-Heart-PCGC-Tristani-WGS-Su-1-02482-1","meta":{"profile":["http://hl7.org/fhir/StructureDefinition/Patient"]},"identifier":[{"system":"https://anvil.terra.bio/#workspaces/anvil-datastorage/AnVIL_CMG_Broad_Heart_PCGC-Tristani_WGS","value":"AnVIL_CMG_Broad_Heart_PCGC-Tristani_WGS/Su/1-02482_1"},{"system":"urn:ncpi:unique-string","value":"Patient|AnVIL_CMG_Broad_Heart_PCGC-Tristani_WGS|AnVIL_CMG_Broad_Heart_PCGC-Tristani_WGS/Su/1-02482_1"}]}
{"resourceType":"Patient","id":"P.AnVIL-CMG-Broad-Heart-PCGC-Tristani-WGS-Su-1-02795-1","meta":{"profile":["http://hl7.org/fhir/StructureDefinition/Patient"]},"identifier":[{"system":"https://anvil.terra.bio/#workspaces/anvil-datastorage/AnVIL_CMG_Broad_Heart_PCGC-Tristani_WGS","value":"AnVIL_CMG_Broad_Heart_PCGC-Tristani_WGS/Su/1-02795_1"},{"system":"urn:ncpi:unique-string","value":"Patient|AnVIL_CMG_Broad_Heart_PCGC-Tristani_WGS|AnVIL_CMG_Broad_Heart_PCGC-Tristani_WGS/Su/1-02795_1"}]}
{"resourceType":"Patient","id":"P.AnVIL-CMG-Broad-Heart-PCGC-Tristani-WGS-Su-1-03905-01-1","meta":{"profile":["http://hl7.org/fhir/StructureDefinition/Patient"]},"identifier":[{"system":"https://anvil.terra.bio/#workspaces/anvil-datastorage/AnVIL_CMG_Broad_Heart_PCGC-Tristani_WGS","value":"AnVIL_CMG_Broad_Heart_PCGC-Tristani_WGS/Su/1-03905-01_1"},{"system":"urn:ncpi:unique-string","value":"Patient|AnVIL_CMG_Broad_Heart_PCGC-Tristani_WGS|AnVIL_CMG_Broad_Heart_PCGC-Tristani_WGS/Su/1-03905-01_1"}]}
{"resourceType":"Patient","id":"P.AnVIL-CMG-Broad-Heart-PCGC-Tristani-WGS-Su-1-03905-02-1","meta":{"profile":["http://hl7.org/fhir/StructureDefinition/Patient"]},"identifier":[{"system":"https://anvil.terra.bio/#workspaces/anvil-datastorage/AnVIL_CMG_Broad_Heart_PCGC-Tristani_WGS","value":"AnVIL_CMG_Broad_Heart_PCGC-Tristani_WGS/Su/1-03905-02_1"},{"system":"urn:ncpi:unique-string","value":"Patient|AnVIL_CMG_Broad_Heart_PCGC-Tristani_WGS|AnVIL_CMG_Broad_Heart_PCGC-Tristani_WGS/Su/1-03905-02_1"}]}
{"resourceType":"Patient","id":"P.AnVIL-CMG-Broad-Heart-PCGC-Tristani-WGS-Su-1-03905-03-1","meta":{"profile":["http://hl7.org/fhir/StructureDefinition/Patient"]},"identifier":[{"system":"https://anvil.terra.bio/#workspaces/anvil-datastorage/AnVIL_CMG_Broad_Heart_PCGC-Tristani_WGS","value":"AnVIL_CMG_Broad_Heart_PCGC-Tristani_WGS/Su/1-03905-03_1"},{"system":"urn:ncpi:unique-string","value":"Patient|AnVIL_CMG_Broad_Heart_PCGC-Tristani_WGS|AnVIL_CMG_Broad_Heart_PCGC-Tristani_WGS/Su/1-03905-03_1"}]}
{"resourceType":"Patient","id":"P.AnVIL-CMG-Broad-Heart-PCGC-Tristani-WGS-Su-1-03905-04-1","meta":{"profile":["http://hl7.org/fhir/StructureDefinition/Patient"]},"identifier":[{"system":"https://anvil.terra.bio/#workspaces/anvil-datastorage/AnVIL_CMG_Broad_Heart_PCGC-Tristani_WGS","value":"AnVIL_CMG_Broad_Heart_PCGC-Tristani_WGS/Su/1-03905-04_1"},{"system":"urn:ncpi:unique-string","value":"Patient|AnVIL_CMG_Broad_Heart_PCGC-Tristani_WGS|AnVIL_CMG_Broad_Heart_PCGC-Tristani_WGS/Su/1-03905-04_1"}]}
{"resourceType":"Patient","id":"P.AnVIL-CMG-Broad-Heart-PCGC-Tristani-WGS-Su-1-03905-1","meta":{"profile":["http://hl7.org/fhir/StructureDefinition/Patient"]},"identifier":[{"system":"https://anvil.terra.bio/#workspaces/anvil-datastorage/AnVIL_CMG_Broad_Heart_PCGC-Tristani_WGS","value":"AnVIL_CMG_Broad_Heart_PCGC-Tristani_WGS/Su/1-03905_1"},{"system":"urn:ncpi:unique-string","value":"Patient|AnVIL_CMG_Broad_Heart_PCGC-Tristani_WGS|AnVIL_CMG_Broad_Heart_PCGC-Tristani_WGS/Su/1-03905_1"}]}
{"resourceType":"Patient","id":"P.AnVIL-CMG-Broad-Heart-PCGC-Tristani-WGS-Su-1-04092-01-1","meta":{"profile":["http://hl7.org/fhir/StructureDefinition/Patient"]},"identifier":[{"system":"https://anvil.terra.bio/#workspaces/anvil-datastorage/AnVIL_CMG_Broad_Heart_PCGC-Tristani_WGS","value":"AnVIL_CMG_Broad_Heart_PCGC-Tristani_WGS/Su/1-04092-01_1"},{"system":"urn:ncpi:unique-string","value":"Patient|AnVIL_CMG_Broad_Heart_PCGC-Tristani_WGS|AnVIL_CMG_Broad_Heart_PCGC-Tristani_WGS/Su/1-04092-01_1"}]}
{"resourceType":"Patient","id":"P.AnVIL-CMG-Broad-Heart-PCGC-Tristani-WGS-Su-1-04092-02-1","meta":{"profile":["http://hl7.org/fhir/StructureDefinition/Patient"]},"identifier":[{"system":"https://anvil.terra.bio/#workspaces/anvil-datastorage/AnVIL_CMG_Broad_Heart_PCGC-Tristani_WGS","value":"AnVIL_CMG_Broad_Heart_PCGC-Tristani_WGS/Su/1-04092-02_1"},{"system":"urn:ncpi:unique-string","value":"Patient|AnVIL_CMG_Broad_Heart_PCGC-Tristani_WGS|AnVIL_CMG_Broad_Heart_PCGC-Tristani_WGS/Su/1-04092-02_1"}]}
{"resourceType":"Patient","id":"P.AnVIL-CMG-Broad-Heart-PCGC-Tristani-WGS-Su-1-04092-1","meta":{"profile":["http://hl7.org/fhir/StructureDefinition/Patient"]},"identifier":[{"system":"https://anvil.terra.bio/#workspaces/anvil-datastorage/AnVIL_CMG_Broad_Heart_PCGC-Tristani_WGS","value":"AnVIL_CMG_Broad_Heart_PCGC-Tristani_WGS/Su/1-04092_1"},{"system":"urn:ncpi:unique-string","value":"Patient|AnVIL_CMG_Broad_Heart_PCGC-Tristani_WGS|AnVIL_CMG_Broad_Heart_PCGC-Tristani_WGS/Su/1-04092_1"}]}
{"resourceType":"Patient","id":"P.AnVIL-CMG-Broad-Heart-PCGC-Tristani-WGS-Su-1-04188-01-1","meta":{"profile":["http://hl7.org/fhir/StructureDefinition/Patient"]},"identifier":[{"system":"https://anvil.terra.bio/#workspaces/anvil-datastorage/AnVIL_CMG_Broad_Heart_PCGC-Tristani_WGS","value":"AnVIL_CMG_Broad_Heart_PCGC-Tristani_WGS/Su/1-04188-01_1"},{"system":"urn:ncpi:unique-string","value":"Patient|AnVIL_CMG_Broad_Heart_PCGC-Tristani_WGS|AnVIL_CMG_Broad_Heart_PCGC-Tristani_WGS/Su/1-04188-01_1"}]}
{"resourceType":"Patient","id":"P.AnVIL-CMG-Broad-Heart-PCGC-Tristani-WGS-Su-1-04188-02-1","meta":{"profile":["http://hl7.org/fhir/StructureDefinition/Patient"]},"identifier":[{"system":"https://anvil.terra.bio/#workspaces/anvil-datastorage/AnVIL_CMG_Broad_Heart_PCGC-Tristani_WGS","value":"AnVIL_CMG_Broad_Heart_PCGC-Tristani_WGS/Su/1-04188-02_1"},{"system":"urn:ncpi:unique-string","value":"Patient|AnVIL_CMG_Broad_Heart_PCGC-Tristani_WGS|AnVIL_CMG_Broad_Heart_PCGC-Tristani_WGS/Su/1-04188-02_1"}]}
{"resourceType":"Patient","id":"P.AnVIL-CMG-Broad-Heart-PCGC-Tristani-WGS-Su-1-04188-1","meta":{"profile":["http://hl7.org/fhir/StructureDefinition/Patient"]},"identifier":[{"system":"https://anvil.terra.bio/#workspaces/anvil-datastorage/AnVIL_CMG_Broad_Heart_PCGC-Tristani_WGS","value":"AnVIL_CMG_Broad_Heart_PCGC-Tristani_WGS/Su/1-04188_1"},{"system":"urn:ncpi:unique-string","value":"Patient|AnVIL_CMG_Broad_Heart_PCGC-Tristani_WGS|AnVIL_CMG_Broad_Heart_PCGC-Tristani_WGS/Su/1-04188_1"}]}
{"resourceType":"Patient","id":"P.AnVIL-CMG-Broad-Heart-PCGC-Tristani-WGS-Su-1-04397-01-1","meta":{"profile":["http://hl7.org/fhir/StructureDefinition/Patient"]},"identifier":[{"system":"https://anvil.terra.bio/#workspaces/anvil-datastorage/AnVIL_CMG_Broad_Heart_PCGC-Tristani_WGS","value":"AnVIL_CMG_Broad_Heart_PCGC-Tristani_WGS/Su/1-04397-01_1"},{"system":"urn:ncpi:unique-string","value":"Patient|AnVIL_CMG_Broad_Heart_PCGC-Tristani_WGS|AnVIL_CMG_Broad_Heart_PCGC-Tristani_WGS/Su/1-04397-01_1"}]}
{"resourceType":"Patient","id":"P.AnVIL-CMG-Broad-Heart-PCGC-Tristani-WGS-Su-1-04397-02-1","meta":{"profile":["http://hl7.org/fhir/StructureDefinition/Patient"]},"identifier":[{"system":"https://anvil.terra.bio/#workspaces/anvil-datastorage/AnVIL_CMG_Broad_Heart_PCGC-Tristani_WGS","value":"AnVIL_CMG_Broad_Heart_PCGC-Tristani_WGS/Su/1-04397-02_1"},{"system":"urn:ncpi:unique-string","value":"Patient|AnVIL_CMG_Broad_Heart_PCGC-Tristani_WGS|AnVIL_CMG_Broad_Heart_PCGC-Tristani_WGS/Su/1-04397-02_1"}]}
{"resourceType":"Patient","id":"P.AnVIL-CMG-Broad-Heart-PCGC-Tristani-WGS-Su-1-04397-1","meta":{"profile":["http://hl7.org/fhir/StructureDefinition/Patient"]},"identifier":[{"system":"https://anvil.terra.bio/#workspaces/anvil-datastorage/AnVIL_CMG_Broad_Heart_PCGC-Tristani_WGS","value":"AnVIL_CMG_Broad_Heart_PCGC-Tristani_WGS/Su/1-04397_1"},{"system":"urn:ncpi:unique-string","value":"Patient|AnVIL_CMG_Broad_Heart_PCGC-Tristani_WGS|AnVIL_CMG_Broad_Heart_PCGC-Tristani_WGS/Su/1-04397_1"}]}
{"resourceType":"Patient","id":"P.AnVIL-CMG-Broad-Heart-PCGC-Tristani-WGS-Su-1-05496-01-1","meta":{"profile":["http://hl7.org/fhir/StructureDefinition/Patient"]},"identifier":[{"system":"https://anvil.terra.bio/#workspaces/anvil-datastorage/AnVIL_CMG_Broad_Heart_PCGC-Tristani_WGS","value":"AnVIL_CMG_Broad_Heart_PCGC-Tristani_WGS/Su/1-05496-01_1"},{"system":"urn:ncpi:unique-string","value":"Patient|AnVIL_CMG_Broad_Heart_PCGC-Tristani_WGS|AnVIL_CMG_Broad_Heart_PCGC-Tristani_WGS/Su/1-05496-01_1"}]}
{"resourceType":"Patient","id":"P.AnVIL-CMG-Broad-Heart-PCGC-Tristani-WGS-Su-1-05496-02-1","meta":{"profile":["http://hl7.org/fhir/StructureDefinition/Patient"]},"identifier":[{"system":"https://anvil.terra.bio/#workspaces/anvil-datastorage/AnVIL_CMG_Broad_Heart_PCGC-Tristani_WGS","value":"AnVIL_CMG_Broad_Heart_PCGC-Tristani_WGS/Su/1-05496-02_1"},{"system":"urn:ncpi:unique-string","value":"Patient|AnVIL_CMG_Broad_Heart_PCGC-Tristani_WGS|AnVIL_CMG_Broad_Heart_PCGC-Tristani_WGS/Su/1-05496-02_1"}]}
{"resourceType":"Patient","id":"P.AnVIL-CMG-Broad-Heart-PCGC-Tristani-WGS-Su-1-05496-04-1","meta":{"profile":["http://hl7.org/fhir/StructureDefinition/Patient"]},"identifier":[{"system":"https://anvil.terra.bio/#workspaces/anvil-datastorage/AnVIL_CMG_Broad_Heart_PCGC-Tristani_WGS","value":"AnVIL_CMG_Broad_Heart_PCGC-Tristani_WGS/Su/1-05496-04_1"},{"system":"urn:ncpi:unique-string","value":"Patient|AnVIL_CMG_Broad_Heart_PCGC-Tristani_WGS|AnVIL_CMG_Broad_Heart_PCGC-Tristani_WGS/Su/1-05496-04_1"}]}
{"resourceType":"Patient","id":"P.AnVIL-CMG-Broad-Heart-PCGC-Tristani-WGS-Su-1-05496-1","meta":{"profile":["http://hl7.org/fhir/StructureDefinition/Patient"]},"identifier":[{"system":"https://anvil.terra.bio/#workspaces/anvil-datastorage/AnVIL_CMG_Broad_Heart_PCGC-Tristani_WGS","value":"AnVIL_CMG_Broad_Heart_PCGC-Tristani_WGS/Su/1-05496_1"},{"system":"urn:ncpi:unique-string","value":"Patient|AnVIL_CMG_Broad_Heart_PCGC-Tristani_WGS|AnVIL_CMG_Broad_Heart_PCGC-Tristani_WGS/Su/1-05496_1"}]}
{"resourceType":"Patient","id":"P.AnVIL-CMG-Broad-Heart-PCGC-Tristani-WGS-Su-1-05575-01-1","meta":{"profile":["http://hl7.org/fhir/StructureDefinition/Patient"]},"identifier":[{"system":"https://anvil.terra.bio/#workspaces/anvil-datastorage/AnVIL_CMG_Broad_Heart_PCGC-Tristani_WGS","value":"AnVIL_CMG_Broad_Heart_PCGC-Tristani_WGS/Su/1-05575-01_1"},{"system":"urn:ncpi:unique-string","value":"Patient|AnVIL_CMG_Broad_Heart_PCGC-Tristani_WGS|AnVIL_CMG_Broad_Heart_PCGC-Tristani_WGS/Su/1-05575-01_1"}]}
{"resourceType":"Patient","id":"P.AnVIL-CMG-Broad-Heart-PCGC-Tristani-WGS-Su-1-05575-02-1","meta":{"profile":["http://hl7.org/fhir/StructureDefinition/Patient"]},"identifier":[{"system":"https://anvil.terra.bio/#workspaces/anvil-datastorage/AnVIL_CMG_Broad_Heart_PCGC-Tristani_WGS","value":"AnVIL_CMG_Broad_Heart_PCGC-Tristani_WGS/Su/1-05575-02_1"},{"system":"urn:ncpi:unique-string","value":"Patient|AnVIL_CMG_Broad_Heart_PCGC-Tristani_WGS|AnVIL_CMG_Broad_Heart_PCGC-Tristani_WGS/Su/1-05575-02_1"}]}
{"resourceType":"Patient","id":"P.AnVIL-CMG-Broad-Heart-PCGC-Tristani-WGS-Su-1-05575-1","meta":{"profile":["http://hl7.org/fhir/StructureDefinition/Patient"]},"identifier":[{"system":"https://anvil.terra.bio/#workspaces/anvil-datastorage/AnVIL_CMG_Broad_Heart_PCGC-Tristani_WGS","value":"AnVIL_CMG_Broad_Heart_PCGC-Tristani_WGS/Su/1-05575_1"},{"system":"urn:ncpi:unique-string","value":"Patient|AnVIL_CMG_Broad_Heart_PCGC-Tristani_WGS|AnVIL_CMG_Broad_Heart_PCGC-Tristani_WGS/Su/1-05575_1"}]}
{"resourceType":"Patient","id":"P.AnVIL-CMG-Broad-Heart-PCGC-Tristani-WGS-Su-1-05788-01-1","meta":{"profile":["http://hl7.org/fhir/StructureDefinition/Patient"]},"identifier":[{"system":"https://anvil.terra.bio/#workspaces/anvil-datastorage/AnVIL_CMG_Broad_Heart_PCGC-Tristani_WGS","value":"AnVIL_CMG_Broad_Heart_PCGC-Tristani_WGS/Su/1-05788-01_1"},{"system":"urn:ncpi:unique-string","value":"Patient|AnVIL_CMG_Broad_Heart_PCGC-Tristani_WGS|AnVIL_CMG_Broad_Heart_PCGC-Tristani_WGS/Su/1-05788-01_1"}]}
{"resourceType":"Patient","id":"P.AnVIL-CMG-Broad-Heart-PCGC-Tristani-WGS-Su-1-05788-02-1","meta":{"profile":["http://hl7.org/fhir/StructureDefinition/Patient"]},"identifier":[{"system":"https://anvil.terra.bio/#workspaces/anvil-datastorage/AnVIL_CMG_Broad_Heart_PCGC-Tristani_WGS","value":"AnVIL_CMG_Broad_Heart_PCGC-Tristani_WGS/Su/1-05788-02_1"},{"system":"urn:ncpi:unique-string","value":"Patient|AnVIL_CMG_Broad_Heart_PCGC-Tristani_WGS|AnVIL_CMG_Broad_Heart_PCGC-Tristani_WGS/Su/1-05788-02_1"}]}
{"resourceType":"Patient","id":"P.AnVIL-CMG-Broad-Heart-PCGC-Tristani-WGS-Su-1-05788-1","meta":{"profile":["http://hl7.org/fhir/StructureDefinition/Patient"]},"identifier":[{"system":"https://anvil.terra.bio/#workspaces/anvil-datastorage/AnVIL_CMG_Broad_Heart_PCGC-Tristani_WGS","value":"AnVIL_CMG_Broad_Heart_PCGC-Tristani_WGS/Su/1-05788_1"},{"system":"urn:ncpi:unique-string","value":"Patient|AnVIL_CMG_Broad_Heart_PCGC-Tristani_WGS|AnVIL_CMG_Broad_Heart_PCGC-Tristani_WGS/Su/1-05788_1"}]}
{"resourceType":"Patient","id":"P.AnVIL-CMG-Broad-Heart-PCGC-Tristani-WGS-Su-1-06590-01-1","meta":{"profile":["http://hl7.org/fhir/StructureDefinition/Patient"]},"identifier":[{"system":"https://anvil.terra.bio/#workspaces/anvil-datastorage/AnVIL_CMG_Broad_Heart_PCGC-Tristani_WGS","value":"AnVIL_CMG_Broad_Heart_PCGC-Tristani_WGS/Su/1-06590-01_1"},{"system":"urn:ncpi:unique-string","value":"Patient|AnVIL_CMG_Broad_Heart_PCGC-Tristani_WGS|AnVIL_CMG_Broad_Heart_PCGC-Tristani_WGS/Su/1-06590-01_1"}]}
{"resourceType":"Patient","id":"P.AnVIL-CMG-Broad-Heart-PCGC-Tristani-WGS-Su-1-06590-02-1","meta":{"profile":["http://hl7.org/fhir/StructureDefinition/Patient"]},"identifier":[{"system":"https://anvil.terra.bio/#workspaces/anvil-datastorage/AnVIL_CMG_Broad_Heart_PCGC-Tristani_WGS","value":"AnVIL_CMG_Broad_Heart_PCGC-Tristani_WGS/Su/1-06590-02_1"},{"system":"urn:ncpi:unique-string","value":"Patient|AnVIL_CMG_Broad_Heart_PCGC-Tristani_WGS|AnVIL_CMG_Broad_Heart_PCGC-Tristani_WGS/Su/1-06590-02_1"}]}
{"resourceType":"Patient","id":"P.AnVIL-CMG-Broad-Heart-PCGC-Tristani-WGS-Su-1-06590-1","meta":{"profile":["http://hl7.org/fhir/StructureDefinition/Patient"]},"identifier":[{"system":"https://anvil.terra.bio/#workspaces/anvil-datastorage/AnVIL_CMG_Broad_Heart_PCGC-Tristani_WGS","value":"AnVIL_CMG_Broad_Heart_PCGC-Tristani_WGS/Su/1-06590_1"},{"system":"urn:ncpi:unique-string","value":"Patient|AnVIL_CMG_Broad_Heart_PCGC-Tristani_WGS|AnVIL_CMG_Broad_Heart_PCGC-Tristani_WGS/Su/1-06590_1"}]}
{"resourceType":"Patient","id":"P.AnVIL-CMG-Broad-Heart-PCGC-Tristani-WGS-Su-1-06728-01-1","meta":{"profile":["http://hl7.org/fhir/StructureDefinition/Patient"]},"identifier":[{"system":"https://anvil.terra.bio/#workspaces/anvil-datastorage/AnVIL_CMG_Broad_Heart_PCGC-Tristani_WGS","value":"AnVIL_CMG_Broad_Heart_PCGC-Tristani_WGS/Su/1-06728-01_1"},{"system":"urn:ncpi:unique-string","value":"Patient|AnVIL_CMG_Broad_Heart_PCGC-Tristani_WGS|AnVIL_CMG_Broad_Heart_PCGC-Tristani_WGS/Su/1-06728-01_1"}]}
{"resourceType":"Patient","id":"P.AnVIL-CMG-Broad-Heart-PCGC-Tristani-WGS-Su-1-06728-02-1","meta":{"profile":["http://hl7.org/fhir/StructureDefinition/Patient"]},"identifier":[{"system":"https://anvil.terra.bio/#workspaces/anvil-datastorage/AnVIL_CMG_Broad_Heart_PCGC-Tristani_WGS","value":"AnVIL_CMG_Broad_Heart_PCGC-Tristani_WGS/Su/1-06728-02_1"},{"system":"urn:ncpi:unique-string","value":"Patient|AnVIL_CMG_Broad_Heart_PCGC-Tristani_WGS|AnVIL_CMG_Broad_Heart_PCGC-Tristani_WGS/Su/1-06728-02_1"}]}
{"resourceType":"Patient","id":"P.AnVIL-CMG-Broad-Heart-PCGC-Tristani-WGS-Su-1-06728-1","meta":{"profile":["http://hl7.org/fhir/StructureDefinition/Patient"]},"identifier":[{"system":"https://anvil.terra.bio/#workspaces/anvil-datastorage/AnVIL_CMG_Broad_Heart_PCGC-Tristani_WGS","value":"AnVIL_CMG_Broad_Heart_PCGC-Tristani_WGS/Su/1-06728_1"},{"system":"urn:ncpi:unique-string","value":"Patient|AnVIL_CMG_Broad_Heart_PCGC-Tristani_WGS|AnVIL_CMG_Broad_Heart_PCGC-Tristani_WGS/Su/1-06728_1"}]}
{"resourceType":"Patient","id":"P.AnVIL-CMG-Broad-Heart-PCGC-Tristani-WGS-Su-1-07725-01-1","meta":{"profile":["http://hl7.org/fhir/StructureDefinition/Patient"]},"identifier":[{"system":"https://anvil.terra.bio/#workspaces/anvil-datastorage/AnVIL_CMG_Broad_Heart_PCGC-Tristani_WGS","value":"AnVIL_CMG_Broad_Heart_PCGC-Tristani_WGS/Su/1-07725-01_1"},{"system":"urn:ncpi:unique-string","value":"Patient|AnVIL_CMG_Broad_Heart_PCGC-Tristani_WGS|AnVIL_CMG_Broad_Heart_PCGC-Tristani_WGS/Su/1-07725-01_1"}]}
{"resourceType":"Patient","id":"P.AnVIL-CMG-Broad-Heart-PCGC-Tristani-WGS-Su-1-07725-02-1","meta":{"profile":["http://hl7.org/fhir/StructureDefinition/Patient"]},"identifier":[{"system":"https://anvil.terra.bio/#workspaces/anvil-datastorage/AnVIL_CMG_Broad_Heart_PCGC-Tristani_WGS","value":"AnVIL_CMG_Broad_Heart_PCGC-Tristani_WGS/Su/1-07725-02_1"},{"system":"urn:ncpi:unique-string","value":"Patient|AnVIL_CMG_Broad_Heart_PCGC-Tristani_WGS|AnVIL_CMG_Broad_Heart_PCGC-Tristani_WGS/Su/1-07725-02_1"}]}
{"resourceType":"Patient","id":"P.AnVIL-CMG-Broad-Heart-PCGC-Tristani-WGS-Su-1-07725-1","meta":{"profile":["http://hl7.org/fhir/StructureDefinition/Patient"]},"identifier":[{"system":"https://anvil.terra.bio/#workspaces/anvil-datastorage/AnVIL_CMG_Broad_Heart_PCGC-Tristani_WGS","value":"AnVIL_CMG_Broad_Heart_PCGC-Tristani_WGS/Su/1-07725_1"},{"system":"urn:ncpi:unique-string","value":"Patient|AnVIL_CMG_Broad_Heart_PCGC-Tristani_WGS|AnVIL_CMG_Broad_Heart_PCGC-Tristani_WGS/Su/1-07725_1"}]}
{"resourceType":"Patient","id":"P.AnVIL-CMG-Broad-Heart-PCGC-Tristani-WGS-Su-TRI-UT-11-102303-1","meta":{"profile":["http://hl7.org/fhir/StructureDefinition/Patient"]},"identifier":[{"system":"https://anvil.terra.bio/#workspaces/anvil-datastorage/AnVIL_CMG_Broad_Heart_PCGC-Tristani_WGS","value":"AnVIL_CMG_Broad_Heart_PCGC-Tristani_WGS/Su/TRI_UT-11_102303_1"},{"system":"urn:ncpi:unique-string","value":"Patient|AnVIL_CMG_Broad_Heart_PCGC-Tristani_WGS|AnVIL_CMG_Broad_Heart_PCGC-Tristani_WGS/Su/TRI_UT-11_102303_1"}]}
{"resourceType":"Patient","id":"P.AnVIL-CMG-Broad-Heart-PCGC-Tristani-WGS-Su-TRI-UT-11-102304-1","meta":{"profile":["http://hl7.org/fhir/StructureDefinition/Patient"]},"identifier":[{"system":"https://anvil.terra.bio/#workspaces/anvil-datastorage/AnVIL_CMG_Broad_Heart_PCGC-Tristani_WGS","value":"AnVIL_CMG_Broad_Heart_PCGC-Tristani_WGS/Su/TRI_UT-11_102304_1"},{"system":"urn:ncpi:unique-string","value":"Patient|AnVIL_CMG_Broad_Heart_PCGC-Tristani_WGS|AnVIL_CMG_Broad_Heart_PCGC-Tristani_WGS/Su/TRI_UT-11_102304_1"}]}
{"resourceType":"Patient","id":"P.AnVIL-CMG-Broad-Heart-PCGC-Tristani-WGS-Su-TRI-UT-11-103588-1","meta":{"profile":["http://hl7.org/fhir/StructureDefinition/Patient"]},"identifier":[{"system":"https://anvil.terra.bio/#workspaces/anvil-datastorage/AnVIL_CMG_Broad_Heart_PCGC-Tristani_WGS","value":"AnVIL_CMG_Broad_Heart_PCGC-Tristani_WGS/Su/TRI_UT-11_103588_1"},{"system":"urn:ncpi:unique-string","value":"Patient|AnVIL_CMG_Broad_Heart_PCGC-Tristani_WGS|AnVIL_CMG_Broad_Heart_PCGC-Tristani_WGS/Su/TRI_UT-11_103588_1"}]}
{"resourceType":"Patient","id":"P.AnVIL-CMG-Broad-Heart-PCGC-Tristani-WGS-Su-TRI-UT-13-100981-1","meta":{"profile":["http://hl7.org/fhir/StructureDefinition/Patient"]},"identifier":[{"system":"https://anvil.terra.bio/#workspaces/anvil-datastorage/AnVIL_CMG_Broad_Heart_PCGC-Tristani_WGS","value":"AnVIL_CMG_Broad_Heart_PCGC-Tristani_WGS/Su/TRI_UT-13_100981_1"},{"system":"urn:ncpi:unique-string","value":"Patient|AnVIL_CMG_Broad_Heart_PCGC-Tristani_WGS|AnVIL_CMG_Broad_Heart_PCGC-Tristani_WGS/Su/TRI_UT-13_100981_1"}]}
{"resourceType":"Patient","id":"P.AnVIL-CMG-Broad-Heart-PCGC-Tristani-WGS-Su-TRI-UT-13-100982-1","meta":{"profile":["http://hl7.org/fhir/StructureDefinition/Patient"]},"identifier":[{"system":"https://anvil.terra.bio/#workspaces/anvil-datastorage/AnVIL_CMG_Broad_Heart_PCGC-Tristani_WGS","value":"AnVIL_CMG_Broad_Heart_PCGC-Tristani_WGS/Su/TRI_UT-13_100982_1"},{"system":"urn:ncpi:unique-string","value":"Patient|AnVIL_CMG_Broad_Heart_PCGC-Tristani_WGS|AnVIL_CMG_Broad_Heart_PCGC-Tristani_WGS/Su/TRI_UT-13_100982_1"}]}
{"resourceType":"Patient","id":"P.AnVIL-CMG-Broad-Heart-PCGC-Tristani-WGS-Su-TRI-UT-13-100983-1","meta":{"profile":["http://hl7.org/fhir/StructureDefinition/Patient"]},"identifier":[{"system":"https://anvil.terra.bio/#workspaces/anvil-datastorage/AnVIL_CMG_Broad_Heart_PCGC-Tristani_WGS","value":"AnVIL_CMG_Broad_Heart_PCGC-Tristani_WGS/Su/TRI_UT-13_100983_1"},{"system":"urn:ncpi:unique-string","value":"Patient|AnVIL_CMG_Broad_Heart_PCGC-Tristani_WGS|AnVIL_CMG_Broad_Heart_PCGC-Tristani_WGS/Su/TRI_UT-13_100983_1"}]}
{"resourceType":"Patient","id":"P.AnVIL-CMG-Broad-Heart-PCGC-Tristani-WGS-Su-TRI-UT-13-100984-1","meta":{"profile":["http://hl7.org/fhir/StructureDefinition/Patient"]},"identifier":[{"system":"https://anvil.terra.bio/#workspaces/anvil-datastorage/AnVIL_CMG_Broad_Heart_PCGC-Tristani_WGS","value":"AnVIL_CMG_Broad_Heart_PCGC-Tristani_WGS/Su/TRI_UT-13_100984_1"},{"system":"urn:ncpi:unique-string","value":"Patient|AnVIL_CMG_Broad_Heart_PCGC-Tristani_WGS|AnVIL_CMG_Broad_Heart_PCGC-Tristani_WGS/Su/TRI_UT-13_100984_1"}]}
{"resourceType":"Patient","id":"P.AnVIL-CMG-Broad-Heart-PCGC-Tristani-WGS-Su-TRI-UT-17-100505-1","meta":{"profile":["http://hl7.org/fhir/StructureDefinition/Patient"]},"identifier":[{"system":"https://anvil.terra.bio/#workspaces/anvil-datastorage/AnVIL_CMG_Broad_Heart_PCGC-Tristani_WGS","value":"AnVIL_CMG_Broad_Heart_PCGC-Tristani_WGS/Su/TRI_UT-17_100505_1"},{"system":"urn:ncpi:unique-string","value":"Patient|AnVIL_CMG_Broad_Heart_PCGC-Tristani_WGS|AnVIL_CMG_Broad_Heart_PCGC-Tristani_WGS/Su/TRI_UT-17_100505_1"}]}
{"resourceType":"Patient","id":"P.AnVIL-CMG-Broad-Heart-PCGC-Tristani-WGS-Su-TRI-UT-17-100506-1","meta":{"profile":["http://hl7.org/fhir/StructureDefinition/Patient"]},"identifier":[{"system":"https://anvil.terra.bio/#workspaces/anvil-datastorage/AnVIL_CMG_Broad_Heart_PCGC-Tristani_WGS","value":"AnVIL_CMG_Broad_Heart_PCGC-Tristani_WGS/Su/TRI_UT-17_100506_1"},{"system":"urn:ncpi:unique-string","value":"Patient|AnVIL_CMG_Broad_Heart_PCGC-Tristani_WGS|AnVIL_CMG_Broad_Heart_PCGC-Tristani_WGS/Su/TRI_UT-17_100506_1"}]}
{"resourceType":"Patient","id":"P.AnVIL-CMG-Broad-Heart-PCGC-Tristani-WGS-Su-TRI-UT-17-100507-1","meta":{"profile":["http://hl7.org/fhir/StructureDefinition/Patient"]},"identifier":[{"system":"https://anvil.terra.bio/#workspaces/anvil-datastorage/AnVIL_CMG_Broad_Heart_PCGC-Tristani_WGS","value":"AnVIL_CMG_Broad_Heart_PCGC-Tristani_WGS/Su/TRI_UT-17_100507_1"},{"system":"urn:ncpi:unique-string","value":"Patient|AnVIL_CMG_Broad_Heart_PCGC-Tristani_WGS|AnVIL_CMG_Broad_Heart_PCGC-Tristani_WGS/Su/TRI_UT-17_100507_1"}]}
{"resourceType":"Patient","id":"P.AnVIL-CMG-Broad-Heart-PCGC-Tristani-WGS-Su-TRI-UT-17-100508-1","meta":{"profile":["http://hl7.org/fhir/StructureDefinition/Patient"]},"identifier":[{"system":"https://anvil.terra.bio/#workspaces/anvil-datastorage/AnVIL_CMG_Broad_Heart_PCGC-Tristani_WGS","value":"AnVIL_CMG_Broad_Heart_PCGC-Tristani_WGS/Su/TRI_UT-17_100508_1"},{"system":"urn:ncpi:unique-string","value":"Patient|AnVIL_CMG_Broad_Heart_PCGC-Tristani_WGS|AnVIL_CMG_Broad_Heart_PCGC-Tristani_WGS/Su/TRI_UT-17_100508_1"}]}
{"resourceType":"Patient","id":"P.AnVIL-CMG-Broad-Heart-PCGC-Tristani-WGS-Su-TRI-UT-17-103683-1","meta":{"profile":["http://hl7.org/fhir/StructureDefinition/Patient"]},"identifier":[{"system":"https://anvil.terra.bio/#workspaces/anvil-datastorage/AnVIL_CMG_Broad_Heart_PCGC-Tristani_WGS","value":"AnVIL_CMG_Broad_Heart_PCGC-Tristani_WGS/Su/TRI_UT-17_103683_1"},{"system":"urn:ncpi:unique-string","value":"Patient|AnVIL_CMG_Broad_Heart_PCGC-Tristani_WGS|AnVIL_CMG_Broad_Heart_PCGC-Tristani_WGS/Su/TRI_UT-17_103683_1"}]}
{"resourceType":"Patient","id":"P.AnVIL-CMG-Broad-Heart-PCGC-Tristani-WGS-Su-TRI-UT-19-102370-1","meta":{"profile":["http://hl7.org/fhir/StructureDefinition/Patient"]},"identifier":[{"system":"https://anvil.terra.bio/#workspaces/anvil-datastorage/AnVIL_CMG_Broad_Heart_PCGC-Tristani_WGS","value":"AnVIL_CMG_Broad_Heart_PCGC-Tristani_WGS/Su/TRI_UT-19_102370_1"},{"system":"urn:ncpi:unique-string","value":"Patient|AnVIL_CMG_Broad_Heart_PCGC-Tristani_WGS|AnVIL_CMG_Broad_Heart_PCGC-Tristani_WGS/Su/TRI_UT-19_102370_1"}]}
{"resourceType":"Patient","id":"P.AnVIL-CMG-Broad-Heart-PCGC-Tristani-WGS-Su-TRI-UT-19-102431-1","meta":{"profile":["http://hl7.org/fhir/StructureDefinition/Patient"]},"identifier":[{"system":"https://anvil.terra.bio/#workspaces/anvil-datastorage/AnVIL_CMG_Broad_Heart_PCGC-Tristani_WGS","value":"AnVIL_CMG_Broad_Heart_PCGC-Tristani_WGS/Su/TRI_UT-19_102431_1"},{"system":"urn:ncpi:unique-string","value":"Patient|AnVIL_CMG_Broad_Heart_PCGC-Tristani_WGS|AnVIL_CMG_Broad_Heart_PCGC-Tristani_WGS/Su/TRI_UT-19_102431_1"}]}
{"resourceType":"Patient","id":"P.AnVIL-CMG-Broad-Heart-PCGC-Tristani-WGS-Su-TRI-UT-19-102434-1","meta":{"profile":["http://hl7.org/fhir/StructureDefinition/Patient"]},"identifier":[{"system":"https://anvil.terra.bio/#workspaces/anvil-datastorage/AnVIL_CMG_Broad_Heart_PCGC-Tristani_WGS","value":"AnVIL_CMG_Broad_Heart_PCGC-Tristani_WGS/Su/TRI_UT-19_102434_1"},{"system":"urn:ncpi:unique-string","value":"Patient|AnVIL_CMG_Broad_Heart_PCGC-Tristani_WGS|AnVIL_CMG_Broad_Heart_PCGC-Tristani_WGS/Su/TRI_UT-19_102434_1"}]}
{"resourceType":"Patient","id":"P.AnVIL-CMG-Broad-Heart-PCGC-Tristani-WGS-Su-TRI-UT-22-103438-1","meta":{"profile":["http://hl7.org/fhir/StructureDefinition/Patient"]},"identifier":[{"system":"https://anvil.terra.bio/#workspaces/anvil-datastorage/AnVIL_CMG_Broad_Heart_PCGC-Tristani_WGS","value":"AnVIL_CMG_Broad_Heart_PCGC-Tristani_WGS/Su/TRI_UT-22_103438_1"},{"system":"urn:ncpi:unique-string","value":"Patient|AnVIL_CMG_Broad_Heart_PCGC-Tristani_WGS|AnVIL_CMG_Broad_Heart_PCGC-Tristani_WGS/Su/TRI_UT-22_103438_1"}]}
{"resourceType":"Patient","id":"P.AnVIL-CMG-Broad-Heart-PCGC-Tristani-WGS-Su-TRI-UT-22-103439-1","meta":{"profile":["http://hl7.org/fhir/StructureDefinition/Patient"]},"identifier":[{"system":"https://anvil.terra.bio/#workspaces/anvil-datastorage/AnVIL_CMG_Broad_Heart_PCGC-Tristani_WGS","value":"AnVIL_CMG_Broad_Heart_PCGC-Tristani_WGS/Su/TRI_UT-22_103439_1"},{"system":"urn:ncpi:unique-string","value":"Patient|AnVIL_CMG_Broad_Heart_PCGC-Tristani_WGS|AnVIL_CMG_Broad_Heart_PCGC-Tristani_WGS/Su/TRI_UT-22_103439_1"}]}
{"resourceType":"Patient","id":"P.AnVIL-CMG-Broad-Heart-PCGC-Tristani-WGS-Su-TRI-UT-22-103450-1","meta":{"profile":["http://hl7.org/fhir/StructureDefinition/Patient"]},"identifier":[{"system":"https://anvil.terra.bio/#workspaces/anvil-datastorage/AnVIL_CMG_Broad_Heart_PCGC-Tristani_WGS","value":"AnVIL_CMG_Broad_Heart_PCGC-Tristani_WGS/Su/TRI_UT-22_103450_1"},{"system":"urn:ncpi:unique-string","value":"Patient|AnVIL_CMG_Broad_Heart_PCGC-Tristani_WGS|AnVIL_CMG_Broad_Heart_PCGC-Tristani_WGS/Su/TRI_UT-22_103450_1"}]}
{"resourceType":"Patient","id":"P.AnVIL-CMG-Broad-Heart-PCGC-Tristani-WGS-Su-TRI-UT-22-103451-1","meta":{"profile":["http://hl7.org/fhir/StructureDefinition/Patient"]},"identifier":[{"system":"https://anvil.terra.bio/#workspaces/anvil-datastorage/AnVIL_CMG_Broad_Heart_PCGC-Tristani_WGS","value":"AnVIL_CMG_Broad_Heart_PCGC-Tristani_WGS/Su/TRI_UT-22_103451_1"},{"system":"urn:ncpi:unique-string","value":"Patient|AnVIL_CMG_Broad_Heart_PCGC-Tristani_WGS|AnVIL_CMG_Broad_Heart_PCGC-Tristani_WGS/Su/TRI_UT-22_103451_1"}]}
{"resourceType":"Patient","id":"P.AnVIL-CMG-Broad-Heart-PCGC-Tristani-WGS-Su-TRI-UT-22-103452-1","meta":{"profile":["http://hl7.org/fhir/StructureDefinition/Patient"]},"identifier":[{"system":"https://anvil.terra.bio/#workspaces/anvil-datastorage/AnVIL_CMG_Broad_Heart_PCGC-Tristani_WGS","value":"AnVIL_CMG_Broad_Heart_PCGC-Tristani_WGS/Su/TRI_UT-22_103452_1"},{"system":"urn:ncpi:unique-string","value":"Patient|AnVIL_CMG_Broad_Heart_PCGC-Tristani_WGS|AnVIL_CMG_Broad_Heart_PCGC-Tristani_WGS/Su/TRI_UT-22_103452_1"}]}
{"resourceType":"Patient","id":"P.AnVIL-CMG-Broad-Heart-PCGC-Tristani-WGS-Su-TRI-UT-24-102877-1","meta":{"profile":["http://hl7.org/fhir/StructureDefinition/Patient"]},"identifier":[{"system":"https://anvil.terra.bio/#workspaces/anvil-datastorage/AnVIL_CMG_Broad_Heart_PCGC-Tristani_WGS","value":"AnVIL_CMG_Broad_Heart_PCGC-Tristani_WGS/Su/TRI_UT-24_102877_1"},{"system":"urn:ncpi:unique-string","value":"Patient|AnVIL_CMG_Broad_Heart_PCGC-Tristani_WGS|AnVIL_CMG_Broad_Heart_PCGC-Tristani_WGS/Su/TRI_UT-24_102877_1"}]}
{"resourceType":"Patient","id":"P.AnVIL-CMG-Broad-Heart-PCGC-Tristani-WGS-Su-TRI-UT-24-102879-1","meta":{"profile":["http://hl7.org/fhir/StructureDefinition/Patient"]},"identifier":[{"system":"https://anvil.terra.bio/#workspaces/anvil-datastorage/AnVIL_CMG_Broad_Heart_PCGC-Tristani_WGS","value":"AnVIL_CMG_Broad_Heart_PCGC-Tristani_WGS/Su/TRI_UT-24_102879_1"},{"system":"urn:ncpi:unique-string","value":"Patient|AnVIL_CMG_Broad_Heart_PCGC-Tristani_WGS|AnVIL_CMG_Broad_Heart_PCGC-Tristani_WGS/Su/TRI_UT-24_102879_1"}]}
{"resourceType":"Patient","id":"P.AnVIL-CMG-Broad-Heart-PCGC-Tristani-WGS-Su-TRI-UT-24-103929-1","meta":{"profile":["http://hl7.org/fhir/StructureDefinition/Patient"]},"identifier":[{"system":"https://anvil.terra.bio/#workspaces/anvil-datastorage/AnVIL_CMG_Broad_Heart_PCGC-Tristani_WGS","value":"AnVIL_CMG_Broad_Heart_PCGC-Tristani_WGS/Su/TRI_UT-24_103929_1"},{"system":"urn:ncpi:unique-string","value":"Patient|AnVIL_CMG_Broad_Heart_PCGC-Tristani_WGS|AnVIL_CMG_Broad_Heart_PCGC-Tristani_WGS/Su/TRI_UT-24_103929_1"}]}
{"resourceType":"Patient","id":"P.AnVIL-CMG-Broad-Heart-PCGC-Tristani-WGS-Su-TRI-UT-26-103898-1","meta":{"profile":["http://hl7.org/fhir/StructureDefinition/Patient"]},"identifier":[{"system":"https://anvil.terra.bio/#workspaces/anvil-datastorage/AnVIL_CMG_Broad_Heart_PCGC-Tristani_WGS","value":"AnVIL_CMG_Broad_Heart_PCGC-Tristani_WGS/Su/TRI_UT-26_103898_1"},{"system":"urn:ncpi:unique-string","value":"Patient|AnVIL_CMG_Broad_Heart_PCGC-Tristani_WGS|AnVIL_CMG_Broad_Heart_PCGC-Tristani_WGS/Su/TRI_UT-26_103898_1"}]}
{"resourceType":"Patient","id":"P.AnVIL-CMG-Broad-Heart-PCGC-Tristani-WGS-Su-TRI-UT-26-103899-1","meta":{"profile":["http://hl7.org/fhir/StructureDefinition/Patient"]},"identifier":[{"system":"https://anvil.terra.bio/#workspaces/anvil-datastorage/AnVIL_CMG_Broad_Heart_PCGC-Tristani_WGS","value":"AnVIL_CMG_Broad_Heart_PCGC-Tristani_WGS/Su/TRI_UT-26_103899_1"},{"system":"urn:ncpi:unique-string","value":"Patient|AnVIL_CMG_Broad_Heart_PCGC-Tristani_WGS|AnVIL_CMG_Broad_Heart_PCGC-Tristani_WGS/Su/TRI_UT-26_103899_1"}]}
{"resourceType":"Patient","id":"P.AnVIL-CMG-Broad-Heart-PCGC-Tristani-WGS-Su-TRI-UT-26-103900-1","meta":{"profile":["http://hl7.org/fhir/StructureDefinition/Patient"]},"identifier":[{"system":"https://anvil.terra.bio/#workspaces/anvil-datastorage/AnVIL_CMG_Broad_Heart_PCGC-Tristani_WGS","value":"AnVIL_CMG_Broad_Heart_PCGC-Tristani_WGS/Su/TRI_UT-26_103900_1"},{"system":"urn:ncpi:unique-string","value":"Patient|AnVIL_CMG_Broad_Heart_PCGC-Tristani_WGS|AnVIL_CMG_Broad_Heart_PCGC-Tristani_WGS/Su/TRI_UT-26_103900_1"}]}
{"resourceType":"Patient","id":"P.AnVIL-CMG-Broad-Heart-PCGC-Tristani-WGS-Su-TRI-UT-34-102482-1","meta":{"profile":["http://hl7.org/fhir/StructureDefinition/Patient"]},"identifier":[{"system":"https://anvil.terra.bio/#workspaces/anvil-datastorage/AnVIL_CMG_Broad_Heart_PCGC-Tristani_WGS","value":"AnVIL_CMG_Broad_Heart_PCGC-Tristani_WGS/Su/TRI_UT-34_102482_1"},{"system":"urn:ncpi:unique-string","value":"Patient|AnVIL_CMG_Broad_Heart_PCGC-Tristani_WGS|AnVIL_CMG_Broad_Heart_PCGC-Tristani_WGS/Su/TRI_UT-34_102482_1"}]}
{"resourceType":"Patient","id":"P.AnVIL-CMG-Broad-Heart-PCGC-Tristani-WGS-Su-TRI-UT-34-103962-1","meta":{"profile":["http://hl7.org/fhir/StructureDefinition/Patient"]},"identifier":[{"system":"https://anvil.terra.bio/#workspaces/anvil-datastorage/AnVIL_CMG_Broad_Heart_PCGC-Tristani_WGS","value":"AnVIL_CMG_Broad_Heart_PCGC-Tristani_WGS/Su/TRI_UT-34_103962_1"},{"system":"urn:ncpi:unique-string","value":"Patient|AnVIL_CMG_Broad_Heart_PCGC-Tristani_WGS|AnVIL_CMG_Broad_Heart_PCGC-Tristani_WGS/Su/TRI_UT-34_103962_1"}]}
{"resourceType":"Patient","id":"P.AnVIL-CMG-Broad-Heart-PCGC-Tristani-WGS-Su-TRI-UT-34-104050-1","meta":{"profile":["http://hl7.org/fhir/StructureDefinition/Patient"]},"identifier":[{"system":"https://anvil.terra.bio/#workspaces/anvil-datastorage/AnVIL_CMG_Broad_Heart_PCGC-Tristani_WGS","value":"AnVIL_CMG_Broad_Heart_PCGC-Tristani_WGS/Su/TRI_UT-34_104050_1"},{"system":"urn:ncpi:unique-string","value":"Patient|AnVIL_CMG_Broad_Heart_PCGC-Tristani_WGS|AnVIL_CMG_Broad_Heart_PCGC-Tristani_WGS/Su/TRI_UT-34_104050_1"}]}
{"resourceType":"Patient","id":"P.AnVIL-CMG-Broad-Heart-PCGC-Tristani-WGS-Su-TRI-UT-4-101341-1","meta":{"profile":["http://hl7.org/fhir/StructureDefinition/Patient"]},"identifier":[{"system":"https://anvil.terra.bio/#workspaces/anvil-datastorage/AnVIL_CMG_Broad_Heart_PCGC-Tristani_WGS","value":"AnVIL_CMG_Broad_Heart_PCGC-Tristani_WGS/Su/TRI_UT-4_101341_1"},{"system":"urn:ncpi:unique-string","value":"Patient|AnVIL_CMG_Broad_Heart_PCGC-Tristani_WGS|AnVIL_CMG_Broad_Heart_PCGC-Tristani_WGS/Su/TRI_UT-4_101341_1"}]}
{"resourceType":"Patient","id":"P.AnVIL-CMG-Broad-Heart-PCGC-Tristani-WGS-Su-TRI-UT-4-101343-1","meta":{"profile":["http://hl7.org/fhir/StructureDefinition/Patient"]},"identifier":[{"system":"https://anvil.terra.bio/#workspaces/anvil-datastorage/AnVIL_CMG_Broad_Heart_PCGC-Tristani_WGS","value":"AnVIL_CMG_Broad_Heart_PCGC-Tristani_WGS/Su/TRI_UT-4_101343_1"},{"system":"urn:ncpi:unique-string","value":"Patient|AnVIL_CMG_Broad_Heart_PCGC-Tristani_WGS|AnVIL_CMG_Broad_Heart_PCGC-Tristani_WGS/Su/TRI_UT-4_101343_1"}]}
{"resourceType":"Patient","id":"P.AnVIL-CMG-Broad-Heart-PCGC-Tristani-WGS-Su-TRI-UT-4-103100-1","meta":{"profile":["http://hl7.org/fhir/StructureDefinition/Patient"]},"identifier":[{"system":"https://anvil.terra.bio/#workspaces/anvil-datastorage/AnVIL_CMG_Broad_Heart_PCGC-Tristani_WGS","value":"AnVIL_CMG_Broad_Heart_PCGC-Tristani_WGS/Su/TRI_UT-4_103100_1"},{"system":"urn:ncpi:unique-string","value":"Patient|AnVIL_CMG_Broad_Heart_PCGC-Tristani_WGS|AnVIL_CMG_Broad_Heart_PCGC-Tristani_WGS/Su/TRI_UT-4_103100_1"}]}
{"resourceType":"Patient","id":"P.AnVIL-CMG-Broad-Heart-PCGC-Tristani-WGS-Su-TRI-UT-6-100675-1","meta":{"profile":["http://hl7.org/fhir/StructureDefinition/Patient"]},"identifier":[{"system":"https://anvil.terra.bio/#workspaces/anvil-datastorage/AnVIL_CMG_Broad_Heart_PCGC-Tristani_WGS","value":"AnVIL_CMG_Broad_Heart_PCGC-Tristani_WGS/Su/TRI_UT-6_100675_1"},{"system":"urn:ncpi:unique-string","value":"Patient|AnVIL_CMG_Broad_Heart_PCGC-Tristani_WGS|AnVIL_CMG_Broad_Heart_PCGC-Tristani_WGS/Su/TRI_UT-6_100675_1"}]}
{"resourceType":"Patient","id":"P.AnVIL-CMG-Broad-Heart-PCGC-Tristani-WGS-Su-TRI-UT-6-100676-1","meta":{"profile":["http://hl7.org/fhir/StructureDefinition/Patient"]},"identifier":[{"system":"https://anvil.terra.bio/#workspaces/anvil-datastorage/AnVIL_CMG_Broad_Heart_PCGC-Tristani_WGS","value":"AnVIL_CMG_Broad_Heart_PCGC-Tristani_WGS/Su/TRI_UT-6_100676_1"},{"system":"urn:ncpi:unique-string","value":"Patient|AnVIL_CMG_Broad_Heart_PCGC-Tristani_WGS|AnVIL_CMG_Broad_Heart_PCGC-Tristani_WGS/Su/TRI_UT-6_100676_1"}]}
