{"resourceType":"ResearchStudy","id":"AnVIL-CMG-UWash-GRU","meta":{"profile":["http://hl7.org/fhir/StructureDefinition/ResearchStudy"]},"identifier":[{"system":"https://anvil.terra.bio/#workspaces/anvil-datastorage/","value":"AnVIL_CMG_UWash_GRU"},{"system":"urn:ncpi:unique-string","value":"ResearchStudy|AnVIL_CMG_UWash_GRU"},{"value":"AnVIL_CMG_UWash_GRU"}],"extension":[{"url":"http://fhir.ncpi-project-forge.io/StructureDefinition/related-organization","extension":[{"url":"organization","valueReference":{"reference":"Organization/Organization.None"}}]},{"url":"http://fhir.ncpi-project-forge.io/StructureDefinition/display-name","valueString":"AnVIL_CMG_UWash_GRU"}],"title":"AnVIL_CMG_UWash_GRU","status":"completed"}
