{"resourceType":"ResearchSubject","id":"P.AnVIL-CMG-Broad-Muscle-Myoseq-WGS-Su-MBEL001","meta":{"profile":["http://hl7.org/fhir/StructureDefinition/ResearchSubject"]},"identifier":[{"system":"https://anvil.terra.bio/#workspaces/anvil-datastorage/AnVIL_CMG_Broad_Muscle_Myoseq_WGS","value":"AnVIL_CMG_Broad_Muscle_Myoseq_WGS/Su/MBEL001"},{"system":"urn:ncpi:unique-string","value":"P.AnVIL-CMG-Broad-Muscle-Myoseq-WGS-Su-MBEL001"}],"status":"off-study","study":{"reference":"ResearchStudy/AnVIL-CMG-Broad-Muscle-Myoseq-WGS"},"individual":{"reference":"Patient/P.AnVIL-CMG-Broad-Muscle-Myoseq-WGS-Su-MBEL001"}}
{"resourceType":"ResearchSubject","id":"P.AnVIL-CMG-Broad-Muscle-Myoseq-WGS-Su-MBEL122","meta":{"profile":["http://hl7.org/fhir/StructureDefinition/ResearchSubject"]},"identifier":[{"system":"https://anvil.terra.bio/#workspaces/anvil-datastorage/AnVIL_CMG_Broad_Muscle_Myoseq_WGS","value":"AnVIL_CMG_Broad_Muscle_Myoseq_WGS/Su/MBEL122"},{"system":"urn:ncpi:unique-string","value":"P.AnVIL-CMG-Broad-Muscle-Myoseq-WGS-Su-MBEL122"}],"status":"off-study","study":{"reference":"ResearchStudy/AnVIL-CMG-Broad-Muscle-Myoseq-WGS"},"individual":{"reference":"Patient/P.AnVIL-CMG-Broad-Muscle-Myoseq-WGS-Su-MBEL122"}}
{"resourceType":"ResearchSubject","id":"P.AnVIL-CMG-Broad-Muscle-Myoseq-WGS-Su-MCAI002","meta":{"profile":["http://hl7.org/fhir/StructureDefinition/ResearchSubject"]},"identifier":[{"system":"https://anvil.terra.bio/#workspaces/anvil-datastorage/AnVIL_CMG_Broad_Muscle_Myoseq_WGS","value":"AnVIL_CMG_Broad_Muscle_Myoseq_WGS/Su/MCAI002"},{"system":"urn:ncpi:unique-string","value":"P.AnVIL-CMG-Broad-Muscle-Myoseq-WGS-Su-MCAI002"}],"status":"off-study","study":{"reference":"ResearchStudy/AnVIL-CMG-Broad-Muscle-Myoseq-WGS"},"individual":{"reference":"Patient/P.AnVIL-CMG-Broad-Muscle-Myoseq-WGS-Su-MCAI002"}}
{"resourceType":"ResearchSubject","id":"P.AnVIL-CMG-Broad-Muscle-Myoseq-WGS-Su-MCAI043","meta":{"profile":["http://hl7.org/fhir/StructureDefinition/ResearchSubject"]},"identifier":[{"system":"https://anvil.terra.bio/#workspaces/anvil-datastorage/AnVIL_CMG_Broad_Muscle_Myoseq_WGS","value":"AnVIL_CMG_Broad_Muscle_Myoseq_WGS/Su/MCAI043"},{"system":"urn:ncpi:unique-string","value":"P.AnVIL-CMG-Broad-Muscle-Myoseq-WGS-Su-MCAI043"}],"status":"off-study","study":{"reference":"ResearchStudy/AnVIL-CMG-Broad-Muscle-Myoseq-WGS"},"individual":{"reference":"Patient/P.AnVIL-CMG-Broad-Muscle-Myoseq-WGS-Su-MCAI043"}}
{"resourceType":"ResearchSubject","id":"P.AnVIL-CMG-Broad-Muscle-Myoseq-WGS-Su-MCAI054","meta":{"profile":["http://hl7.org/fhir/StructureDefinition/ResearchSubject"]},"identifier":[{"system":"https://anvil.terra.bio/#workspaces/anvil-datastorage/AnVIL_CMG_Broad_Muscle_Myoseq_WGS","value":"AnVIL_CMG_Broad_Muscle_Myoseq_WGS/Su/MCAI054"},{"system":"urn:ncpi:unique-string","value":"P.AnVIL-CMG-Broad-Muscle-Myoseq-WGS-Su-MCAI054"}],"status":"off-study","study":{"reference":"ResearchStudy/AnVIL-CMG-Broad-Muscle-Myoseq-WGS"},"individual":{"reference":"Patient/P.AnVIL-CMG-Broad-Muscle-Myoseq-WGS-Su-MCAI054"}}
{"resourceType":"ResearchSubject","id":"P.AnVIL-CMG-Broad-Muscle-Myoseq-WGS-Su-MCOP067","meta":{"profile":["http://hl7.org/fhir/StructureDefinition/ResearchSubject"]},"identifier":[{"system":"https://anvil.terra.bio/#workspaces/anvil-datastorage/AnVIL_CMG_Broad_Muscle_Myoseq_WGS","value":"AnVIL_CMG_Broad_Muscle_Myoseq_WGS/Su/MCOP067"},{"system":"urn:ncpi:unique-string","value":"P.AnVIL-CMG-Broad-Muscle-Myoseq-WGS-Su-MCOP067"}],"status":"off-study","study":{"reference":"ResearchStudy/AnVIL-CMG-Broad-Muscle-Myoseq-WGS"},"individual":{"reference":"Patient/P.AnVIL-CMG-Broad-Muscle-Myoseq-WGS-Su-MCOP067"}}
{"resourceType":"ResearchSubject","id":"P.AnVIL-CMG-Broad-Muscle-Myoseq-WGS-Su-MESP006","meta":{"profile":["http://hl7.org/fhir/StructureDefinition/ResearchSubject"]},"identifier":[{"system":"https://anvil.terra.bio/#workspaces/anvil-datastorage/AnVIL_CMG_Broad_Muscle_Myoseq_WGS","value":"AnVIL_CMG_Broad_Muscle_Myoseq_WGS/Su/MESP006"},{"system":"urn:ncpi:unique-string","value":"P.AnVIL-CMG-Broad-Muscle-Myoseq-WGS-Su-MESP006"}],"status":"off-study","study":{"reference":"ResearchStudy/AnVIL-CMG-Broad-Muscle-Myoseq-WGS"},"individual":{"reference":"Patient/P.AnVIL-CMG-Broad-Muscle-Myoseq-WGS-Su-MESP006"}}
{"resourceType":"ResearchSubject","id":"P.AnVIL-CMG-Broad-Muscle-Myoseq-WGS-Su-MPAU036","meta":{"profile":["http://hl7.org/fhir/StructureDefinition/ResearchSubject"]},"identifier":[{"system":"https://anvil.terra.bio/#workspaces/anvil-datastorage/AnVIL_CMG_Broad_Muscle_Myoseq_WGS","value":"AnVIL_CMG_Broad_Muscle_Myoseq_WGS/Su/MPAU036"},{"system":"urn:ncpi:unique-string","value":"P.AnVIL-CMG-Broad-Muscle-Myoseq-WGS-Su-MPAU036"}],"status":"off-study","study":{"reference":"ResearchStudy/AnVIL-CMG-Broad-Muscle-Myoseq-WGS"},"individual":{"reference":"Patient/P.AnVIL-CMG-Broad-Muscle-Myoseq-WGS-Su-MPAU036"}}
{"resourceType":"ResearchSubject","id":"P.AnVIL-CMG-Broad-Muscle-Myoseq-WGS-Su-MWAR044","meta":{"profile":["http://hl7.org/fhir/StructureDefinition/ResearchSubject"]},"identifier":[{"system":"https://anvil.terra.bio/#workspaces/anvil-datastorage/AnVIL_CMG_Broad_Muscle_Myoseq_WGS","value":"AnVIL_CMG_Broad_Muscle_Myoseq_WGS/Su/MWAR044"},{"system":"urn:ncpi:unique-string","value":"P.AnVIL-CMG-Broad-Muscle-Myoseq-WGS-Su-MWAR044"}],"status":"off-study","study":{"reference":"ResearchStudy/AnVIL-CMG-Broad-Muscle-Myoseq-WGS"},"individual":{"reference":"Patient/P.AnVIL-CMG-Broad-Muscle-Myoseq-WGS-Su-MWAR044"}}
{"resourceType":"ResearchSubject","id":"P.AnVIL-CMG-Broad-Muscle-Myoseq-WGS-Su-MWAR053","meta":{"profile":["http://hl7.org/fhir/StructureDefinition/ResearchSubject"]},"identifier":[{"system":"https://anvil.terra.bio/#workspaces/anvil-datastorage/AnVIL_CMG_Broad_Muscle_Myoseq_WGS","value":"AnVIL_CMG_Broad_Muscle_Myoseq_WGS/Su/MWAR053"},{"system":"urn:ncpi:unique-string","value":"P.AnVIL-CMG-Broad-Muscle-Myoseq-WGS-Su-MWAR053"}],"status":"off-study","study":{"reference":"ResearchStudy/AnVIL-CMG-Broad-Muscle-Myoseq-WGS"},"individual":{"reference":"Patient/P.AnVIL-CMG-Broad-Muscle-Myoseq-WGS-Su-MWAR053"}}
