{"resourceType":"Specimen","id":"Broad-Muscle-Myoseq-WGS-Sa-MBEL001","meta":{"profile":["http://hl7.org/fhir/StructureDefinition/Specimen"]},"identifier":[{"system":"https://anvil.terra.bio/#workspaces/anvil-datastorage/AnVIL_CMG_Broad_Muscle_Myoseq_WGS","value":"Broad_Muscle_Myoseq_WGS/Sa/MBEL001"},{"system":"urn:ncpi:unique-string","value":"Specimen|AnVIL_CMG_Broad_Muscle_Myoseq_WGS|Broad_Muscle_Myoseq_WGS/Sa/MBEL001"}],"subject":{"reference":"Patient/P.AnVIL-CMG-Broad-Muscle-Myoseq-WGS-Su-MBEL001"}}
{"resourceType":"Specimen","id":"Broad-Muscle-Myoseq-WGS-Sa-MBEL122","meta":{"profile":["http://hl7.org/fhir/StructureDefinition/Specimen"]},"identifier":[{"system":"https://anvil.terra.bio/#workspaces/anvil-datastorage/AnVIL_CMG_Broad_Muscle_Myoseq_WGS","value":"Broad_Muscle_Myoseq_WGS/Sa/MBEL122"},{"system":"urn:ncpi:unique-string","value":"Specimen|AnVIL_CMG_Broad_Muscle_Myoseq_WGS|Broad_Muscle_Myoseq_WGS/Sa/MBEL122"}],"subject":{"reference":"Patient/P.AnVIL-CMG-Broad-Muscle-Myoseq-WGS-Su-MBEL122"}}
{"resourceType":"Specimen","id":"Broad-Muscle-Myoseq-WGS-Sa-MCAI002","meta":{"profile":["http://hl7.org/fhir/StructureDefinition/Specimen"]},"identifier":[{"system":"https://anvil.terra.bio/#workspaces/anvil-datastorage/AnVIL_CMG_Broad_Muscle_Myoseq_WGS","value":"Broad_Muscle_Myoseq_WGS/Sa/MCAI002"},{"system":"urn:ncpi:unique-string","value":"Specimen|AnVIL_CMG_Broad_Muscle_Myoseq_WGS|Broad_Muscle_Myoseq_WGS/Sa/MCAI002"}],"subject":{"reference":"Patient/P.AnVIL-CMG-Broad-Muscle-Myoseq-WGS-Su-MCAI002"}}
{"resourceType":"Specimen","id":"Broad-Muscle-Myoseq-WGS-Sa-MCAI043","meta":{"profile":["http://hl7.org/fhir/StructureDefinition/Specimen"]},"identifier":[{"system":"https://anvil.terra.bio/#workspaces/anvil-datastorage/AnVIL_CMG_Broad_Muscle_Myoseq_WGS","value":"Broad_Muscle_Myoseq_WGS/Sa/MCAI043"},{"system":"urn:ncpi:unique-string","value":"Specimen|AnVIL_CMG_Broad_Muscle_Myoseq_WGS|Broad_Muscle_Myoseq_WGS/Sa/MCAI043"}],"subject":{"reference":"Patient/P.AnVIL-CMG-Broad-Muscle-Myoseq-WGS-Su-MCAI043"}}
{"resourceType":"Specimen","id":"Broad-Muscle-Myoseq-WGS-Sa-MCAI054","meta":{"profile":["http://hl7.org/fhir/StructureDefinition/Specimen"]},"identifier":[{"system":"https://anvil.terra.bio/#workspaces/anvil-datastorage/AnVIL_CMG_Broad_Muscle_Myoseq_WGS","value":"Broad_Muscle_Myoseq_WGS/Sa/MCAI054"},{"system":"urn:ncpi:unique-string","value":"Specimen|AnVIL_CMG_Broad_Muscle_Myoseq_WGS|Broad_Muscle_Myoseq_WGS/Sa/MCAI054"}],"subject":{"reference":"Patient/P.AnVIL-CMG-Broad-Muscle-Myoseq-WGS-Su-MCAI054"}}
{"resourceType":"Specimen","id":"Broad-Muscle-Myoseq-WGS-Sa-MCOP067","meta":{"profile":["http://hl7.org/fhir/StructureDefinition/Specimen"]},"identifier":[{"system":"https://anvil.terra.bio/#workspaces/anvil-datastorage/AnVIL_CMG_Broad_Muscle_Myoseq_WGS","value":"Broad_Muscle_Myoseq_WGS/Sa/MCOP067"},{"system":"urn:ncpi:unique-string","value":"Specimen|AnVIL_CMG_Broad_Muscle_Myoseq_WGS|Broad_Muscle_Myoseq_WGS/Sa/MCOP067"}],"subject":{"reference":"Patient/P.AnVIL-CMG-Broad-Muscle-Myoseq-WGS-Su-MCOP067"}}
{"resourceType":"Specimen","id":"Broad-Muscle-Myoseq-WGS-Sa-MESP006","meta":{"profile":["http://hl7.org/fhir/StructureDefinition/Specimen"]},"identifier":[{"system":"https://anvil.terra.bio/#workspaces/anvil-datastorage/AnVIL_CMG_Broad_Muscle_Myoseq_WGS","value":"Broad_Muscle_Myoseq_WGS/Sa/MESP006"},{"system":"urn:ncpi:unique-string","value":"Specimen|AnVIL_CMG_Broad_Muscle_Myoseq_WGS|Broad_Muscle_Myoseq_WGS/Sa/MESP006"}],"subject":{"reference":"Patient/P.AnVIL-CMG-Broad-Muscle-Myoseq-WGS-Su-MESP006"}}
{"resourceType":"Specimen","id":"Broad-Muscle-Myoseq-WGS-Sa-MPAU036","meta":{"profile":["http://hl7.org/fhir/StructureDefinition/Specimen"]},"identifier":[{"system":"https://anvil.terra.bio/#workspaces/anvil-datastorage/AnVIL_CMG_Broad_Muscle_Myoseq_WGS","value":"Broad_Muscle_Myoseq_WGS/Sa/MPAU036"},{"system":"urn:ncpi:unique-string","value":"Specimen|AnVIL_CMG_Broad_Muscle_Myoseq_WGS|Broad_Muscle_Myoseq_WGS/Sa/MPAU036"}],"subject":{"reference":"Patient/P.AnVIL-CMG-Broad-Muscle-Myoseq-WGS-Su-MPAU036"}}
{"resourceType":"Specimen","id":"Broad-Muscle-Myoseq-WGS-Sa-MWAR044","meta":{"profile":["http://hl7.org/fhir/StructureDefinition/Specimen"]},"identifier":[{"system":"https://anvil.terra.bio/#workspaces/anvil-datastorage/AnVIL_CMG_Broad_Muscle_Myoseq_WGS","value":"Broad_Muscle_Myoseq_WGS/Sa/MWAR044"},{"system":"urn:ncpi:unique-string","value":"Specimen|AnVIL_CMG_Broad_Muscle_Myoseq_WGS|Broad_Muscle_Myoseq_WGS/Sa/MWAR044"}],"subject":{"reference":"Patient/P.AnVIL-CMG-Broad-Muscle-Myoseq-WGS-Su-MWAR044"}}
{"resourceType":"Specimen","id":"Broad-Muscle-Myoseq-WGS-Sa-MWAR053","meta":{"profile":["http://hl7.org/fhir/StructureDefinition/Specimen"]},"identifier":[{"system":"https://anvil.terra.bio/#workspaces/anvil-datastorage/AnVIL_CMG_Broad_Muscle_Myoseq_WGS","value":"Broad_Muscle_Myoseq_WGS/Sa/MWAR053"},{"system":"urn:ncpi:unique-string","value":"Specimen|AnVIL_CMG_Broad_Muscle_Myoseq_WGS|Broad_Muscle_Myoseq_WGS/Sa/MWAR053"}],"subject":{"reference":"Patient/P.AnVIL-CMG-Broad-Muscle-Myoseq-WGS-Su-MWAR053"}}
