{"resourceType":"Task","id":"T.Broad-Muscle-Myoseq-WGS-Sa-MBEL001","status":"accepted","intent":"unknown","input":[{"type":{"coding":[{"code":"Specimen"}]},"valueReference":{"reference":"Specimen/Broad-Muscle-Myoseq-WGS-Sa-MBEL001"}}],"output":[]}
{"resourceType":"Task","id":"T.Broad-Muscle-Myoseq-WGS-Sa-MBEL122","status":"accepted","intent":"unknown","input":[{"type":{"coding":[{"code":"Specimen"}]},"valueReference":{"reference":"Specimen/Broad-Muscle-Myoseq-WGS-Sa-MBEL122"}}],"output":[]}
{"resourceType":"Task","id":"T.Broad-Muscle-Myoseq-WGS-Sa-MCAI002","status":"accepted","intent":"unknown","input":[{"type":{"coding":[{"code":"Specimen"}]},"valueReference":{"reference":"Specimen/Broad-Muscle-Myoseq-WGS-Sa-MCAI002"}}],"output":[]}
{"resourceType":"Task","id":"T.Broad-Muscle-Myoseq-WGS-Sa-MCAI043","status":"accepted","intent":"unknown","input":[{"type":{"coding":[{"code":"Specimen"}]},"valueReference":{"reference":"Specimen/Broad-Muscle-Myoseq-WGS-Sa-MCAI043"}}],"output":[]}
{"resourceType":"Task","id":"T.Broad-Muscle-Myoseq-WGS-Sa-MCAI054","status":"accepted","intent":"unknown","input":[{"type":{"coding":[{"code":"Specimen"}]},"valueReference":{"reference":"Specimen/Broad-Muscle-Myoseq-WGS-Sa-MCAI054"}}],"output":[]}
{"resourceType":"Task","id":"T.Broad-Muscle-Myoseq-WGS-Sa-MCOP067","status":"accepted","intent":"unknown","input":[{"type":{"coding":[{"code":"Specimen"}]},"valueReference":{"reference":"Specimen/Broad-Muscle-Myoseq-WGS-Sa-MCOP067"}}],"output":[]}
{"resourceType":"Task","id":"T.Broad-Muscle-Myoseq-WGS-Sa-MESP006","status":"accepted","intent":"unknown","input":[{"type":{"coding":[{"code":"Specimen"}]},"valueReference":{"reference":"Specimen/Broad-Muscle-Myoseq-WGS-Sa-MESP006"}}],"output":[]}
{"resourceType":"Task","id":"T.Broad-Muscle-Myoseq-WGS-Sa-MPAU036","status":"accepted","intent":"unknown","input":[{"type":{"coding":[{"code":"Specimen"}]},"valueReference":{"reference":"Specimen/Broad-Muscle-Myoseq-WGS-Sa-MPAU036"}}],"output":[]}
{"resourceType":"Task","id":"T.Broad-Muscle-Myoseq-WGS-Sa-MWAR044","status":"accepted","intent":"unknown","input":[{"type":{"coding":[{"code":"Specimen"}]},"valueReference":{"reference":"Specimen/Broad-Muscle-Myoseq-WGS-Sa-MWAR044"}}],"output":[]}
{"resourceType":"Task","id":"T.Broad-Muscle-Myoseq-WGS-Sa-MWAR053","status":"accepted","intent":"unknown","input":[{"type":{"coding":[{"code":"Specimen"}]},"valueReference":{"reference":"Specimen/Broad-Muscle-Myoseq-WGS-Sa-MWAR053"}}],"output":[]}
