{"resourceType":"Observation","id":"nVIL-CMG-Broad-Heart-Seidman-WES-Su-SEI-132-70007628-OMIM-163950","meta":{"profile":["http://fhir.ncpi-project-forge.io/StructureDefinition/ncpi-phenotype"]},"identifier":[{"system":"urn:ncpi:unique-string","value":"nVIL-CMG-Broad-Heart-Seidman-WES-Su-SEI-132-70007628-OMIM-163950"}],"status":"final","code":{"coding":[{"system":"http://purl.obolibrary.org/obo/omim.owl","code":"OMIM:163950","display":"NOONAN SYNDROME 1; NS1"}],"text":"NOONAN SYNDROME 1; NS1"},"subject":{"reference":"Patient/P.AnVIL-CMG-Broad-Heart-Seidman-WES-Su-SEI-132-70007628"},"valueCodeableConcept":{"coding":[{"system":"http://snomed.info/sct","code":"373573001","display":"Clinical finding present (situation)"}],"text":"Phenotype Present"},"interpretation":[{"coding":[{"system":"http://terminology.hl7.org/CodeSystem/v3-ObservationInterpretation","code":"POS","display":"Positive"}],"text":"Present"}],"extension":[]}
{"resourceType":"Observation","id":"nVIL-CMG-Broad-Heart-Seidman-WES-Su-SEI-160-70007642-OMIM-617047","meta":{"profile":["http://fhir.ncpi-project-forge.io/StructureDefinition/ncpi-phenotype"]},"identifier":[{"system":"urn:ncpi:unique-string","value":"nVIL-CMG-Broad-Heart-Seidman-WES-Su-SEI-160-70007642-OMIM-617047"}],"status":"final","code":{"coding":[{"system":"http://purl.obolibrary.org/obo/omim.owl","code":"OMIM:617047","display":"CARDIOMYOPATHY, FAMILIAL HYPERTROPHIC, 26; CMH26"}],"text":"CARDIOMYOPATHY, FAMILIAL HYPERTROPHIC, 26; CMH26"},"subject":{"reference":"Patient/P.AnVIL-CMG-Broad-Heart-Seidman-WES-Su-SEI-160-70007642"},"valueCodeableConcept":{"coding":[{"system":"http://snomed.info/sct","code":"373573001","display":"Clinical finding present (situation)"}],"text":"Phenotype Present"},"interpretation":[{"coding":[{"system":"http://terminology.hl7.org/CodeSystem/v3-ObservationInterpretation","code":"POS","display":"Positive"}],"text":"Present"}],"extension":[]}
{"resourceType":"Observation","id":"nVIL-CMG-Broad-Heart-Seidman-WES-Su-SEI-374-70012989-OMIM-115197","meta":{"profile":["http://fhir.ncpi-project-forge.io/StructureDefinition/ncpi-phenotype"]},"identifier":[{"system":"urn:ncpi:unique-string","value":"nVIL-CMG-Broad-Heart-Seidman-WES-Su-SEI-374-70012989-OMIM-115197"}],"status":"final","code":{"coding":[{"system":"http://purl.obolibrary.org/obo/omim.owl","code":"OMIM:115197","display":"CARDIOMYOPATHY, FAMILIAL HYPERTROPHIC, 4; CMH4"}],"text":"CARDIOMYOPATHY, FAMILIAL HYPERTROPHIC, 4; CMH4"},"subject":{"reference":"Patient/P.AnVIL-CMG-Broad-Heart-Seidman-WES-Su-SEI-374-70012989"},"valueCodeableConcept":{"coding":[{"system":"http://snomed.info/sct","code":"373573001","display":"Clinical finding present (situation)"}],"text":"Phenotype Present"},"interpretation":[{"coding":[{"system":"http://terminology.hl7.org/CodeSystem/v3-ObservationInterpretation","code":"POS","display":"Positive"}],"text":"Present"}],"extension":[]}
{"resourceType":"Observation","id":"nVIL-CMG-Broad-Heart-Seidman-WES-Su-SEI-472-70002533-OMIM-115196","meta":{"profile":["http://fhir.ncpi-project-forge.io/StructureDefinition/ncpi-phenotype"]},"identifier":[{"system":"urn:ncpi:unique-string","value":"nVIL-CMG-Broad-Heart-Seidman-WES-Su-SEI-472-70002533-OMIM-115196"}],"status":"final","code":{"coding":[{"system":"http://purl.obolibrary.org/obo/omim.owl","code":"OMIM:115196","display":"CARDIOMYOPATHY, FAMILIAL HYPERTROPHIC, 3; CMH3"}],"text":"CARDIOMYOPATHY, FAMILIAL HYPERTROPHIC, 3; CMH3"},"subject":{"reference":"Patient/P.AnVIL-CMG-Broad-Heart-Seidman-WES-Su-SEI-472-70002533"},"valueCodeableConcept":{"coding":[{"system":"http://snomed.info/sct","code":"373573001","display":"Clinical finding present (situation)"}],"text":"Phenotype Present"},"interpretation":[{"coding":[{"system":"http://terminology.hl7.org/CodeSystem/v3-ObservationInterpretation","code":"POS","display":"Positive"}],"text":"Present"}],"extension":[]}
{"resourceType":"Observation","id":"VIL-CMG-Broad-Heart-Seidman-WES-Su-SEI-CH1040-CH1040-OMIM-115196","meta":{"profile":["http://fhir.ncpi-project-forge.io/StructureDefinition/ncpi-phenotype"]},"identifier":[{"system":"urn:ncpi:unique-string","value":"VIL-CMG-Broad-Heart-Seidman-WES-Su-SEI-CH1040-CH1040-OMIM-115196"}],"status":"final","code":{"coding":[{"system":"http://purl.obolibrary.org/obo/omim.owl","code":"OMIM:115196","display":"CARDIOMYOPATHY, FAMILIAL HYPERTROPHIC, 3; CMH3"}],"text":"CARDIOMYOPATHY, FAMILIAL HYPERTROPHIC, 3; CMH3"},"subject":{"reference":"Patient/P.AnVIL-CMG-Broad-Heart-Seidman-WES-Su-SEI-CH1040-CH1040"},"valueCodeableConcept":{"coding":[{"system":"http://snomed.info/sct","code":"373573001","display":"Clinical finding present (situation)"}],"text":"Phenotype Present"},"interpretation":[{"coding":[{"system":"http://terminology.hl7.org/CodeSystem/v3-ObservationInterpretation","code":"POS","display":"Positive"}],"text":"Present"}],"extension":[]}
{"resourceType":"Observation","id":"VIL-CMG-Broad-Heart-Seidman-WES-Su-SEI-CH1510-CH1510-OMIM-115197","meta":{"profile":["http://fhir.ncpi-project-forge.io/StructureDefinition/ncpi-phenotype"]},"identifier":[{"system":"urn:ncpi:unique-string","value":"VIL-CMG-Broad-Heart-Seidman-WES-Su-SEI-CH1510-CH1510-OMIM-115197"}],"status":"final","code":{"coding":[{"system":"http://purl.obolibrary.org/obo/omim.owl","code":"OMIM:115197","display":"CARDIOMYOPATHY, FAMILIAL HYPERTROPHIC, 4; CMH4"}],"text":"CARDIOMYOPATHY, FAMILIAL HYPERTROPHIC, 4; CMH4"},"subject":{"reference":"Patient/P.AnVIL-CMG-Broad-Heart-Seidman-WES-Su-SEI-CH1510-CH1510"},"valueCodeableConcept":{"coding":[{"system":"http://snomed.info/sct","code":"373573001","display":"Clinical finding present (situation)"}],"text":"Phenotype Present"},"interpretation":[{"coding":[{"system":"http://terminology.hl7.org/CodeSystem/v3-ObservationInterpretation","code":"POS","display":"Positive"}],"text":"Present"}],"extension":[]}
{"resourceType":"Observation","id":"AnVIL-CMG-Broad-Heart-Seidman-WES-Su-SEI-CH584-CH584-OMIM-163950","meta":{"profile":["http://fhir.ncpi-project-forge.io/StructureDefinition/ncpi-phenotype"]},"identifier":[{"system":"urn:ncpi:unique-string","value":"AnVIL-CMG-Broad-Heart-Seidman-WES-Su-SEI-CH584-CH584-OMIM-163950"}],"status":"final","code":{"coding":[{"system":"http://purl.obolibrary.org/obo/omim.owl","code":"OMIM:163950","display":"NOONAN SYNDROME 1; NS1"}],"text":"NOONAN SYNDROME 1; NS1"},"subject":{"reference":"Patient/P.AnVIL-CMG-Broad-Heart-Seidman-WES-Su-SEI-CH584-CH584"},"valueCodeableConcept":{"coding":[{"system":"http://snomed.info/sct","code":"373573001","display":"Clinical finding present (situation)"}],"text":"Phenotype Present"},"interpretation":[{"coding":[{"system":"http://terminology.hl7.org/CodeSystem/v3-ObservationInterpretation","code":"POS","display":"Positive"}],"text":"Present"}],"extension":[]}
{"resourceType":"Observation","id":"AnVIL-CMG-Broad-Heart-Seidman-WES-Su-SEI-CH940-CH940-OMIM-613690","meta":{"profile":["http://fhir.ncpi-project-forge.io/StructureDefinition/ncpi-phenotype"]},"identifier":[{"system":"urn:ncpi:unique-string","value":"AnVIL-CMG-Broad-Heart-Seidman-WES-Su-SEI-CH940-CH940-OMIM-613690"}],"status":"final","code":{"coding":[{"system":"http://purl.obolibrary.org/obo/omim.owl","code":"OMIM:613690","display":"CARDIOMYOPATHY, FAMILIAL HYPERTROPHIC, 7; CMH7"}],"text":"CARDIOMYOPATHY, FAMILIAL HYPERTROPHIC, 7; CMH7"},"subject":{"reference":"Patient/P.AnVIL-CMG-Broad-Heart-Seidman-WES-Su-SEI-CH940-CH940"},"valueCodeableConcept":{"coding":[{"system":"http://snomed.info/sct","code":"373573001","display":"Clinical finding present (situation)"}],"text":"Phenotype Present"},"interpretation":[{"coding":[{"system":"http://terminology.hl7.org/CodeSystem/v3-ObservationInterpretation","code":"POS","display":"Positive"}],"text":"Present"}],"extension":[]}
{"resourceType":"Observation","id":"tion-AnVIL-CMG-Broad-Heart-Seidman-WES-Su-SEI-OK-OK2-OMIM-115195","meta":{"profile":["http://fhir.ncpi-project-forge.io/StructureDefinition/ncpi-phenotype"]},"identifier":[{"system":"urn:ncpi:unique-string","value":"tion-AnVIL-CMG-Broad-Heart-Seidman-WES-Su-SEI-OK-OK2-OMIM-115195"}],"status":"final","code":{"coding":[{"system":"http://purl.obolibrary.org/obo/omim.owl","code":"OMIM:115195","display":"CARDIOMYOPATHY, FAMILIAL HYPERTROPHIC, 2; CMH2"}],"text":"CARDIOMYOPATHY, FAMILIAL HYPERTROPHIC, 2; CMH2"},"subject":{"reference":"Patient/P.AnVIL-CMG-Broad-Heart-Seidman-WES-Su-SEI-OK-OK2"},"valueCodeableConcept":{"coding":[{"system":"http://snomed.info/sct","code":"373573001","display":"Clinical finding present (situation)"}],"text":"Phenotype Present"},"interpretation":[{"coding":[{"system":"http://terminology.hl7.org/CodeSystem/v3-ObservationInterpretation","code":"POS","display":"Positive"}],"text":"Present"}],"extension":[]}
