{"resourceType":"Patient","id":"P.AnVIL-CMG-Broad-Heart-Seidman-WES-Su-SEI-1-62-70007039","meta":{"profile":["http://hl7.org/fhir/StructureDefinition/Patient"]},"identifier":[{"system":"https://anvil.terra.bio/#workspaces/anvil-datastorage/AnVIL_CMG_Broad_Heart_Seidman_WES","value":"AnVIL_CMG_Broad_Heart_Seidman_WES/Su/SEI-1-62-70007039"},{"system":"urn:ncpi:unique-string","value":"Patient|AnVIL_CMG_Broad_Heart_Seidman_WES|AnVIL_CMG_Broad_Heart_Seidman_WES/Su/SEI-1-62-70007039"}]}
{"resourceType":"Patient","id":"P.AnVIL-CMG-Broad-Heart-Seidman-WES-Su-SEI-1-62-70007206","meta":{"profile":["http://hl7.org/fhir/StructureDefinition/Patient"]},"identifier":[{"system":"https://anvil.terra.bio/#workspaces/anvil-datastorage/AnVIL_CMG_Broad_Heart_Seidman_WES","value":"AnVIL_CMG_Broad_Heart_Seidman_WES/Su/SEI-1-62-70007206"},{"system":"urn:ncpi:unique-string","value":"Patient|AnVIL_CMG_Broad_Heart_Seidman_WES|AnVIL_CMG_Broad_Heart_Seidman_WES/Su/SEI-1-62-70007206"}]}
{"resourceType":"Patient","id":"P.AnVIL-CMG-Broad-Heart-Seidman-WES-Su-SEI-1-62-70009389","meta":{"profile":["http://hl7.org/fhir/StructureDefinition/Patient"]},"identifier":[{"system":"https://anvil.terra.bio/#workspaces/anvil-datastorage/AnVIL_CMG_Broad_Heart_Seidman_WES","value":"AnVIL_CMG_Broad_Heart_Seidman_WES/Su/SEI-1-62-70009389"},{"system":"urn:ncpi:unique-string","value":"Patient|AnVIL_CMG_Broad_Heart_Seidman_WES|AnVIL_CMG_Broad_Heart_Seidman_WES/Su/SEI-1-62-70009389"}]}
{"resourceType":"Patient","id":"P.AnVIL-CMG-Broad-Heart-Seidman-WES-Su-SEI-1-62-70009565","meta":{"profile":["http://hl7.org/fhir/StructureDefinition/Patient"]},"identifier":[{"system":"https://anvil.terra.bio/#workspaces/anvil-datastorage/AnVIL_CMG_Broad_Heart_Seidman_WES","value":"AnVIL_CMG_Broad_Heart_Seidman_WES/Su/SEI-1-62-70009565"},{"system":"urn:ncpi:unique-string","value":"Patient|AnVIL_CMG_Broad_Heart_Seidman_WES|AnVIL_CMG_Broad_Heart_Seidman_WES/Su/SEI-1-62-70009565"}]}
{"resourceType":"Patient","id":"P.AnVIL-CMG-Broad-Heart-Seidman-WES-Su-SEI-1-62-70009566","meta":{"profile":["http://hl7.org/fhir/StructureDefinition/Patient"]},"identifier":[{"system":"https://anvil.terra.bio/#workspaces/anvil-datastorage/AnVIL_CMG_Broad_Heart_Seidman_WES","value":"AnVIL_CMG_Broad_Heart_Seidman_WES/Su/SEI-1-62-70009566"},{"system":"urn:ncpi:unique-string","value":"Patient|AnVIL_CMG_Broad_Heart_Seidman_WES|AnVIL_CMG_Broad_Heart_Seidman_WES/Su/SEI-1-62-70009566"}]}
{"resourceType":"Patient","id":"P.AnVIL-CMG-Broad-Heart-Seidman-WES-Su-SEI-126-0000385","meta":{"profile":["http://hl7.org/fhir/StructureDefinition/Patient"]},"identifier":[{"system":"https://anvil.terra.bio/#workspaces/anvil-datastorage/AnVIL_CMG_Broad_Heart_Seidman_WES","value":"AnVIL_CMG_Broad_Heart_Seidman_WES/Su/SEI-126-0000385"},{"system":"urn:ncpi:unique-string","value":"Patient|AnVIL_CMG_Broad_Heart_Seidman_WES|AnVIL_CMG_Broad_Heart_Seidman_WES/Su/SEI-126-0000385"}]}
{"resourceType":"Patient","id":"P.AnVIL-CMG-Broad-Heart-Seidman-WES-Su-SEI-131-70009907","meta":{"profile":["http://hl7.org/fhir/StructureDefinition/Patient"]},"identifier":[{"system":"https://anvil.terra.bio/#workspaces/anvil-datastorage/AnVIL_CMG_Broad_Heart_Seidman_WES","value":"AnVIL_CMG_Broad_Heart_Seidman_WES/Su/SEI-131-70009907"},{"system":"urn:ncpi:unique-string","value":"Patient|AnVIL_CMG_Broad_Heart_Seidman_WES|AnVIL_CMG_Broad_Heart_Seidman_WES/Su/SEI-131-70009907"}]}
{"resourceType":"Patient","id":"P.AnVIL-CMG-Broad-Heart-Seidman-WES-Su-SEI-132-70007628","meta":{"profile":["http://hl7.org/fhir/StructureDefinition/Patient"]},"identifier":[{"system":"https://anvil.terra.bio/#workspaces/anvil-datastorage/AnVIL_CMG_Broad_Heart_Seidman_WES","value":"AnVIL_CMG_Broad_Heart_Seidman_WES/Su/SEI-132-70007628"},{"system":"urn:ncpi:unique-string","value":"Patient|AnVIL_CMG_Broad_Heart_Seidman_WES|AnVIL_CMG_Broad_Heart_Seidman_WES/Su/SEI-132-70007628"}]}
{"resourceType":"Patient","id":"P.AnVIL-CMG-Broad-Heart-Seidman-WES-Su-SEI-136-70008231","meta":{"profile":["http://hl7.org/fhir/StructureDefinition/Patient"]},"identifier":[{"system":"https://anvil.terra.bio/#workspaces/anvil-datastorage/AnVIL_CMG_Broad_Heart_Seidman_WES","value":"AnVIL_CMG_Broad_Heart_Seidman_WES/Su/SEI-136-70008231"},{"system":"urn:ncpi:unique-string","value":"Patient|AnVIL_CMG_Broad_Heart_Seidman_WES|AnVIL_CMG_Broad_Heart_Seidman_WES/Su/SEI-136-70008231"}]}
{"resourceType":"Patient","id":"P.AnVIL-CMG-Broad-Heart-Seidman-WES-Su-SEI-143-70002722","meta":{"profile":["http://hl7.org/fhir/StructureDefinition/Patient"]},"identifier":[{"system":"https://anvil.terra.bio/#workspaces/anvil-datastorage/AnVIL_CMG_Broad_Heart_Seidman_WES","value":"AnVIL_CMG_Broad_Heart_Seidman_WES/Su/SEI-143-70002722"},{"system":"urn:ncpi:unique-string","value":"Patient|AnVIL_CMG_Broad_Heart_Seidman_WES|AnVIL_CMG_Broad_Heart_Seidman_WES/Su/SEI-143-70002722"}]}
{"resourceType":"Patient","id":"P.AnVIL-CMG-Broad-Heart-Seidman-WES-Su-SEI-146-20000382","meta":{"profile":["http://hl7.org/fhir/StructureDefinition/Patient"]},"identifier":[{"system":"https://anvil.terra.bio/#workspaces/anvil-datastorage/AnVIL_CMG_Broad_Heart_Seidman_WES","value":"AnVIL_CMG_Broad_Heart_Seidman_WES/Su/SEI-146-20000382"},{"system":"urn:ncpi:unique-string","value":"Patient|AnVIL_CMG_Broad_Heart_Seidman_WES|AnVIL_CMG_Broad_Heart_Seidman_WES/Su/SEI-146-20000382"}]}
{"resourceType":"Patient","id":"P.AnVIL-CMG-Broad-Heart-Seidman-WES-Su-SEI-157-20000353","meta":{"profile":["http://hl7.org/fhir/StructureDefinition/Patient"]},"identifier":[{"system":"https://anvil.terra.bio/#workspaces/anvil-datastorage/AnVIL_CMG_Broad_Heart_Seidman_WES","value":"AnVIL_CMG_Broad_Heart_Seidman_WES/Su/SEI-157-20000353"},{"system":"urn:ncpi:unique-string","value":"Patient|AnVIL_CMG_Broad_Heart_Seidman_WES|AnVIL_CMG_Broad_Heart_Seidman_WES/Su/SEI-157-20000353"}]}
{"resourceType":"Patient","id":"P.AnVIL-CMG-Broad-Heart-Seidman-WES-Su-SEI-160-70007642","meta":{"profile":["http://hl7.org/fhir/StructureDefinition/Patient"]},"identifier":[{"system":"https://anvil.terra.bio/#workspaces/anvil-datastorage/AnVIL_CMG_Broad_Heart_Seidman_WES","value":"AnVIL_CMG_Broad_Heart_Seidman_WES/Su/SEI-160-70007642"},{"system":"urn:ncpi:unique-string","value":"Patient|AnVIL_CMG_Broad_Heart_Seidman_WES|AnVIL_CMG_Broad_Heart_Seidman_WES/Su/SEI-160-70007642"}]}
{"resourceType":"Patient","id":"P.AnVIL-CMG-Broad-Heart-Seidman-WES-Su-SEI-164-70000812","meta":{"profile":["http://hl7.org/fhir/StructureDefinition/Patient"]},"identifier":[{"system":"https://anvil.terra.bio/#workspaces/anvil-datastorage/AnVIL_CMG_Broad_Heart_Seidman_WES","value":"AnVIL_CMG_Broad_Heart_Seidman_WES/Su/SEI-164-70000812"},{"system":"urn:ncpi:unique-string","value":"Patient|AnVIL_CMG_Broad_Heart_Seidman_WES|AnVIL_CMG_Broad_Heart_Seidman_WES/Su/SEI-164-70000812"}]}
{"resourceType":"Patient","id":"P.AnVIL-CMG-Broad-Heart-Seidman-WES-Su-SEI-165-70013055","meta":{"profile":["http://hl7.org/fhir/StructureDefinition/Patient"]},"identifier":[{"system":"https://anvil.terra.bio/#workspaces/anvil-datastorage/AnVIL_CMG_Broad_Heart_Seidman_WES","value":"AnVIL_CMG_Broad_Heart_Seidman_WES/Su/SEI-165-70013055"},{"system":"urn:ncpi:unique-string","value":"Patient|AnVIL_CMG_Broad_Heart_Seidman_WES|AnVIL_CMG_Broad_Heart_Seidman_WES/Su/SEI-165-70013055"}]}
{"resourceType":"Patient","id":"P.AnVIL-CMG-Broad-Heart-Seidman-WES-Su-SEI-18-70007570","meta":{"profile":["http://hl7.org/fhir/StructureDefinition/Patient"]},"identifier":[{"system":"https://anvil.terra.bio/#workspaces/anvil-datastorage/AnVIL_CMG_Broad_Heart_Seidman_WES","value":"AnVIL_CMG_Broad_Heart_Seidman_WES/Su/SEI-18-70007570"},{"system":"urn:ncpi:unique-string","value":"Patient|AnVIL_CMG_Broad_Heart_Seidman_WES|AnVIL_CMG_Broad_Heart_Seidman_WES/Su/SEI-18-70007570"}]}
{"resourceType":"Patient","id":"P.AnVIL-CMG-Broad-Heart-Seidman-WES-Su-SEI-214-70005222","meta":{"profile":["http://hl7.org/fhir/StructureDefinition/Patient"]},"identifier":[{"system":"https://anvil.terra.bio/#workspaces/anvil-datastorage/AnVIL_CMG_Broad_Heart_Seidman_WES","value":"AnVIL_CMG_Broad_Heart_Seidman_WES/Su/SEI-214-70005222"},{"system":"urn:ncpi:unique-string","value":"Patient|AnVIL_CMG_Broad_Heart_Seidman_WES|AnVIL_CMG_Broad_Heart_Seidman_WES/Su/SEI-214-70005222"}]}
{"resourceType":"Patient","id":"P.AnVIL-CMG-Broad-Heart-Seidman-WES-Su-SEI-217-20001836","meta":{"profile":["http://hl7.org/fhir/StructureDefinition/Patient"]},"identifier":[{"system":"https://anvil.terra.bio/#workspaces/anvil-datastorage/AnVIL_CMG_Broad_Heart_Seidman_WES","value":"AnVIL_CMG_Broad_Heart_Seidman_WES/Su/SEI-217-20001836"},{"system":"urn:ncpi:unique-string","value":"Patient|AnVIL_CMG_Broad_Heart_Seidman_WES|AnVIL_CMG_Broad_Heart_Seidman_WES/Su/SEI-217-20001836"}]}
{"resourceType":"Patient","id":"P.AnVIL-CMG-Broad-Heart-Seidman-WES-Su-SEI-238-70002437","meta":{"profile":["http://hl7.org/fhir/StructureDefinition/Patient"]},"identifier":[{"system":"https://anvil.terra.bio/#workspaces/anvil-datastorage/AnVIL_CMG_Broad_Heart_Seidman_WES","value":"AnVIL_CMG_Broad_Heart_Seidman_WES/Su/SEI-238-70002437"},{"system":"urn:ncpi:unique-string","value":"Patient|AnVIL_CMG_Broad_Heart_Seidman_WES|AnVIL_CMG_Broad_Heart_Seidman_WES/Su/SEI-238-70002437"}]}
{"resourceType":"Patient","id":"P.AnVIL-CMG-Broad-Heart-Seidman-WES-Su-SEI-246-70005212","meta":{"profile":["http://hl7.org/fhir/StructureDefinition/Patient"]},"identifier":[{"system":"https://anvil.terra.bio/#workspaces/anvil-datastorage/AnVIL_CMG_Broad_Heart_Seidman_WES","value":"AnVIL_CMG_Broad_Heart_Seidman_WES/Su/SEI-246-70005212"},{"system":"urn:ncpi:unique-string","value":"Patient|AnVIL_CMG_Broad_Heart_Seidman_WES|AnVIL_CMG_Broad_Heart_Seidman_WES/Su/SEI-246-70005212"}]}
{"resourceType":"Patient","id":"P.AnVIL-CMG-Broad-Heart-Seidman-WES-Su-SEI-25-70013387","meta":{"profile":["http://hl7.org/fhir/StructureDefinition/Patient"]},"identifier":[{"system":"https://anvil.terra.bio/#workspaces/anvil-datastorage/AnVIL_CMG_Broad_Heart_Seidman_WES","value":"AnVIL_CMG_Broad_Heart_Seidman_WES/Su/SEI-25-70013387"},{"system":"urn:ncpi:unique-string","value":"Patient|AnVIL_CMG_Broad_Heart_Seidman_WES|AnVIL_CMG_Broad_Heart_Seidman_WES/Su/SEI-25-70013387"}]}
{"resourceType":"Patient","id":"P.AnVIL-CMG-Broad-Heart-Seidman-WES-Su-SEI-259-70009604","meta":{"profile":["http://hl7.org/fhir/StructureDefinition/Patient"]},"identifier":[{"system":"https://anvil.terra.bio/#workspaces/anvil-datastorage/AnVIL_CMG_Broad_Heart_Seidman_WES","value":"AnVIL_CMG_Broad_Heart_Seidman_WES/Su/SEI-259-70009604"},{"system":"urn:ncpi:unique-string","value":"Patient|AnVIL_CMG_Broad_Heart_Seidman_WES|AnVIL_CMG_Broad_Heart_Seidman_WES/Su/SEI-259-70009604"}]}
{"resourceType":"Patient","id":"P.AnVIL-CMG-Broad-Heart-Seidman-WES-Su-SEI-262-70002729","meta":{"profile":["http://hl7.org/fhir/StructureDefinition/Patient"]},"identifier":[{"system":"https://anvil.terra.bio/#workspaces/anvil-datastorage/AnVIL_CMG_Broad_Heart_Seidman_WES","value":"AnVIL_CMG_Broad_Heart_Seidman_WES/Su/SEI-262-70002729"},{"system":"urn:ncpi:unique-string","value":"Patient|AnVIL_CMG_Broad_Heart_Seidman_WES|AnVIL_CMG_Broad_Heart_Seidman_WES/Su/SEI-262-70002729"}]}
{"resourceType":"Patient","id":"P.AnVIL-CMG-Broad-Heart-Seidman-WES-Su-SEI-271-70009379","meta":{"profile":["http://hl7.org/fhir/StructureDefinition/Patient"]},"identifier":[{"system":"https://anvil.terra.bio/#workspaces/anvil-datastorage/AnVIL_CMG_Broad_Heart_Seidman_WES","value":"AnVIL_CMG_Broad_Heart_Seidman_WES/Su/SEI-271-70009379"},{"system":"urn:ncpi:unique-string","value":"Patient|AnVIL_CMG_Broad_Heart_Seidman_WES|AnVIL_CMG_Broad_Heart_Seidman_WES/Su/SEI-271-70009379"}]}
{"resourceType":"Patient","id":"P.AnVIL-CMG-Broad-Heart-Seidman-WES-Su-SEI-272-70008226","meta":{"profile":["http://hl7.org/fhir/StructureDefinition/Patient"]},"identifier":[{"system":"https://anvil.terra.bio/#workspaces/anvil-datastorage/AnVIL_CMG_Broad_Heart_Seidman_WES","value":"AnVIL_CMG_Broad_Heart_Seidman_WES/Su/SEI-272-70008226"},{"system":"urn:ncpi:unique-string","value":"Patient|AnVIL_CMG_Broad_Heart_Seidman_WES|AnVIL_CMG_Broad_Heart_Seidman_WES/Su/SEI-272-70008226"}]}
{"resourceType":"Patient","id":"P.AnVIL-CMG-Broad-Heart-Seidman-WES-Su-SEI-277-70000464","meta":{"profile":["http://hl7.org/fhir/StructureDefinition/Patient"]},"identifier":[{"system":"https://anvil.terra.bio/#workspaces/anvil-datastorage/AnVIL_CMG_Broad_Heart_Seidman_WES","value":"AnVIL_CMG_Broad_Heart_Seidman_WES/Su/SEI-277-70000464"},{"system":"urn:ncpi:unique-string","value":"Patient|AnVIL_CMG_Broad_Heart_Seidman_WES|AnVIL_CMG_Broad_Heart_Seidman_WES/Su/SEI-277-70000464"}]}
{"resourceType":"Patient","id":"P.AnVIL-CMG-Broad-Heart-Seidman-WES-Su-SEI-286-70012968","meta":{"profile":["http://hl7.org/fhir/StructureDefinition/Patient"]},"identifier":[{"system":"https://anvil.terra.bio/#workspaces/anvil-datastorage/AnVIL_CMG_Broad_Heart_Seidman_WES","value":"AnVIL_CMG_Broad_Heart_Seidman_WES/Su/SEI-286-70012968"},{"system":"urn:ncpi:unique-string","value":"Patient|AnVIL_CMG_Broad_Heart_Seidman_WES|AnVIL_CMG_Broad_Heart_Seidman_WES/Su/SEI-286-70012968"}]}
{"resourceType":"Patient","id":"P.AnVIL-CMG-Broad-Heart-Seidman-WES-Su-SEI-29-20001715","meta":{"profile":["http://hl7.org/fhir/StructureDefinition/Patient"]},"identifier":[{"system":"https://anvil.terra.bio/#workspaces/anvil-datastorage/AnVIL_CMG_Broad_Heart_Seidman_WES","value":"AnVIL_CMG_Broad_Heart_Seidman_WES/Su/SEI-29-20001715"},{"system":"urn:ncpi:unique-string","value":"Patient|AnVIL_CMG_Broad_Heart_Seidman_WES|AnVIL_CMG_Broad_Heart_Seidman_WES/Su/SEI-29-20001715"}]}
{"resourceType":"Patient","id":"P.AnVIL-CMG-Broad-Heart-Seidman-WES-Su-SEI-291-70009618","meta":{"profile":["http://hl7.org/fhir/StructureDefinition/Patient"]},"identifier":[{"system":"https://anvil.terra.bio/#workspaces/anvil-datastorage/AnVIL_CMG_Broad_Heart_Seidman_WES","value":"AnVIL_CMG_Broad_Heart_Seidman_WES/Su/SEI-291-70009618"},{"system":"urn:ncpi:unique-string","value":"Patient|AnVIL_CMG_Broad_Heart_Seidman_WES|AnVIL_CMG_Broad_Heart_Seidman_WES/Su/SEI-291-70009618"}]}
{"resourceType":"Patient","id":"P.AnVIL-CMG-Broad-Heart-Seidman-WES-Su-SEI-292-70009602","meta":{"profile":["http://hl7.org/fhir/StructureDefinition/Patient"]},"identifier":[{"system":"https://anvil.terra.bio/#workspaces/anvil-datastorage/AnVIL_CMG_Broad_Heart_Seidman_WES","value":"AnVIL_CMG_Broad_Heart_Seidman_WES/Su/SEI-292-70009602"},{"system":"urn:ncpi:unique-string","value":"Patient|AnVIL_CMG_Broad_Heart_Seidman_WES|AnVIL_CMG_Broad_Heart_Seidman_WES/Su/SEI-292-70009602"}]}
{"resourceType":"Patient","id":"P.AnVIL-CMG-Broad-Heart-Seidman-WES-Su-SEI-3-1-0000516","meta":{"profile":["http://hl7.org/fhir/StructureDefinition/Patient"]},"identifier":[{"system":"https://anvil.terra.bio/#workspaces/anvil-datastorage/AnVIL_CMG_Broad_Heart_Seidman_WES","value":"AnVIL_CMG_Broad_Heart_Seidman_WES/Su/SEI-3-1-0000516"},{"system":"urn:ncpi:unique-string","value":"Patient|AnVIL_CMG_Broad_Heart_Seidman_WES|AnVIL_CMG_Broad_Heart_Seidman_WES/Su/SEI-3-1-0000516"}]}
{"resourceType":"Patient","id":"P.AnVIL-CMG-Broad-Heart-Seidman-WES-Su-SEI-3-1-20001438","meta":{"profile":["http://hl7.org/fhir/StructureDefinition/Patient"]},"identifier":[{"system":"https://anvil.terra.bio/#workspaces/anvil-datastorage/AnVIL_CMG_Broad_Heart_Seidman_WES","value":"AnVIL_CMG_Broad_Heart_Seidman_WES/Su/SEI-3-1-20001438"},{"system":"urn:ncpi:unique-string","value":"Patient|AnVIL_CMG_Broad_Heart_Seidman_WES|AnVIL_CMG_Broad_Heart_Seidman_WES/Su/SEI-3-1-20001438"}]}
{"resourceType":"Patient","id":"P.AnVIL-CMG-Broad-Heart-Seidman-WES-Su-SEI-3-1-20001747","meta":{"profile":["http://hl7.org/fhir/StructureDefinition/Patient"]},"identifier":[{"system":"https://anvil.terra.bio/#workspaces/anvil-datastorage/AnVIL_CMG_Broad_Heart_Seidman_WES","value":"AnVIL_CMG_Broad_Heart_Seidman_WES/Su/SEI-3-1-20001747"},{"system":"urn:ncpi:unique-string","value":"Patient|AnVIL_CMG_Broad_Heart_Seidman_WES|AnVIL_CMG_Broad_Heart_Seidman_WES/Su/SEI-3-1-20001747"}]}
{"resourceType":"Patient","id":"P.AnVIL-CMG-Broad-Heart-Seidman-WES-Su-SEI-3-1-20001749","meta":{"profile":["http://hl7.org/fhir/StructureDefinition/Patient"]},"identifier":[{"system":"https://anvil.terra.bio/#workspaces/anvil-datastorage/AnVIL_CMG_Broad_Heart_Seidman_WES","value":"AnVIL_CMG_Broad_Heart_Seidman_WES/Su/SEI-3-1-20001749"},{"system":"urn:ncpi:unique-string","value":"Patient|AnVIL_CMG_Broad_Heart_Seidman_WES|AnVIL_CMG_Broad_Heart_Seidman_WES/Su/SEI-3-1-20001749"}]}
{"resourceType":"Patient","id":"P.AnVIL-CMG-Broad-Heart-Seidman-WES-Su-SEI-3-1-70005311","meta":{"profile":["http://hl7.org/fhir/StructureDefinition/Patient"]},"identifier":[{"system":"https://anvil.terra.bio/#workspaces/anvil-datastorage/AnVIL_CMG_Broad_Heart_Seidman_WES","value":"AnVIL_CMG_Broad_Heart_Seidman_WES/Su/SEI-3-1-70005311"},{"system":"urn:ncpi:unique-string","value":"Patient|AnVIL_CMG_Broad_Heart_Seidman_WES|AnVIL_CMG_Broad_Heart_Seidman_WES/Su/SEI-3-1-70005311"}]}
{"resourceType":"Patient","id":"P.AnVIL-CMG-Broad-Heart-Seidman-WES-Su-SEI-3-1-70007584","meta":{"profile":["http://hl7.org/fhir/StructureDefinition/Patient"]},"identifier":[{"system":"https://anvil.terra.bio/#workspaces/anvil-datastorage/AnVIL_CMG_Broad_Heart_Seidman_WES","value":"AnVIL_CMG_Broad_Heart_Seidman_WES/Su/SEI-3-1-70007584"},{"system":"urn:ncpi:unique-string","value":"Patient|AnVIL_CMG_Broad_Heart_Seidman_WES|AnVIL_CMG_Broad_Heart_Seidman_WES/Su/SEI-3-1-70007584"}]}
{"resourceType":"Patient","id":"P.AnVIL-CMG-Broad-Heart-Seidman-WES-Su-SEI-3-57-70001856","meta":{"profile":["http://hl7.org/fhir/StructureDefinition/Patient"]},"identifier":[{"system":"https://anvil.terra.bio/#workspaces/anvil-datastorage/AnVIL_CMG_Broad_Heart_Seidman_WES","value":"AnVIL_CMG_Broad_Heart_Seidman_WES/Su/SEI-3-57-70001856"},{"system":"urn:ncpi:unique-string","value":"Patient|AnVIL_CMG_Broad_Heart_Seidman_WES|AnVIL_CMG_Broad_Heart_Seidman_WES/Su/SEI-3-57-70001856"}]}
{"resourceType":"Patient","id":"P.AnVIL-CMG-Broad-Heart-Seidman-WES-Su-SEI-3-57-70002753","meta":{"profile":["http://hl7.org/fhir/StructureDefinition/Patient"]},"identifier":[{"system":"https://anvil.terra.bio/#workspaces/anvil-datastorage/AnVIL_CMG_Broad_Heart_Seidman_WES","value":"AnVIL_CMG_Broad_Heart_Seidman_WES/Su/SEI-3-57-70002753"},{"system":"urn:ncpi:unique-string","value":"Patient|AnVIL_CMG_Broad_Heart_Seidman_WES|AnVIL_CMG_Broad_Heart_Seidman_WES/Su/SEI-3-57-70002753"}]}
{"resourceType":"Patient","id":"P.AnVIL-CMG-Broad-Heart-Seidman-WES-Su-SEI-3-57-70007611","meta":{"profile":["http://hl7.org/fhir/StructureDefinition/Patient"]},"identifier":[{"system":"https://anvil.terra.bio/#workspaces/anvil-datastorage/AnVIL_CMG_Broad_Heart_Seidman_WES","value":"AnVIL_CMG_Broad_Heart_Seidman_WES/Su/SEI-3-57-70007611"},{"system":"urn:ncpi:unique-string","value":"Patient|AnVIL_CMG_Broad_Heart_Seidman_WES|AnVIL_CMG_Broad_Heart_Seidman_WES/Su/SEI-3-57-70007611"}]}
{"resourceType":"Patient","id":"P.AnVIL-CMG-Broad-Heart-Seidman-WES-Su-SEI-300-70009649","meta":{"profile":["http://hl7.org/fhir/StructureDefinition/Patient"]},"identifier":[{"system":"https://anvil.terra.bio/#workspaces/anvil-datastorage/AnVIL_CMG_Broad_Heart_Seidman_WES","value":"AnVIL_CMG_Broad_Heart_Seidman_WES/Su/SEI-300-70009649"},{"system":"urn:ncpi:unique-string","value":"Patient|AnVIL_CMG_Broad_Heart_Seidman_WES|AnVIL_CMG_Broad_Heart_Seidman_WES/Su/SEI-300-70009649"}]}
{"resourceType":"Patient","id":"P.AnVIL-CMG-Broad-Heart-Seidman-WES-Su-SEI-310-70009654","meta":{"profile":["http://hl7.org/fhir/StructureDefinition/Patient"]},"identifier":[{"system":"https://anvil.terra.bio/#workspaces/anvil-datastorage/AnVIL_CMG_Broad_Heart_Seidman_WES","value":"AnVIL_CMG_Broad_Heart_Seidman_WES/Su/SEI-310-70009654"},{"system":"urn:ncpi:unique-string","value":"Patient|AnVIL_CMG_Broad_Heart_Seidman_WES|AnVIL_CMG_Broad_Heart_Seidman_WES/Su/SEI-310-70009654"}]}
{"resourceType":"Patient","id":"P.AnVIL-CMG-Broad-Heart-Seidman-WES-Su-SEI-323-70009898","meta":{"profile":["http://hl7.org/fhir/StructureDefinition/Patient"]},"identifier":[{"system":"https://anvil.terra.bio/#workspaces/anvil-datastorage/AnVIL_CMG_Broad_Heart_Seidman_WES","value":"AnVIL_CMG_Broad_Heart_Seidman_WES/Su/SEI-323-70009898"},{"system":"urn:ncpi:unique-string","value":"Patient|AnVIL_CMG_Broad_Heart_Seidman_WES|AnVIL_CMG_Broad_Heart_Seidman_WES/Su/SEI-323-70009898"}]}
{"resourceType":"Patient","id":"P.AnVIL-CMG-Broad-Heart-Seidman-WES-Su-SEI-326-70009657","meta":{"profile":["http://hl7.org/fhir/StructureDefinition/Patient"]},"identifier":[{"system":"https://anvil.terra.bio/#workspaces/anvil-datastorage/AnVIL_CMG_Broad_Heart_Seidman_WES","value":"AnVIL_CMG_Broad_Heart_Seidman_WES/Su/SEI-326-70009657"},{"system":"urn:ncpi:unique-string","value":"Patient|AnVIL_CMG_Broad_Heart_Seidman_WES|AnVIL_CMG_Broad_Heart_Seidman_WES/Su/SEI-326-70009657"}]}
{"resourceType":"Patient","id":"P.AnVIL-CMG-Broad-Heart-Seidman-WES-Su-SEI-335-70009908","meta":{"profile":["http://hl7.org/fhir/StructureDefinition/Patient"]},"identifier":[{"system":"https://anvil.terra.bio/#workspaces/anvil-datastorage/AnVIL_CMG_Broad_Heart_Seidman_WES","value":"AnVIL_CMG_Broad_Heart_Seidman_WES/Su/SEI-335-70009908"},{"system":"urn:ncpi:unique-string","value":"Patient|AnVIL_CMG_Broad_Heart_Seidman_WES|AnVIL_CMG_Broad_Heart_Seidman_WES/Su/SEI-335-70009908"}]}
{"resourceType":"Patient","id":"P.AnVIL-CMG-Broad-Heart-Seidman-WES-Su-SEI-338-70013043","meta":{"profile":["http://hl7.org/fhir/StructureDefinition/Patient"]},"identifier":[{"system":"https://anvil.terra.bio/#workspaces/anvil-datastorage/AnVIL_CMG_Broad_Heart_Seidman_WES","value":"AnVIL_CMG_Broad_Heart_Seidman_WES/Su/SEI-338-70013043"},{"system":"urn:ncpi:unique-string","value":"Patient|AnVIL_CMG_Broad_Heart_Seidman_WES|AnVIL_CMG_Broad_Heart_Seidman_WES/Su/SEI-338-70013043"}]}
{"resourceType":"Patient","id":"P.AnVIL-CMG-Broad-Heart-Seidman-WES-Su-SEI-342-70002536","meta":{"profile":["http://hl7.org/fhir/StructureDefinition/Patient"]},"identifier":[{"system":"https://anvil.terra.bio/#workspaces/anvil-datastorage/AnVIL_CMG_Broad_Heart_Seidman_WES","value":"AnVIL_CMG_Broad_Heart_Seidman_WES/Su/SEI-342-70002536"},{"system":"urn:ncpi:unique-string","value":"Patient|AnVIL_CMG_Broad_Heart_Seidman_WES|AnVIL_CMG_Broad_Heart_Seidman_WES/Su/SEI-342-70002536"}]}
{"resourceType":"Patient","id":"P.AnVIL-CMG-Broad-Heart-Seidman-WES-Su-SEI-374-70012989","meta":{"profile":["http://hl7.org/fhir/StructureDefinition/Patient"]},"identifier":[{"system":"https://anvil.terra.bio/#workspaces/anvil-datastorage/AnVIL_CMG_Broad_Heart_Seidman_WES","value":"AnVIL_CMG_Broad_Heart_Seidman_WES/Su/SEI-374-70012989"},{"system":"urn:ncpi:unique-string","value":"Patient|AnVIL_CMG_Broad_Heart_Seidman_WES|AnVIL_CMG_Broad_Heart_Seidman_WES/Su/SEI-374-70012989"}]}
{"resourceType":"Patient","id":"P.AnVIL-CMG-Broad-Heart-Seidman-WES-Su-SEI-382-70013382","meta":{"profile":["http://hl7.org/fhir/StructureDefinition/Patient"]},"identifier":[{"system":"https://anvil.terra.bio/#workspaces/anvil-datastorage/AnVIL_CMG_Broad_Heart_Seidman_WES","value":"AnVIL_CMG_Broad_Heart_Seidman_WES/Su/SEI-382-70013382"},{"system":"urn:ncpi:unique-string","value":"Patient|AnVIL_CMG_Broad_Heart_Seidman_WES|AnVIL_CMG_Broad_Heart_Seidman_WES/Su/SEI-382-70013382"}]}
{"resourceType":"Patient","id":"P.AnVIL-CMG-Broad-Heart-Seidman-WES-Su-SEI-397-70013441","meta":{"profile":["http://hl7.org/fhir/StructureDefinition/Patient"]},"identifier":[{"system":"https://anvil.terra.bio/#workspaces/anvil-datastorage/AnVIL_CMG_Broad_Heart_Seidman_WES","value":"AnVIL_CMG_Broad_Heart_Seidman_WES/Su/SEI-397-70013441"},{"system":"urn:ncpi:unique-string","value":"Patient|AnVIL_CMG_Broad_Heart_Seidman_WES|AnVIL_CMG_Broad_Heart_Seidman_WES/Su/SEI-397-70013441"}]}
{"resourceType":"Patient","id":"P.AnVIL-CMG-Broad-Heart-Seidman-WES-Su-SEI-4-2-70007578","meta":{"profile":["http://hl7.org/fhir/StructureDefinition/Patient"]},"identifier":[{"system":"https://anvil.terra.bio/#workspaces/anvil-datastorage/AnVIL_CMG_Broad_Heart_Seidman_WES","value":"AnVIL_CMG_Broad_Heart_Seidman_WES/Su/SEI-4-2-70007578"},{"system":"urn:ncpi:unique-string","value":"Patient|AnVIL_CMG_Broad_Heart_Seidman_WES|AnVIL_CMG_Broad_Heart_Seidman_WES/Su/SEI-4-2-70007578"}]}
{"resourceType":"Patient","id":"P.AnVIL-CMG-Broad-Heart-Seidman-WES-Su-SEI-4-26-70013028","meta":{"profile":["http://hl7.org/fhir/StructureDefinition/Patient"]},"identifier":[{"system":"https://anvil.terra.bio/#workspaces/anvil-datastorage/AnVIL_CMG_Broad_Heart_Seidman_WES","value":"AnVIL_CMG_Broad_Heart_Seidman_WES/Su/SEI-4-26-70013028"},{"system":"urn:ncpi:unique-string","value":"Patient|AnVIL_CMG_Broad_Heart_Seidman_WES|AnVIL_CMG_Broad_Heart_Seidman_WES/Su/SEI-4-26-70013028"}]}
{"resourceType":"Patient","id":"P.AnVIL-CMG-Broad-Heart-Seidman-WES-Su-SEI-467-70007195","meta":{"profile":["http://hl7.org/fhir/StructureDefinition/Patient"]},"identifier":[{"system":"https://anvil.terra.bio/#workspaces/anvil-datastorage/AnVIL_CMG_Broad_Heart_Seidman_WES","value":"AnVIL_CMG_Broad_Heart_Seidman_WES/Su/SEI-467-70007195"},{"system":"urn:ncpi:unique-string","value":"Patient|AnVIL_CMG_Broad_Heart_Seidman_WES|AnVIL_CMG_Broad_Heart_Seidman_WES/Su/SEI-467-70007195"}]}
{"resourceType":"Patient","id":"P.AnVIL-CMG-Broad-Heart-Seidman-WES-Su-SEI-469-20001850","meta":{"profile":["http://hl7.org/fhir/StructureDefinition/Patient"]},"identifier":[{"system":"https://anvil.terra.bio/#workspaces/anvil-datastorage/AnVIL_CMG_Broad_Heart_Seidman_WES","value":"AnVIL_CMG_Broad_Heart_Seidman_WES/Su/SEI-469-20001850"},{"system":"urn:ncpi:unique-string","value":"Patient|AnVIL_CMG_Broad_Heart_Seidman_WES|AnVIL_CMG_Broad_Heart_Seidman_WES/Su/SEI-469-20001850"}]}
{"resourceType":"Patient","id":"P.AnVIL-CMG-Broad-Heart-Seidman-WES-Su-SEI-470-20001456","meta":{"profile":["http://hl7.org/fhir/StructureDefinition/Patient"]},"identifier":[{"system":"https://anvil.terra.bio/#workspaces/anvil-datastorage/AnVIL_CMG_Broad_Heart_Seidman_WES","value":"AnVIL_CMG_Broad_Heart_Seidman_WES/Su/SEI-470-20001456"},{"system":"urn:ncpi:unique-string","value":"Patient|AnVIL_CMG_Broad_Heart_Seidman_WES|AnVIL_CMG_Broad_Heart_Seidman_WES/Su/SEI-470-20001456"}]}
{"resourceType":"Patient","id":"P.AnVIL-CMG-Broad-Heart-Seidman-WES-Su-SEI-471-70000925","meta":{"profile":["http://hl7.org/fhir/StructureDefinition/Patient"]},"identifier":[{"system":"https://anvil.terra.bio/#workspaces/anvil-datastorage/AnVIL_CMG_Broad_Heart_Seidman_WES","value":"AnVIL_CMG_Broad_Heart_Seidman_WES/Su/SEI-471-70000925"},{"system":"urn:ncpi:unique-string","value":"Patient|AnVIL_CMG_Broad_Heart_Seidman_WES|AnVIL_CMG_Broad_Heart_Seidman_WES/Su/SEI-471-70000925"}]}
{"resourceType":"Patient","id":"P.AnVIL-CMG-Broad-Heart-Seidman-WES-Su-SEI-472-70002533","meta":{"profile":["http://hl7.org/fhir/StructureDefinition/Patient"]},"identifier":[{"system":"https://anvil.terra.bio/#workspaces/anvil-datastorage/AnVIL_CMG_Broad_Heart_Seidman_WES","value":"AnVIL_CMG_Broad_Heart_Seidman_WES/Su/SEI-472-70002533"},{"system":"urn:ncpi:unique-string","value":"Patient|AnVIL_CMG_Broad_Heart_Seidman_WES|AnVIL_CMG_Broad_Heart_Seidman_WES/Su/SEI-472-70002533"}]}
{"resourceType":"Patient","id":"P.AnVIL-CMG-Broad-Heart-Seidman-WES-Su-SEI-479-70013656","meta":{"profile":["http://hl7.org/fhir/StructureDefinition/Patient"]},"identifier":[{"system":"https://anvil.terra.bio/#workspaces/anvil-datastorage/AnVIL_CMG_Broad_Heart_Seidman_WES","value":"AnVIL_CMG_Broad_Heart_Seidman_WES/Su/SEI-479-70013656"},{"system":"urn:ncpi:unique-string","value":"Patient|AnVIL_CMG_Broad_Heart_Seidman_WES|AnVIL_CMG_Broad_Heart_Seidman_WES/Su/SEI-479-70013656"}]}
{"resourceType":"Patient","id":"P.AnVIL-CMG-Broad-Heart-Seidman-WES-Su-SEI-56-70000960","meta":{"profile":["http://hl7.org/fhir/StructureDefinition/Patient"]},"identifier":[{"system":"https://anvil.terra.bio/#workspaces/anvil-datastorage/AnVIL_CMG_Broad_Heart_Seidman_WES","value":"AnVIL_CMG_Broad_Heart_Seidman_WES/Su/SEI-56-70000960"},{"system":"urn:ncpi:unique-string","value":"Patient|AnVIL_CMG_Broad_Heart_Seidman_WES|AnVIL_CMG_Broad_Heart_Seidman_WES/Su/SEI-56-70000960"}]}
{"resourceType":"Patient","id":"P.AnVIL-CMG-Broad-Heart-Seidman-WES-Su-SEI-56-70002759","meta":{"profile":["http://hl7.org/fhir/StructureDefinition/Patient"]},"identifier":[{"system":"https://anvil.terra.bio/#workspaces/anvil-datastorage/AnVIL_CMG_Broad_Heart_Seidman_WES","value":"AnVIL_CMG_Broad_Heart_Seidman_WES/Su/SEI-56-70002759"},{"system":"urn:ncpi:unique-string","value":"Patient|AnVIL_CMG_Broad_Heart_Seidman_WES|AnVIL_CMG_Broad_Heart_Seidman_WES/Su/SEI-56-70002759"}]}
{"resourceType":"Patient","id":"P.AnVIL-CMG-Broad-Heart-Seidman-WES-Su-SEI-67-70002739","meta":{"profile":["http://hl7.org/fhir/StructureDefinition/Patient"]},"identifier":[{"system":"https://anvil.terra.bio/#workspaces/anvil-datastorage/AnVIL_CMG_Broad_Heart_Seidman_WES","value":"AnVIL_CMG_Broad_Heart_Seidman_WES/Su/SEI-67-70002739"},{"system":"urn:ncpi:unique-string","value":"Patient|AnVIL_CMG_Broad_Heart_Seidman_WES|AnVIL_CMG_Broad_Heart_Seidman_WES/Su/SEI-67-70002739"}]}
{"resourceType":"Patient","id":"P.AnVIL-CMG-Broad-Heart-Seidman-WES-Su-SEI-69-20000427","meta":{"profile":["http://hl7.org/fhir/StructureDefinition/Patient"]},"identifier":[{"system":"https://anvil.terra.bio/#workspaces/anvil-datastorage/AnVIL_CMG_Broad_Heart_Seidman_WES","value":"AnVIL_CMG_Broad_Heart_Seidman_WES/Su/SEI-69-20000427"},{"system":"urn:ncpi:unique-string","value":"Patient|AnVIL_CMG_Broad_Heart_Seidman_WES|AnVIL_CMG_Broad_Heart_Seidman_WES/Su/SEI-69-20000427"}]}
{"resourceType":"Patient","id":"P.AnVIL-CMG-Broad-Heart-Seidman-WES-Su-SEI-70002535","meta":{"profile":["http://hl7.org/fhir/StructureDefinition/Patient"]},"identifier":[{"system":"https://anvil.terra.bio/#workspaces/anvil-datastorage/AnVIL_CMG_Broad_Heart_Seidman_WES","value":"AnVIL_CMG_Broad_Heart_Seidman_WES/Su/SEI-70002535"},{"system":"urn:ncpi:unique-string","value":"Patient|AnVIL_CMG_Broad_Heart_Seidman_WES|AnVIL_CMG_Broad_Heart_Seidman_WES/Su/SEI-70002535"}]}
{"resourceType":"Patient","id":"P.AnVIL-CMG-Broad-Heart-Seidman-WES-Su-SEI-76-70013437","meta":{"profile":["http://hl7.org/fhir/StructureDefinition/Patient"]},"identifier":[{"system":"https://anvil.terra.bio/#workspaces/anvil-datastorage/AnVIL_CMG_Broad_Heart_Seidman_WES","value":"AnVIL_CMG_Broad_Heart_Seidman_WES/Su/SEI-76-70013437"},{"system":"urn:ncpi:unique-string","value":"Patient|AnVIL_CMG_Broad_Heart_Seidman_WES|AnVIL_CMG_Broad_Heart_Seidman_WES/Su/SEI-76-70013437"}]}
{"resourceType":"Patient","id":"P.AnVIL-CMG-Broad-Heart-Seidman-WES-Su-SEI-87-70002996","meta":{"profile":["http://hl7.org/fhir/StructureDefinition/Patient"]},"identifier":[{"system":"https://anvil.terra.bio/#workspaces/anvil-datastorage/AnVIL_CMG_Broad_Heart_Seidman_WES","value":"AnVIL_CMG_Broad_Heart_Seidman_WES/Su/SEI-87-70002996"},{"system":"urn:ncpi:unique-string","value":"Patient|AnVIL_CMG_Broad_Heart_Seidman_WES|AnVIL_CMG_Broad_Heart_Seidman_WES/Su/SEI-87-70002996"}]}
{"resourceType":"Patient","id":"P.AnVIL-CMG-Broad-Heart-Seidman-WES-Su-SEI-93-70012990","meta":{"profile":["http://hl7.org/fhir/StructureDefinition/Patient"]},"identifier":[{"system":"https://anvil.terra.bio/#workspaces/anvil-datastorage/AnVIL_CMG_Broad_Heart_Seidman_WES","value":"AnVIL_CMG_Broad_Heart_Seidman_WES/Su/SEI-93-70012990"},{"system":"urn:ncpi:unique-string","value":"Patient|AnVIL_CMG_Broad_Heart_Seidman_WES|AnVIL_CMG_Broad_Heart_Seidman_WES/Su/SEI-93-70012990"}]}
{"resourceType":"Patient","id":"P.AnVIL-CMG-Broad-Heart-Seidman-WES-Su-SEI-98-20001834","meta":{"profile":["http://hl7.org/fhir/StructureDefinition/Patient"]},"identifier":[{"system":"https://anvil.terra.bio/#workspaces/anvil-datastorage/AnVIL_CMG_Broad_Heart_Seidman_WES","value":"AnVIL_CMG_Broad_Heart_Seidman_WES/Su/SEI-98-20001834"},{"system":"urn:ncpi:unique-string","value":"Patient|AnVIL_CMG_Broad_Heart_Seidman_WES|AnVIL_CMG_Broad_Heart_Seidman_WES/Su/SEI-98-20001834"}]}
{"resourceType":"Patient","id":"P.AnVIL-CMG-Broad-Heart-Seidman-WES-Su-SEI-CH1040-CH1040","meta":{"profile":["http://hl7.org/fhir/StructureDefinition/Patient"]},"identifier":[{"system":"https://anvil.terra.bio/#workspaces/anvil-datastorage/AnVIL_CMG_Broad_Heart_Seidman_WES","value":"AnVIL_CMG_Broad_Heart_Seidman_WES/Su/SEI-CH1040-CH1040"},{"system":"urn:ncpi:unique-string","value":"Patient|AnVIL_CMG_Broad_Heart_Seidman_WES|AnVIL_CMG_Broad_Heart_Seidman_WES/Su/SEI-CH1040-CH1040"}]}
{"resourceType":"Patient","id":"P.AnVIL-CMG-Broad-Heart-Seidman-WES-Su-SEI-CH1174-CH1174","meta":{"profile":["http://hl7.org/fhir/StructureDefinition/Patient"]},"identifier":[{"system":"https://anvil.terra.bio/#workspaces/anvil-datastorage/AnVIL_CMG_Broad_Heart_Seidman_WES","value":"AnVIL_CMG_Broad_Heart_Seidman_WES/Su/SEI-CH1174-CH1174"},{"system":"urn:ncpi:unique-string","value":"Patient|AnVIL_CMG_Broad_Heart_Seidman_WES|AnVIL_CMG_Broad_Heart_Seidman_WES/Su/SEI-CH1174-CH1174"}]}
{"resourceType":"Patient","id":"P.AnVIL-CMG-Broad-Heart-Seidman-WES-Su-SEI-CH1182-CH1182","meta":{"profile":["http://hl7.org/fhir/StructureDefinition/Patient"]},"identifier":[{"system":"https://anvil.terra.bio/#workspaces/anvil-datastorage/AnVIL_CMG_Broad_Heart_Seidman_WES","value":"AnVIL_CMG_Broad_Heart_Seidman_WES/Su/SEI-CH1182-CH1182"},{"system":"urn:ncpi:unique-string","value":"Patient|AnVIL_CMG_Broad_Heart_Seidman_WES|AnVIL_CMG_Broad_Heart_Seidman_WES/Su/SEI-CH1182-CH1182"}]}
{"resourceType":"Patient","id":"P.AnVIL-CMG-Broad-Heart-Seidman-WES-Su-SEI-CH1330-CH1330","meta":{"profile":["http://hl7.org/fhir/StructureDefinition/Patient"]},"identifier":[{"system":"https://anvil.terra.bio/#workspaces/anvil-datastorage/AnVIL_CMG_Broad_Heart_Seidman_WES","value":"AnVIL_CMG_Broad_Heart_Seidman_WES/Su/SEI-CH1330-CH1330"},{"system":"urn:ncpi:unique-string","value":"Patient|AnVIL_CMG_Broad_Heart_Seidman_WES|AnVIL_CMG_Broad_Heart_Seidman_WES/Su/SEI-CH1330-CH1330"}]}
{"resourceType":"Patient","id":"P.AnVIL-CMG-Broad-Heart-Seidman-WES-Su-SEI-CH1332-CH1332","meta":{"profile":["http://hl7.org/fhir/StructureDefinition/Patient"]},"identifier":[{"system":"https://anvil.terra.bio/#workspaces/anvil-datastorage/AnVIL_CMG_Broad_Heart_Seidman_WES","value":"AnVIL_CMG_Broad_Heart_Seidman_WES/Su/SEI-CH1332-CH1332"},{"system":"urn:ncpi:unique-string","value":"Patient|AnVIL_CMG_Broad_Heart_Seidman_WES|AnVIL_CMG_Broad_Heart_Seidman_WES/Su/SEI-CH1332-CH1332"}]}
{"resourceType":"Patient","id":"P.AnVIL-CMG-Broad-Heart-Seidman-WES-Su-SEI-CH1398-CH1398","meta":{"profile":["http://hl7.org/fhir/StructureDefinition/Patient"]},"identifier":[{"system":"https://anvil.terra.bio/#workspaces/anvil-datastorage/AnVIL_CMG_Broad_Heart_Seidman_WES","value":"AnVIL_CMG_Broad_Heart_Seidman_WES/Su/SEI-CH1398-CH1398"},{"system":"urn:ncpi:unique-string","value":"Patient|AnVIL_CMG_Broad_Heart_Seidman_WES|AnVIL_CMG_Broad_Heart_Seidman_WES/Su/SEI-CH1398-CH1398"}]}
{"resourceType":"Patient","id":"P.AnVIL-CMG-Broad-Heart-Seidman-WES-Su-SEI-CH1464-CH1464","meta":{"profile":["http://hl7.org/fhir/StructureDefinition/Patient"]},"identifier":[{"system":"https://anvil.terra.bio/#workspaces/anvil-datastorage/AnVIL_CMG_Broad_Heart_Seidman_WES","value":"AnVIL_CMG_Broad_Heart_Seidman_WES/Su/SEI-CH1464-CH1464"},{"system":"urn:ncpi:unique-string","value":"Patient|AnVIL_CMG_Broad_Heart_Seidman_WES|AnVIL_CMG_Broad_Heart_Seidman_WES/Su/SEI-CH1464-CH1464"}]}
{"resourceType":"Patient","id":"P.AnVIL-CMG-Broad-Heart-Seidman-WES-Su-SEI-CH1508-CH1508","meta":{"profile":["http://hl7.org/fhir/StructureDefinition/Patient"]},"identifier":[{"system":"https://anvil.terra.bio/#workspaces/anvil-datastorage/AnVIL_CMG_Broad_Heart_Seidman_WES","value":"AnVIL_CMG_Broad_Heart_Seidman_WES/Su/SEI-CH1508-CH1508"},{"system":"urn:ncpi:unique-string","value":"Patient|AnVIL_CMG_Broad_Heart_Seidman_WES|AnVIL_CMG_Broad_Heart_Seidman_WES/Su/SEI-CH1508-CH1508"}]}
{"resourceType":"Patient","id":"P.AnVIL-CMG-Broad-Heart-Seidman-WES-Su-SEI-CH1510-CH1510","meta":{"profile":["http://hl7.org/fhir/StructureDefinition/Patient"]},"identifier":[{"system":"https://anvil.terra.bio/#workspaces/anvil-datastorage/AnVIL_CMG_Broad_Heart_Seidman_WES","value":"AnVIL_CMG_Broad_Heart_Seidman_WES/Su/SEI-CH1510-CH1510"},{"system":"urn:ncpi:unique-string","value":"Patient|AnVIL_CMG_Broad_Heart_Seidman_WES|AnVIL_CMG_Broad_Heart_Seidman_WES/Su/SEI-CH1510-CH1510"}]}
{"resourceType":"Patient","id":"P.AnVIL-CMG-Broad-Heart-Seidman-WES-Su-SEI-CH1724-CH1724","meta":{"profile":["http://hl7.org/fhir/StructureDefinition/Patient"]},"identifier":[{"system":"https://anvil.terra.bio/#workspaces/anvil-datastorage/AnVIL_CMG_Broad_Heart_Seidman_WES","value":"AnVIL_CMG_Broad_Heart_Seidman_WES/Su/SEI-CH1724-CH1724"},{"system":"urn:ncpi:unique-string","value":"Patient|AnVIL_CMG_Broad_Heart_Seidman_WES|AnVIL_CMG_Broad_Heart_Seidman_WES/Su/SEI-CH1724-CH1724"}]}
{"resourceType":"Patient","id":"P.AnVIL-CMG-Broad-Heart-Seidman-WES-Su-SEI-CH1756-CH1756","meta":{"profile":["http://hl7.org/fhir/StructureDefinition/Patient"]},"identifier":[{"system":"https://anvil.terra.bio/#workspaces/anvil-datastorage/AnVIL_CMG_Broad_Heart_Seidman_WES","value":"AnVIL_CMG_Broad_Heart_Seidman_WES/Su/SEI-CH1756-CH1756"},{"system":"urn:ncpi:unique-string","value":"Patient|AnVIL_CMG_Broad_Heart_Seidman_WES|AnVIL_CMG_Broad_Heart_Seidman_WES/Su/SEI-CH1756-CH1756"}]}
{"resourceType":"Patient","id":"P.AnVIL-CMG-Broad-Heart-Seidman-WES-Su-SEI-CH1772-CH1772","meta":{"profile":["http://hl7.org/fhir/StructureDefinition/Patient"]},"identifier":[{"system":"https://anvil.terra.bio/#workspaces/anvil-datastorage/AnVIL_CMG_Broad_Heart_Seidman_WES","value":"AnVIL_CMG_Broad_Heart_Seidman_WES/Su/SEI-CH1772-CH1772"},{"system":"urn:ncpi:unique-string","value":"Patient|AnVIL_CMG_Broad_Heart_Seidman_WES|AnVIL_CMG_Broad_Heart_Seidman_WES/Su/SEI-CH1772-CH1772"}]}
{"resourceType":"Patient","id":"P.AnVIL-CMG-Broad-Heart-Seidman-WES-Su-SEI-CH1774-CH1774","meta":{"profile":["http://hl7.org/fhir/StructureDefinition/Patient"]},"identifier":[{"system":"https://anvil.terra.bio/#workspaces/anvil-datastorage/AnVIL_CMG_Broad_Heart_Seidman_WES","value":"AnVIL_CMG_Broad_Heart_Seidman_WES/Su/SEI-CH1774-CH1774"},{"system":"urn:ncpi:unique-string","value":"Patient|AnVIL_CMG_Broad_Heart_Seidman_WES|AnVIL_CMG_Broad_Heart_Seidman_WES/Su/SEI-CH1774-CH1774"}]}
{"resourceType":"Patient","id":"P.AnVIL-CMG-Broad-Heart-Seidman-WES-Su-SEI-CH2056-CH2056","meta":{"profile":["http://hl7.org/fhir/StructureDefinition/Patient"]},"identifier":[{"system":"https://anvil.terra.bio/#workspaces/anvil-datastorage/AnVIL_CMG_Broad_Heart_Seidman_WES","value":"AnVIL_CMG_Broad_Heart_Seidman_WES/Su/SEI-CH2056-CH2056"},{"system":"urn:ncpi:unique-string","value":"Patient|AnVIL_CMG_Broad_Heart_Seidman_WES|AnVIL_CMG_Broad_Heart_Seidman_WES/Su/SEI-CH2056-CH2056"}]}
{"resourceType":"Patient","id":"P.AnVIL-CMG-Broad-Heart-Seidman-WES-Su-SEI-CH4040-CH4040","meta":{"profile":["http://hl7.org/fhir/StructureDefinition/Patient"]},"identifier":[{"system":"https://anvil.terra.bio/#workspaces/anvil-datastorage/AnVIL_CMG_Broad_Heart_Seidman_WES","value":"AnVIL_CMG_Broad_Heart_Seidman_WES/Su/SEI-CH4040-CH4040"},{"system":"urn:ncpi:unique-string","value":"Patient|AnVIL_CMG_Broad_Heart_Seidman_WES|AnVIL_CMG_Broad_Heart_Seidman_WES/Su/SEI-CH4040-CH4040"}]}
{"resourceType":"Patient","id":"P.AnVIL-CMG-Broad-Heart-Seidman-WES-Su-SEI-CH502-CH502","meta":{"profile":["http://hl7.org/fhir/StructureDefinition/Patient"]},"identifier":[{"system":"https://anvil.terra.bio/#workspaces/anvil-datastorage/AnVIL_CMG_Broad_Heart_Seidman_WES","value":"AnVIL_CMG_Broad_Heart_Seidman_WES/Su/SEI-CH502-CH502"},{"system":"urn:ncpi:unique-string","value":"Patient|AnVIL_CMG_Broad_Heart_Seidman_WES|AnVIL_CMG_Broad_Heart_Seidman_WES/Su/SEI-CH502-CH502"}]}
{"resourceType":"Patient","id":"P.AnVIL-CMG-Broad-Heart-Seidman-WES-Su-SEI-CH552-CH552","meta":{"profile":["http://hl7.org/fhir/StructureDefinition/Patient"]},"identifier":[{"system":"https://anvil.terra.bio/#workspaces/anvil-datastorage/AnVIL_CMG_Broad_Heart_Seidman_WES","value":"AnVIL_CMG_Broad_Heart_Seidman_WES/Su/SEI-CH552-CH552"},{"system":"urn:ncpi:unique-string","value":"Patient|AnVIL_CMG_Broad_Heart_Seidman_WES|AnVIL_CMG_Broad_Heart_Seidman_WES/Su/SEI-CH552-CH552"}]}
{"resourceType":"Patient","id":"P.AnVIL-CMG-Broad-Heart-Seidman-WES-Su-SEI-CH573-CH573","meta":{"profile":["http://hl7.org/fhir/StructureDefinition/Patient"]},"identifier":[{"system":"https://anvil.terra.bio/#workspaces/anvil-datastorage/AnVIL_CMG_Broad_Heart_Seidman_WES","value":"AnVIL_CMG_Broad_Heart_Seidman_WES/Su/SEI-CH573-CH573"},{"system":"urn:ncpi:unique-string","value":"Patient|AnVIL_CMG_Broad_Heart_Seidman_WES|AnVIL_CMG_Broad_Heart_Seidman_WES/Su/SEI-CH573-CH573"}]}
{"resourceType":"Patient","id":"P.AnVIL-CMG-Broad-Heart-Seidman-WES-Su-SEI-CH575-CH575","meta":{"profile":["http://hl7.org/fhir/StructureDefinition/Patient"]},"identifier":[{"system":"https://anvil.terra.bio/#workspaces/anvil-datastorage/AnVIL_CMG_Broad_Heart_Seidman_WES","value":"AnVIL_CMG_Broad_Heart_Seidman_WES/Su/SEI-CH575-CH575"},{"system":"urn:ncpi:unique-string","value":"Patient|AnVIL_CMG_Broad_Heart_Seidman_WES|AnVIL_CMG_Broad_Heart_Seidman_WES/Su/SEI-CH575-CH575"}]}
{"resourceType":"Patient","id":"P.AnVIL-CMG-Broad-Heart-Seidman-WES-Su-SEI-CH578-CH578","meta":{"profile":["http://hl7.org/fhir/StructureDefinition/Patient"]},"identifier":[{"system":"https://anvil.terra.bio/#workspaces/anvil-datastorage/AnVIL_CMG_Broad_Heart_Seidman_WES","value":"AnVIL_CMG_Broad_Heart_Seidman_WES/Su/SEI-CH578-CH578"},{"system":"urn:ncpi:unique-string","value":"Patient|AnVIL_CMG_Broad_Heart_Seidman_WES|AnVIL_CMG_Broad_Heart_Seidman_WES/Su/SEI-CH578-CH578"}]}
{"resourceType":"Patient","id":"P.AnVIL-CMG-Broad-Heart-Seidman-WES-Su-SEI-CH582-CH582","meta":{"profile":["http://hl7.org/fhir/StructureDefinition/Patient"]},"identifier":[{"system":"https://anvil.terra.bio/#workspaces/anvil-datastorage/AnVIL_CMG_Broad_Heart_Seidman_WES","value":"AnVIL_CMG_Broad_Heart_Seidman_WES/Su/SEI-CH582-CH582"},{"system":"urn:ncpi:unique-string","value":"Patient|AnVIL_CMG_Broad_Heart_Seidman_WES|AnVIL_CMG_Broad_Heart_Seidman_WES/Su/SEI-CH582-CH582"}]}
{"resourceType":"Patient","id":"P.AnVIL-CMG-Broad-Heart-Seidman-WES-Su-SEI-CH584-CH584","meta":{"profile":["http://hl7.org/fhir/StructureDefinition/Patient"]},"identifier":[{"system":"https://anvil.terra.bio/#workspaces/anvil-datastorage/AnVIL_CMG_Broad_Heart_Seidman_WES","value":"AnVIL_CMG_Broad_Heart_Seidman_WES/Su/SEI-CH584-CH584"},{"system":"urn:ncpi:unique-string","value":"Patient|AnVIL_CMG_Broad_Heart_Seidman_WES|AnVIL_CMG_Broad_Heart_Seidman_WES/Su/SEI-CH584-CH584"}]}
{"resourceType":"Patient","id":"P.AnVIL-CMG-Broad-Heart-Seidman-WES-Su-SEI-CH595-CH595","meta":{"profile":["http://hl7.org/fhir/StructureDefinition/Patient"]},"identifier":[{"system":"https://anvil.terra.bio/#workspaces/anvil-datastorage/AnVIL_CMG_Broad_Heart_Seidman_WES","value":"AnVIL_CMG_Broad_Heart_Seidman_WES/Su/SEI-CH595-CH595"},{"system":"urn:ncpi:unique-string","value":"Patient|AnVIL_CMG_Broad_Heart_Seidman_WES|AnVIL_CMG_Broad_Heart_Seidman_WES/Su/SEI-CH595-CH595"}]}
{"resourceType":"Patient","id":"P.AnVIL-CMG-Broad-Heart-Seidman-WES-Su-SEI-CH597-CH597","meta":{"profile":["http://hl7.org/fhir/StructureDefinition/Patient"]},"identifier":[{"system":"https://anvil.terra.bio/#workspaces/anvil-datastorage/AnVIL_CMG_Broad_Heart_Seidman_WES","value":"AnVIL_CMG_Broad_Heart_Seidman_WES/Su/SEI-CH597-CH597"},{"system":"urn:ncpi:unique-string","value":"Patient|AnVIL_CMG_Broad_Heart_Seidman_WES|AnVIL_CMG_Broad_Heart_Seidman_WES/Su/SEI-CH597-CH597"}]}
{"resourceType":"Patient","id":"P.AnVIL-CMG-Broad-Heart-Seidman-WES-Su-SEI-CH598-CH598","meta":{"profile":["http://hl7.org/fhir/StructureDefinition/Patient"]},"identifier":[{"system":"https://anvil.terra.bio/#workspaces/anvil-datastorage/AnVIL_CMG_Broad_Heart_Seidman_WES","value":"AnVIL_CMG_Broad_Heart_Seidman_WES/Su/SEI-CH598-CH598"},{"system":"urn:ncpi:unique-string","value":"Patient|AnVIL_CMG_Broad_Heart_Seidman_WES|AnVIL_CMG_Broad_Heart_Seidman_WES/Su/SEI-CH598-CH598"}]}
{"resourceType":"Patient","id":"P.AnVIL-CMG-Broad-Heart-Seidman-WES-Su-SEI-CH600-CH600","meta":{"profile":["http://hl7.org/fhir/StructureDefinition/Patient"]},"identifier":[{"system":"https://anvil.terra.bio/#workspaces/anvil-datastorage/AnVIL_CMG_Broad_Heart_Seidman_WES","value":"AnVIL_CMG_Broad_Heart_Seidman_WES/Su/SEI-CH600-CH600"},{"system":"urn:ncpi:unique-string","value":"Patient|AnVIL_CMG_Broad_Heart_Seidman_WES|AnVIL_CMG_Broad_Heart_Seidman_WES/Su/SEI-CH600-CH600"}]}
{"resourceType":"Patient","id":"P.AnVIL-CMG-Broad-Heart-Seidman-WES-Su-SEI-CH690-CH690","meta":{"profile":["http://hl7.org/fhir/StructureDefinition/Patient"]},"identifier":[{"system":"https://anvil.terra.bio/#workspaces/anvil-datastorage/AnVIL_CMG_Broad_Heart_Seidman_WES","value":"AnVIL_CMG_Broad_Heart_Seidman_WES/Su/SEI-CH690-CH690"},{"system":"urn:ncpi:unique-string","value":"Patient|AnVIL_CMG_Broad_Heart_Seidman_WES|AnVIL_CMG_Broad_Heart_Seidman_WES/Su/SEI-CH690-CH690"}]}
{"resourceType":"Patient","id":"P.AnVIL-CMG-Broad-Heart-Seidman-WES-Su-SEI-CH698-CH698","meta":{"profile":["http://hl7.org/fhir/StructureDefinition/Patient"]},"identifier":[{"system":"https://anvil.terra.bio/#workspaces/anvil-datastorage/AnVIL_CMG_Broad_Heart_Seidman_WES","value":"AnVIL_CMG_Broad_Heart_Seidman_WES/Su/SEI-CH698-CH698"},{"system":"urn:ncpi:unique-string","value":"Patient|AnVIL_CMG_Broad_Heart_Seidman_WES|AnVIL_CMG_Broad_Heart_Seidman_WES/Su/SEI-CH698-CH698"}]}
{"resourceType":"Patient","id":"P.AnVIL-CMG-Broad-Heart-Seidman-WES-Su-SEI-CH708-CH708","meta":{"profile":["http://hl7.org/fhir/StructureDefinition/Patient"]},"identifier":[{"system":"https://anvil.terra.bio/#workspaces/anvil-datastorage/AnVIL_CMG_Broad_Heart_Seidman_WES","value":"AnVIL_CMG_Broad_Heart_Seidman_WES/Su/SEI-CH708-CH708"},{"system":"urn:ncpi:unique-string","value":"Patient|AnVIL_CMG_Broad_Heart_Seidman_WES|AnVIL_CMG_Broad_Heart_Seidman_WES/Su/SEI-CH708-CH708"}]}
{"resourceType":"Patient","id":"P.AnVIL-CMG-Broad-Heart-Seidman-WES-Su-SEI-CH712-CH712","meta":{"profile":["http://hl7.org/fhir/StructureDefinition/Patient"]},"identifier":[{"system":"https://anvil.terra.bio/#workspaces/anvil-datastorage/AnVIL_CMG_Broad_Heart_Seidman_WES","value":"AnVIL_CMG_Broad_Heart_Seidman_WES/Su/SEI-CH712-CH712"},{"system":"urn:ncpi:unique-string","value":"Patient|AnVIL_CMG_Broad_Heart_Seidman_WES|AnVIL_CMG_Broad_Heart_Seidman_WES/Su/SEI-CH712-CH712"}]}
{"resourceType":"Patient","id":"P.AnVIL-CMG-Broad-Heart-Seidman-WES-Su-SEI-CH714-CH714","meta":{"profile":["http://hl7.org/fhir/StructureDefinition/Patient"]},"identifier":[{"system":"https://anvil.terra.bio/#workspaces/anvil-datastorage/AnVIL_CMG_Broad_Heart_Seidman_WES","value":"AnVIL_CMG_Broad_Heart_Seidman_WES/Su/SEI-CH714-CH714"},{"system":"urn:ncpi:unique-string","value":"Patient|AnVIL_CMG_Broad_Heart_Seidman_WES|AnVIL_CMG_Broad_Heart_Seidman_WES/Su/SEI-CH714-CH714"}]}
{"resourceType":"Patient","id":"P.AnVIL-CMG-Broad-Heart-Seidman-WES-Su-SEI-CH730-CH730","meta":{"profile":["http://hl7.org/fhir/StructureDefinition/Patient"]},"identifier":[{"system":"https://anvil.terra.bio/#workspaces/anvil-datastorage/AnVIL_CMG_Broad_Heart_Seidman_WES","value":"AnVIL_CMG_Broad_Heart_Seidman_WES/Su/SEI-CH730-CH730"},{"system":"urn:ncpi:unique-string","value":"Patient|AnVIL_CMG_Broad_Heart_Seidman_WES|AnVIL_CMG_Broad_Heart_Seidman_WES/Su/SEI-CH730-CH730"}]}
{"resourceType":"Patient","id":"P.AnVIL-CMG-Broad-Heart-Seidman-WES-Su-SEI-CH736-CH736","meta":{"profile":["http://hl7.org/fhir/StructureDefinition/Patient"]},"identifier":[{"system":"https://anvil.terra.bio/#workspaces/anvil-datastorage/AnVIL_CMG_Broad_Heart_Seidman_WES","value":"AnVIL_CMG_Broad_Heart_Seidman_WES/Su/SEI-CH736-CH736"},{"system":"urn:ncpi:unique-string","value":"Patient|AnVIL_CMG_Broad_Heart_Seidman_WES|AnVIL_CMG_Broad_Heart_Seidman_WES/Su/SEI-CH736-CH736"}]}
{"resourceType":"Patient","id":"P.AnVIL-CMG-Broad-Heart-Seidman-WES-Su-SEI-CH742-CH742","meta":{"profile":["http://hl7.org/fhir/StructureDefinition/Patient"]},"identifier":[{"system":"https://anvil.terra.bio/#workspaces/anvil-datastorage/AnVIL_CMG_Broad_Heart_Seidman_WES","value":"AnVIL_CMG_Broad_Heart_Seidman_WES/Su/SEI-CH742-CH742"},{"system":"urn:ncpi:unique-string","value":"Patient|AnVIL_CMG_Broad_Heart_Seidman_WES|AnVIL_CMG_Broad_Heart_Seidman_WES/Su/SEI-CH742-CH742"}]}
{"resourceType":"Patient","id":"P.AnVIL-CMG-Broad-Heart-Seidman-WES-Su-SEI-CH766-CH766","meta":{"profile":["http://hl7.org/fhir/StructureDefinition/Patient"]},"identifier":[{"system":"https://anvil.terra.bio/#workspaces/anvil-datastorage/AnVIL_CMG_Broad_Heart_Seidman_WES","value":"AnVIL_CMG_Broad_Heart_Seidman_WES/Su/SEI-CH766-CH766"},{"system":"urn:ncpi:unique-string","value":"Patient|AnVIL_CMG_Broad_Heart_Seidman_WES|AnVIL_CMG_Broad_Heart_Seidman_WES/Su/SEI-CH766-CH766"}]}
{"resourceType":"Patient","id":"P.AnVIL-CMG-Broad-Heart-Seidman-WES-Su-SEI-CH770-CH770","meta":{"profile":["http://hl7.org/fhir/StructureDefinition/Patient"]},"identifier":[{"system":"https://anvil.terra.bio/#workspaces/anvil-datastorage/AnVIL_CMG_Broad_Heart_Seidman_WES","value":"AnVIL_CMG_Broad_Heart_Seidman_WES/Su/SEI-CH770-CH770"},{"system":"urn:ncpi:unique-string","value":"Patient|AnVIL_CMG_Broad_Heart_Seidman_WES|AnVIL_CMG_Broad_Heart_Seidman_WES/Su/SEI-CH770-CH770"}]}
{"resourceType":"Patient","id":"P.AnVIL-CMG-Broad-Heart-Seidman-WES-Su-SEI-CH800-CH800","meta":{"profile":["http://hl7.org/fhir/StructureDefinition/Patient"]},"identifier":[{"system":"https://anvil.terra.bio/#workspaces/anvil-datastorage/AnVIL_CMG_Broad_Heart_Seidman_WES","value":"AnVIL_CMG_Broad_Heart_Seidman_WES/Su/SEI-CH800-CH800"},{"system":"urn:ncpi:unique-string","value":"Patient|AnVIL_CMG_Broad_Heart_Seidman_WES|AnVIL_CMG_Broad_Heart_Seidman_WES/Su/SEI-CH800-CH800"}]}
{"resourceType":"Patient","id":"P.AnVIL-CMG-Broad-Heart-Seidman-WES-Su-SEI-CH878-CH878","meta":{"profile":["http://hl7.org/fhir/StructureDefinition/Patient"]},"identifier":[{"system":"https://anvil.terra.bio/#workspaces/anvil-datastorage/AnVIL_CMG_Broad_Heart_Seidman_WES","value":"AnVIL_CMG_Broad_Heart_Seidman_WES/Su/SEI-CH878-CH878"},{"system":"urn:ncpi:unique-string","value":"Patient|AnVIL_CMG_Broad_Heart_Seidman_WES|AnVIL_CMG_Broad_Heart_Seidman_WES/Su/SEI-CH878-CH878"}]}
{"resourceType":"Patient","id":"P.AnVIL-CMG-Broad-Heart-Seidman-WES-Su-SEI-CH928-CH928","meta":{"profile":["http://hl7.org/fhir/StructureDefinition/Patient"]},"identifier":[{"system":"https://anvil.terra.bio/#workspaces/anvil-datastorage/AnVIL_CMG_Broad_Heart_Seidman_WES","value":"AnVIL_CMG_Broad_Heart_Seidman_WES/Su/SEI-CH928-CH928"},{"system":"urn:ncpi:unique-string","value":"Patient|AnVIL_CMG_Broad_Heart_Seidman_WES|AnVIL_CMG_Broad_Heart_Seidman_WES/Su/SEI-CH928-CH928"}]}
{"resourceType":"Patient","id":"P.AnVIL-CMG-Broad-Heart-Seidman-WES-Su-SEI-CH940-CH940","meta":{"profile":["http://hl7.org/fhir/StructureDefinition/Patient"]},"identifier":[{"system":"https://anvil.terra.bio/#workspaces/anvil-datastorage/AnVIL_CMG_Broad_Heart_Seidman_WES","value":"AnVIL_CMG_Broad_Heart_Seidman_WES/Su/SEI-CH940-CH940"},{"system":"urn:ncpi:unique-string","value":"Patient|AnVIL_CMG_Broad_Heart_Seidman_WES|AnVIL_CMG_Broad_Heart_Seidman_WES/Su/SEI-CH940-CH940"}]}
{"resourceType":"Patient","id":"P.AnVIL-CMG-Broad-Heart-Seidman-WES-Su-SEI-CH942-CH942","meta":{"profile":["http://hl7.org/fhir/StructureDefinition/Patient"]},"identifier":[{"system":"https://anvil.terra.bio/#workspaces/anvil-datastorage/AnVIL_CMG_Broad_Heart_Seidman_WES","value":"AnVIL_CMG_Broad_Heart_Seidman_WES/Su/SEI-CH942-CH942"},{"system":"urn:ncpi:unique-string","value":"Patient|AnVIL_CMG_Broad_Heart_Seidman_WES|AnVIL_CMG_Broad_Heart_Seidman_WES/Su/SEI-CH942-CH942"}]}
{"resourceType":"Patient","id":"P.AnVIL-CMG-Broad-Heart-Seidman-WES-Su-SEI-CH960-CH960","meta":{"profile":["http://hl7.org/fhir/StructureDefinition/Patient"]},"identifier":[{"system":"https://anvil.terra.bio/#workspaces/anvil-datastorage/AnVIL_CMG_Broad_Heart_Seidman_WES","value":"AnVIL_CMG_Broad_Heart_Seidman_WES/Su/SEI-CH960-CH960"},{"system":"urn:ncpi:unique-string","value":"Patient|AnVIL_CMG_Broad_Heart_Seidman_WES|AnVIL_CMG_Broad_Heart_Seidman_WES/Su/SEI-CH960-CH960"}]}
{"resourceType":"Patient","id":"P.AnVIL-CMG-Broad-Heart-Seidman-WES-Su-SEI-CH974-CH974","meta":{"profile":["http://hl7.org/fhir/StructureDefinition/Patient"]},"identifier":[{"system":"https://anvil.terra.bio/#workspaces/anvil-datastorage/AnVIL_CMG_Broad_Heart_Seidman_WES","value":"AnVIL_CMG_Broad_Heart_Seidman_WES/Su/SEI-CH974-CH974"},{"system":"urn:ncpi:unique-string","value":"Patient|AnVIL_CMG_Broad_Heart_Seidman_WES|AnVIL_CMG_Broad_Heart_Seidman_WES/Su/SEI-CH974-CH974"}]}
{"resourceType":"Patient","id":"P.AnVIL-CMG-Broad-Heart-Seidman-WES-Su-SEI-OK-OK2","meta":{"profile":["http://hl7.org/fhir/StructureDefinition/Patient"]},"identifier":[{"system":"https://anvil.terra.bio/#workspaces/anvil-datastorage/AnVIL_CMG_Broad_Heart_Seidman_WES","value":"AnVIL_CMG_Broad_Heart_Seidman_WES/Su/SEI-OK-OK2"},{"system":"urn:ncpi:unique-string","value":"Patient|AnVIL_CMG_Broad_Heart_Seidman_WES|AnVIL_CMG_Broad_Heart_Seidman_WES/Su/SEI-OK-OK2"}]}
{"resourceType":"Patient","id":"P.AnVIL-CMG-Broad-Heart-Seidman-WES-Su-SEI-PKCMC-PKCMC-10","meta":{"profile":["http://hl7.org/fhir/StructureDefinition/Patient"]},"identifier":[{"system":"https://anvil.terra.bio/#workspaces/anvil-datastorage/AnVIL_CMG_Broad_Heart_Seidman_WES","value":"AnVIL_CMG_Broad_Heart_Seidman_WES/Su/SEI-PKCMC-PKCMC-10"},{"system":"urn:ncpi:unique-string","value":"Patient|AnVIL_CMG_Broad_Heart_Seidman_WES|AnVIL_CMG_Broad_Heart_Seidman_WES/Su/SEI-PKCMC-PKCMC-10"}]}
{"resourceType":"Patient","id":"P.AnVIL-CMG-Broad-Heart-Seidman-WES-Su-SEI-PKCMC-PKCMC-11","meta":{"profile":["http://hl7.org/fhir/StructureDefinition/Patient"]},"identifier":[{"system":"https://anvil.terra.bio/#workspaces/anvil-datastorage/AnVIL_CMG_Broad_Heart_Seidman_WES","value":"AnVIL_CMG_Broad_Heart_Seidman_WES/Su/SEI-PKCMC-PKCMC-11"},{"system":"urn:ncpi:unique-string","value":"Patient|AnVIL_CMG_Broad_Heart_Seidman_WES|AnVIL_CMG_Broad_Heart_Seidman_WES/Su/SEI-PKCMC-PKCMC-11"}]}
{"resourceType":"Patient","id":"P.AnVIL-CMG-Broad-Heart-Seidman-WES-Su-SEI-PKCMC-PKCMC-12","meta":{"profile":["http://hl7.org/fhir/StructureDefinition/Patient"]},"identifier":[{"system":"https://anvil.terra.bio/#workspaces/anvil-datastorage/AnVIL_CMG_Broad_Heart_Seidman_WES","value":"AnVIL_CMG_Broad_Heart_Seidman_WES/Su/SEI-PKCMC-PKCMC-12"},{"system":"urn:ncpi:unique-string","value":"Patient|AnVIL_CMG_Broad_Heart_Seidman_WES|AnVIL_CMG_Broad_Heart_Seidman_WES/Su/SEI-PKCMC-PKCMC-12"}]}
{"resourceType":"Patient","id":"P.AnVIL-CMG-Broad-Heart-Seidman-WES-Su-SEI-PKCMC-PKCMC1","meta":{"profile":["http://hl7.org/fhir/StructureDefinition/Patient"]},"identifier":[{"system":"https://anvil.terra.bio/#workspaces/anvil-datastorage/AnVIL_CMG_Broad_Heart_Seidman_WES","value":"AnVIL_CMG_Broad_Heart_Seidman_WES/Su/SEI-PKCMC-PKCMC1"},{"system":"urn:ncpi:unique-string","value":"Patient|AnVIL_CMG_Broad_Heart_Seidman_WES|AnVIL_CMG_Broad_Heart_Seidman_WES/Su/SEI-PKCMC-PKCMC1"}]}
{"resourceType":"Patient","id":"P.AnVIL-CMG-Broad-Heart-Seidman-WES-Su-SEI-PKCMD-PKCMD-10","meta":{"profile":["http://hl7.org/fhir/StructureDefinition/Patient"]},"identifier":[{"system":"https://anvil.terra.bio/#workspaces/anvil-datastorage/AnVIL_CMG_Broad_Heart_Seidman_WES","value":"AnVIL_CMG_Broad_Heart_Seidman_WES/Su/SEI-PKCMD-PKCMD-10"},{"system":"urn:ncpi:unique-string","value":"Patient|AnVIL_CMG_Broad_Heart_Seidman_WES|AnVIL_CMG_Broad_Heart_Seidman_WES/Su/SEI-PKCMD-PKCMD-10"}]}
{"resourceType":"Patient","id":"P.AnVIL-CMG-Broad-Heart-Seidman-WES-Su-SEI-PKCMD-PKCMD-11","meta":{"profile":["http://hl7.org/fhir/StructureDefinition/Patient"]},"identifier":[{"system":"https://anvil.terra.bio/#workspaces/anvil-datastorage/AnVIL_CMG_Broad_Heart_Seidman_WES","value":"AnVIL_CMG_Broad_Heart_Seidman_WES/Su/SEI-PKCMD-PKCMD-11"},{"system":"urn:ncpi:unique-string","value":"Patient|AnVIL_CMG_Broad_Heart_Seidman_WES|AnVIL_CMG_Broad_Heart_Seidman_WES/Su/SEI-PKCMD-PKCMD-11"}]}
{"resourceType":"Patient","id":"P.AnVIL-CMG-Broad-Heart-Seidman-WES-Su-SEI-PKCMD-PKCMD-12","meta":{"profile":["http://hl7.org/fhir/StructureDefinition/Patient"]},"identifier":[{"system":"https://anvil.terra.bio/#workspaces/anvil-datastorage/AnVIL_CMG_Broad_Heart_Seidman_WES","value":"AnVIL_CMG_Broad_Heart_Seidman_WES/Su/SEI-PKCMD-PKCMD-12"},{"system":"urn:ncpi:unique-string","value":"Patient|AnVIL_CMG_Broad_Heart_Seidman_WES|AnVIL_CMG_Broad_Heart_Seidman_WES/Su/SEI-PKCMD-PKCMD-12"}]}
{"resourceType":"Patient","id":"P.AnVIL-CMG-Broad-Heart-Seidman-WES-Su-SEI-PKCMD-PKCMD1","meta":{"profile":["http://hl7.org/fhir/StructureDefinition/Patient"]},"identifier":[{"system":"https://anvil.terra.bio/#workspaces/anvil-datastorage/AnVIL_CMG_Broad_Heart_Seidman_WES","value":"AnVIL_CMG_Broad_Heart_Seidman_WES/Su/SEI-PKCMD-PKCMD1"},{"system":"urn:ncpi:unique-string","value":"Patient|AnVIL_CMG_Broad_Heart_Seidman_WES|AnVIL_CMG_Broad_Heart_Seidman_WES/Su/SEI-PKCMD-PKCMD1"}]}
{"resourceType":"Patient","id":"P.AnVIL-CMG-Broad-Heart-Seidman-WES-Su-SEI-PKCME-PKCME-10","meta":{"profile":["http://hl7.org/fhir/StructureDefinition/Patient"]},"identifier":[{"system":"https://anvil.terra.bio/#workspaces/anvil-datastorage/AnVIL_CMG_Broad_Heart_Seidman_WES","value":"AnVIL_CMG_Broad_Heart_Seidman_WES/Su/SEI-PKCME-PKCME-10"},{"system":"urn:ncpi:unique-string","value":"Patient|AnVIL_CMG_Broad_Heart_Seidman_WES|AnVIL_CMG_Broad_Heart_Seidman_WES/Su/SEI-PKCME-PKCME-10"}]}
{"resourceType":"Patient","id":"P.AnVIL-CMG-Broad-Heart-Seidman-WES-Su-SEI-PKCME-PKCME-11","meta":{"profile":["http://hl7.org/fhir/StructureDefinition/Patient"]},"identifier":[{"system":"https://anvil.terra.bio/#workspaces/anvil-datastorage/AnVIL_CMG_Broad_Heart_Seidman_WES","value":"AnVIL_CMG_Broad_Heart_Seidman_WES/Su/SEI-PKCME-PKCME-11"},{"system":"urn:ncpi:unique-string","value":"Patient|AnVIL_CMG_Broad_Heart_Seidman_WES|AnVIL_CMG_Broad_Heart_Seidman_WES/Su/SEI-PKCME-PKCME-11"}]}
{"resourceType":"Patient","id":"P.AnVIL-CMG-Broad-Heart-Seidman-WES-Su-SEI-PKCME-PKCME1","meta":{"profile":["http://hl7.org/fhir/StructureDefinition/Patient"]},"identifier":[{"system":"https://anvil.terra.bio/#workspaces/anvil-datastorage/AnVIL_CMG_Broad_Heart_Seidman_WES","value":"AnVIL_CMG_Broad_Heart_Seidman_WES/Su/SEI-PKCME-PKCME1"},{"system":"urn:ncpi:unique-string","value":"Patient|AnVIL_CMG_Broad_Heart_Seidman_WES|AnVIL_CMG_Broad_Heart_Seidman_WES/Su/SEI-PKCME-PKCME1"}]}
{"resourceType":"Patient","id":"P.AnVIL-CMG-Broad-Heart-Seidman-WES-Su-SEI-PZ-PZ1","meta":{"profile":["http://hl7.org/fhir/StructureDefinition/Patient"]},"identifier":[{"system":"https://anvil.terra.bio/#workspaces/anvil-datastorage/AnVIL_CMG_Broad_Heart_Seidman_WES","value":"AnVIL_CMG_Broad_Heart_Seidman_WES/Su/SEI-PZ-PZ1"},{"system":"urn:ncpi:unique-string","value":"Patient|AnVIL_CMG_Broad_Heart_Seidman_WES|AnVIL_CMG_Broad_Heart_Seidman_WES/Su/SEI-PZ-PZ1"}]}
{"resourceType":"Patient","id":"P.AnVIL-CMG-Broad-Heart-Seidman-WES-Su-SEI-PZ-PZ12","meta":{"profile":["http://hl7.org/fhir/StructureDefinition/Patient"]},"identifier":[{"system":"https://anvil.terra.bio/#workspaces/anvil-datastorage/AnVIL_CMG_Broad_Heart_Seidman_WES","value":"AnVIL_CMG_Broad_Heart_Seidman_WES/Su/SEI-PZ-PZ12"},{"system":"urn:ncpi:unique-string","value":"Patient|AnVIL_CMG_Broad_Heart_Seidman_WES|AnVIL_CMG_Broad_Heart_Seidman_WES/Su/SEI-PZ-PZ12"}]}
{"resourceType":"Patient","id":"P.AnVIL-CMG-Broad-Heart-Seidman-WES-Su-SEI-SS-871","meta":{"profile":["http://hl7.org/fhir/StructureDefinition/Patient"]},"identifier":[{"system":"https://anvil.terra.bio/#workspaces/anvil-datastorage/AnVIL_CMG_Broad_Heart_Seidman_WES","value":"AnVIL_CMG_Broad_Heart_Seidman_WES/Su/SEI-SS-871"},{"system":"urn:ncpi:unique-string","value":"Patient|AnVIL_CMG_Broad_Heart_Seidman_WES|AnVIL_CMG_Broad_Heart_Seidman_WES/Su/SEI-SS-871"}]}
{"resourceType":"Patient","id":"P.AnVIL-CMG-Broad-Heart-Seidman-WES-Su-SEI-SS813-SS813","meta":{"profile":["http://hl7.org/fhir/StructureDefinition/Patient"]},"identifier":[{"system":"https://anvil.terra.bio/#workspaces/anvil-datastorage/AnVIL_CMG_Broad_Heart_Seidman_WES","value":"AnVIL_CMG_Broad_Heart_Seidman_WES/Su/SEI-SS813-SS813"},{"system":"urn:ncpi:unique-string","value":"Patient|AnVIL_CMG_Broad_Heart_Seidman_WES|AnVIL_CMG_Broad_Heart_Seidman_WES/Su/SEI-SS813-SS813"}]}
{"resourceType":"Patient","id":"P.AnVIL-CMG-Broad-Heart-Seidman-WES-Su-SEI-SS860-S860","meta":{"profile":["http://hl7.org/fhir/StructureDefinition/Patient"]},"identifier":[{"system":"https://anvil.terra.bio/#workspaces/anvil-datastorage/AnVIL_CMG_Broad_Heart_Seidman_WES","value":"AnVIL_CMG_Broad_Heart_Seidman_WES/Su/SEI-SS860-S860"},{"system":"urn:ncpi:unique-string","value":"Patient|AnVIL_CMG_Broad_Heart_Seidman_WES|AnVIL_CMG_Broad_Heart_Seidman_WES/Su/SEI-SS860-S860"}]}
{"resourceType":"Patient","id":"P.AnVIL-CMG-Broad-Heart-Seidman-WES-Su-SEI-SS860-SS860A","meta":{"profile":["http://hl7.org/fhir/StructureDefinition/Patient"]},"identifier":[{"system":"https://anvil.terra.bio/#workspaces/anvil-datastorage/AnVIL_CMG_Broad_Heart_Seidman_WES","value":"AnVIL_CMG_Broad_Heart_Seidman_WES/Su/SEI-SS860-SS860A"},{"system":"urn:ncpi:unique-string","value":"Patient|AnVIL_CMG_Broad_Heart_Seidman_WES|AnVIL_CMG_Broad_Heart_Seidman_WES/Su/SEI-SS860-SS860A"}]}
{"resourceType":"Patient","id":"P.AnVIL-CMG-Broad-Heart-Seidman-WES-Su-SEI-SS860-SS860B","meta":{"profile":["http://hl7.org/fhir/StructureDefinition/Patient"]},"identifier":[{"system":"https://anvil.terra.bio/#workspaces/anvil-datastorage/AnVIL_CMG_Broad_Heart_Seidman_WES","value":"AnVIL_CMG_Broad_Heart_Seidman_WES/Su/SEI-SS860-SS860B"},{"system":"urn:ncpi:unique-string","value":"Patient|AnVIL_CMG_Broad_Heart_Seidman_WES|AnVIL_CMG_Broad_Heart_Seidman_WES/Su/SEI-SS860-SS860B"}]}
{"resourceType":"Patient","id":"P.AnVIL-CMG-Broad-Heart-Seidman-WES-Su-SEI-SS860-SS860C","meta":{"profile":["http://hl7.org/fhir/StructureDefinition/Patient"]},"identifier":[{"system":"https://anvil.terra.bio/#workspaces/anvil-datastorage/AnVIL_CMG_Broad_Heart_Seidman_WES","value":"AnVIL_CMG_Broad_Heart_Seidman_WES/Su/SEI-SS860-SS860C"},{"system":"urn:ncpi:unique-string","value":"Patient|AnVIL_CMG_Broad_Heart_Seidman_WES|AnVIL_CMG_Broad_Heart_Seidman_WES/Su/SEI-SS860-SS860C"}]}
