{"resourceType":"Task","id":"T.Broad-Heart-Seidman-WES-Sa-SEI-1-62-70007039","status":"accepted","intent":"unknown","input":[{"type":{"coding":[{"code":"Specimen"}]},"valueReference":{"reference":"Specimen/Broad-Heart-Seidman-WES-Sa-SEI-1-62-70007039"}}],"output":[]}
{"resourceType":"Task","id":"T.Broad-Heart-Seidman-WES-Sa-SEI-1-62-70007206","status":"accepted","intent":"unknown","input":[{"type":{"coding":[{"code":"Specimen"}]},"valueReference":{"reference":"Specimen/Broad-Heart-Seidman-WES-Sa-SEI-1-62-70007206"}}],"output":[]}
{"resourceType":"Task","id":"T.Broad-Heart-Seidman-WES-Sa-SEI-1-62-70009389","status":"accepted","intent":"unknown","input":[{"type":{"coding":[{"code":"Specimen"}]},"valueReference":{"reference":"Specimen/Broad-Heart-Seidman-WES-Sa-SEI-1-62-70009389"}}],"output":[]}
{"resourceType":"Task","id":"T.Broad-Heart-Seidman-WES-Sa-SEI-1-62-70009565","status":"accepted","intent":"unknown","input":[{"type":{"coding":[{"code":"Specimen"}]},"valueReference":{"reference":"Specimen/Broad-Heart-Seidman-WES-Sa-SEI-1-62-70009565"}}],"output":[]}
{"resourceType":"Task","id":"T.Broad-Heart-Seidman-WES-Sa-SEI-1-62-70009566","status":"accepted","intent":"unknown","input":[{"type":{"coding":[{"code":"Specimen"}]},"valueReference":{"reference":"Specimen/Broad-Heart-Seidman-WES-Sa-SEI-1-62-70009566"}}],"output":[]}
{"resourceType":"Task","id":"T.Broad-Heart-Seidman-WES-Sa-SEI-126-0000385","status":"accepted","intent":"unknown","input":[{"type":{"coding":[{"code":"Specimen"}]},"valueReference":{"reference":"Specimen/Broad-Heart-Seidman-WES-Sa-SEI-126-0000385"}}],"output":[]}
{"resourceType":"Task","id":"T.Broad-Heart-Seidman-WES-Sa-SEI-131-70009907","status":"accepted","intent":"unknown","input":[{"type":{"coding":[{"code":"Specimen"}]},"valueReference":{"reference":"Specimen/Broad-Heart-Seidman-WES-Sa-SEI-131-70009907"}}],"output":[]}
{"resourceType":"Task","id":"T.Broad-Heart-Seidman-WES-Sa-SEI-132-70007628","status":"accepted","intent":"unknown","input":[{"type":{"coding":[{"code":"Specimen"}]},"valueReference":{"reference":"Specimen/Broad-Heart-Seidman-WES-Sa-SEI-132-70007628"}}],"output":[]}
{"resourceType":"Task","id":"T.Broad-Heart-Seidman-WES-Sa-SEI-136-70008231","status":"accepted","intent":"unknown","input":[{"type":{"coding":[{"code":"Specimen"}]},"valueReference":{"reference":"Specimen/Broad-Heart-Seidman-WES-Sa-SEI-136-70008231"}}],"output":[]}
{"resourceType":"Task","id":"T.Broad-Heart-Seidman-WES-Sa-SEI-143-70002722","status":"accepted","intent":"unknown","input":[{"type":{"coding":[{"code":"Specimen"}]},"valueReference":{"reference":"Specimen/Broad-Heart-Seidman-WES-Sa-SEI-143-70002722"}}],"output":[]}
{"resourceType":"Task","id":"T.Broad-Heart-Seidman-WES-Sa-SEI-146-20000382","status":"accepted","intent":"unknown","input":[{"type":{"coding":[{"code":"Specimen"}]},"valueReference":{"reference":"Specimen/Broad-Heart-Seidman-WES-Sa-SEI-146-20000382"}}],"output":[]}
{"resourceType":"Task","id":"T.Broad-Heart-Seidman-WES-Sa-SEI-157-20000353","status":"accepted","intent":"unknown","input":[{"type":{"coding":[{"code":"Specimen"}]},"valueReference":{"reference":"Specimen/Broad-Heart-Seidman-WES-Sa-SEI-157-20000353"}}],"output":[]}
{"resourceType":"Task","id":"T.Broad-Heart-Seidman-WES-Sa-SEI-160-70007642","status":"accepted","intent":"unknown","input":[{"type":{"coding":[{"code":"Specimen"}]},"valueReference":{"reference":"Specimen/Broad-Heart-Seidman-WES-Sa-SEI-160-70007642"}}],"output":[]}
{"resourceType":"Task","id":"T.Broad-Heart-Seidman-WES-Sa-SEI-164-70000812","status":"accepted","intent":"unknown","input":[{"type":{"coding":[{"code":"Specimen"}]},"valueReference":{"reference":"Specimen/Broad-Heart-Seidman-WES-Sa-SEI-164-70000812"}}],"output":[]}
{"resourceType":"Task","id":"T.Broad-Heart-Seidman-WES-Sa-SEI-165-70013055","status":"accepted","intent":"unknown","input":[{"type":{"coding":[{"code":"Specimen"}]},"valueReference":{"reference":"Specimen/Broad-Heart-Seidman-WES-Sa-SEI-165-70013055"}}],"output":[]}
{"resourceType":"Task","id":"T.Broad-Heart-Seidman-WES-Sa-SEI-18-70007570","status":"accepted","intent":"unknown","input":[{"type":{"coding":[{"code":"Specimen"}]},"valueReference":{"reference":"Specimen/Broad-Heart-Seidman-WES-Sa-SEI-18-70007570"}}],"output":[]}
{"resourceType":"Task","id":"T.Broad-Heart-Seidman-WES-Sa-SEI-214-70005222","status":"accepted","intent":"unknown","input":[{"type":{"coding":[{"code":"Specimen"}]},"valueReference":{"reference":"Specimen/Broad-Heart-Seidman-WES-Sa-SEI-214-70005222"}}],"output":[]}
{"resourceType":"Task","id":"T.Broad-Heart-Seidman-WES-Sa-SEI-217-20001836","status":"accepted","intent":"unknown","input":[{"type":{"coding":[{"code":"Specimen"}]},"valueReference":{"reference":"Specimen/Broad-Heart-Seidman-WES-Sa-SEI-217-20001836"}}],"output":[]}
{"resourceType":"Task","id":"T.Broad-Heart-Seidman-WES-Sa-SEI-238-70002437","status":"accepted","intent":"unknown","input":[{"type":{"coding":[{"code":"Specimen"}]},"valueReference":{"reference":"Specimen/Broad-Heart-Seidman-WES-Sa-SEI-238-70002437"}}],"output":[]}
{"resourceType":"Task","id":"T.Broad-Heart-Seidman-WES-Sa-SEI-246-70005212","status":"accepted","intent":"unknown","input":[{"type":{"coding":[{"code":"Specimen"}]},"valueReference":{"reference":"Specimen/Broad-Heart-Seidman-WES-Sa-SEI-246-70005212"}}],"output":[]}
{"resourceType":"Task","id":"T.Broad-Heart-Seidman-WES-Sa-SEI-25-70013387","status":"accepted","intent":"unknown","input":[{"type":{"coding":[{"code":"Specimen"}]},"valueReference":{"reference":"Specimen/Broad-Heart-Seidman-WES-Sa-SEI-25-70013387"}}],"output":[]}
{"resourceType":"Task","id":"T.Broad-Heart-Seidman-WES-Sa-SEI-259-70009604","status":"accepted","intent":"unknown","input":[{"type":{"coding":[{"code":"Specimen"}]},"valueReference":{"reference":"Specimen/Broad-Heart-Seidman-WES-Sa-SEI-259-70009604"}}],"output":[]}
{"resourceType":"Task","id":"T.Broad-Heart-Seidman-WES-Sa-SEI-262-70002729","status":"accepted","intent":"unknown","input":[{"type":{"coding":[{"code":"Specimen"}]},"valueReference":{"reference":"Specimen/Broad-Heart-Seidman-WES-Sa-SEI-262-70002729"}}],"output":[]}
{"resourceType":"Task","id":"T.Broad-Heart-Seidman-WES-Sa-SEI-271-70009379","status":"accepted","intent":"unknown","input":[{"type":{"coding":[{"code":"Specimen"}]},"valueReference":{"reference":"Specimen/Broad-Heart-Seidman-WES-Sa-SEI-271-70009379"}}],"output":[]}
{"resourceType":"Task","id":"T.Broad-Heart-Seidman-WES-Sa-SEI-272-70008226","status":"accepted","intent":"unknown","input":[{"type":{"coding":[{"code":"Specimen"}]},"valueReference":{"reference":"Specimen/Broad-Heart-Seidman-WES-Sa-SEI-272-70008226"}}],"output":[]}
{"resourceType":"Task","id":"T.Broad-Heart-Seidman-WES-Sa-SEI-277-70000464","status":"accepted","intent":"unknown","input":[{"type":{"coding":[{"code":"Specimen"}]},"valueReference":{"reference":"Specimen/Broad-Heart-Seidman-WES-Sa-SEI-277-70000464"}}],"output":[]}
{"resourceType":"Task","id":"T.Broad-Heart-Seidman-WES-Sa-SEI-286-70012968","status":"accepted","intent":"unknown","input":[{"type":{"coding":[{"code":"Specimen"}]},"valueReference":{"reference":"Specimen/Broad-Heart-Seidman-WES-Sa-SEI-286-70012968"}}],"output":[]}
{"resourceType":"Task","id":"T.Broad-Heart-Seidman-WES-Sa-SEI-29-20001715","status":"accepted","intent":"unknown","input":[{"type":{"coding":[{"code":"Specimen"}]},"valueReference":{"reference":"Specimen/Broad-Heart-Seidman-WES-Sa-SEI-29-20001715"}}],"output":[]}
{"resourceType":"Task","id":"T.Broad-Heart-Seidman-WES-Sa-SEI-291-70009618","status":"accepted","intent":"unknown","input":[{"type":{"coding":[{"code":"Specimen"}]},"valueReference":{"reference":"Specimen/Broad-Heart-Seidman-WES-Sa-SEI-291-70009618"}}],"output":[]}
{"resourceType":"Task","id":"T.Broad-Heart-Seidman-WES-Sa-SEI-292-70009602","status":"accepted","intent":"unknown","input":[{"type":{"coding":[{"code":"Specimen"}]},"valueReference":{"reference":"Specimen/Broad-Heart-Seidman-WES-Sa-SEI-292-70009602"}}],"output":[]}
{"resourceType":"Task","id":"T.Broad-Heart-Seidman-WES-Sa-SEI-3-1-0000516","status":"accepted","intent":"unknown","input":[{"type":{"coding":[{"code":"Specimen"}]},"valueReference":{"reference":"Specimen/Broad-Heart-Seidman-WES-Sa-SEI-3-1-0000516"}}],"output":[]}
{"resourceType":"Task","id":"T.Broad-Heart-Seidman-WES-Sa-SEI-3-1-20001438","status":"accepted","intent":"unknown","input":[{"type":{"coding":[{"code":"Specimen"}]},"valueReference":{"reference":"Specimen/Broad-Heart-Seidman-WES-Sa-SEI-3-1-20001438"}}],"output":[]}
{"resourceType":"Task","id":"T.Broad-Heart-Seidman-WES-Sa-SEI-3-1-20001747","status":"accepted","intent":"unknown","input":[{"type":{"coding":[{"code":"Specimen"}]},"valueReference":{"reference":"Specimen/Broad-Heart-Seidman-WES-Sa-SEI-3-1-20001747"}}],"output":[]}
{"resourceType":"Task","id":"T.Broad-Heart-Seidman-WES-Sa-SEI-3-1-20001749","status":"accepted","intent":"unknown","input":[{"type":{"coding":[{"code":"Specimen"}]},"valueReference":{"reference":"Specimen/Broad-Heart-Seidman-WES-Sa-SEI-3-1-20001749"}}],"output":[]}
{"resourceType":"Task","id":"T.Broad-Heart-Seidman-WES-Sa-SEI-3-1-70005311","status":"accepted","intent":"unknown","input":[{"type":{"coding":[{"code":"Specimen"}]},"valueReference":{"reference":"Specimen/Broad-Heart-Seidman-WES-Sa-SEI-3-1-70005311"}}],"output":[]}
{"resourceType":"Task","id":"T.Broad-Heart-Seidman-WES-Sa-SEI-3-1-70007584","status":"accepted","intent":"unknown","input":[{"type":{"coding":[{"code":"Specimen"}]},"valueReference":{"reference":"Specimen/Broad-Heart-Seidman-WES-Sa-SEI-3-1-70007584"}}],"output":[]}
{"resourceType":"Task","id":"T.Broad-Heart-Seidman-WES-Sa-SEI-3-57-70001856","status":"accepted","intent":"unknown","input":[{"type":{"coding":[{"code":"Specimen"}]},"valueReference":{"reference":"Specimen/Broad-Heart-Seidman-WES-Sa-SEI-3-57-70001856"}}],"output":[]}
{"resourceType":"Task","id":"T.Broad-Heart-Seidman-WES-Sa-SEI-3-57-70002753","status":"accepted","intent":"unknown","input":[{"type":{"coding":[{"code":"Specimen"}]},"valueReference":{"reference":"Specimen/Broad-Heart-Seidman-WES-Sa-SEI-3-57-70002753"}}],"output":[]}
{"resourceType":"Task","id":"T.Broad-Heart-Seidman-WES-Sa-SEI-3-57-70007611","status":"accepted","intent":"unknown","input":[{"type":{"coding":[{"code":"Specimen"}]},"valueReference":{"reference":"Specimen/Broad-Heart-Seidman-WES-Sa-SEI-3-57-70007611"}}],"output":[]}
{"resourceType":"Task","id":"T.Broad-Heart-Seidman-WES-Sa-SEI-300-70009649","status":"accepted","intent":"unknown","input":[{"type":{"coding":[{"code":"Specimen"}]},"valueReference":{"reference":"Specimen/Broad-Heart-Seidman-WES-Sa-SEI-300-70009649"}}],"output":[]}
{"resourceType":"Task","id":"T.Broad-Heart-Seidman-WES-Sa-SEI-310-70009654","status":"accepted","intent":"unknown","input":[{"type":{"coding":[{"code":"Specimen"}]},"valueReference":{"reference":"Specimen/Broad-Heart-Seidman-WES-Sa-SEI-310-70009654"}}],"output":[]}
{"resourceType":"Task","id":"T.Broad-Heart-Seidman-WES-Sa-SEI-323-70009898","status":"accepted","intent":"unknown","input":[{"type":{"coding":[{"code":"Specimen"}]},"valueReference":{"reference":"Specimen/Broad-Heart-Seidman-WES-Sa-SEI-323-70009898"}}],"output":[]}
{"resourceType":"Task","id":"T.Broad-Heart-Seidman-WES-Sa-SEI-326-70009657","status":"accepted","intent":"unknown","input":[{"type":{"coding":[{"code":"Specimen"}]},"valueReference":{"reference":"Specimen/Broad-Heart-Seidman-WES-Sa-SEI-326-70009657"}}],"output":[]}
{"resourceType":"Task","id":"T.Broad-Heart-Seidman-WES-Sa-SEI-335-70009908","status":"accepted","intent":"unknown","input":[{"type":{"coding":[{"code":"Specimen"}]},"valueReference":{"reference":"Specimen/Broad-Heart-Seidman-WES-Sa-SEI-335-70009908"}}],"output":[]}
{"resourceType":"Task","id":"T.Broad-Heart-Seidman-WES-Sa-SEI-338-70013043","status":"accepted","intent":"unknown","input":[{"type":{"coding":[{"code":"Specimen"}]},"valueReference":{"reference":"Specimen/Broad-Heart-Seidman-WES-Sa-SEI-338-70013043"}}],"output":[]}
{"resourceType":"Task","id":"T.Broad-Heart-Seidman-WES-Sa-SEI-342-70002536","status":"accepted","intent":"unknown","input":[{"type":{"coding":[{"code":"Specimen"}]},"valueReference":{"reference":"Specimen/Broad-Heart-Seidman-WES-Sa-SEI-342-70002536"}}],"output":[]}
{"resourceType":"Task","id":"T.Broad-Heart-Seidman-WES-Sa-SEI-374-70012989","status":"accepted","intent":"unknown","input":[{"type":{"coding":[{"code":"Specimen"}]},"valueReference":{"reference":"Specimen/Broad-Heart-Seidman-WES-Sa-SEI-374-70012989"}}],"output":[]}
{"resourceType":"Task","id":"T.Broad-Heart-Seidman-WES-Sa-SEI-382-70013382","status":"accepted","intent":"unknown","input":[{"type":{"coding":[{"code":"Specimen"}]},"valueReference":{"reference":"Specimen/Broad-Heart-Seidman-WES-Sa-SEI-382-70013382"}}],"output":[]}
{"resourceType":"Task","id":"T.Broad-Heart-Seidman-WES-Sa-SEI-397-70013441","status":"accepted","intent":"unknown","input":[{"type":{"coding":[{"code":"Specimen"}]},"valueReference":{"reference":"Specimen/Broad-Heart-Seidman-WES-Sa-SEI-397-70013441"}}],"output":[]}
{"resourceType":"Task","id":"T.Broad-Heart-Seidman-WES-Sa-SEI-4-2-70007578","status":"accepted","intent":"unknown","input":[{"type":{"coding":[{"code":"Specimen"}]},"valueReference":{"reference":"Specimen/Broad-Heart-Seidman-WES-Sa-SEI-4-2-70007578"}}],"output":[]}
{"resourceType":"Task","id":"T.Broad-Heart-Seidman-WES-Sa-SEI-4-26-70013028","status":"accepted","intent":"unknown","input":[{"type":{"coding":[{"code":"Specimen"}]},"valueReference":{"reference":"Specimen/Broad-Heart-Seidman-WES-Sa-SEI-4-26-70013028"}}],"output":[]}
{"resourceType":"Task","id":"T.Broad-Heart-Seidman-WES-Sa-SEI-467-70007195","status":"accepted","intent":"unknown","input":[{"type":{"coding":[{"code":"Specimen"}]},"valueReference":{"reference":"Specimen/Broad-Heart-Seidman-WES-Sa-SEI-467-70007195"}}],"output":[]}
{"resourceType":"Task","id":"T.Broad-Heart-Seidman-WES-Sa-SEI-469-20001850","status":"accepted","intent":"unknown","input":[{"type":{"coding":[{"code":"Specimen"}]},"valueReference":{"reference":"Specimen/Broad-Heart-Seidman-WES-Sa-SEI-469-20001850"}}],"output":[]}
{"resourceType":"Task","id":"T.Broad-Heart-Seidman-WES-Sa-SEI-470-20001456","status":"accepted","intent":"unknown","input":[{"type":{"coding":[{"code":"Specimen"}]},"valueReference":{"reference":"Specimen/Broad-Heart-Seidman-WES-Sa-SEI-470-20001456"}}],"output":[]}
{"resourceType":"Task","id":"T.Broad-Heart-Seidman-WES-Sa-SEI-471-70000925","status":"accepted","intent":"unknown","input":[{"type":{"coding":[{"code":"Specimen"}]},"valueReference":{"reference":"Specimen/Broad-Heart-Seidman-WES-Sa-SEI-471-70000925"}}],"output":[]}
{"resourceType":"Task","id":"T.Broad-Heart-Seidman-WES-Sa-SEI-472-70002533","status":"accepted","intent":"unknown","input":[{"type":{"coding":[{"code":"Specimen"}]},"valueReference":{"reference":"Specimen/Broad-Heart-Seidman-WES-Sa-SEI-472-70002533"}}],"output":[]}
{"resourceType":"Task","id":"T.Broad-Heart-Seidman-WES-Sa-SEI-479-70013656","status":"accepted","intent":"unknown","input":[{"type":{"coding":[{"code":"Specimen"}]},"valueReference":{"reference":"Specimen/Broad-Heart-Seidman-WES-Sa-SEI-479-70013656"}}],"output":[]}
{"resourceType":"Task","id":"T.Broad-Heart-Seidman-WES-Sa-SEI-56-70000960","status":"accepted","intent":"unknown","input":[{"type":{"coding":[{"code":"Specimen"}]},"valueReference":{"reference":"Specimen/Broad-Heart-Seidman-WES-Sa-SEI-56-70000960"}}],"output":[]}
{"resourceType":"Task","id":"T.Broad-Heart-Seidman-WES-Sa-SEI-56-70002759","status":"accepted","intent":"unknown","input":[{"type":{"coding":[{"code":"Specimen"}]},"valueReference":{"reference":"Specimen/Broad-Heart-Seidman-WES-Sa-SEI-56-70002759"}}],"output":[]}
{"resourceType":"Task","id":"T.Broad-Heart-Seidman-WES-Sa-SEI-67-70002739","status":"accepted","intent":"unknown","input":[{"type":{"coding":[{"code":"Specimen"}]},"valueReference":{"reference":"Specimen/Broad-Heart-Seidman-WES-Sa-SEI-67-70002739"}}],"output":[]}
{"resourceType":"Task","id":"T.Broad-Heart-Seidman-WES-Sa-SEI-69-20000427","status":"accepted","intent":"unknown","input":[{"type":{"coding":[{"code":"Specimen"}]},"valueReference":{"reference":"Specimen/Broad-Heart-Seidman-WES-Sa-SEI-69-20000427"}}],"output":[]}
{"resourceType":"Task","id":"T.Broad-Heart-Seidman-WES-Sa-SEI-70002535","status":"accepted","intent":"unknown","input":[{"type":{"coding":[{"code":"Specimen"}]},"valueReference":{"reference":"Specimen/Broad-Heart-Seidman-WES-Sa-SEI-70002535"}}],"output":[]}
{"resourceType":"Task","id":"T.Broad-Heart-Seidman-WES-Sa-SEI-76-70013437","status":"accepted","intent":"unknown","input":[{"type":{"coding":[{"code":"Specimen"}]},"valueReference":{"reference":"Specimen/Broad-Heart-Seidman-WES-Sa-SEI-76-70013437"}}],"output":[]}
{"resourceType":"Task","id":"T.Broad-Heart-Seidman-WES-Sa-SEI-87-70002996","status":"accepted","intent":"unknown","input":[{"type":{"coding":[{"code":"Specimen"}]},"valueReference":{"reference":"Specimen/Broad-Heart-Seidman-WES-Sa-SEI-87-70002996"}}],"output":[]}
{"resourceType":"Task","id":"T.Broad-Heart-Seidman-WES-Sa-SEI-93-70012990","status":"accepted","intent":"unknown","input":[{"type":{"coding":[{"code":"Specimen"}]},"valueReference":{"reference":"Specimen/Broad-Heart-Seidman-WES-Sa-SEI-93-70012990"}}],"output":[]}
{"resourceType":"Task","id":"T.Broad-Heart-Seidman-WES-Sa-SEI-98-20001834","status":"accepted","intent":"unknown","input":[{"type":{"coding":[{"code":"Specimen"}]},"valueReference":{"reference":"Specimen/Broad-Heart-Seidman-WES-Sa-SEI-98-20001834"}}],"output":[]}
{"resourceType":"Task","id":"T.Broad-Heart-Seidman-WES-Sa-SEI-CH1040-CH1040","status":"accepted","intent":"unknown","input":[{"type":{"coding":[{"code":"Specimen"}]},"valueReference":{"reference":"Specimen/Broad-Heart-Seidman-WES-Sa-SEI-CH1040-CH1040"}}],"output":[]}
{"resourceType":"Task","id":"T.Broad-Heart-Seidman-WES-Sa-SEI-CH1174-CH1174","status":"accepted","intent":"unknown","input":[{"type":{"coding":[{"code":"Specimen"}]},"valueReference":{"reference":"Specimen/Broad-Heart-Seidman-WES-Sa-SEI-CH1174-CH1174"}}],"output":[]}
{"resourceType":"Task","id":"T.Broad-Heart-Seidman-WES-Sa-SEI-CH1182-CH1182","status":"accepted","intent":"unknown","input":[{"type":{"coding":[{"code":"Specimen"}]},"valueReference":{"reference":"Specimen/Broad-Heart-Seidman-WES-Sa-SEI-CH1182-CH1182"}}],"output":[]}
{"resourceType":"Task","id":"T.Broad-Heart-Seidman-WES-Sa-SEI-CH1330-CH1330","status":"accepted","intent":"unknown","input":[{"type":{"coding":[{"code":"Specimen"}]},"valueReference":{"reference":"Specimen/Broad-Heart-Seidman-WES-Sa-SEI-CH1330-CH1330"}}],"output":[]}
{"resourceType":"Task","id":"T.Broad-Heart-Seidman-WES-Sa-SEI-CH1332-CH1332","status":"accepted","intent":"unknown","input":[{"type":{"coding":[{"code":"Specimen"}]},"valueReference":{"reference":"Specimen/Broad-Heart-Seidman-WES-Sa-SEI-CH1332-CH1332"}}],"output":[]}
{"resourceType":"Task","id":"T.Broad-Heart-Seidman-WES-Sa-SEI-CH1398-CH1398","status":"accepted","intent":"unknown","input":[{"type":{"coding":[{"code":"Specimen"}]},"valueReference":{"reference":"Specimen/Broad-Heart-Seidman-WES-Sa-SEI-CH1398-CH1398"}}],"output":[]}
{"resourceType":"Task","id":"T.Broad-Heart-Seidman-WES-Sa-SEI-CH1464-CH1464","status":"accepted","intent":"unknown","input":[{"type":{"coding":[{"code":"Specimen"}]},"valueReference":{"reference":"Specimen/Broad-Heart-Seidman-WES-Sa-SEI-CH1464-CH1464"}}],"output":[]}
{"resourceType":"Task","id":"T.Broad-Heart-Seidman-WES-Sa-SEI-CH1508-CH1508","status":"accepted","intent":"unknown","input":[{"type":{"coding":[{"code":"Specimen"}]},"valueReference":{"reference":"Specimen/Broad-Heart-Seidman-WES-Sa-SEI-CH1508-CH1508"}}],"output":[]}
{"resourceType":"Task","id":"T.Broad-Heart-Seidman-WES-Sa-SEI-CH1510-CH1510","status":"accepted","intent":"unknown","input":[{"type":{"coding":[{"code":"Specimen"}]},"valueReference":{"reference":"Specimen/Broad-Heart-Seidman-WES-Sa-SEI-CH1510-CH1510"}}],"output":[]}
{"resourceType":"Task","id":"T.Broad-Heart-Seidman-WES-Sa-SEI-CH1724-CH1724","status":"accepted","intent":"unknown","input":[{"type":{"coding":[{"code":"Specimen"}]},"valueReference":{"reference":"Specimen/Broad-Heart-Seidman-WES-Sa-SEI-CH1724-CH1724"}}],"output":[]}
{"resourceType":"Task","id":"T.Broad-Heart-Seidman-WES-Sa-SEI-CH1756-CH1756","status":"accepted","intent":"unknown","input":[{"type":{"coding":[{"code":"Specimen"}]},"valueReference":{"reference":"Specimen/Broad-Heart-Seidman-WES-Sa-SEI-CH1756-CH1756"}}],"output":[]}
{"resourceType":"Task","id":"T.Broad-Heart-Seidman-WES-Sa-SEI-CH1772-CH1772","status":"accepted","intent":"unknown","input":[{"type":{"coding":[{"code":"Specimen"}]},"valueReference":{"reference":"Specimen/Broad-Heart-Seidman-WES-Sa-SEI-CH1772-CH1772"}}],"output":[]}
{"resourceType":"Task","id":"T.Broad-Heart-Seidman-WES-Sa-SEI-CH1774-CH1774","status":"accepted","intent":"unknown","input":[{"type":{"coding":[{"code":"Specimen"}]},"valueReference":{"reference":"Specimen/Broad-Heart-Seidman-WES-Sa-SEI-CH1774-CH1774"}}],"output":[]}
{"resourceType":"Task","id":"T.Broad-Heart-Seidman-WES-Sa-SEI-CH2056-CH2056","status":"accepted","intent":"unknown","input":[{"type":{"coding":[{"code":"Specimen"}]},"valueReference":{"reference":"Specimen/Broad-Heart-Seidman-WES-Sa-SEI-CH2056-CH2056"}}],"output":[]}
{"resourceType":"Task","id":"T.Broad-Heart-Seidman-WES-Sa-SEI-CH4040-CH4040","status":"accepted","intent":"unknown","input":[{"type":{"coding":[{"code":"Specimen"}]},"valueReference":{"reference":"Specimen/Broad-Heart-Seidman-WES-Sa-SEI-CH4040-CH4040"}}],"output":[]}
{"resourceType":"Task","id":"T.Broad-Heart-Seidman-WES-Sa-SEI-CH502-CH502","status":"accepted","intent":"unknown","input":[{"type":{"coding":[{"code":"Specimen"}]},"valueReference":{"reference":"Specimen/Broad-Heart-Seidman-WES-Sa-SEI-CH502-CH502"}}],"output":[]}
{"resourceType":"Task","id":"T.Broad-Heart-Seidman-WES-Sa-SEI-CH552-CH552","status":"accepted","intent":"unknown","input":[{"type":{"coding":[{"code":"Specimen"}]},"valueReference":{"reference":"Specimen/Broad-Heart-Seidman-WES-Sa-SEI-CH552-CH552"}}],"output":[]}
{"resourceType":"Task","id":"T.Broad-Heart-Seidman-WES-Sa-SEI-CH573-CH573","status":"accepted","intent":"unknown","input":[{"type":{"coding":[{"code":"Specimen"}]},"valueReference":{"reference":"Specimen/Broad-Heart-Seidman-WES-Sa-SEI-CH573-CH573"}}],"output":[]}
{"resourceType":"Task","id":"T.Broad-Heart-Seidman-WES-Sa-SEI-CH575-CH575","status":"accepted","intent":"unknown","input":[{"type":{"coding":[{"code":"Specimen"}]},"valueReference":{"reference":"Specimen/Broad-Heart-Seidman-WES-Sa-SEI-CH575-CH575"}}],"output":[]}
{"resourceType":"Task","id":"T.Broad-Heart-Seidman-WES-Sa-SEI-CH578-CH578","status":"accepted","intent":"unknown","input":[{"type":{"coding":[{"code":"Specimen"}]},"valueReference":{"reference":"Specimen/Broad-Heart-Seidman-WES-Sa-SEI-CH578-CH578"}}],"output":[]}
{"resourceType":"Task","id":"T.Broad-Heart-Seidman-WES-Sa-SEI-CH582-CH582","status":"accepted","intent":"unknown","input":[{"type":{"coding":[{"code":"Specimen"}]},"valueReference":{"reference":"Specimen/Broad-Heart-Seidman-WES-Sa-SEI-CH582-CH582"}}],"output":[]}
{"resourceType":"Task","id":"T.Broad-Heart-Seidman-WES-Sa-SEI-CH584-CH584","status":"accepted","intent":"unknown","input":[{"type":{"coding":[{"code":"Specimen"}]},"valueReference":{"reference":"Specimen/Broad-Heart-Seidman-WES-Sa-SEI-CH584-CH584"}}],"output":[]}
{"resourceType":"Task","id":"T.Broad-Heart-Seidman-WES-Sa-SEI-CH595-CH595","status":"accepted","intent":"unknown","input":[{"type":{"coding":[{"code":"Specimen"}]},"valueReference":{"reference":"Specimen/Broad-Heart-Seidman-WES-Sa-SEI-CH595-CH595"}}],"output":[]}
{"resourceType":"Task","id":"T.Broad-Heart-Seidman-WES-Sa-SEI-CH597-CH597","status":"accepted","intent":"unknown","input":[{"type":{"coding":[{"code":"Specimen"}]},"valueReference":{"reference":"Specimen/Broad-Heart-Seidman-WES-Sa-SEI-CH597-CH597"}}],"output":[]}
{"resourceType":"Task","id":"T.Broad-Heart-Seidman-WES-Sa-SEI-CH598-CH598","status":"accepted","intent":"unknown","input":[{"type":{"coding":[{"code":"Specimen"}]},"valueReference":{"reference":"Specimen/Broad-Heart-Seidman-WES-Sa-SEI-CH598-CH598"}}],"output":[]}
{"resourceType":"Task","id":"T.Broad-Heart-Seidman-WES-Sa-SEI-CH600-CH600","status":"accepted","intent":"unknown","input":[{"type":{"coding":[{"code":"Specimen"}]},"valueReference":{"reference":"Specimen/Broad-Heart-Seidman-WES-Sa-SEI-CH600-CH600"}}],"output":[]}
{"resourceType":"Task","id":"T.Broad-Heart-Seidman-WES-Sa-SEI-CH690-CH690","status":"accepted","intent":"unknown","input":[{"type":{"coding":[{"code":"Specimen"}]},"valueReference":{"reference":"Specimen/Broad-Heart-Seidman-WES-Sa-SEI-CH690-CH690"}}],"output":[]}
{"resourceType":"Task","id":"T.Broad-Heart-Seidman-WES-Sa-SEI-CH698-CH698","status":"accepted","intent":"unknown","input":[{"type":{"coding":[{"code":"Specimen"}]},"valueReference":{"reference":"Specimen/Broad-Heart-Seidman-WES-Sa-SEI-CH698-CH698"}}],"output":[]}
{"resourceType":"Task","id":"T.Broad-Heart-Seidman-WES-Sa-SEI-CH708-CH708","status":"accepted","intent":"unknown","input":[{"type":{"coding":[{"code":"Specimen"}]},"valueReference":{"reference":"Specimen/Broad-Heart-Seidman-WES-Sa-SEI-CH708-CH708"}}],"output":[]}
{"resourceType":"Task","id":"T.Broad-Heart-Seidman-WES-Sa-SEI-CH712-CH712","status":"accepted","intent":"unknown","input":[{"type":{"coding":[{"code":"Specimen"}]},"valueReference":{"reference":"Specimen/Broad-Heart-Seidman-WES-Sa-SEI-CH712-CH712"}}],"output":[]}
{"resourceType":"Task","id":"T.Broad-Heart-Seidman-WES-Sa-SEI-CH714-CH714","status":"accepted","intent":"unknown","input":[{"type":{"coding":[{"code":"Specimen"}]},"valueReference":{"reference":"Specimen/Broad-Heart-Seidman-WES-Sa-SEI-CH714-CH714"}}],"output":[]}
{"resourceType":"Task","id":"T.Broad-Heart-Seidman-WES-Sa-SEI-CH730-CH730","status":"accepted","intent":"unknown","input":[{"type":{"coding":[{"code":"Specimen"}]},"valueReference":{"reference":"Specimen/Broad-Heart-Seidman-WES-Sa-SEI-CH730-CH730"}}],"output":[]}
{"resourceType":"Task","id":"T.Broad-Heart-Seidman-WES-Sa-SEI-CH736-CH736","status":"accepted","intent":"unknown","input":[{"type":{"coding":[{"code":"Specimen"}]},"valueReference":{"reference":"Specimen/Broad-Heart-Seidman-WES-Sa-SEI-CH736-CH736"}}],"output":[]}
{"resourceType":"Task","id":"T.Broad-Heart-Seidman-WES-Sa-SEI-CH742-CH742","status":"accepted","intent":"unknown","input":[{"type":{"coding":[{"code":"Specimen"}]},"valueReference":{"reference":"Specimen/Broad-Heart-Seidman-WES-Sa-SEI-CH742-CH742"}}],"output":[]}
{"resourceType":"Task","id":"T.Broad-Heart-Seidman-WES-Sa-SEI-CH766-CH766","status":"accepted","intent":"unknown","input":[{"type":{"coding":[{"code":"Specimen"}]},"valueReference":{"reference":"Specimen/Broad-Heart-Seidman-WES-Sa-SEI-CH766-CH766"}}],"output":[]}
{"resourceType":"Task","id":"T.Broad-Heart-Seidman-WES-Sa-SEI-CH770-CH770","status":"accepted","intent":"unknown","input":[{"type":{"coding":[{"code":"Specimen"}]},"valueReference":{"reference":"Specimen/Broad-Heart-Seidman-WES-Sa-SEI-CH770-CH770"}}],"output":[]}
{"resourceType":"Task","id":"T.Broad-Heart-Seidman-WES-Sa-SEI-CH800-CH800","status":"accepted","intent":"unknown","input":[{"type":{"coding":[{"code":"Specimen"}]},"valueReference":{"reference":"Specimen/Broad-Heart-Seidman-WES-Sa-SEI-CH800-CH800"}}],"output":[]}
{"resourceType":"Task","id":"T.Broad-Heart-Seidman-WES-Sa-SEI-CH878-CH878","status":"accepted","intent":"unknown","input":[{"type":{"coding":[{"code":"Specimen"}]},"valueReference":{"reference":"Specimen/Broad-Heart-Seidman-WES-Sa-SEI-CH878-CH878"}}],"output":[]}
{"resourceType":"Task","id":"T.Broad-Heart-Seidman-WES-Sa-SEI-CH928-CH928","status":"accepted","intent":"unknown","input":[{"type":{"coding":[{"code":"Specimen"}]},"valueReference":{"reference":"Specimen/Broad-Heart-Seidman-WES-Sa-SEI-CH928-CH928"}}],"output":[]}
{"resourceType":"Task","id":"T.Broad-Heart-Seidman-WES-Sa-SEI-CH940-CH940","status":"accepted","intent":"unknown","input":[{"type":{"coding":[{"code":"Specimen"}]},"valueReference":{"reference":"Specimen/Broad-Heart-Seidman-WES-Sa-SEI-CH940-CH940"}}],"output":[]}
{"resourceType":"Task","id":"T.Broad-Heart-Seidman-WES-Sa-SEI-CH942-CH942","status":"accepted","intent":"unknown","input":[{"type":{"coding":[{"code":"Specimen"}]},"valueReference":{"reference":"Specimen/Broad-Heart-Seidman-WES-Sa-SEI-CH942-CH942"}}],"output":[]}
{"resourceType":"Task","id":"T.Broad-Heart-Seidman-WES-Sa-SEI-CH960-CH960","status":"accepted","intent":"unknown","input":[{"type":{"coding":[{"code":"Specimen"}]},"valueReference":{"reference":"Specimen/Broad-Heart-Seidman-WES-Sa-SEI-CH960-CH960"}}],"output":[]}
{"resourceType":"Task","id":"T.Broad-Heart-Seidman-WES-Sa-SEI-CH974-CH974","status":"accepted","intent":"unknown","input":[{"type":{"coding":[{"code":"Specimen"}]},"valueReference":{"reference":"Specimen/Broad-Heart-Seidman-WES-Sa-SEI-CH974-CH974"}}],"output":[]}
{"resourceType":"Task","id":"T.Broad-Heart-Seidman-WES-Sa-SEI-OK-OK2","status":"accepted","intent":"unknown","input":[{"type":{"coding":[{"code":"Specimen"}]},"valueReference":{"reference":"Specimen/Broad-Heart-Seidman-WES-Sa-SEI-OK-OK2"}}],"output":[]}
{"resourceType":"Task","id":"T.Broad-Heart-Seidman-WES-Sa-SEI-PKCMC-PKCMC-10","status":"accepted","intent":"unknown","input":[{"type":{"coding":[{"code":"Specimen"}]},"valueReference":{"reference":"Specimen/Broad-Heart-Seidman-WES-Sa-SEI-PKCMC-PKCMC-10"}}],"output":[]}
{"resourceType":"Task","id":"T.Broad-Heart-Seidman-WES-Sa-SEI-PKCMC-PKCMC-11","status":"accepted","intent":"unknown","input":[{"type":{"coding":[{"code":"Specimen"}]},"valueReference":{"reference":"Specimen/Broad-Heart-Seidman-WES-Sa-SEI-PKCMC-PKCMC-11"}}],"output":[]}
{"resourceType":"Task","id":"T.Broad-Heart-Seidman-WES-Sa-SEI-PKCMC-PKCMC-12","status":"accepted","intent":"unknown","input":[{"type":{"coding":[{"code":"Specimen"}]},"valueReference":{"reference":"Specimen/Broad-Heart-Seidman-WES-Sa-SEI-PKCMC-PKCMC-12"}}],"output":[]}
{"resourceType":"Task","id":"T.Broad-Heart-Seidman-WES-Sa-SEI-PKCMC-PKCMC1","status":"accepted","intent":"unknown","input":[{"type":{"coding":[{"code":"Specimen"}]},"valueReference":{"reference":"Specimen/Broad-Heart-Seidman-WES-Sa-SEI-PKCMC-PKCMC1"}}],"output":[]}
{"resourceType":"Task","id":"T.Broad-Heart-Seidman-WES-Sa-SEI-PKCMD-PKCMD-10","status":"accepted","intent":"unknown","input":[{"type":{"coding":[{"code":"Specimen"}]},"valueReference":{"reference":"Specimen/Broad-Heart-Seidman-WES-Sa-SEI-PKCMD-PKCMD-10"}}],"output":[]}
{"resourceType":"Task","id":"T.Broad-Heart-Seidman-WES-Sa-SEI-PKCMD-PKCMD-11","status":"accepted","intent":"unknown","input":[{"type":{"coding":[{"code":"Specimen"}]},"valueReference":{"reference":"Specimen/Broad-Heart-Seidman-WES-Sa-SEI-PKCMD-PKCMD-11"}}],"output":[]}
{"resourceType":"Task","id":"T.Broad-Heart-Seidman-WES-Sa-SEI-PKCMD-PKCMD-12","status":"accepted","intent":"unknown","input":[{"type":{"coding":[{"code":"Specimen"}]},"valueReference":{"reference":"Specimen/Broad-Heart-Seidman-WES-Sa-SEI-PKCMD-PKCMD-12"}}],"output":[]}
{"resourceType":"Task","id":"T.Broad-Heart-Seidman-WES-Sa-SEI-PKCMD-PKCMD1","status":"accepted","intent":"unknown","input":[{"type":{"coding":[{"code":"Specimen"}]},"valueReference":{"reference":"Specimen/Broad-Heart-Seidman-WES-Sa-SEI-PKCMD-PKCMD1"}}],"output":[]}
{"resourceType":"Task","id":"T.Broad-Heart-Seidman-WES-Sa-SEI-PKCME-PKCME-10","status":"accepted","intent":"unknown","input":[{"type":{"coding":[{"code":"Specimen"}]},"valueReference":{"reference":"Specimen/Broad-Heart-Seidman-WES-Sa-SEI-PKCME-PKCME-10"}}],"output":[]}
{"resourceType":"Task","id":"T.Broad-Heart-Seidman-WES-Sa-SEI-PKCME-PKCME-11","status":"accepted","intent":"unknown","input":[{"type":{"coding":[{"code":"Specimen"}]},"valueReference":{"reference":"Specimen/Broad-Heart-Seidman-WES-Sa-SEI-PKCME-PKCME-11"}}],"output":[]}
{"resourceType":"Task","id":"T.Broad-Heart-Seidman-WES-Sa-SEI-PKCME-PKCME1","status":"accepted","intent":"unknown","input":[{"type":{"coding":[{"code":"Specimen"}]},"valueReference":{"reference":"Specimen/Broad-Heart-Seidman-WES-Sa-SEI-PKCME-PKCME1"}}],"output":[]}
{"resourceType":"Task","id":"T.Broad-Heart-Seidman-WES-Sa-SEI-PZ-PZ1","status":"accepted","intent":"unknown","input":[{"type":{"coding":[{"code":"Specimen"}]},"valueReference":{"reference":"Specimen/Broad-Heart-Seidman-WES-Sa-SEI-PZ-PZ1"}}],"output":[]}
{"resourceType":"Task","id":"T.Broad-Heart-Seidman-WES-Sa-SEI-PZ-PZ12","status":"accepted","intent":"unknown","input":[{"type":{"coding":[{"code":"Specimen"}]},"valueReference":{"reference":"Specimen/Broad-Heart-Seidman-WES-Sa-SEI-PZ-PZ12"}}],"output":[]}
{"resourceType":"Task","id":"T.Broad-Heart-Seidman-WES-Sa-SEI-SS-871","status":"accepted","intent":"unknown","input":[{"type":{"coding":[{"code":"Specimen"}]},"valueReference":{"reference":"Specimen/Broad-Heart-Seidman-WES-Sa-SEI-SS-871"}}],"output":[]}
{"resourceType":"Task","id":"T.Broad-Heart-Seidman-WES-Sa-SEI-SS813-SS813","status":"accepted","intent":"unknown","input":[{"type":{"coding":[{"code":"Specimen"}]},"valueReference":{"reference":"Specimen/Broad-Heart-Seidman-WES-Sa-SEI-SS813-SS813"}}],"output":[]}
{"resourceType":"Task","id":"T.Broad-Heart-Seidman-WES-Sa-SEI-SS860-S860","status":"accepted","intent":"unknown","input":[{"type":{"coding":[{"code":"Specimen"}]},"valueReference":{"reference":"Specimen/Broad-Heart-Seidman-WES-Sa-SEI-SS860-S860"}}],"output":[]}
{"resourceType":"Task","id":"T.Broad-Heart-Seidman-WES-Sa-SEI-SS860-SS860A","status":"accepted","intent":"unknown","input":[{"type":{"coding":[{"code":"Specimen"}]},"valueReference":{"reference":"Specimen/Broad-Heart-Seidman-WES-Sa-SEI-SS860-SS860A"}}],"output":[]}
{"resourceType":"Task","id":"T.Broad-Heart-Seidman-WES-Sa-SEI-SS860-SS860B","status":"accepted","intent":"unknown","input":[{"type":{"coding":[{"code":"Specimen"}]},"valueReference":{"reference":"Specimen/Broad-Heart-Seidman-WES-Sa-SEI-SS860-SS860B"}}],"output":[]}
{"resourceType":"Task","id":"T.Broad-Heart-Seidman-WES-Sa-SEI-SS860-SS860C","status":"accepted","intent":"unknown","input":[{"type":{"coding":[{"code":"Specimen"}]},"valueReference":{"reference":"Specimen/Broad-Heart-Seidman-WES-Sa-SEI-SS860-SS860C"}}],"output":[]}
