{"resourceType":"ResearchSubject","id":"P.AnVIL-CMG-Broad-Orphan-Manton-WGS-Su-MAN-0049-01-1","meta":{"profile":["http://hl7.org/fhir/StructureDefinition/ResearchSubject"]},"identifier":[{"system":"https://anvil.terra.bio/#workspaces/anvil-datastorage/AnVIL_CMG_Broad_Orphan_Manton_WGS","value":"AnVIL_CMG_Broad_Orphan_Manton_WGS/Su/MAN_0049_01_1"},{"system":"urn:ncpi:unique-string","value":"P.AnVIL-CMG-Broad-Orphan-Manton-WGS-Su-MAN-0049-01-1"}],"status":"off-study","study":{"reference":"ResearchStudy/AnVIL-CMG-Broad-Orphan-Manton-WGS"},"individual":{"reference":"Patient/P.AnVIL-CMG-Broad-Orphan-Manton-WGS-Su-MAN-0049-01-1"}}
{"resourceType":"ResearchSubject","id":"P.AnVIL-CMG-Broad-Orphan-Manton-WGS-Su-MAN-0049-02-1","meta":{"profile":["http://hl7.org/fhir/StructureDefinition/ResearchSubject"]},"identifier":[{"system":"https://anvil.terra.bio/#workspaces/anvil-datastorage/AnVIL_CMG_Broad_Orphan_Manton_WGS","value":"AnVIL_CMG_Broad_Orphan_Manton_WGS/Su/MAN_0049_02_1"},{"system":"urn:ncpi:unique-string","value":"P.AnVIL-CMG-Broad-Orphan-Manton-WGS-Su-MAN-0049-02-1"}],"status":"off-study","study":{"reference":"ResearchStudy/AnVIL-CMG-Broad-Orphan-Manton-WGS"},"individual":{"reference":"Patient/P.AnVIL-CMG-Broad-Orphan-Manton-WGS-Su-MAN-0049-02-1"}}
{"resourceType":"ResearchSubject","id":"P.AnVIL-CMG-Broad-Orphan-Manton-WGS-Su-MAN-0049-03-1","meta":{"profile":["http://hl7.org/fhir/StructureDefinition/ResearchSubject"]},"identifier":[{"system":"https://anvil.terra.bio/#workspaces/anvil-datastorage/AnVIL_CMG_Broad_Orphan_Manton_WGS","value":"AnVIL_CMG_Broad_Orphan_Manton_WGS/Su/MAN_0049_03_1"},{"system":"urn:ncpi:unique-string","value":"P.AnVIL-CMG-Broad-Orphan-Manton-WGS-Su-MAN-0049-03-1"}],"status":"off-study","study":{"reference":"ResearchStudy/AnVIL-CMG-Broad-Orphan-Manton-WGS"},"individual":{"reference":"Patient/P.AnVIL-CMG-Broad-Orphan-Manton-WGS-Su-MAN-0049-03-1"}}
{"resourceType":"ResearchSubject","id":"P.AnVIL-CMG-Broad-Orphan-Manton-WGS-Su-MAN-0063-01-01","meta":{"profile":["http://hl7.org/fhir/StructureDefinition/ResearchSubject"]},"identifier":[{"system":"https://anvil.terra.bio/#workspaces/anvil-datastorage/AnVIL_CMG_Broad_Orphan_Manton_WGS","value":"AnVIL_CMG_Broad_Orphan_Manton_WGS/Su/MAN_0063_01_01"},{"system":"urn:ncpi:unique-string","value":"P.AnVIL-CMG-Broad-Orphan-Manton-WGS-Su-MAN-0063-01-01"}],"status":"off-study","study":{"reference":"ResearchStudy/AnVIL-CMG-Broad-Orphan-Manton-WGS"},"individual":{"reference":"Patient/P.AnVIL-CMG-Broad-Orphan-Manton-WGS-Su-MAN-0063-01-01"}}
{"resourceType":"ResearchSubject","id":"P.AnVIL-CMG-Broad-Orphan-Manton-WGS-Su-MAN-0306-01-1","meta":{"profile":["http://hl7.org/fhir/StructureDefinition/ResearchSubject"]},"identifier":[{"system":"https://anvil.terra.bio/#workspaces/anvil-datastorage/AnVIL_CMG_Broad_Orphan_Manton_WGS","value":"AnVIL_CMG_Broad_Orphan_Manton_WGS/Su/MAN_0306_01_1"},{"system":"urn:ncpi:unique-string","value":"P.AnVIL-CMG-Broad-Orphan-Manton-WGS-Su-MAN-0306-01-1"}],"status":"off-study","study":{"reference":"ResearchStudy/AnVIL-CMG-Broad-Orphan-Manton-WGS"},"individual":{"reference":"Patient/P.AnVIL-CMG-Broad-Orphan-Manton-WGS-Su-MAN-0306-01-1"}}
{"resourceType":"ResearchSubject","id":"P.AnVIL-CMG-Broad-Orphan-Manton-WGS-Su-MAN-0306-02-1","meta":{"profile":["http://hl7.org/fhir/StructureDefinition/ResearchSubject"]},"identifier":[{"system":"https://anvil.terra.bio/#workspaces/anvil-datastorage/AnVIL_CMG_Broad_Orphan_Manton_WGS","value":"AnVIL_CMG_Broad_Orphan_Manton_WGS/Su/MAN_0306_02_1"},{"system":"urn:ncpi:unique-string","value":"P.AnVIL-CMG-Broad-Orphan-Manton-WGS-Su-MAN-0306-02-1"}],"status":"off-study","study":{"reference":"ResearchStudy/AnVIL-CMG-Broad-Orphan-Manton-WGS"},"individual":{"reference":"Patient/P.AnVIL-CMG-Broad-Orphan-Manton-WGS-Su-MAN-0306-02-1"}}
{"resourceType":"ResearchSubject","id":"P.AnVIL-CMG-Broad-Orphan-Manton-WGS-Su-MAN-0306-03-1","meta":{"profile":["http://hl7.org/fhir/StructureDefinition/ResearchSubject"]},"identifier":[{"system":"https://anvil.terra.bio/#workspaces/anvil-datastorage/AnVIL_CMG_Broad_Orphan_Manton_WGS","value":"AnVIL_CMG_Broad_Orphan_Manton_WGS/Su/MAN_0306_03_1"},{"system":"urn:ncpi:unique-string","value":"P.AnVIL-CMG-Broad-Orphan-Manton-WGS-Su-MAN-0306-03-1"}],"status":"off-study","study":{"reference":"ResearchStudy/AnVIL-CMG-Broad-Orphan-Manton-WGS"},"individual":{"reference":"Patient/P.AnVIL-CMG-Broad-Orphan-Manton-WGS-Su-MAN-0306-03-1"}}
{"resourceType":"ResearchSubject","id":"P.AnVIL-CMG-Broad-Orphan-Manton-WGS-Su-MAN-0510-01-1","meta":{"profile":["http://hl7.org/fhir/StructureDefinition/ResearchSubject"]},"identifier":[{"system":"https://anvil.terra.bio/#workspaces/anvil-datastorage/AnVIL_CMG_Broad_Orphan_Manton_WGS","value":"AnVIL_CMG_Broad_Orphan_Manton_WGS/Su/MAN_0510_01_1"},{"system":"urn:ncpi:unique-string","value":"P.AnVIL-CMG-Broad-Orphan-Manton-WGS-Su-MAN-0510-01-1"}],"status":"off-study","study":{"reference":"ResearchStudy/AnVIL-CMG-Broad-Orphan-Manton-WGS"},"individual":{"reference":"Patient/P.AnVIL-CMG-Broad-Orphan-Manton-WGS-Su-MAN-0510-01-1"}}
{"resourceType":"ResearchSubject","id":"P.AnVIL-CMG-Broad-Orphan-Manton-WGS-Su-MAN-0510-02-1","meta":{"profile":["http://hl7.org/fhir/StructureDefinition/ResearchSubject"]},"identifier":[{"system":"https://anvil.terra.bio/#workspaces/anvil-datastorage/AnVIL_CMG_Broad_Orphan_Manton_WGS","value":"AnVIL_CMG_Broad_Orphan_Manton_WGS/Su/MAN_0510_02_1"},{"system":"urn:ncpi:unique-string","value":"P.AnVIL-CMG-Broad-Orphan-Manton-WGS-Su-MAN-0510-02-1"}],"status":"off-study","study":{"reference":"ResearchStudy/AnVIL-CMG-Broad-Orphan-Manton-WGS"},"individual":{"reference":"Patient/P.AnVIL-CMG-Broad-Orphan-Manton-WGS-Su-MAN-0510-02-1"}}
{"resourceType":"ResearchSubject","id":"P.AnVIL-CMG-Broad-Orphan-Manton-WGS-Su-MAN-0510-03-1","meta":{"profile":["http://hl7.org/fhir/StructureDefinition/ResearchSubject"]},"identifier":[{"system":"https://anvil.terra.bio/#workspaces/anvil-datastorage/AnVIL_CMG_Broad_Orphan_Manton_WGS","value":"AnVIL_CMG_Broad_Orphan_Manton_WGS/Su/MAN_0510_03_1"},{"system":"urn:ncpi:unique-string","value":"P.AnVIL-CMG-Broad-Orphan-Manton-WGS-Su-MAN-0510-03-1"}],"status":"off-study","study":{"reference":"ResearchStudy/AnVIL-CMG-Broad-Orphan-Manton-WGS"},"individual":{"reference":"Patient/P.AnVIL-CMG-Broad-Orphan-Manton-WGS-Su-MAN-0510-03-1"}}
{"resourceType":"ResearchSubject","id":"P.AnVIL-CMG-Broad-Orphan-Manton-WGS-Su-MAN-0678-01-01","meta":{"profile":["http://hl7.org/fhir/StructureDefinition/ResearchSubject"]},"identifier":[{"system":"https://anvil.terra.bio/#workspaces/anvil-datastorage/AnVIL_CMG_Broad_Orphan_Manton_WGS","value":"AnVIL_CMG_Broad_Orphan_Manton_WGS/Su/MAN_0678_01_01"},{"system":"urn:ncpi:unique-string","value":"P.AnVIL-CMG-Broad-Orphan-Manton-WGS-Su-MAN-0678-01-01"}],"status":"off-study","study":{"reference":"ResearchStudy/AnVIL-CMG-Broad-Orphan-Manton-WGS"},"individual":{"reference":"Patient/P.AnVIL-CMG-Broad-Orphan-Manton-WGS-Su-MAN-0678-01-01"}}
{"resourceType":"ResearchSubject","id":"P.AnVIL-CMG-Broad-Orphan-Manton-WGS-Su-MAN-0678-02-01","meta":{"profile":["http://hl7.org/fhir/StructureDefinition/ResearchSubject"]},"identifier":[{"system":"https://anvil.terra.bio/#workspaces/anvil-datastorage/AnVIL_CMG_Broad_Orphan_Manton_WGS","value":"AnVIL_CMG_Broad_Orphan_Manton_WGS/Su/MAN_0678_02_01"},{"system":"urn:ncpi:unique-string","value":"P.AnVIL-CMG-Broad-Orphan-Manton-WGS-Su-MAN-0678-02-01"}],"status":"off-study","study":{"reference":"ResearchStudy/AnVIL-CMG-Broad-Orphan-Manton-WGS"},"individual":{"reference":"Patient/P.AnVIL-CMG-Broad-Orphan-Manton-WGS-Su-MAN-0678-02-01"}}
{"resourceType":"ResearchSubject","id":"P.AnVIL-CMG-Broad-Orphan-Manton-WGS-Su-MAN-0678-03-01","meta":{"profile":["http://hl7.org/fhir/StructureDefinition/ResearchSubject"]},"identifier":[{"system":"https://anvil.terra.bio/#workspaces/anvil-datastorage/AnVIL_CMG_Broad_Orphan_Manton_WGS","value":"AnVIL_CMG_Broad_Orphan_Manton_WGS/Su/MAN_0678_03_01"},{"system":"urn:ncpi:unique-string","value":"P.AnVIL-CMG-Broad-Orphan-Manton-WGS-Su-MAN-0678-03-01"}],"status":"off-study","study":{"reference":"ResearchStudy/AnVIL-CMG-Broad-Orphan-Manton-WGS"},"individual":{"reference":"Patient/P.AnVIL-CMG-Broad-Orphan-Manton-WGS-Su-MAN-0678-03-01"}}
{"resourceType":"ResearchSubject","id":"P.AnVIL-CMG-Broad-Orphan-Manton-WGS-Su-MAN-0678-04-01","meta":{"profile":["http://hl7.org/fhir/StructureDefinition/ResearchSubject"]},"identifier":[{"system":"https://anvil.terra.bio/#workspaces/anvil-datastorage/AnVIL_CMG_Broad_Orphan_Manton_WGS","value":"AnVIL_CMG_Broad_Orphan_Manton_WGS/Su/MAN_0678_04_01"},{"system":"urn:ncpi:unique-string","value":"P.AnVIL-CMG-Broad-Orphan-Manton-WGS-Su-MAN-0678-04-01"}],"status":"off-study","study":{"reference":"ResearchStudy/AnVIL-CMG-Broad-Orphan-Manton-WGS"},"individual":{"reference":"Patient/P.AnVIL-CMG-Broad-Orphan-Manton-WGS-Su-MAN-0678-04-01"}}
{"resourceType":"ResearchSubject","id":"P.AnVIL-CMG-Broad-Orphan-Manton-WGS-Su-MAN-0694-01-1","meta":{"profile":["http://hl7.org/fhir/StructureDefinition/ResearchSubject"]},"identifier":[{"system":"https://anvil.terra.bio/#workspaces/anvil-datastorage/AnVIL_CMG_Broad_Orphan_Manton_WGS","value":"AnVIL_CMG_Broad_Orphan_Manton_WGS/Su/MAN_0694_01_1"},{"system":"urn:ncpi:unique-string","value":"P.AnVIL-CMG-Broad-Orphan-Manton-WGS-Su-MAN-0694-01-1"}],"status":"off-study","study":{"reference":"ResearchStudy/AnVIL-CMG-Broad-Orphan-Manton-WGS"},"individual":{"reference":"Patient/P.AnVIL-CMG-Broad-Orphan-Manton-WGS-Su-MAN-0694-01-1"}}
{"resourceType":"ResearchSubject","id":"P.AnVIL-CMG-Broad-Orphan-Manton-WGS-Su-MAN-0694-02-1","meta":{"profile":["http://hl7.org/fhir/StructureDefinition/ResearchSubject"]},"identifier":[{"system":"https://anvil.terra.bio/#workspaces/anvil-datastorage/AnVIL_CMG_Broad_Orphan_Manton_WGS","value":"AnVIL_CMG_Broad_Orphan_Manton_WGS/Su/MAN_0694_02_1"},{"system":"urn:ncpi:unique-string","value":"P.AnVIL-CMG-Broad-Orphan-Manton-WGS-Su-MAN-0694-02-1"}],"status":"off-study","study":{"reference":"ResearchStudy/AnVIL-CMG-Broad-Orphan-Manton-WGS"},"individual":{"reference":"Patient/P.AnVIL-CMG-Broad-Orphan-Manton-WGS-Su-MAN-0694-02-1"}}
{"resourceType":"ResearchSubject","id":"P.AnVIL-CMG-Broad-Orphan-Manton-WGS-Su-MAN-0694-03-1","meta":{"profile":["http://hl7.org/fhir/StructureDefinition/ResearchSubject"]},"identifier":[{"system":"https://anvil.terra.bio/#workspaces/anvil-datastorage/AnVIL_CMG_Broad_Orphan_Manton_WGS","value":"AnVIL_CMG_Broad_Orphan_Manton_WGS/Su/MAN_0694_03_1"},{"system":"urn:ncpi:unique-string","value":"P.AnVIL-CMG-Broad-Orphan-Manton-WGS-Su-MAN-0694-03-1"}],"status":"off-study","study":{"reference":"ResearchStudy/AnVIL-CMG-Broad-Orphan-Manton-WGS"},"individual":{"reference":"Patient/P.AnVIL-CMG-Broad-Orphan-Manton-WGS-Su-MAN-0694-03-1"}}
{"resourceType":"ResearchSubject","id":"P.AnVIL-CMG-Broad-Orphan-Manton-WGS-Su-MAN-0753-01-1","meta":{"profile":["http://hl7.org/fhir/StructureDefinition/ResearchSubject"]},"identifier":[{"system":"https://anvil.terra.bio/#workspaces/anvil-datastorage/AnVIL_CMG_Broad_Orphan_Manton_WGS","value":"AnVIL_CMG_Broad_Orphan_Manton_WGS/Su/MAN_0753_01_1"},{"system":"urn:ncpi:unique-string","value":"P.AnVIL-CMG-Broad-Orphan-Manton-WGS-Su-MAN-0753-01-1"}],"status":"off-study","study":{"reference":"ResearchStudy/AnVIL-CMG-Broad-Orphan-Manton-WGS"},"individual":{"reference":"Patient/P.AnVIL-CMG-Broad-Orphan-Manton-WGS-Su-MAN-0753-01-1"}}
{"resourceType":"ResearchSubject","id":"P.AnVIL-CMG-Broad-Orphan-Manton-WGS-Su-MAN-0753-02-1","meta":{"profile":["http://hl7.org/fhir/StructureDefinition/ResearchSubject"]},"identifier":[{"system":"https://anvil.terra.bio/#workspaces/anvil-datastorage/AnVIL_CMG_Broad_Orphan_Manton_WGS","value":"AnVIL_CMG_Broad_Orphan_Manton_WGS/Su/MAN_0753_02_1"},{"system":"urn:ncpi:unique-string","value":"P.AnVIL-CMG-Broad-Orphan-Manton-WGS-Su-MAN-0753-02-1"}],"status":"off-study","study":{"reference":"ResearchStudy/AnVIL-CMG-Broad-Orphan-Manton-WGS"},"individual":{"reference":"Patient/P.AnVIL-CMG-Broad-Orphan-Manton-WGS-Su-MAN-0753-02-1"}}
{"resourceType":"ResearchSubject","id":"P.AnVIL-CMG-Broad-Orphan-Manton-WGS-Su-MAN-0753-03-1","meta":{"profile":["http://hl7.org/fhir/StructureDefinition/ResearchSubject"]},"identifier":[{"system":"https://anvil.terra.bio/#workspaces/anvil-datastorage/AnVIL_CMG_Broad_Orphan_Manton_WGS","value":"AnVIL_CMG_Broad_Orphan_Manton_WGS/Su/MAN_0753_03_1"},{"system":"urn:ncpi:unique-string","value":"P.AnVIL-CMG-Broad-Orphan-Manton-WGS-Su-MAN-0753-03-1"}],"status":"off-study","study":{"reference":"ResearchStudy/AnVIL-CMG-Broad-Orphan-Manton-WGS"},"individual":{"reference":"Patient/P.AnVIL-CMG-Broad-Orphan-Manton-WGS-Su-MAN-0753-03-1"}}
{"resourceType":"ResearchSubject","id":"P.AnVIL-CMG-Broad-Orphan-Manton-WGS-Su-MAN-0827-01-1","meta":{"profile":["http://hl7.org/fhir/StructureDefinition/ResearchSubject"]},"identifier":[{"system":"https://anvil.terra.bio/#workspaces/anvil-datastorage/AnVIL_CMG_Broad_Orphan_Manton_WGS","value":"AnVIL_CMG_Broad_Orphan_Manton_WGS/Su/MAN_0827_01_1"},{"system":"urn:ncpi:unique-string","value":"P.AnVIL-CMG-Broad-Orphan-Manton-WGS-Su-MAN-0827-01-1"}],"status":"off-study","study":{"reference":"ResearchStudy/AnVIL-CMG-Broad-Orphan-Manton-WGS"},"individual":{"reference":"Patient/P.AnVIL-CMG-Broad-Orphan-Manton-WGS-Su-MAN-0827-01-1"}}
{"resourceType":"ResearchSubject","id":"P.AnVIL-CMG-Broad-Orphan-Manton-WGS-Su-MAN-0827-02-1","meta":{"profile":["http://hl7.org/fhir/StructureDefinition/ResearchSubject"]},"identifier":[{"system":"https://anvil.terra.bio/#workspaces/anvil-datastorage/AnVIL_CMG_Broad_Orphan_Manton_WGS","value":"AnVIL_CMG_Broad_Orphan_Manton_WGS/Su/MAN_0827_02_1"},{"system":"urn:ncpi:unique-string","value":"P.AnVIL-CMG-Broad-Orphan-Manton-WGS-Su-MAN-0827-02-1"}],"status":"off-study","study":{"reference":"ResearchStudy/AnVIL-CMG-Broad-Orphan-Manton-WGS"},"individual":{"reference":"Patient/P.AnVIL-CMG-Broad-Orphan-Manton-WGS-Su-MAN-0827-02-1"}}
{"resourceType":"ResearchSubject","id":"P.AnVIL-CMG-Broad-Orphan-Manton-WGS-Su-MAN-0827-03-1","meta":{"profile":["http://hl7.org/fhir/StructureDefinition/ResearchSubject"]},"identifier":[{"system":"https://anvil.terra.bio/#workspaces/anvil-datastorage/AnVIL_CMG_Broad_Orphan_Manton_WGS","value":"AnVIL_CMG_Broad_Orphan_Manton_WGS/Su/MAN_0827_03_1"},{"system":"urn:ncpi:unique-string","value":"P.AnVIL-CMG-Broad-Orphan-Manton-WGS-Su-MAN-0827-03-1"}],"status":"off-study","study":{"reference":"ResearchStudy/AnVIL-CMG-Broad-Orphan-Manton-WGS"},"individual":{"reference":"Patient/P.AnVIL-CMG-Broad-Orphan-Manton-WGS-Su-MAN-0827-03-1"}}
{"resourceType":"ResearchSubject","id":"P.AnVIL-CMG-Broad-Orphan-Manton-WGS-Su-MAN-0916-01-01","meta":{"profile":["http://hl7.org/fhir/StructureDefinition/ResearchSubject"]},"identifier":[{"system":"https://anvil.terra.bio/#workspaces/anvil-datastorage/AnVIL_CMG_Broad_Orphan_Manton_WGS","value":"AnVIL_CMG_Broad_Orphan_Manton_WGS/Su/MAN_0916_01_01"},{"system":"urn:ncpi:unique-string","value":"P.AnVIL-CMG-Broad-Orphan-Manton-WGS-Su-MAN-0916-01-01"}],"status":"off-study","study":{"reference":"ResearchStudy/AnVIL-CMG-Broad-Orphan-Manton-WGS"},"individual":{"reference":"Patient/P.AnVIL-CMG-Broad-Orphan-Manton-WGS-Su-MAN-0916-01-01"}}
{"resourceType":"ResearchSubject","id":"P.AnVIL-CMG-Broad-Orphan-Manton-WGS-Su-MAN-0916-02-01","meta":{"profile":["http://hl7.org/fhir/StructureDefinition/ResearchSubject"]},"identifier":[{"system":"https://anvil.terra.bio/#workspaces/anvil-datastorage/AnVIL_CMG_Broad_Orphan_Manton_WGS","value":"AnVIL_CMG_Broad_Orphan_Manton_WGS/Su/MAN_0916_02_01"},{"system":"urn:ncpi:unique-string","value":"P.AnVIL-CMG-Broad-Orphan-Manton-WGS-Su-MAN-0916-02-01"}],"status":"off-study","study":{"reference":"ResearchStudy/AnVIL-CMG-Broad-Orphan-Manton-WGS"},"individual":{"reference":"Patient/P.AnVIL-CMG-Broad-Orphan-Manton-WGS-Su-MAN-0916-02-01"}}
{"resourceType":"ResearchSubject","id":"P.AnVIL-CMG-Broad-Orphan-Manton-WGS-Su-MAN-0916-03-01","meta":{"profile":["http://hl7.org/fhir/StructureDefinition/ResearchSubject"]},"identifier":[{"system":"https://anvil.terra.bio/#workspaces/anvil-datastorage/AnVIL_CMG_Broad_Orphan_Manton_WGS","value":"AnVIL_CMG_Broad_Orphan_Manton_WGS/Su/MAN_0916_03_01"},{"system":"urn:ncpi:unique-string","value":"P.AnVIL-CMG-Broad-Orphan-Manton-WGS-Su-MAN-0916-03-01"}],"status":"off-study","study":{"reference":"ResearchStudy/AnVIL-CMG-Broad-Orphan-Manton-WGS"},"individual":{"reference":"Patient/P.AnVIL-CMG-Broad-Orphan-Manton-WGS-Su-MAN-0916-03-01"}}
{"resourceType":"ResearchSubject","id":"P.AnVIL-CMG-Broad-Orphan-Manton-WGS-Su-MAN-0935-01-1","meta":{"profile":["http://hl7.org/fhir/StructureDefinition/ResearchSubject"]},"identifier":[{"system":"https://anvil.terra.bio/#workspaces/anvil-datastorage/AnVIL_CMG_Broad_Orphan_Manton_WGS","value":"AnVIL_CMG_Broad_Orphan_Manton_WGS/Su/MAN_0935_01_1"},{"system":"urn:ncpi:unique-string","value":"P.AnVIL-CMG-Broad-Orphan-Manton-WGS-Su-MAN-0935-01-1"}],"status":"off-study","study":{"reference":"ResearchStudy/AnVIL-CMG-Broad-Orphan-Manton-WGS"},"individual":{"reference":"Patient/P.AnVIL-CMG-Broad-Orphan-Manton-WGS-Su-MAN-0935-01-1"}}
{"resourceType":"ResearchSubject","id":"P.AnVIL-CMG-Broad-Orphan-Manton-WGS-Su-MAN-0935-02-1","meta":{"profile":["http://hl7.org/fhir/StructureDefinition/ResearchSubject"]},"identifier":[{"system":"https://anvil.terra.bio/#workspaces/anvil-datastorage/AnVIL_CMG_Broad_Orphan_Manton_WGS","value":"AnVIL_CMG_Broad_Orphan_Manton_WGS/Su/MAN_0935_02_1"},{"system":"urn:ncpi:unique-string","value":"P.AnVIL-CMG-Broad-Orphan-Manton-WGS-Su-MAN-0935-02-1"}],"status":"off-study","study":{"reference":"ResearchStudy/AnVIL-CMG-Broad-Orphan-Manton-WGS"},"individual":{"reference":"Patient/P.AnVIL-CMG-Broad-Orphan-Manton-WGS-Su-MAN-0935-02-1"}}
{"resourceType":"ResearchSubject","id":"P.AnVIL-CMG-Broad-Orphan-Manton-WGS-Su-MAN-0935-03-1","meta":{"profile":["http://hl7.org/fhir/StructureDefinition/ResearchSubject"]},"identifier":[{"system":"https://anvil.terra.bio/#workspaces/anvil-datastorage/AnVIL_CMG_Broad_Orphan_Manton_WGS","value":"AnVIL_CMG_Broad_Orphan_Manton_WGS/Su/MAN_0935_03_1"},{"system":"urn:ncpi:unique-string","value":"P.AnVIL-CMG-Broad-Orphan-Manton-WGS-Su-MAN-0935-03-1"}],"status":"off-study","study":{"reference":"ResearchStudy/AnVIL-CMG-Broad-Orphan-Manton-WGS"},"individual":{"reference":"Patient/P.AnVIL-CMG-Broad-Orphan-Manton-WGS-Su-MAN-0935-03-1"}}
{"resourceType":"ResearchSubject","id":"P.AnVIL-CMG-Broad-Orphan-Manton-WGS-Su-MAN-0966-01-01","meta":{"profile":["http://hl7.org/fhir/StructureDefinition/ResearchSubject"]},"identifier":[{"system":"https://anvil.terra.bio/#workspaces/anvil-datastorage/AnVIL_CMG_Broad_Orphan_Manton_WGS","value":"AnVIL_CMG_Broad_Orphan_Manton_WGS/Su/MAN_0966_01_01"},{"system":"urn:ncpi:unique-string","value":"P.AnVIL-CMG-Broad-Orphan-Manton-WGS-Su-MAN-0966-01-01"}],"status":"off-study","study":{"reference":"ResearchStudy/AnVIL-CMG-Broad-Orphan-Manton-WGS"},"individual":{"reference":"Patient/P.AnVIL-CMG-Broad-Orphan-Manton-WGS-Su-MAN-0966-01-01"}}
{"resourceType":"ResearchSubject","id":"P.AnVIL-CMG-Broad-Orphan-Manton-WGS-Su-MAN-0966-02-01","meta":{"profile":["http://hl7.org/fhir/StructureDefinition/ResearchSubject"]},"identifier":[{"system":"https://anvil.terra.bio/#workspaces/anvil-datastorage/AnVIL_CMG_Broad_Orphan_Manton_WGS","value":"AnVIL_CMG_Broad_Orphan_Manton_WGS/Su/MAN_0966_02_01"},{"system":"urn:ncpi:unique-string","value":"P.AnVIL-CMG-Broad-Orphan-Manton-WGS-Su-MAN-0966-02-01"}],"status":"off-study","study":{"reference":"ResearchStudy/AnVIL-CMG-Broad-Orphan-Manton-WGS"},"individual":{"reference":"Patient/P.AnVIL-CMG-Broad-Orphan-Manton-WGS-Su-MAN-0966-02-01"}}
{"resourceType":"ResearchSubject","id":"P.AnVIL-CMG-Broad-Orphan-Manton-WGS-Su-MAN-0966-03-01","meta":{"profile":["http://hl7.org/fhir/StructureDefinition/ResearchSubject"]},"identifier":[{"system":"https://anvil.terra.bio/#workspaces/anvil-datastorage/AnVIL_CMG_Broad_Orphan_Manton_WGS","value":"AnVIL_CMG_Broad_Orphan_Manton_WGS/Su/MAN_0966_03_01"},{"system":"urn:ncpi:unique-string","value":"P.AnVIL-CMG-Broad-Orphan-Manton-WGS-Su-MAN-0966-03-01"}],"status":"off-study","study":{"reference":"ResearchStudy/AnVIL-CMG-Broad-Orphan-Manton-WGS"},"individual":{"reference":"Patient/P.AnVIL-CMG-Broad-Orphan-Manton-WGS-Su-MAN-0966-03-01"}}
{"resourceType":"ResearchSubject","id":"P.AnVIL-CMG-Broad-Orphan-Manton-WGS-Su-MAN-1001-01-1","meta":{"profile":["http://hl7.org/fhir/StructureDefinition/ResearchSubject"]},"identifier":[{"system":"https://anvil.terra.bio/#workspaces/anvil-datastorage/AnVIL_CMG_Broad_Orphan_Manton_WGS","value":"AnVIL_CMG_Broad_Orphan_Manton_WGS/Su/MAN_1001-01_1"},{"system":"urn:ncpi:unique-string","value":"P.AnVIL-CMG-Broad-Orphan-Manton-WGS-Su-MAN-1001-01-1"}],"status":"off-study","study":{"reference":"ResearchStudy/AnVIL-CMG-Broad-Orphan-Manton-WGS"},"individual":{"reference":"Patient/P.AnVIL-CMG-Broad-Orphan-Manton-WGS-Su-MAN-1001-01-1"}}
{"resourceType":"ResearchSubject","id":"P.AnVIL-CMG-Broad-Orphan-Manton-WGS-Su-MAN-1029-01-01","meta":{"profile":["http://hl7.org/fhir/StructureDefinition/ResearchSubject"]},"identifier":[{"system":"https://anvil.terra.bio/#workspaces/anvil-datastorage/AnVIL_CMG_Broad_Orphan_Manton_WGS","value":"AnVIL_CMG_Broad_Orphan_Manton_WGS/Su/MAN_1029_01_01"},{"system":"urn:ncpi:unique-string","value":"P.AnVIL-CMG-Broad-Orphan-Manton-WGS-Su-MAN-1029-01-01"}],"status":"off-study","study":{"reference":"ResearchStudy/AnVIL-CMG-Broad-Orphan-Manton-WGS"},"individual":{"reference":"Patient/P.AnVIL-CMG-Broad-Orphan-Manton-WGS-Su-MAN-1029-01-01"}}
{"resourceType":"ResearchSubject","id":"P.AnVIL-CMG-Broad-Orphan-Manton-WGS-Su-MAN-1029-02-01","meta":{"profile":["http://hl7.org/fhir/StructureDefinition/ResearchSubject"]},"identifier":[{"system":"https://anvil.terra.bio/#workspaces/anvil-datastorage/AnVIL_CMG_Broad_Orphan_Manton_WGS","value":"AnVIL_CMG_Broad_Orphan_Manton_WGS/Su/MAN_1029_02_01"},{"system":"urn:ncpi:unique-string","value":"P.AnVIL-CMG-Broad-Orphan-Manton-WGS-Su-MAN-1029-02-01"}],"status":"off-study","study":{"reference":"ResearchStudy/AnVIL-CMG-Broad-Orphan-Manton-WGS"},"individual":{"reference":"Patient/P.AnVIL-CMG-Broad-Orphan-Manton-WGS-Su-MAN-1029-02-01"}}
{"resourceType":"ResearchSubject","id":"P.AnVIL-CMG-Broad-Orphan-Manton-WGS-Su-MAN-1029-03-01","meta":{"profile":["http://hl7.org/fhir/StructureDefinition/ResearchSubject"]},"identifier":[{"system":"https://anvil.terra.bio/#workspaces/anvil-datastorage/AnVIL_CMG_Broad_Orphan_Manton_WGS","value":"AnVIL_CMG_Broad_Orphan_Manton_WGS/Su/MAN_1029_03_01"},{"system":"urn:ncpi:unique-string","value":"P.AnVIL-CMG-Broad-Orphan-Manton-WGS-Su-MAN-1029-03-01"}],"status":"off-study","study":{"reference":"ResearchStudy/AnVIL-CMG-Broad-Orphan-Manton-WGS"},"individual":{"reference":"Patient/P.AnVIL-CMG-Broad-Orphan-Manton-WGS-Su-MAN-1029-03-01"}}
{"resourceType":"ResearchSubject","id":"P.AnVIL-CMG-Broad-Orphan-Manton-WGS-Su-MAN-1134-01-1","meta":{"profile":["http://hl7.org/fhir/StructureDefinition/ResearchSubject"]},"identifier":[{"system":"https://anvil.terra.bio/#workspaces/anvil-datastorage/AnVIL_CMG_Broad_Orphan_Manton_WGS","value":"AnVIL_CMG_Broad_Orphan_Manton_WGS/Su/MAN_1134_01_1"},{"system":"urn:ncpi:unique-string","value":"P.AnVIL-CMG-Broad-Orphan-Manton-WGS-Su-MAN-1134-01-1"}],"status":"off-study","study":{"reference":"ResearchStudy/AnVIL-CMG-Broad-Orphan-Manton-WGS"},"individual":{"reference":"Patient/P.AnVIL-CMG-Broad-Orphan-Manton-WGS-Su-MAN-1134-01-1"}}
{"resourceType":"ResearchSubject","id":"P.AnVIL-CMG-Broad-Orphan-Manton-WGS-Su-MAN-1134-02-1","meta":{"profile":["http://hl7.org/fhir/StructureDefinition/ResearchSubject"]},"identifier":[{"system":"https://anvil.terra.bio/#workspaces/anvil-datastorage/AnVIL_CMG_Broad_Orphan_Manton_WGS","value":"AnVIL_CMG_Broad_Orphan_Manton_WGS/Su/MAN_1134_02_1"},{"system":"urn:ncpi:unique-string","value":"P.AnVIL-CMG-Broad-Orphan-Manton-WGS-Su-MAN-1134-02-1"}],"status":"off-study","study":{"reference":"ResearchStudy/AnVIL-CMG-Broad-Orphan-Manton-WGS"},"individual":{"reference":"Patient/P.AnVIL-CMG-Broad-Orphan-Manton-WGS-Su-MAN-1134-02-1"}}
{"resourceType":"ResearchSubject","id":"P.AnVIL-CMG-Broad-Orphan-Manton-WGS-Su-MAN-1134-03-1","meta":{"profile":["http://hl7.org/fhir/StructureDefinition/ResearchSubject"]},"identifier":[{"system":"https://anvil.terra.bio/#workspaces/anvil-datastorage/AnVIL_CMG_Broad_Orphan_Manton_WGS","value":"AnVIL_CMG_Broad_Orphan_Manton_WGS/Su/MAN_1134_03_1"},{"system":"urn:ncpi:unique-string","value":"P.AnVIL-CMG-Broad-Orphan-Manton-WGS-Su-MAN-1134-03-1"}],"status":"off-study","study":{"reference":"ResearchStudy/AnVIL-CMG-Broad-Orphan-Manton-WGS"},"individual":{"reference":"Patient/P.AnVIL-CMG-Broad-Orphan-Manton-WGS-Su-MAN-1134-03-1"}}
{"resourceType":"ResearchSubject","id":"P.AnVIL-CMG-Broad-Orphan-Manton-WGS-Su-MAN-1134-04-1","meta":{"profile":["http://hl7.org/fhir/StructureDefinition/ResearchSubject"]},"identifier":[{"system":"https://anvil.terra.bio/#workspaces/anvil-datastorage/AnVIL_CMG_Broad_Orphan_Manton_WGS","value":"AnVIL_CMG_Broad_Orphan_Manton_WGS/Su/MAN_1134_04_1"},{"system":"urn:ncpi:unique-string","value":"P.AnVIL-CMG-Broad-Orphan-Manton-WGS-Su-MAN-1134-04-1"}],"status":"off-study","study":{"reference":"ResearchStudy/AnVIL-CMG-Broad-Orphan-Manton-WGS"},"individual":{"reference":"Patient/P.AnVIL-CMG-Broad-Orphan-Manton-WGS-Su-MAN-1134-04-1"}}
{"resourceType":"ResearchSubject","id":"P.AnVIL-CMG-Broad-Orphan-Manton-WGS-Su-MAN-1300-01-1","meta":{"profile":["http://hl7.org/fhir/StructureDefinition/ResearchSubject"]},"identifier":[{"system":"https://anvil.terra.bio/#workspaces/anvil-datastorage/AnVIL_CMG_Broad_Orphan_Manton_WGS","value":"AnVIL_CMG_Broad_Orphan_Manton_WGS/Su/MAN_1300-01_1"},{"system":"urn:ncpi:unique-string","value":"P.AnVIL-CMG-Broad-Orphan-Manton-WGS-Su-MAN-1300-01-1"}],"status":"off-study","study":{"reference":"ResearchStudy/AnVIL-CMG-Broad-Orphan-Manton-WGS"},"individual":{"reference":"Patient/P.AnVIL-CMG-Broad-Orphan-Manton-WGS-Su-MAN-1300-01-1"}}
{"resourceType":"ResearchSubject","id":"P.AnVIL-CMG-Broad-Orphan-Manton-WGS-Su-MAN-1300-02-1","meta":{"profile":["http://hl7.org/fhir/StructureDefinition/ResearchSubject"]},"identifier":[{"system":"https://anvil.terra.bio/#workspaces/anvil-datastorage/AnVIL_CMG_Broad_Orphan_Manton_WGS","value":"AnVIL_CMG_Broad_Orphan_Manton_WGS/Su/MAN_1300-02_1"},{"system":"urn:ncpi:unique-string","value":"P.AnVIL-CMG-Broad-Orphan-Manton-WGS-Su-MAN-1300-02-1"}],"status":"off-study","study":{"reference":"ResearchStudy/AnVIL-CMG-Broad-Orphan-Manton-WGS"},"individual":{"reference":"Patient/P.AnVIL-CMG-Broad-Orphan-Manton-WGS-Su-MAN-1300-02-1"}}
{"resourceType":"ResearchSubject","id":"P.AnVIL-CMG-Broad-Orphan-Manton-WGS-Su-MAN-1300-03-1","meta":{"profile":["http://hl7.org/fhir/StructureDefinition/ResearchSubject"]},"identifier":[{"system":"https://anvil.terra.bio/#workspaces/anvil-datastorage/AnVIL_CMG_Broad_Orphan_Manton_WGS","value":"AnVIL_CMG_Broad_Orphan_Manton_WGS/Su/MAN_1300-03_1"},{"system":"urn:ncpi:unique-string","value":"P.AnVIL-CMG-Broad-Orphan-Manton-WGS-Su-MAN-1300-03-1"}],"status":"off-study","study":{"reference":"ResearchStudy/AnVIL-CMG-Broad-Orphan-Manton-WGS"},"individual":{"reference":"Patient/P.AnVIL-CMG-Broad-Orphan-Manton-WGS-Su-MAN-1300-03-1"}}
