{"resourceType":"Task","id":"T.Broad-Orphan-Manton-WGS-Sa-MAN-0049-01-1","status":"accepted","intent":"unknown","input":[{"type":{"coding":[{"code":"Specimen"}]},"valueReference":{"reference":"Specimen/Broad-Orphan-Manton-WGS-Sa-MAN-0049-01-1"}}],"output":[]}
{"resourceType":"Task","id":"T.Broad-Orphan-Manton-WGS-Sa-MAN-0049-02-1","status":"accepted","intent":"unknown","input":[{"type":{"coding":[{"code":"Specimen"}]},"valueReference":{"reference":"Specimen/Broad-Orphan-Manton-WGS-Sa-MAN-0049-02-1"}}],"output":[]}
{"resourceType":"Task","id":"T.Broad-Orphan-Manton-WGS-Sa-MAN-0049-03-1","status":"accepted","intent":"unknown","input":[{"type":{"coding":[{"code":"Specimen"}]},"valueReference":{"reference":"Specimen/Broad-Orphan-Manton-WGS-Sa-MAN-0049-03-1"}}],"output":[]}
{"resourceType":"Task","id":"T.Broad-Orphan-Manton-WGS-Sa-MAN-0063-01-01","status":"accepted","intent":"unknown","input":[{"type":{"coding":[{"code":"Specimen"}]},"valueReference":{"reference":"Specimen/Broad-Orphan-Manton-WGS-Sa-MAN-0063-01-01"}}],"output":[]}
{"resourceType":"Task","id":"T.Broad-Orphan-Manton-WGS-Sa-MAN-0306-01-1","status":"accepted","intent":"unknown","input":[{"type":{"coding":[{"code":"Specimen"}]},"valueReference":{"reference":"Specimen/Broad-Orphan-Manton-WGS-Sa-MAN-0306-01-1"}}],"output":[]}
{"resourceType":"Task","id":"T.Broad-Orphan-Manton-WGS-Sa-MAN-0306-02-1","status":"accepted","intent":"unknown","input":[{"type":{"coding":[{"code":"Specimen"}]},"valueReference":{"reference":"Specimen/Broad-Orphan-Manton-WGS-Sa-MAN-0306-02-1"}}],"output":[]}
{"resourceType":"Task","id":"T.Broad-Orphan-Manton-WGS-Sa-MAN-0306-03-1","status":"accepted","intent":"unknown","input":[{"type":{"coding":[{"code":"Specimen"}]},"valueReference":{"reference":"Specimen/Broad-Orphan-Manton-WGS-Sa-MAN-0306-03-1"}}],"output":[]}
{"resourceType":"Task","id":"T.Broad-Orphan-Manton-WGS-Sa-MAN-0510-01-1","status":"accepted","intent":"unknown","input":[{"type":{"coding":[{"code":"Specimen"}]},"valueReference":{"reference":"Specimen/Broad-Orphan-Manton-WGS-Sa-MAN-0510-01-1"}}],"output":[]}
{"resourceType":"Task","id":"T.Broad-Orphan-Manton-WGS-Sa-MAN-0510-02-1","status":"accepted","intent":"unknown","input":[{"type":{"coding":[{"code":"Specimen"}]},"valueReference":{"reference":"Specimen/Broad-Orphan-Manton-WGS-Sa-MAN-0510-02-1"}}],"output":[]}
{"resourceType":"Task","id":"T.Broad-Orphan-Manton-WGS-Sa-MAN-0510-03-1","status":"accepted","intent":"unknown","input":[{"type":{"coding":[{"code":"Specimen"}]},"valueReference":{"reference":"Specimen/Broad-Orphan-Manton-WGS-Sa-MAN-0510-03-1"}}],"output":[]}
{"resourceType":"Task","id":"T.Broad-Orphan-Manton-WGS-Sa-MAN-0678-01-01","status":"accepted","intent":"unknown","input":[{"type":{"coding":[{"code":"Specimen"}]},"valueReference":{"reference":"Specimen/Broad-Orphan-Manton-WGS-Sa-MAN-0678-01-01"}}],"output":[]}
{"resourceType":"Task","id":"T.Broad-Orphan-Manton-WGS-Sa-MAN-0678-02-01","status":"accepted","intent":"unknown","input":[{"type":{"coding":[{"code":"Specimen"}]},"valueReference":{"reference":"Specimen/Broad-Orphan-Manton-WGS-Sa-MAN-0678-02-01"}}],"output":[]}
{"resourceType":"Task","id":"T.Broad-Orphan-Manton-WGS-Sa-MAN-0678-03-01","status":"accepted","intent":"unknown","input":[{"type":{"coding":[{"code":"Specimen"}]},"valueReference":{"reference":"Specimen/Broad-Orphan-Manton-WGS-Sa-MAN-0678-03-01"}}],"output":[]}
{"resourceType":"Task","id":"T.Broad-Orphan-Manton-WGS-Sa-MAN-0678-04-01","status":"accepted","intent":"unknown","input":[{"type":{"coding":[{"code":"Specimen"}]},"valueReference":{"reference":"Specimen/Broad-Orphan-Manton-WGS-Sa-MAN-0678-04-01"}}],"output":[]}
{"resourceType":"Task","id":"T.Broad-Orphan-Manton-WGS-Sa-MAN-0694-01-1","status":"accepted","intent":"unknown","input":[{"type":{"coding":[{"code":"Specimen"}]},"valueReference":{"reference":"Specimen/Broad-Orphan-Manton-WGS-Sa-MAN-0694-01-1"}}],"output":[]}
{"resourceType":"Task","id":"T.Broad-Orphan-Manton-WGS-Sa-MAN-0694-02-1","status":"accepted","intent":"unknown","input":[{"type":{"coding":[{"code":"Specimen"}]},"valueReference":{"reference":"Specimen/Broad-Orphan-Manton-WGS-Sa-MAN-0694-02-1"}}],"output":[]}
{"resourceType":"Task","id":"T.Broad-Orphan-Manton-WGS-Sa-MAN-0694-03-1","status":"accepted","intent":"unknown","input":[{"type":{"coding":[{"code":"Specimen"}]},"valueReference":{"reference":"Specimen/Broad-Orphan-Manton-WGS-Sa-MAN-0694-03-1"}}],"output":[]}
{"resourceType":"Task","id":"T.Broad-Orphan-Manton-WGS-Sa-MAN-0753-01-1","status":"accepted","intent":"unknown","input":[{"type":{"coding":[{"code":"Specimen"}]},"valueReference":{"reference":"Specimen/Broad-Orphan-Manton-WGS-Sa-MAN-0753-01-1"}}],"output":[]}
{"resourceType":"Task","id":"T.Broad-Orphan-Manton-WGS-Sa-MAN-0753-02-1","status":"accepted","intent":"unknown","input":[{"type":{"coding":[{"code":"Specimen"}]},"valueReference":{"reference":"Specimen/Broad-Orphan-Manton-WGS-Sa-MAN-0753-02-1"}}],"output":[]}
{"resourceType":"Task","id":"T.Broad-Orphan-Manton-WGS-Sa-MAN-0753-03-1","status":"accepted","intent":"unknown","input":[{"type":{"coding":[{"code":"Specimen"}]},"valueReference":{"reference":"Specimen/Broad-Orphan-Manton-WGS-Sa-MAN-0753-03-1"}}],"output":[]}
{"resourceType":"Task","id":"T.Broad-Orphan-Manton-WGS-Sa-MAN-0827-01-1","status":"accepted","intent":"unknown","input":[{"type":{"coding":[{"code":"Specimen"}]},"valueReference":{"reference":"Specimen/Broad-Orphan-Manton-WGS-Sa-MAN-0827-01-1"}}],"output":[]}
{"resourceType":"Task","id":"T.Broad-Orphan-Manton-WGS-Sa-MAN-0827-02-1","status":"accepted","intent":"unknown","input":[{"type":{"coding":[{"code":"Specimen"}]},"valueReference":{"reference":"Specimen/Broad-Orphan-Manton-WGS-Sa-MAN-0827-02-1"}}],"output":[]}
{"resourceType":"Task","id":"T.Broad-Orphan-Manton-WGS-Sa-MAN-0827-03-1","status":"accepted","intent":"unknown","input":[{"type":{"coding":[{"code":"Specimen"}]},"valueReference":{"reference":"Specimen/Broad-Orphan-Manton-WGS-Sa-MAN-0827-03-1"}}],"output":[]}
{"resourceType":"Task","id":"T.Broad-Orphan-Manton-WGS-Sa-MAN-0916-01-01","status":"accepted","intent":"unknown","input":[{"type":{"coding":[{"code":"Specimen"}]},"valueReference":{"reference":"Specimen/Broad-Orphan-Manton-WGS-Sa-MAN-0916-01-01"}}],"output":[]}
{"resourceType":"Task","id":"T.Broad-Orphan-Manton-WGS-Sa-MAN-0916-02-01","status":"accepted","intent":"unknown","input":[{"type":{"coding":[{"code":"Specimen"}]},"valueReference":{"reference":"Specimen/Broad-Orphan-Manton-WGS-Sa-MAN-0916-02-01"}}],"output":[]}
{"resourceType":"Task","id":"T.Broad-Orphan-Manton-WGS-Sa-MAN-0916-03-01","status":"accepted","intent":"unknown","input":[{"type":{"coding":[{"code":"Specimen"}]},"valueReference":{"reference":"Specimen/Broad-Orphan-Manton-WGS-Sa-MAN-0916-03-01"}}],"output":[]}
{"resourceType":"Task","id":"T.Broad-Orphan-Manton-WGS-Sa-MAN-0935-01-1","status":"accepted","intent":"unknown","input":[{"type":{"coding":[{"code":"Specimen"}]},"valueReference":{"reference":"Specimen/Broad-Orphan-Manton-WGS-Sa-MAN-0935-01-1"}}],"output":[]}
{"resourceType":"Task","id":"T.Broad-Orphan-Manton-WGS-Sa-MAN-0935-02-1","status":"accepted","intent":"unknown","input":[{"type":{"coding":[{"code":"Specimen"}]},"valueReference":{"reference":"Specimen/Broad-Orphan-Manton-WGS-Sa-MAN-0935-02-1"}}],"output":[]}
{"resourceType":"Task","id":"T.Broad-Orphan-Manton-WGS-Sa-MAN-0935-03-1","status":"accepted","intent":"unknown","input":[{"type":{"coding":[{"code":"Specimen"}]},"valueReference":{"reference":"Specimen/Broad-Orphan-Manton-WGS-Sa-MAN-0935-03-1"}}],"output":[]}
{"resourceType":"Task","id":"T.Broad-Orphan-Manton-WGS-Sa-MAN-0966-01-01","status":"accepted","intent":"unknown","input":[{"type":{"coding":[{"code":"Specimen"}]},"valueReference":{"reference":"Specimen/Broad-Orphan-Manton-WGS-Sa-MAN-0966-01-01"}}],"output":[]}
{"resourceType":"Task","id":"T.Broad-Orphan-Manton-WGS-Sa-MAN-0966-02-01","status":"accepted","intent":"unknown","input":[{"type":{"coding":[{"code":"Specimen"}]},"valueReference":{"reference":"Specimen/Broad-Orphan-Manton-WGS-Sa-MAN-0966-02-01"}}],"output":[]}
{"resourceType":"Task","id":"T.Broad-Orphan-Manton-WGS-Sa-MAN-0966-03-01","status":"accepted","intent":"unknown","input":[{"type":{"coding":[{"code":"Specimen"}]},"valueReference":{"reference":"Specimen/Broad-Orphan-Manton-WGS-Sa-MAN-0966-03-01"}}],"output":[]}
{"resourceType":"Task","id":"T.Broad-Orphan-Manton-WGS-Sa-MAN-1001-01-1","status":"accepted","intent":"unknown","input":[{"type":{"coding":[{"code":"Specimen"}]},"valueReference":{"reference":"Specimen/Broad-Orphan-Manton-WGS-Sa-MAN-1001-01-1"}}],"output":[]}
{"resourceType":"Task","id":"T.Broad-Orphan-Manton-WGS-Sa-MAN-1029-01-01","status":"accepted","intent":"unknown","input":[{"type":{"coding":[{"code":"Specimen"}]},"valueReference":{"reference":"Specimen/Broad-Orphan-Manton-WGS-Sa-MAN-1029-01-01"}}],"output":[]}
{"resourceType":"Task","id":"T.Broad-Orphan-Manton-WGS-Sa-MAN-1029-02-01","status":"accepted","intent":"unknown","input":[{"type":{"coding":[{"code":"Specimen"}]},"valueReference":{"reference":"Specimen/Broad-Orphan-Manton-WGS-Sa-MAN-1029-02-01"}}],"output":[]}
{"resourceType":"Task","id":"T.Broad-Orphan-Manton-WGS-Sa-MAN-1029-03-01","status":"accepted","intent":"unknown","input":[{"type":{"coding":[{"code":"Specimen"}]},"valueReference":{"reference":"Specimen/Broad-Orphan-Manton-WGS-Sa-MAN-1029-03-01"}}],"output":[]}
{"resourceType":"Task","id":"T.Broad-Orphan-Manton-WGS-Sa-MAN-1134-01-1","status":"accepted","intent":"unknown","input":[{"type":{"coding":[{"code":"Specimen"}]},"valueReference":{"reference":"Specimen/Broad-Orphan-Manton-WGS-Sa-MAN-1134-01-1"}}],"output":[]}
{"resourceType":"Task","id":"T.Broad-Orphan-Manton-WGS-Sa-MAN-1134-02-1","status":"accepted","intent":"unknown","input":[{"type":{"coding":[{"code":"Specimen"}]},"valueReference":{"reference":"Specimen/Broad-Orphan-Manton-WGS-Sa-MAN-1134-02-1"}}],"output":[]}
{"resourceType":"Task","id":"T.Broad-Orphan-Manton-WGS-Sa-MAN-1134-03-1","status":"accepted","intent":"unknown","input":[{"type":{"coding":[{"code":"Specimen"}]},"valueReference":{"reference":"Specimen/Broad-Orphan-Manton-WGS-Sa-MAN-1134-03-1"}}],"output":[]}
{"resourceType":"Task","id":"T.Broad-Orphan-Manton-WGS-Sa-MAN-1134-04-1","status":"accepted","intent":"unknown","input":[{"type":{"coding":[{"code":"Specimen"}]},"valueReference":{"reference":"Specimen/Broad-Orphan-Manton-WGS-Sa-MAN-1134-04-1"}}],"output":[]}
{"resourceType":"Task","id":"T.Broad-Orphan-Manton-WGS-Sa-MAN-1300-01-1","status":"accepted","intent":"unknown","input":[{"type":{"coding":[{"code":"Specimen"}]},"valueReference":{"reference":"Specimen/Broad-Orphan-Manton-WGS-Sa-MAN-1300-01-1"}}],"output":[]}
{"resourceType":"Task","id":"T.Broad-Orphan-Manton-WGS-Sa-MAN-1300-02-1","status":"accepted","intent":"unknown","input":[{"type":{"coding":[{"code":"Specimen"}]},"valueReference":{"reference":"Specimen/Broad-Orphan-Manton-WGS-Sa-MAN-1300-02-1"}}],"output":[]}
{"resourceType":"Task","id":"T.Broad-Orphan-Manton-WGS-Sa-MAN-1300-03-1","status":"accepted","intent":"unknown","input":[{"type":{"coding":[{"code":"Specimen"}]},"valueReference":{"reference":"Specimen/Broad-Orphan-Manton-WGS-Sa-MAN-1300-03-1"}}],"output":[]}
