{"resourceType":"ResearchSubject","id":"P.AnVIL-CMG-Broad-Muscle-Topf-WES-Su-C2101-TOP-ESTE2201-2","meta":{"profile":["http://hl7.org/fhir/StructureDefinition/ResearchSubject"]},"identifier":[{"system":"https://anvil.terra.bio/#workspaces/anvil-datastorage/AnVIL_CMG_Broad_Muscle_Topf_WES","value":"AnVIL_CMG_Broad_Muscle_Topf_WES/Su/C2101_TOP_ESTE2201_2"},{"system":"urn:ncpi:unique-string","value":"P.AnVIL-CMG-Broad-Muscle-Topf-WES-Su-C2101-TOP-ESTE2201-2"}],"status":"off-study","study":{"reference":"ResearchStudy/AnVIL-CMG-Broad-Muscle-Topf-WES"},"individual":{"reference":"Patient/P.AnVIL-CMG-Broad-Muscle-Topf-WES-Su-C2101-TOP-ESTE2201-2"}}
