{"resourceType":"Specimen","id":"Broad-Muscle-Topf-WES-Sa-C2101-TOP-ESTE2201-2-1-v1-Exome-GCP","meta":{"profile":["http://hl7.org/fhir/StructureDefinition/Specimen"]},"identifier":[{"system":"https://anvil.terra.bio/#workspaces/anvil-datastorage/AnVIL_CMG_Broad_Muscle_Topf_WES","value":"Broad_Muscle_Topf_WES/Sa/C2101_TOP_ESTE2201_2_1_v1_Exome_GCP"},{"system":"urn:ncpi:unique-string","value":"Specimen|AnVIL_CMG_Broad_Muscle_Topf_WES|Broad_Muscle_Topf_WES/Sa/C2101_TOP_ESTE2201_2_1_v1_Exome_GCP"}],"subject":{"reference":"Patient/P.AnVIL-CMG-Broad-Muscle-Topf-WES-Su-C2101-TOP-ESTE2201-2"}}
