{"resourceType":"ResearchSubject","id":"P.AnVIL-CMG-Broad-Muscle-Beggs-WES-Su-BEG-0761-1-01","meta":{"profile":["http://hl7.org/fhir/StructureDefinition/ResearchSubject"]},"identifier":[{"system":"https://anvil.terra.bio/#workspaces/anvil-datastorage/AnVIL_CMG_Broad_Muscle_Beggs_WES","value":"AnVIL_CMG_Broad_Muscle_Beggs_WES/Su/BEG_0761-1_01"},{"system":"urn:ncpi:unique-string","value":"P.AnVIL-CMG-Broad-Muscle-Beggs-WES-Su-BEG-0761-1-01"}],"status":"off-study","study":{"reference":"ResearchStudy/AnVIL-CMG-Broad-Muscle-Beggs-WES"},"individual":{"reference":"Patient/P.AnVIL-CMG-Broad-Muscle-Beggs-WES-Su-BEG-0761-1-01"}}
{"resourceType":"ResearchSubject","id":"P.AnVIL-CMG-Broad-Muscle-Beggs-WES-Su-BEG-0761-2-01","meta":{"profile":["http://hl7.org/fhir/StructureDefinition/ResearchSubject"]},"identifier":[{"system":"https://anvil.terra.bio/#workspaces/anvil-datastorage/AnVIL_CMG_Broad_Muscle_Beggs_WES","value":"AnVIL_CMG_Broad_Muscle_Beggs_WES/Su/BEG_0761-2_01"},{"system":"urn:ncpi:unique-string","value":"P.AnVIL-CMG-Broad-Muscle-Beggs-WES-Su-BEG-0761-2-01"}],"status":"off-study","study":{"reference":"ResearchStudy/AnVIL-CMG-Broad-Muscle-Beggs-WES"},"individual":{"reference":"Patient/P.AnVIL-CMG-Broad-Muscle-Beggs-WES-Su-BEG-0761-2-01"}}
{"resourceType":"ResearchSubject","id":"P.AnVIL-CMG-Broad-Muscle-Beggs-WES-Su-BEG-0761-3-01","meta":{"profile":["http://hl7.org/fhir/StructureDefinition/ResearchSubject"]},"identifier":[{"system":"https://anvil.terra.bio/#workspaces/anvil-datastorage/AnVIL_CMG_Broad_Muscle_Beggs_WES","value":"AnVIL_CMG_Broad_Muscle_Beggs_WES/Su/BEG_0761-3_01"},{"system":"urn:ncpi:unique-string","value":"P.AnVIL-CMG-Broad-Muscle-Beggs-WES-Su-BEG-0761-3-01"}],"status":"off-study","study":{"reference":"ResearchStudy/AnVIL-CMG-Broad-Muscle-Beggs-WES"},"individual":{"reference":"Patient/P.AnVIL-CMG-Broad-Muscle-Beggs-WES-Su-BEG-0761-3-01"}}
{"resourceType":"ResearchSubject","id":"P.AnVIL-CMG-Broad-Muscle-Beggs-WES-Su-BEG-0912-1-01","meta":{"profile":["http://hl7.org/fhir/StructureDefinition/ResearchSubject"]},"identifier":[{"system":"https://anvil.terra.bio/#workspaces/anvil-datastorage/AnVIL_CMG_Broad_Muscle_Beggs_WES","value":"AnVIL_CMG_Broad_Muscle_Beggs_WES/Su/BEG_0912-1_01"},{"system":"urn:ncpi:unique-string","value":"P.AnVIL-CMG-Broad-Muscle-Beggs-WES-Su-BEG-0912-1-01"}],"status":"off-study","study":{"reference":"ResearchStudy/AnVIL-CMG-Broad-Muscle-Beggs-WES"},"individual":{"reference":"Patient/P.AnVIL-CMG-Broad-Muscle-Beggs-WES-Su-BEG-0912-1-01"}}
{"resourceType":"ResearchSubject","id":"P.AnVIL-CMG-Broad-Muscle-Beggs-WES-Su-BEG-0912-2-01","meta":{"profile":["http://hl7.org/fhir/StructureDefinition/ResearchSubject"]},"identifier":[{"system":"https://anvil.terra.bio/#workspaces/anvil-datastorage/AnVIL_CMG_Broad_Muscle_Beggs_WES","value":"AnVIL_CMG_Broad_Muscle_Beggs_WES/Su/BEG_0912-2_01"},{"system":"urn:ncpi:unique-string","value":"P.AnVIL-CMG-Broad-Muscle-Beggs-WES-Su-BEG-0912-2-01"}],"status":"off-study","study":{"reference":"ResearchStudy/AnVIL-CMG-Broad-Muscle-Beggs-WES"},"individual":{"reference":"Patient/P.AnVIL-CMG-Broad-Muscle-Beggs-WES-Su-BEG-0912-2-01"}}
{"resourceType":"ResearchSubject","id":"P.AnVIL-CMG-Broad-Muscle-Beggs-WES-Su-BEG-0912-3-01","meta":{"profile":["http://hl7.org/fhir/StructureDefinition/ResearchSubject"]},"identifier":[{"system":"https://anvil.terra.bio/#workspaces/anvil-datastorage/AnVIL_CMG_Broad_Muscle_Beggs_WES","value":"AnVIL_CMG_Broad_Muscle_Beggs_WES/Su/BEG_0912-3_01"},{"system":"urn:ncpi:unique-string","value":"P.AnVIL-CMG-Broad-Muscle-Beggs-WES-Su-BEG-0912-3-01"}],"status":"off-study","study":{"reference":"ResearchStudy/AnVIL-CMG-Broad-Muscle-Beggs-WES"},"individual":{"reference":"Patient/P.AnVIL-CMG-Broad-Muscle-Beggs-WES-Su-BEG-0912-3-01"}}
{"resourceType":"ResearchSubject","id":"P.AnVIL-CMG-Broad-Muscle-Beggs-WES-Su-BEG-0990-1-01","meta":{"profile":["http://hl7.org/fhir/StructureDefinition/ResearchSubject"]},"identifier":[{"system":"https://anvil.terra.bio/#workspaces/anvil-datastorage/AnVIL_CMG_Broad_Muscle_Beggs_WES","value":"AnVIL_CMG_Broad_Muscle_Beggs_WES/Su/BEG_0990-1_01"},{"system":"urn:ncpi:unique-string","value":"P.AnVIL-CMG-Broad-Muscle-Beggs-WES-Su-BEG-0990-1-01"}],"status":"off-study","study":{"reference":"ResearchStudy/AnVIL-CMG-Broad-Muscle-Beggs-WES"},"individual":{"reference":"Patient/P.AnVIL-CMG-Broad-Muscle-Beggs-WES-Su-BEG-0990-1-01"}}
{"resourceType":"ResearchSubject","id":"P.AnVIL-CMG-Broad-Muscle-Beggs-WES-Su-BEG-0990-2-01","meta":{"profile":["http://hl7.org/fhir/StructureDefinition/ResearchSubject"]},"identifier":[{"system":"https://anvil.terra.bio/#workspaces/anvil-datastorage/AnVIL_CMG_Broad_Muscle_Beggs_WES","value":"AnVIL_CMG_Broad_Muscle_Beggs_WES/Su/BEG_0990-2_01"},{"system":"urn:ncpi:unique-string","value":"P.AnVIL-CMG-Broad-Muscle-Beggs-WES-Su-BEG-0990-2-01"}],"status":"off-study","study":{"reference":"ResearchStudy/AnVIL-CMG-Broad-Muscle-Beggs-WES"},"individual":{"reference":"Patient/P.AnVIL-CMG-Broad-Muscle-Beggs-WES-Su-BEG-0990-2-01"}}
{"resourceType":"ResearchSubject","id":"P.AnVIL-CMG-Broad-Muscle-Beggs-WES-Su-BEG-0990-3-01","meta":{"profile":["http://hl7.org/fhir/StructureDefinition/ResearchSubject"]},"identifier":[{"system":"https://anvil.terra.bio/#workspaces/anvil-datastorage/AnVIL_CMG_Broad_Muscle_Beggs_WES","value":"AnVIL_CMG_Broad_Muscle_Beggs_WES/Su/BEG_0990-3_01"},{"system":"urn:ncpi:unique-string","value":"P.AnVIL-CMG-Broad-Muscle-Beggs-WES-Su-BEG-0990-3-01"}],"status":"off-study","study":{"reference":"ResearchStudy/AnVIL-CMG-Broad-Muscle-Beggs-WES"},"individual":{"reference":"Patient/P.AnVIL-CMG-Broad-Muscle-Beggs-WES-Su-BEG-0990-3-01"}}
{"resourceType":"ResearchSubject","id":"P.AnVIL-CMG-Broad-Muscle-Beggs-WES-Su-BEG-0992-1-01","meta":{"profile":["http://hl7.org/fhir/StructureDefinition/ResearchSubject"]},"identifier":[{"system":"https://anvil.terra.bio/#workspaces/anvil-datastorage/AnVIL_CMG_Broad_Muscle_Beggs_WES","value":"AnVIL_CMG_Broad_Muscle_Beggs_WES/Su/BEG_0992-1_01"},{"system":"urn:ncpi:unique-string","value":"P.AnVIL-CMG-Broad-Muscle-Beggs-WES-Su-BEG-0992-1-01"}],"status":"off-study","study":{"reference":"ResearchStudy/AnVIL-CMG-Broad-Muscle-Beggs-WES"},"individual":{"reference":"Patient/P.AnVIL-CMG-Broad-Muscle-Beggs-WES-Su-BEG-0992-1-01"}}
{"resourceType":"ResearchSubject","id":"P.AnVIL-CMG-Broad-Muscle-Beggs-WES-Su-BEG-0992-2-01","meta":{"profile":["http://hl7.org/fhir/StructureDefinition/ResearchSubject"]},"identifier":[{"system":"https://anvil.terra.bio/#workspaces/anvil-datastorage/AnVIL_CMG_Broad_Muscle_Beggs_WES","value":"AnVIL_CMG_Broad_Muscle_Beggs_WES/Su/BEG_0992-2_01"},{"system":"urn:ncpi:unique-string","value":"P.AnVIL-CMG-Broad-Muscle-Beggs-WES-Su-BEG-0992-2-01"}],"status":"off-study","study":{"reference":"ResearchStudy/AnVIL-CMG-Broad-Muscle-Beggs-WES"},"individual":{"reference":"Patient/P.AnVIL-CMG-Broad-Muscle-Beggs-WES-Su-BEG-0992-2-01"}}
{"resourceType":"ResearchSubject","id":"P.AnVIL-CMG-Broad-Muscle-Beggs-WES-Su-BEG-0992-3-01","meta":{"profile":["http://hl7.org/fhir/StructureDefinition/ResearchSubject"]},"identifier":[{"system":"https://anvil.terra.bio/#workspaces/anvil-datastorage/AnVIL_CMG_Broad_Muscle_Beggs_WES","value":"AnVIL_CMG_Broad_Muscle_Beggs_WES/Su/BEG_0992-3_01"},{"system":"urn:ncpi:unique-string","value":"P.AnVIL-CMG-Broad-Muscle-Beggs-WES-Su-BEG-0992-3-01"}],"status":"off-study","study":{"reference":"ResearchStudy/AnVIL-CMG-Broad-Muscle-Beggs-WES"},"individual":{"reference":"Patient/P.AnVIL-CMG-Broad-Muscle-Beggs-WES-Su-BEG-0992-3-01"}}
{"resourceType":"ResearchSubject","id":"P.AnVIL-CMG-Broad-Muscle-Beggs-WES-Su-BEG-0995-1-01","meta":{"profile":["http://hl7.org/fhir/StructureDefinition/ResearchSubject"]},"identifier":[{"system":"https://anvil.terra.bio/#workspaces/anvil-datastorage/AnVIL_CMG_Broad_Muscle_Beggs_WES","value":"AnVIL_CMG_Broad_Muscle_Beggs_WES/Su/BEG_0995-1_01"},{"system":"urn:ncpi:unique-string","value":"P.AnVIL-CMG-Broad-Muscle-Beggs-WES-Su-BEG-0995-1-01"}],"status":"off-study","study":{"reference":"ResearchStudy/AnVIL-CMG-Broad-Muscle-Beggs-WES"},"individual":{"reference":"Patient/P.AnVIL-CMG-Broad-Muscle-Beggs-WES-Su-BEG-0995-1-01"}}
{"resourceType":"ResearchSubject","id":"P.AnVIL-CMG-Broad-Muscle-Beggs-WES-Su-BEG-0995-2-01","meta":{"profile":["http://hl7.org/fhir/StructureDefinition/ResearchSubject"]},"identifier":[{"system":"https://anvil.terra.bio/#workspaces/anvil-datastorage/AnVIL_CMG_Broad_Muscle_Beggs_WES","value":"AnVIL_CMG_Broad_Muscle_Beggs_WES/Su/BEG_0995-2_01"},{"system":"urn:ncpi:unique-string","value":"P.AnVIL-CMG-Broad-Muscle-Beggs-WES-Su-BEG-0995-2-01"}],"status":"off-study","study":{"reference":"ResearchStudy/AnVIL-CMG-Broad-Muscle-Beggs-WES"},"individual":{"reference":"Patient/P.AnVIL-CMG-Broad-Muscle-Beggs-WES-Su-BEG-0995-2-01"}}
{"resourceType":"ResearchSubject","id":"P.AnVIL-CMG-Broad-Muscle-Beggs-WES-Su-BEG-0995-3-01","meta":{"profile":["http://hl7.org/fhir/StructureDefinition/ResearchSubject"]},"identifier":[{"system":"https://anvil.terra.bio/#workspaces/anvil-datastorage/AnVIL_CMG_Broad_Muscle_Beggs_WES","value":"AnVIL_CMG_Broad_Muscle_Beggs_WES/Su/BEG_0995-3_01"},{"system":"urn:ncpi:unique-string","value":"P.AnVIL-CMG-Broad-Muscle-Beggs-WES-Su-BEG-0995-3-01"}],"status":"off-study","study":{"reference":"ResearchStudy/AnVIL-CMG-Broad-Muscle-Beggs-WES"},"individual":{"reference":"Patient/P.AnVIL-CMG-Broad-Muscle-Beggs-WES-Su-BEG-0995-3-01"}}
{"resourceType":"ResearchSubject","id":"P.AnVIL-CMG-Broad-Muscle-Beggs-WES-Su-BEG-1047-1-01","meta":{"profile":["http://hl7.org/fhir/StructureDefinition/ResearchSubject"]},"identifier":[{"system":"https://anvil.terra.bio/#workspaces/anvil-datastorage/AnVIL_CMG_Broad_Muscle_Beggs_WES","value":"AnVIL_CMG_Broad_Muscle_Beggs_WES/Su/BEG_1047-1_01"},{"system":"urn:ncpi:unique-string","value":"P.AnVIL-CMG-Broad-Muscle-Beggs-WES-Su-BEG-1047-1-01"}],"status":"off-study","study":{"reference":"ResearchStudy/AnVIL-CMG-Broad-Muscle-Beggs-WES"},"individual":{"reference":"Patient/P.AnVIL-CMG-Broad-Muscle-Beggs-WES-Su-BEG-1047-1-01"}}
{"resourceType":"ResearchSubject","id":"P.AnVIL-CMG-Broad-Muscle-Beggs-WES-Su-BEG-1054-1-01","meta":{"profile":["http://hl7.org/fhir/StructureDefinition/ResearchSubject"]},"identifier":[{"system":"https://anvil.terra.bio/#workspaces/anvil-datastorage/AnVIL_CMG_Broad_Muscle_Beggs_WES","value":"AnVIL_CMG_Broad_Muscle_Beggs_WES/Su/BEG_1054-1_01"},{"system":"urn:ncpi:unique-string","value":"P.AnVIL-CMG-Broad-Muscle-Beggs-WES-Su-BEG-1054-1-01"}],"status":"off-study","study":{"reference":"ResearchStudy/AnVIL-CMG-Broad-Muscle-Beggs-WES"},"individual":{"reference":"Patient/P.AnVIL-CMG-Broad-Muscle-Beggs-WES-Su-BEG-1054-1-01"}}
{"resourceType":"ResearchSubject","id":"P.AnVIL-CMG-Broad-Muscle-Beggs-WES-Su-BEG-1057-1-01","meta":{"profile":["http://hl7.org/fhir/StructureDefinition/ResearchSubject"]},"identifier":[{"system":"https://anvil.terra.bio/#workspaces/anvil-datastorage/AnVIL_CMG_Broad_Muscle_Beggs_WES","value":"AnVIL_CMG_Broad_Muscle_Beggs_WES/Su/BEG_1057-1_01"},{"system":"urn:ncpi:unique-string","value":"P.AnVIL-CMG-Broad-Muscle-Beggs-WES-Su-BEG-1057-1-01"}],"status":"off-study","study":{"reference":"ResearchStudy/AnVIL-CMG-Broad-Muscle-Beggs-WES"},"individual":{"reference":"Patient/P.AnVIL-CMG-Broad-Muscle-Beggs-WES-Su-BEG-1057-1-01"}}
{"resourceType":"ResearchSubject","id":"P.AnVIL-CMG-Broad-Muscle-Beggs-WES-Su-BEG-1072-1-01","meta":{"profile":["http://hl7.org/fhir/StructureDefinition/ResearchSubject"]},"identifier":[{"system":"https://anvil.terra.bio/#workspaces/anvil-datastorage/AnVIL_CMG_Broad_Muscle_Beggs_WES","value":"AnVIL_CMG_Broad_Muscle_Beggs_WES/Su/BEG_1072-1_01"},{"system":"urn:ncpi:unique-string","value":"P.AnVIL-CMG-Broad-Muscle-Beggs-WES-Su-BEG-1072-1-01"}],"status":"off-study","study":{"reference":"ResearchStudy/AnVIL-CMG-Broad-Muscle-Beggs-WES"},"individual":{"reference":"Patient/P.AnVIL-CMG-Broad-Muscle-Beggs-WES-Su-BEG-1072-1-01"}}
{"resourceType":"ResearchSubject","id":"P.AnVIL-CMG-Broad-Muscle-Beggs-WES-Su-BEG-1078-1-01","meta":{"profile":["http://hl7.org/fhir/StructureDefinition/ResearchSubject"]},"identifier":[{"system":"https://anvil.terra.bio/#workspaces/anvil-datastorage/AnVIL_CMG_Broad_Muscle_Beggs_WES","value":"AnVIL_CMG_Broad_Muscle_Beggs_WES/Su/BEG_1078-1_01"},{"system":"urn:ncpi:unique-string","value":"P.AnVIL-CMG-Broad-Muscle-Beggs-WES-Su-BEG-1078-1-01"}],"status":"off-study","study":{"reference":"ResearchStudy/AnVIL-CMG-Broad-Muscle-Beggs-WES"},"individual":{"reference":"Patient/P.AnVIL-CMG-Broad-Muscle-Beggs-WES-Su-BEG-1078-1-01"}}
{"resourceType":"ResearchSubject","id":"P.AnVIL-CMG-Broad-Muscle-Beggs-WES-Su-BEG-1078-2-01","meta":{"profile":["http://hl7.org/fhir/StructureDefinition/ResearchSubject"]},"identifier":[{"system":"https://anvil.terra.bio/#workspaces/anvil-datastorage/AnVIL_CMG_Broad_Muscle_Beggs_WES","value":"AnVIL_CMG_Broad_Muscle_Beggs_WES/Su/BEG_1078-2_01"},{"system":"urn:ncpi:unique-string","value":"P.AnVIL-CMG-Broad-Muscle-Beggs-WES-Su-BEG-1078-2-01"}],"status":"off-study","study":{"reference":"ResearchStudy/AnVIL-CMG-Broad-Muscle-Beggs-WES"},"individual":{"reference":"Patient/P.AnVIL-CMG-Broad-Muscle-Beggs-WES-Su-BEG-1078-2-01"}}
{"resourceType":"ResearchSubject","id":"P.AnVIL-CMG-Broad-Muscle-Beggs-WES-Su-BEG-1078-3-01","meta":{"profile":["http://hl7.org/fhir/StructureDefinition/ResearchSubject"]},"identifier":[{"system":"https://anvil.terra.bio/#workspaces/anvil-datastorage/AnVIL_CMG_Broad_Muscle_Beggs_WES","value":"AnVIL_CMG_Broad_Muscle_Beggs_WES/Su/BEG_1078-3_01"},{"system":"urn:ncpi:unique-string","value":"P.AnVIL-CMG-Broad-Muscle-Beggs-WES-Su-BEG-1078-3-01"}],"status":"off-study","study":{"reference":"ResearchStudy/AnVIL-CMG-Broad-Muscle-Beggs-WES"},"individual":{"reference":"Patient/P.AnVIL-CMG-Broad-Muscle-Beggs-WES-Su-BEG-1078-3-01"}}
{"resourceType":"ResearchSubject","id":"P.AnVIL-CMG-Broad-Muscle-Beggs-WES-Su-BEG-1083-1-01","meta":{"profile":["http://hl7.org/fhir/StructureDefinition/ResearchSubject"]},"identifier":[{"system":"https://anvil.terra.bio/#workspaces/anvil-datastorage/AnVIL_CMG_Broad_Muscle_Beggs_WES","value":"AnVIL_CMG_Broad_Muscle_Beggs_WES/Su/BEG_1083-1_01"},{"system":"urn:ncpi:unique-string","value":"P.AnVIL-CMG-Broad-Muscle-Beggs-WES-Su-BEG-1083-1-01"}],"status":"off-study","study":{"reference":"ResearchStudy/AnVIL-CMG-Broad-Muscle-Beggs-WES"},"individual":{"reference":"Patient/P.AnVIL-CMG-Broad-Muscle-Beggs-WES-Su-BEG-1083-1-01"}}
{"resourceType":"ResearchSubject","id":"P.AnVIL-CMG-Broad-Muscle-Beggs-WES-Su-BEG-1085-1-01","meta":{"profile":["http://hl7.org/fhir/StructureDefinition/ResearchSubject"]},"identifier":[{"system":"https://anvil.terra.bio/#workspaces/anvil-datastorage/AnVIL_CMG_Broad_Muscle_Beggs_WES","value":"AnVIL_CMG_Broad_Muscle_Beggs_WES/Su/BEG_1085-1_01"},{"system":"urn:ncpi:unique-string","value":"P.AnVIL-CMG-Broad-Muscle-Beggs-WES-Su-BEG-1085-1-01"}],"status":"off-study","study":{"reference":"ResearchStudy/AnVIL-CMG-Broad-Muscle-Beggs-WES"},"individual":{"reference":"Patient/P.AnVIL-CMG-Broad-Muscle-Beggs-WES-Su-BEG-1085-1-01"}}
{"resourceType":"ResearchSubject","id":"P.AnVIL-CMG-Broad-Muscle-Beggs-WES-Su-BEG-1085-2-01","meta":{"profile":["http://hl7.org/fhir/StructureDefinition/ResearchSubject"]},"identifier":[{"system":"https://anvil.terra.bio/#workspaces/anvil-datastorage/AnVIL_CMG_Broad_Muscle_Beggs_WES","value":"AnVIL_CMG_Broad_Muscle_Beggs_WES/Su/BEG_1085-2_01"},{"system":"urn:ncpi:unique-string","value":"P.AnVIL-CMG-Broad-Muscle-Beggs-WES-Su-BEG-1085-2-01"}],"status":"off-study","study":{"reference":"ResearchStudy/AnVIL-CMG-Broad-Muscle-Beggs-WES"},"individual":{"reference":"Patient/P.AnVIL-CMG-Broad-Muscle-Beggs-WES-Su-BEG-1085-2-01"}}
{"resourceType":"ResearchSubject","id":"P.AnVIL-CMG-Broad-Muscle-Beggs-WES-Su-BEG-1085-3-01","meta":{"profile":["http://hl7.org/fhir/StructureDefinition/ResearchSubject"]},"identifier":[{"system":"https://anvil.terra.bio/#workspaces/anvil-datastorage/AnVIL_CMG_Broad_Muscle_Beggs_WES","value":"AnVIL_CMG_Broad_Muscle_Beggs_WES/Su/BEG_1085-3_01"},{"system":"urn:ncpi:unique-string","value":"P.AnVIL-CMG-Broad-Muscle-Beggs-WES-Su-BEG-1085-3-01"}],"status":"off-study","study":{"reference":"ResearchStudy/AnVIL-CMG-Broad-Muscle-Beggs-WES"},"individual":{"reference":"Patient/P.AnVIL-CMG-Broad-Muscle-Beggs-WES-Su-BEG-1085-3-01"}}
{"resourceType":"ResearchSubject","id":"P.AnVIL-CMG-Broad-Muscle-Beggs-WES-Su-BEG-1095-1-01","meta":{"profile":["http://hl7.org/fhir/StructureDefinition/ResearchSubject"]},"identifier":[{"system":"https://anvil.terra.bio/#workspaces/anvil-datastorage/AnVIL_CMG_Broad_Muscle_Beggs_WES","value":"AnVIL_CMG_Broad_Muscle_Beggs_WES/Su/BEG_1095-1_01"},{"system":"urn:ncpi:unique-string","value":"P.AnVIL-CMG-Broad-Muscle-Beggs-WES-Su-BEG-1095-1-01"}],"status":"off-study","study":{"reference":"ResearchStudy/AnVIL-CMG-Broad-Muscle-Beggs-WES"},"individual":{"reference":"Patient/P.AnVIL-CMG-Broad-Muscle-Beggs-WES-Su-BEG-1095-1-01"}}
{"resourceType":"ResearchSubject","id":"P.AnVIL-CMG-Broad-Muscle-Beggs-WES-Su-BEG-1095-2-01","meta":{"profile":["http://hl7.org/fhir/StructureDefinition/ResearchSubject"]},"identifier":[{"system":"https://anvil.terra.bio/#workspaces/anvil-datastorage/AnVIL_CMG_Broad_Muscle_Beggs_WES","value":"AnVIL_CMG_Broad_Muscle_Beggs_WES/Su/BEG_1095-2_01"},{"system":"urn:ncpi:unique-string","value":"P.AnVIL-CMG-Broad-Muscle-Beggs-WES-Su-BEG-1095-2-01"}],"status":"off-study","study":{"reference":"ResearchStudy/AnVIL-CMG-Broad-Muscle-Beggs-WES"},"individual":{"reference":"Patient/P.AnVIL-CMG-Broad-Muscle-Beggs-WES-Su-BEG-1095-2-01"}}
{"resourceType":"ResearchSubject","id":"P.AnVIL-CMG-Broad-Muscle-Beggs-WES-Su-BEG-1095-3-01","meta":{"profile":["http://hl7.org/fhir/StructureDefinition/ResearchSubject"]},"identifier":[{"system":"https://anvil.terra.bio/#workspaces/anvil-datastorage/AnVIL_CMG_Broad_Muscle_Beggs_WES","value":"AnVIL_CMG_Broad_Muscle_Beggs_WES/Su/BEG_1095-3_01"},{"system":"urn:ncpi:unique-string","value":"P.AnVIL-CMG-Broad-Muscle-Beggs-WES-Su-BEG-1095-3-01"}],"status":"off-study","study":{"reference":"ResearchStudy/AnVIL-CMG-Broad-Muscle-Beggs-WES"},"individual":{"reference":"Patient/P.AnVIL-CMG-Broad-Muscle-Beggs-WES-Su-BEG-1095-3-01"}}
{"resourceType":"ResearchSubject","id":"P.AnVIL-CMG-Broad-Muscle-Beggs-WES-Su-BEG-1111-1-01","meta":{"profile":["http://hl7.org/fhir/StructureDefinition/ResearchSubject"]},"identifier":[{"system":"https://anvil.terra.bio/#workspaces/anvil-datastorage/AnVIL_CMG_Broad_Muscle_Beggs_WES","value":"AnVIL_CMG_Broad_Muscle_Beggs_WES/Su/BEG_1111-1_01"},{"system":"urn:ncpi:unique-string","value":"P.AnVIL-CMG-Broad-Muscle-Beggs-WES-Su-BEG-1111-1-01"}],"status":"off-study","study":{"reference":"ResearchStudy/AnVIL-CMG-Broad-Muscle-Beggs-WES"},"individual":{"reference":"Patient/P.AnVIL-CMG-Broad-Muscle-Beggs-WES-Su-BEG-1111-1-01"}}
{"resourceType":"ResearchSubject","id":"P.AnVIL-CMG-Broad-Muscle-Beggs-WES-Su-BEG-1111-2-01","meta":{"profile":["http://hl7.org/fhir/StructureDefinition/ResearchSubject"]},"identifier":[{"system":"https://anvil.terra.bio/#workspaces/anvil-datastorage/AnVIL_CMG_Broad_Muscle_Beggs_WES","value":"AnVIL_CMG_Broad_Muscle_Beggs_WES/Su/BEG_1111-2_01"},{"system":"urn:ncpi:unique-string","value":"P.AnVIL-CMG-Broad-Muscle-Beggs-WES-Su-BEG-1111-2-01"}],"status":"off-study","study":{"reference":"ResearchStudy/AnVIL-CMG-Broad-Muscle-Beggs-WES"},"individual":{"reference":"Patient/P.AnVIL-CMG-Broad-Muscle-Beggs-WES-Su-BEG-1111-2-01"}}
{"resourceType":"ResearchSubject","id":"P.AnVIL-CMG-Broad-Muscle-Beggs-WES-Su-BEG-1111-3-01","meta":{"profile":["http://hl7.org/fhir/StructureDefinition/ResearchSubject"]},"identifier":[{"system":"https://anvil.terra.bio/#workspaces/anvil-datastorage/AnVIL_CMG_Broad_Muscle_Beggs_WES","value":"AnVIL_CMG_Broad_Muscle_Beggs_WES/Su/BEG_1111-3_01"},{"system":"urn:ncpi:unique-string","value":"P.AnVIL-CMG-Broad-Muscle-Beggs-WES-Su-BEG-1111-3-01"}],"status":"off-study","study":{"reference":"ResearchStudy/AnVIL-CMG-Broad-Muscle-Beggs-WES"},"individual":{"reference":"Patient/P.AnVIL-CMG-Broad-Muscle-Beggs-WES-Su-BEG-1111-3-01"}}
{"resourceType":"ResearchSubject","id":"P.AnVIL-CMG-Broad-Muscle-Beggs-WES-Su-BEG-1114-1-01","meta":{"profile":["http://hl7.org/fhir/StructureDefinition/ResearchSubject"]},"identifier":[{"system":"https://anvil.terra.bio/#workspaces/anvil-datastorage/AnVIL_CMG_Broad_Muscle_Beggs_WES","value":"AnVIL_CMG_Broad_Muscle_Beggs_WES/Su/BEG_1114-1_01"},{"system":"urn:ncpi:unique-string","value":"P.AnVIL-CMG-Broad-Muscle-Beggs-WES-Su-BEG-1114-1-01"}],"status":"off-study","study":{"reference":"ResearchStudy/AnVIL-CMG-Broad-Muscle-Beggs-WES"},"individual":{"reference":"Patient/P.AnVIL-CMG-Broad-Muscle-Beggs-WES-Su-BEG-1114-1-01"}}
{"resourceType":"ResearchSubject","id":"P.AnVIL-CMG-Broad-Muscle-Beggs-WES-Su-BEG-1114-2-01","meta":{"profile":["http://hl7.org/fhir/StructureDefinition/ResearchSubject"]},"identifier":[{"system":"https://anvil.terra.bio/#workspaces/anvil-datastorage/AnVIL_CMG_Broad_Muscle_Beggs_WES","value":"AnVIL_CMG_Broad_Muscle_Beggs_WES/Su/BEG_1114-2_01"},{"system":"urn:ncpi:unique-string","value":"P.AnVIL-CMG-Broad-Muscle-Beggs-WES-Su-BEG-1114-2-01"}],"status":"off-study","study":{"reference":"ResearchStudy/AnVIL-CMG-Broad-Muscle-Beggs-WES"},"individual":{"reference":"Patient/P.AnVIL-CMG-Broad-Muscle-Beggs-WES-Su-BEG-1114-2-01"}}
{"resourceType":"ResearchSubject","id":"P.AnVIL-CMG-Broad-Muscle-Beggs-WES-Su-BEG-1114-3-01","meta":{"profile":["http://hl7.org/fhir/StructureDefinition/ResearchSubject"]},"identifier":[{"system":"https://anvil.terra.bio/#workspaces/anvil-datastorage/AnVIL_CMG_Broad_Muscle_Beggs_WES","value":"AnVIL_CMG_Broad_Muscle_Beggs_WES/Su/BEG_1114-3_01"},{"system":"urn:ncpi:unique-string","value":"P.AnVIL-CMG-Broad-Muscle-Beggs-WES-Su-BEG-1114-3-01"}],"status":"off-study","study":{"reference":"ResearchStudy/AnVIL-CMG-Broad-Muscle-Beggs-WES"},"individual":{"reference":"Patient/P.AnVIL-CMG-Broad-Muscle-Beggs-WES-Su-BEG-1114-3-01"}}
{"resourceType":"ResearchSubject","id":"P.AnVIL-CMG-Broad-Muscle-Beggs-WES-Su-BEG-1121-1-01","meta":{"profile":["http://hl7.org/fhir/StructureDefinition/ResearchSubject"]},"identifier":[{"system":"https://anvil.terra.bio/#workspaces/anvil-datastorage/AnVIL_CMG_Broad_Muscle_Beggs_WES","value":"AnVIL_CMG_Broad_Muscle_Beggs_WES/Su/BEG_1121-1_01"},{"system":"urn:ncpi:unique-string","value":"P.AnVIL-CMG-Broad-Muscle-Beggs-WES-Su-BEG-1121-1-01"}],"status":"off-study","study":{"reference":"ResearchStudy/AnVIL-CMG-Broad-Muscle-Beggs-WES"},"individual":{"reference":"Patient/P.AnVIL-CMG-Broad-Muscle-Beggs-WES-Su-BEG-1121-1-01"}}
{"resourceType":"ResearchSubject","id":"P.AnVIL-CMG-Broad-Muscle-Beggs-WES-Su-BEG-1121-2-01","meta":{"profile":["http://hl7.org/fhir/StructureDefinition/ResearchSubject"]},"identifier":[{"system":"https://anvil.terra.bio/#workspaces/anvil-datastorage/AnVIL_CMG_Broad_Muscle_Beggs_WES","value":"AnVIL_CMG_Broad_Muscle_Beggs_WES/Su/BEG_1121-2_01"},{"system":"urn:ncpi:unique-string","value":"P.AnVIL-CMG-Broad-Muscle-Beggs-WES-Su-BEG-1121-2-01"}],"status":"off-study","study":{"reference":"ResearchStudy/AnVIL-CMG-Broad-Muscle-Beggs-WES"},"individual":{"reference":"Patient/P.AnVIL-CMG-Broad-Muscle-Beggs-WES-Su-BEG-1121-2-01"}}
{"resourceType":"ResearchSubject","id":"P.AnVIL-CMG-Broad-Muscle-Beggs-WES-Su-BEG-1121-3-01","meta":{"profile":["http://hl7.org/fhir/StructureDefinition/ResearchSubject"]},"identifier":[{"system":"https://anvil.terra.bio/#workspaces/anvil-datastorage/AnVIL_CMG_Broad_Muscle_Beggs_WES","value":"AnVIL_CMG_Broad_Muscle_Beggs_WES/Su/BEG_1121-3_01"},{"system":"urn:ncpi:unique-string","value":"P.AnVIL-CMG-Broad-Muscle-Beggs-WES-Su-BEG-1121-3-01"}],"status":"off-study","study":{"reference":"ResearchStudy/AnVIL-CMG-Broad-Muscle-Beggs-WES"},"individual":{"reference":"Patient/P.AnVIL-CMG-Broad-Muscle-Beggs-WES-Su-BEG-1121-3-01"}}
{"resourceType":"ResearchSubject","id":"P.AnVIL-CMG-Broad-Muscle-Beggs-WES-Su-BEG-1126-1-01","meta":{"profile":["http://hl7.org/fhir/StructureDefinition/ResearchSubject"]},"identifier":[{"system":"https://anvil.terra.bio/#workspaces/anvil-datastorage/AnVIL_CMG_Broad_Muscle_Beggs_WES","value":"AnVIL_CMG_Broad_Muscle_Beggs_WES/Su/BEG_1126-1_01"},{"system":"urn:ncpi:unique-string","value":"P.AnVIL-CMG-Broad-Muscle-Beggs-WES-Su-BEG-1126-1-01"}],"status":"off-study","study":{"reference":"ResearchStudy/AnVIL-CMG-Broad-Muscle-Beggs-WES"},"individual":{"reference":"Patient/P.AnVIL-CMG-Broad-Muscle-Beggs-WES-Su-BEG-1126-1-01"}}
{"resourceType":"ResearchSubject","id":"P.AnVIL-CMG-Broad-Muscle-Beggs-WES-Su-BEG-1134-1-01","meta":{"profile":["http://hl7.org/fhir/StructureDefinition/ResearchSubject"]},"identifier":[{"system":"https://anvil.terra.bio/#workspaces/anvil-datastorage/AnVIL_CMG_Broad_Muscle_Beggs_WES","value":"AnVIL_CMG_Broad_Muscle_Beggs_WES/Su/BEG_1134-1_01"},{"system":"urn:ncpi:unique-string","value":"P.AnVIL-CMG-Broad-Muscle-Beggs-WES-Su-BEG-1134-1-01"}],"status":"off-study","study":{"reference":"ResearchStudy/AnVIL-CMG-Broad-Muscle-Beggs-WES"},"individual":{"reference":"Patient/P.AnVIL-CMG-Broad-Muscle-Beggs-WES-Su-BEG-1134-1-01"}}
{"resourceType":"ResearchSubject","id":"P.AnVIL-CMG-Broad-Muscle-Beggs-WES-Su-BEG-1139-1-01","meta":{"profile":["http://hl7.org/fhir/StructureDefinition/ResearchSubject"]},"identifier":[{"system":"https://anvil.terra.bio/#workspaces/anvil-datastorage/AnVIL_CMG_Broad_Muscle_Beggs_WES","value":"AnVIL_CMG_Broad_Muscle_Beggs_WES/Su/BEG_1139-1_01"},{"system":"urn:ncpi:unique-string","value":"P.AnVIL-CMG-Broad-Muscle-Beggs-WES-Su-BEG-1139-1-01"}],"status":"off-study","study":{"reference":"ResearchStudy/AnVIL-CMG-Broad-Muscle-Beggs-WES"},"individual":{"reference":"Patient/P.AnVIL-CMG-Broad-Muscle-Beggs-WES-Su-BEG-1139-1-01"}}
{"resourceType":"ResearchSubject","id":"P.AnVIL-CMG-Broad-Muscle-Beggs-WES-Su-BEG-1139-2-01","meta":{"profile":["http://hl7.org/fhir/StructureDefinition/ResearchSubject"]},"identifier":[{"system":"https://anvil.terra.bio/#workspaces/anvil-datastorage/AnVIL_CMG_Broad_Muscle_Beggs_WES","value":"AnVIL_CMG_Broad_Muscle_Beggs_WES/Su/BEG_1139-2_01"},{"system":"urn:ncpi:unique-string","value":"P.AnVIL-CMG-Broad-Muscle-Beggs-WES-Su-BEG-1139-2-01"}],"status":"off-study","study":{"reference":"ResearchStudy/AnVIL-CMG-Broad-Muscle-Beggs-WES"},"individual":{"reference":"Patient/P.AnVIL-CMG-Broad-Muscle-Beggs-WES-Su-BEG-1139-2-01"}}
{"resourceType":"ResearchSubject","id":"P.AnVIL-CMG-Broad-Muscle-Beggs-WES-Su-BEG-1139-3-01","meta":{"profile":["http://hl7.org/fhir/StructureDefinition/ResearchSubject"]},"identifier":[{"system":"https://anvil.terra.bio/#workspaces/anvil-datastorage/AnVIL_CMG_Broad_Muscle_Beggs_WES","value":"AnVIL_CMG_Broad_Muscle_Beggs_WES/Su/BEG_1139-3_01"},{"system":"urn:ncpi:unique-string","value":"P.AnVIL-CMG-Broad-Muscle-Beggs-WES-Su-BEG-1139-3-01"}],"status":"off-study","study":{"reference":"ResearchStudy/AnVIL-CMG-Broad-Muscle-Beggs-WES"},"individual":{"reference":"Patient/P.AnVIL-CMG-Broad-Muscle-Beggs-WES-Su-BEG-1139-3-01"}}
{"resourceType":"ResearchSubject","id":"P.AnVIL-CMG-Broad-Muscle-Beggs-WES-Su-BEG-1142-1-01","meta":{"profile":["http://hl7.org/fhir/StructureDefinition/ResearchSubject"]},"identifier":[{"system":"https://anvil.terra.bio/#workspaces/anvil-datastorage/AnVIL_CMG_Broad_Muscle_Beggs_WES","value":"AnVIL_CMG_Broad_Muscle_Beggs_WES/Su/BEG_1142-1_01"},{"system":"urn:ncpi:unique-string","value":"P.AnVIL-CMG-Broad-Muscle-Beggs-WES-Su-BEG-1142-1-01"}],"status":"off-study","study":{"reference":"ResearchStudy/AnVIL-CMG-Broad-Muscle-Beggs-WES"},"individual":{"reference":"Patient/P.AnVIL-CMG-Broad-Muscle-Beggs-WES-Su-BEG-1142-1-01"}}
{"resourceType":"ResearchSubject","id":"P.AnVIL-CMG-Broad-Muscle-Beggs-WES-Su-BEG-1142-2-01","meta":{"profile":["http://hl7.org/fhir/StructureDefinition/ResearchSubject"]},"identifier":[{"system":"https://anvil.terra.bio/#workspaces/anvil-datastorage/AnVIL_CMG_Broad_Muscle_Beggs_WES","value":"AnVIL_CMG_Broad_Muscle_Beggs_WES/Su/BEG_1142-2_01"},{"system":"urn:ncpi:unique-string","value":"P.AnVIL-CMG-Broad-Muscle-Beggs-WES-Su-BEG-1142-2-01"}],"status":"off-study","study":{"reference":"ResearchStudy/AnVIL-CMG-Broad-Muscle-Beggs-WES"},"individual":{"reference":"Patient/P.AnVIL-CMG-Broad-Muscle-Beggs-WES-Su-BEG-1142-2-01"}}
{"resourceType":"ResearchSubject","id":"P.AnVIL-CMG-Broad-Muscle-Beggs-WES-Su-BEG-1142-3-01","meta":{"profile":["http://hl7.org/fhir/StructureDefinition/ResearchSubject"]},"identifier":[{"system":"https://anvil.terra.bio/#workspaces/anvil-datastorage/AnVIL_CMG_Broad_Muscle_Beggs_WES","value":"AnVIL_CMG_Broad_Muscle_Beggs_WES/Su/BEG_1142-3_01"},{"system":"urn:ncpi:unique-string","value":"P.AnVIL-CMG-Broad-Muscle-Beggs-WES-Su-BEG-1142-3-01"}],"status":"off-study","study":{"reference":"ResearchStudy/AnVIL-CMG-Broad-Muscle-Beggs-WES"},"individual":{"reference":"Patient/P.AnVIL-CMG-Broad-Muscle-Beggs-WES-Su-BEG-1142-3-01"}}
{"resourceType":"ResearchSubject","id":"P.AnVIL-CMG-Broad-Muscle-Beggs-WES-Su-BEG-1154-1-01","meta":{"profile":["http://hl7.org/fhir/StructureDefinition/ResearchSubject"]},"identifier":[{"system":"https://anvil.terra.bio/#workspaces/anvil-datastorage/AnVIL_CMG_Broad_Muscle_Beggs_WES","value":"AnVIL_CMG_Broad_Muscle_Beggs_WES/Su/BEG_1154-1_01"},{"system":"urn:ncpi:unique-string","value":"P.AnVIL-CMG-Broad-Muscle-Beggs-WES-Su-BEG-1154-1-01"}],"status":"off-study","study":{"reference":"ResearchStudy/AnVIL-CMG-Broad-Muscle-Beggs-WES"},"individual":{"reference":"Patient/P.AnVIL-CMG-Broad-Muscle-Beggs-WES-Su-BEG-1154-1-01"}}
{"resourceType":"ResearchSubject","id":"P.AnVIL-CMG-Broad-Muscle-Beggs-WES-Su-BEG-1165-1-01","meta":{"profile":["http://hl7.org/fhir/StructureDefinition/ResearchSubject"]},"identifier":[{"system":"https://anvil.terra.bio/#workspaces/anvil-datastorage/AnVIL_CMG_Broad_Muscle_Beggs_WES","value":"AnVIL_CMG_Broad_Muscle_Beggs_WES/Su/BEG_1165-1_01"},{"system":"urn:ncpi:unique-string","value":"P.AnVIL-CMG-Broad-Muscle-Beggs-WES-Su-BEG-1165-1-01"}],"status":"off-study","study":{"reference":"ResearchStudy/AnVIL-CMG-Broad-Muscle-Beggs-WES"},"individual":{"reference":"Patient/P.AnVIL-CMG-Broad-Muscle-Beggs-WES-Su-BEG-1165-1-01"}}
{"resourceType":"ResearchSubject","id":"P.AnVIL-CMG-Broad-Muscle-Beggs-WES-Su-BEG-1173-1-01","meta":{"profile":["http://hl7.org/fhir/StructureDefinition/ResearchSubject"]},"identifier":[{"system":"https://anvil.terra.bio/#workspaces/anvil-datastorage/AnVIL_CMG_Broad_Muscle_Beggs_WES","value":"AnVIL_CMG_Broad_Muscle_Beggs_WES/Su/BEG_1173-1_01"},{"system":"urn:ncpi:unique-string","value":"P.AnVIL-CMG-Broad-Muscle-Beggs-WES-Su-BEG-1173-1-01"}],"status":"off-study","study":{"reference":"ResearchStudy/AnVIL-CMG-Broad-Muscle-Beggs-WES"},"individual":{"reference":"Patient/P.AnVIL-CMG-Broad-Muscle-Beggs-WES-Su-BEG-1173-1-01"}}
{"resourceType":"ResearchSubject","id":"P.AnVIL-CMG-Broad-Muscle-Beggs-WES-Su-BEG-1173-2-01","meta":{"profile":["http://hl7.org/fhir/StructureDefinition/ResearchSubject"]},"identifier":[{"system":"https://anvil.terra.bio/#workspaces/anvil-datastorage/AnVIL_CMG_Broad_Muscle_Beggs_WES","value":"AnVIL_CMG_Broad_Muscle_Beggs_WES/Su/BEG_1173-2_01"},{"system":"urn:ncpi:unique-string","value":"P.AnVIL-CMG-Broad-Muscle-Beggs-WES-Su-BEG-1173-2-01"}],"status":"off-study","study":{"reference":"ResearchStudy/AnVIL-CMG-Broad-Muscle-Beggs-WES"},"individual":{"reference":"Patient/P.AnVIL-CMG-Broad-Muscle-Beggs-WES-Su-BEG-1173-2-01"}}
{"resourceType":"ResearchSubject","id":"P.AnVIL-CMG-Broad-Muscle-Beggs-WES-Su-BEG-1173-3-01","meta":{"profile":["http://hl7.org/fhir/StructureDefinition/ResearchSubject"]},"identifier":[{"system":"https://anvil.terra.bio/#workspaces/anvil-datastorage/AnVIL_CMG_Broad_Muscle_Beggs_WES","value":"AnVIL_CMG_Broad_Muscle_Beggs_WES/Su/BEG_1173-3_01"},{"system":"urn:ncpi:unique-string","value":"P.AnVIL-CMG-Broad-Muscle-Beggs-WES-Su-BEG-1173-3-01"}],"status":"off-study","study":{"reference":"ResearchStudy/AnVIL-CMG-Broad-Muscle-Beggs-WES"},"individual":{"reference":"Patient/P.AnVIL-CMG-Broad-Muscle-Beggs-WES-Su-BEG-1173-3-01"}}
{"resourceType":"ResearchSubject","id":"P.AnVIL-CMG-Broad-Muscle-Beggs-WES-Su-BEG-1174-1-01","meta":{"profile":["http://hl7.org/fhir/StructureDefinition/ResearchSubject"]},"identifier":[{"system":"https://anvil.terra.bio/#workspaces/anvil-datastorage/AnVIL_CMG_Broad_Muscle_Beggs_WES","value":"AnVIL_CMG_Broad_Muscle_Beggs_WES/Su/BEG_1174-1_01"},{"system":"urn:ncpi:unique-string","value":"P.AnVIL-CMG-Broad-Muscle-Beggs-WES-Su-BEG-1174-1-01"}],"status":"off-study","study":{"reference":"ResearchStudy/AnVIL-CMG-Broad-Muscle-Beggs-WES"},"individual":{"reference":"Patient/P.AnVIL-CMG-Broad-Muscle-Beggs-WES-Su-BEG-1174-1-01"}}
{"resourceType":"ResearchSubject","id":"P.AnVIL-CMG-Broad-Muscle-Beggs-WES-Su-BEG-1174-2-01","meta":{"profile":["http://hl7.org/fhir/StructureDefinition/ResearchSubject"]},"identifier":[{"system":"https://anvil.terra.bio/#workspaces/anvil-datastorage/AnVIL_CMG_Broad_Muscle_Beggs_WES","value":"AnVIL_CMG_Broad_Muscle_Beggs_WES/Su/BEG_1174-2_01"},{"system":"urn:ncpi:unique-string","value":"P.AnVIL-CMG-Broad-Muscle-Beggs-WES-Su-BEG-1174-2-01"}],"status":"off-study","study":{"reference":"ResearchStudy/AnVIL-CMG-Broad-Muscle-Beggs-WES"},"individual":{"reference":"Patient/P.AnVIL-CMG-Broad-Muscle-Beggs-WES-Su-BEG-1174-2-01"}}
{"resourceType":"ResearchSubject","id":"P.AnVIL-CMG-Broad-Muscle-Beggs-WES-Su-BEG-1174-3-01","meta":{"profile":["http://hl7.org/fhir/StructureDefinition/ResearchSubject"]},"identifier":[{"system":"https://anvil.terra.bio/#workspaces/anvil-datastorage/AnVIL_CMG_Broad_Muscle_Beggs_WES","value":"AnVIL_CMG_Broad_Muscle_Beggs_WES/Su/BEG_1174-3_01"},{"system":"urn:ncpi:unique-string","value":"P.AnVIL-CMG-Broad-Muscle-Beggs-WES-Su-BEG-1174-3-01"}],"status":"off-study","study":{"reference":"ResearchStudy/AnVIL-CMG-Broad-Muscle-Beggs-WES"},"individual":{"reference":"Patient/P.AnVIL-CMG-Broad-Muscle-Beggs-WES-Su-BEG-1174-3-01"}}
{"resourceType":"ResearchSubject","id":"P.AnVIL-CMG-Broad-Muscle-Beggs-WES-Su-BEG-1181-1-01","meta":{"profile":["http://hl7.org/fhir/StructureDefinition/ResearchSubject"]},"identifier":[{"system":"https://anvil.terra.bio/#workspaces/anvil-datastorage/AnVIL_CMG_Broad_Muscle_Beggs_WES","value":"AnVIL_CMG_Broad_Muscle_Beggs_WES/Su/BEG_1181-1_01"},{"system":"urn:ncpi:unique-string","value":"P.AnVIL-CMG-Broad-Muscle-Beggs-WES-Su-BEG-1181-1-01"}],"status":"off-study","study":{"reference":"ResearchStudy/AnVIL-CMG-Broad-Muscle-Beggs-WES"},"individual":{"reference":"Patient/P.AnVIL-CMG-Broad-Muscle-Beggs-WES-Su-BEG-1181-1-01"}}
{"resourceType":"ResearchSubject","id":"P.AnVIL-CMG-Broad-Muscle-Beggs-WES-Su-BEG-1187-1-01","meta":{"profile":["http://hl7.org/fhir/StructureDefinition/ResearchSubject"]},"identifier":[{"system":"https://anvil.terra.bio/#workspaces/anvil-datastorage/AnVIL_CMG_Broad_Muscle_Beggs_WES","value":"AnVIL_CMG_Broad_Muscle_Beggs_WES/Su/BEG_1187-1_01"},{"system":"urn:ncpi:unique-string","value":"P.AnVIL-CMG-Broad-Muscle-Beggs-WES-Su-BEG-1187-1-01"}],"status":"off-study","study":{"reference":"ResearchStudy/AnVIL-CMG-Broad-Muscle-Beggs-WES"},"individual":{"reference":"Patient/P.AnVIL-CMG-Broad-Muscle-Beggs-WES-Su-BEG-1187-1-01"}}
{"resourceType":"ResearchSubject","id":"P.AnVIL-CMG-Broad-Muscle-Beggs-WES-Su-BEG-1187-2-01","meta":{"profile":["http://hl7.org/fhir/StructureDefinition/ResearchSubject"]},"identifier":[{"system":"https://anvil.terra.bio/#workspaces/anvil-datastorage/AnVIL_CMG_Broad_Muscle_Beggs_WES","value":"AnVIL_CMG_Broad_Muscle_Beggs_WES/Su/BEG_1187-2_01"},{"system":"urn:ncpi:unique-string","value":"P.AnVIL-CMG-Broad-Muscle-Beggs-WES-Su-BEG-1187-2-01"}],"status":"off-study","study":{"reference":"ResearchStudy/AnVIL-CMG-Broad-Muscle-Beggs-WES"},"individual":{"reference":"Patient/P.AnVIL-CMG-Broad-Muscle-Beggs-WES-Su-BEG-1187-2-01"}}
{"resourceType":"ResearchSubject","id":"P.AnVIL-CMG-Broad-Muscle-Beggs-WES-Su-BEG-1187-3-01","meta":{"profile":["http://hl7.org/fhir/StructureDefinition/ResearchSubject"]},"identifier":[{"system":"https://anvil.terra.bio/#workspaces/anvil-datastorage/AnVIL_CMG_Broad_Muscle_Beggs_WES","value":"AnVIL_CMG_Broad_Muscle_Beggs_WES/Su/BEG_1187-3_01"},{"system":"urn:ncpi:unique-string","value":"P.AnVIL-CMG-Broad-Muscle-Beggs-WES-Su-BEG-1187-3-01"}],"status":"off-study","study":{"reference":"ResearchStudy/AnVIL-CMG-Broad-Muscle-Beggs-WES"},"individual":{"reference":"Patient/P.AnVIL-CMG-Broad-Muscle-Beggs-WES-Su-BEG-1187-3-01"}}
{"resourceType":"ResearchSubject","id":"P.AnVIL-CMG-Broad-Muscle-Beggs-WES-Su-BEG-1200-1-01","meta":{"profile":["http://hl7.org/fhir/StructureDefinition/ResearchSubject"]},"identifier":[{"system":"https://anvil.terra.bio/#workspaces/anvil-datastorage/AnVIL_CMG_Broad_Muscle_Beggs_WES","value":"AnVIL_CMG_Broad_Muscle_Beggs_WES/Su/BEG_1200-1_01"},{"system":"urn:ncpi:unique-string","value":"P.AnVIL-CMG-Broad-Muscle-Beggs-WES-Su-BEG-1200-1-01"}],"status":"off-study","study":{"reference":"ResearchStudy/AnVIL-CMG-Broad-Muscle-Beggs-WES"},"individual":{"reference":"Patient/P.AnVIL-CMG-Broad-Muscle-Beggs-WES-Su-BEG-1200-1-01"}}
{"resourceType":"ResearchSubject","id":"P.AnVIL-CMG-Broad-Muscle-Beggs-WES-Su-BEG-1208-1-01","meta":{"profile":["http://hl7.org/fhir/StructureDefinition/ResearchSubject"]},"identifier":[{"system":"https://anvil.terra.bio/#workspaces/anvil-datastorage/AnVIL_CMG_Broad_Muscle_Beggs_WES","value":"AnVIL_CMG_Broad_Muscle_Beggs_WES/Su/BEG_1208-1_01"},{"system":"urn:ncpi:unique-string","value":"P.AnVIL-CMG-Broad-Muscle-Beggs-WES-Su-BEG-1208-1-01"}],"status":"off-study","study":{"reference":"ResearchStudy/AnVIL-CMG-Broad-Muscle-Beggs-WES"},"individual":{"reference":"Patient/P.AnVIL-CMG-Broad-Muscle-Beggs-WES-Su-BEG-1208-1-01"}}
{"resourceType":"ResearchSubject","id":"P.AnVIL-CMG-Broad-Muscle-Beggs-WES-Su-BEG-1208-2-01","meta":{"profile":["http://hl7.org/fhir/StructureDefinition/ResearchSubject"]},"identifier":[{"system":"https://anvil.terra.bio/#workspaces/anvil-datastorage/AnVIL_CMG_Broad_Muscle_Beggs_WES","value":"AnVIL_CMG_Broad_Muscle_Beggs_WES/Su/BEG_1208-2_01"},{"system":"urn:ncpi:unique-string","value":"P.AnVIL-CMG-Broad-Muscle-Beggs-WES-Su-BEG-1208-2-01"}],"status":"off-study","study":{"reference":"ResearchStudy/AnVIL-CMG-Broad-Muscle-Beggs-WES"},"individual":{"reference":"Patient/P.AnVIL-CMG-Broad-Muscle-Beggs-WES-Su-BEG-1208-2-01"}}
{"resourceType":"ResearchSubject","id":"P.AnVIL-CMG-Broad-Muscle-Beggs-WES-Su-BEG-1208-3-01","meta":{"profile":["http://hl7.org/fhir/StructureDefinition/ResearchSubject"]},"identifier":[{"system":"https://anvil.terra.bio/#workspaces/anvil-datastorage/AnVIL_CMG_Broad_Muscle_Beggs_WES","value":"AnVIL_CMG_Broad_Muscle_Beggs_WES/Su/BEG_1208-3_01"},{"system":"urn:ncpi:unique-string","value":"P.AnVIL-CMG-Broad-Muscle-Beggs-WES-Su-BEG-1208-3-01"}],"status":"off-study","study":{"reference":"ResearchStudy/AnVIL-CMG-Broad-Muscle-Beggs-WES"},"individual":{"reference":"Patient/P.AnVIL-CMG-Broad-Muscle-Beggs-WES-Su-BEG-1208-3-01"}}
{"resourceType":"ResearchSubject","id":"P.AnVIL-CMG-Broad-Muscle-Beggs-WES-Su-BEG-1214-1-01","meta":{"profile":["http://hl7.org/fhir/StructureDefinition/ResearchSubject"]},"identifier":[{"system":"https://anvil.terra.bio/#workspaces/anvil-datastorage/AnVIL_CMG_Broad_Muscle_Beggs_WES","value":"AnVIL_CMG_Broad_Muscle_Beggs_WES/Su/BEG_1214-1_01"},{"system":"urn:ncpi:unique-string","value":"P.AnVIL-CMG-Broad-Muscle-Beggs-WES-Su-BEG-1214-1-01"}],"status":"off-study","study":{"reference":"ResearchStudy/AnVIL-CMG-Broad-Muscle-Beggs-WES"},"individual":{"reference":"Patient/P.AnVIL-CMG-Broad-Muscle-Beggs-WES-Su-BEG-1214-1-01"}}
{"resourceType":"ResearchSubject","id":"P.AnVIL-CMG-Broad-Muscle-Beggs-WES-Su-BEG-1221-1-01","meta":{"profile":["http://hl7.org/fhir/StructureDefinition/ResearchSubject"]},"identifier":[{"system":"https://anvil.terra.bio/#workspaces/anvil-datastorage/AnVIL_CMG_Broad_Muscle_Beggs_WES","value":"AnVIL_CMG_Broad_Muscle_Beggs_WES/Su/BEG_1221-1_01"},{"system":"urn:ncpi:unique-string","value":"P.AnVIL-CMG-Broad-Muscle-Beggs-WES-Su-BEG-1221-1-01"}],"status":"off-study","study":{"reference":"ResearchStudy/AnVIL-CMG-Broad-Muscle-Beggs-WES"},"individual":{"reference":"Patient/P.AnVIL-CMG-Broad-Muscle-Beggs-WES-Su-BEG-1221-1-01"}}
{"resourceType":"ResearchSubject","id":"P.AnVIL-CMG-Broad-Muscle-Beggs-WES-Su-BEG-1221-2-01","meta":{"profile":["http://hl7.org/fhir/StructureDefinition/ResearchSubject"]},"identifier":[{"system":"https://anvil.terra.bio/#workspaces/anvil-datastorage/AnVIL_CMG_Broad_Muscle_Beggs_WES","value":"AnVIL_CMG_Broad_Muscle_Beggs_WES/Su/BEG_1221-2_01"},{"system":"urn:ncpi:unique-string","value":"P.AnVIL-CMG-Broad-Muscle-Beggs-WES-Su-BEG-1221-2-01"}],"status":"off-study","study":{"reference":"ResearchStudy/AnVIL-CMG-Broad-Muscle-Beggs-WES"},"individual":{"reference":"Patient/P.AnVIL-CMG-Broad-Muscle-Beggs-WES-Su-BEG-1221-2-01"}}
{"resourceType":"ResearchSubject","id":"P.AnVIL-CMG-Broad-Muscle-Beggs-WES-Su-BEG-1221-3-01","meta":{"profile":["http://hl7.org/fhir/StructureDefinition/ResearchSubject"]},"identifier":[{"system":"https://anvil.terra.bio/#workspaces/anvil-datastorage/AnVIL_CMG_Broad_Muscle_Beggs_WES","value":"AnVIL_CMG_Broad_Muscle_Beggs_WES/Su/BEG_1221-3_01"},{"system":"urn:ncpi:unique-string","value":"P.AnVIL-CMG-Broad-Muscle-Beggs-WES-Su-BEG-1221-3-01"}],"status":"off-study","study":{"reference":"ResearchStudy/AnVIL-CMG-Broad-Muscle-Beggs-WES"},"individual":{"reference":"Patient/P.AnVIL-CMG-Broad-Muscle-Beggs-WES-Su-BEG-1221-3-01"}}
{"resourceType":"ResearchSubject","id":"P.AnVIL-CMG-Broad-Muscle-Beggs-WES-Su-BEG-1230-1-01","meta":{"profile":["http://hl7.org/fhir/StructureDefinition/ResearchSubject"]},"identifier":[{"system":"https://anvil.terra.bio/#workspaces/anvil-datastorage/AnVIL_CMG_Broad_Muscle_Beggs_WES","value":"AnVIL_CMG_Broad_Muscle_Beggs_WES/Su/BEG_1230-1_01"},{"system":"urn:ncpi:unique-string","value":"P.AnVIL-CMG-Broad-Muscle-Beggs-WES-Su-BEG-1230-1-01"}],"status":"off-study","study":{"reference":"ResearchStudy/AnVIL-CMG-Broad-Muscle-Beggs-WES"},"individual":{"reference":"Patient/P.AnVIL-CMG-Broad-Muscle-Beggs-WES-Su-BEG-1230-1-01"}}
{"resourceType":"ResearchSubject","id":"P.AnVIL-CMG-Broad-Muscle-Beggs-WES-Su-BEG-1230-2-01","meta":{"profile":["http://hl7.org/fhir/StructureDefinition/ResearchSubject"]},"identifier":[{"system":"https://anvil.terra.bio/#workspaces/anvil-datastorage/AnVIL_CMG_Broad_Muscle_Beggs_WES","value":"AnVIL_CMG_Broad_Muscle_Beggs_WES/Su/BEG_1230-2_01"},{"system":"urn:ncpi:unique-string","value":"P.AnVIL-CMG-Broad-Muscle-Beggs-WES-Su-BEG-1230-2-01"}],"status":"off-study","study":{"reference":"ResearchStudy/AnVIL-CMG-Broad-Muscle-Beggs-WES"},"individual":{"reference":"Patient/P.AnVIL-CMG-Broad-Muscle-Beggs-WES-Su-BEG-1230-2-01"}}
{"resourceType":"ResearchSubject","id":"P.AnVIL-CMG-Broad-Muscle-Beggs-WES-Su-BEG-1230-3-01","meta":{"profile":["http://hl7.org/fhir/StructureDefinition/ResearchSubject"]},"identifier":[{"system":"https://anvil.terra.bio/#workspaces/anvil-datastorage/AnVIL_CMG_Broad_Muscle_Beggs_WES","value":"AnVIL_CMG_Broad_Muscle_Beggs_WES/Su/BEG_1230-3_01"},{"system":"urn:ncpi:unique-string","value":"P.AnVIL-CMG-Broad-Muscle-Beggs-WES-Su-BEG-1230-3-01"}],"status":"off-study","study":{"reference":"ResearchStudy/AnVIL-CMG-Broad-Muscle-Beggs-WES"},"individual":{"reference":"Patient/P.AnVIL-CMG-Broad-Muscle-Beggs-WES-Su-BEG-1230-3-01"}}
{"resourceType":"ResearchSubject","id":"P.AnVIL-CMG-Broad-Muscle-Beggs-WES-Su-BEG-1248-1-01","meta":{"profile":["http://hl7.org/fhir/StructureDefinition/ResearchSubject"]},"identifier":[{"system":"https://anvil.terra.bio/#workspaces/anvil-datastorage/AnVIL_CMG_Broad_Muscle_Beggs_WES","value":"AnVIL_CMG_Broad_Muscle_Beggs_WES/Su/BEG_1248-1_01"},{"system":"urn:ncpi:unique-string","value":"P.AnVIL-CMG-Broad-Muscle-Beggs-WES-Su-BEG-1248-1-01"}],"status":"off-study","study":{"reference":"ResearchStudy/AnVIL-CMG-Broad-Muscle-Beggs-WES"},"individual":{"reference":"Patient/P.AnVIL-CMG-Broad-Muscle-Beggs-WES-Su-BEG-1248-1-01"}}
{"resourceType":"ResearchSubject","id":"P.AnVIL-CMG-Broad-Muscle-Beggs-WES-Su-BEG-1248-2-01","meta":{"profile":["http://hl7.org/fhir/StructureDefinition/ResearchSubject"]},"identifier":[{"system":"https://anvil.terra.bio/#workspaces/anvil-datastorage/AnVIL_CMG_Broad_Muscle_Beggs_WES","value":"AnVIL_CMG_Broad_Muscle_Beggs_WES/Su/BEG_1248-2_01"},{"system":"urn:ncpi:unique-string","value":"P.AnVIL-CMG-Broad-Muscle-Beggs-WES-Su-BEG-1248-2-01"}],"status":"off-study","study":{"reference":"ResearchStudy/AnVIL-CMG-Broad-Muscle-Beggs-WES"},"individual":{"reference":"Patient/P.AnVIL-CMG-Broad-Muscle-Beggs-WES-Su-BEG-1248-2-01"}}
{"resourceType":"ResearchSubject","id":"P.AnVIL-CMG-Broad-Muscle-Beggs-WES-Su-BEG-1248-3-01","meta":{"profile":["http://hl7.org/fhir/StructureDefinition/ResearchSubject"]},"identifier":[{"system":"https://anvil.terra.bio/#workspaces/anvil-datastorage/AnVIL_CMG_Broad_Muscle_Beggs_WES","value":"AnVIL_CMG_Broad_Muscle_Beggs_WES/Su/BEG_1248-3_01"},{"system":"urn:ncpi:unique-string","value":"P.AnVIL-CMG-Broad-Muscle-Beggs-WES-Su-BEG-1248-3-01"}],"status":"off-study","study":{"reference":"ResearchStudy/AnVIL-CMG-Broad-Muscle-Beggs-WES"},"individual":{"reference":"Patient/P.AnVIL-CMG-Broad-Muscle-Beggs-WES-Su-BEG-1248-3-01"}}
{"resourceType":"ResearchSubject","id":"P.AnVIL-CMG-Broad-Muscle-Beggs-WES-Su-BEG-1251-1-01","meta":{"profile":["http://hl7.org/fhir/StructureDefinition/ResearchSubject"]},"identifier":[{"system":"https://anvil.terra.bio/#workspaces/anvil-datastorage/AnVIL_CMG_Broad_Muscle_Beggs_WES","value":"AnVIL_CMG_Broad_Muscle_Beggs_WES/Su/BEG_1251-1_01"},{"system":"urn:ncpi:unique-string","value":"P.AnVIL-CMG-Broad-Muscle-Beggs-WES-Su-BEG-1251-1-01"}],"status":"off-study","study":{"reference":"ResearchStudy/AnVIL-CMG-Broad-Muscle-Beggs-WES"},"individual":{"reference":"Patient/P.AnVIL-CMG-Broad-Muscle-Beggs-WES-Su-BEG-1251-1-01"}}
{"resourceType":"ResearchSubject","id":"P.AnVIL-CMG-Broad-Muscle-Beggs-WES-Su-BEG-1252-1-01","meta":{"profile":["http://hl7.org/fhir/StructureDefinition/ResearchSubject"]},"identifier":[{"system":"https://anvil.terra.bio/#workspaces/anvil-datastorage/AnVIL_CMG_Broad_Muscle_Beggs_WES","value":"AnVIL_CMG_Broad_Muscle_Beggs_WES/Su/BEG_1252-1_01"},{"system":"urn:ncpi:unique-string","value":"P.AnVIL-CMG-Broad-Muscle-Beggs-WES-Su-BEG-1252-1-01"}],"status":"off-study","study":{"reference":"ResearchStudy/AnVIL-CMG-Broad-Muscle-Beggs-WES"},"individual":{"reference":"Patient/P.AnVIL-CMG-Broad-Muscle-Beggs-WES-Su-BEG-1252-1-01"}}
{"resourceType":"ResearchSubject","id":"P.AnVIL-CMG-Broad-Muscle-Beggs-WES-Su-BEG-1285-1-01","meta":{"profile":["http://hl7.org/fhir/StructureDefinition/ResearchSubject"]},"identifier":[{"system":"https://anvil.terra.bio/#workspaces/anvil-datastorage/AnVIL_CMG_Broad_Muscle_Beggs_WES","value":"AnVIL_CMG_Broad_Muscle_Beggs_WES/Su/BEG_1285-1_01"},{"system":"urn:ncpi:unique-string","value":"P.AnVIL-CMG-Broad-Muscle-Beggs-WES-Su-BEG-1285-1-01"}],"status":"off-study","study":{"reference":"ResearchStudy/AnVIL-CMG-Broad-Muscle-Beggs-WES"},"individual":{"reference":"Patient/P.AnVIL-CMG-Broad-Muscle-Beggs-WES-Su-BEG-1285-1-01"}}
{"resourceType":"ResearchSubject","id":"P.AnVIL-CMG-Broad-Muscle-Beggs-WES-Su-BEG-1285-2-01","meta":{"profile":["http://hl7.org/fhir/StructureDefinition/ResearchSubject"]},"identifier":[{"system":"https://anvil.terra.bio/#workspaces/anvil-datastorage/AnVIL_CMG_Broad_Muscle_Beggs_WES","value":"AnVIL_CMG_Broad_Muscle_Beggs_WES/Su/BEG_1285-2_01"},{"system":"urn:ncpi:unique-string","value":"P.AnVIL-CMG-Broad-Muscle-Beggs-WES-Su-BEG-1285-2-01"}],"status":"off-study","study":{"reference":"ResearchStudy/AnVIL-CMG-Broad-Muscle-Beggs-WES"},"individual":{"reference":"Patient/P.AnVIL-CMG-Broad-Muscle-Beggs-WES-Su-BEG-1285-2-01"}}
{"resourceType":"ResearchSubject","id":"P.AnVIL-CMG-Broad-Muscle-Beggs-WES-Su-BEG-1285-3-01","meta":{"profile":["http://hl7.org/fhir/StructureDefinition/ResearchSubject"]},"identifier":[{"system":"https://anvil.terra.bio/#workspaces/anvil-datastorage/AnVIL_CMG_Broad_Muscle_Beggs_WES","value":"AnVIL_CMG_Broad_Muscle_Beggs_WES/Su/BEG_1285-3_01"},{"system":"urn:ncpi:unique-string","value":"P.AnVIL-CMG-Broad-Muscle-Beggs-WES-Su-BEG-1285-3-01"}],"status":"off-study","study":{"reference":"ResearchStudy/AnVIL-CMG-Broad-Muscle-Beggs-WES"},"individual":{"reference":"Patient/P.AnVIL-CMG-Broad-Muscle-Beggs-WES-Su-BEG-1285-3-01"}}
{"resourceType":"ResearchSubject","id":"P.AnVIL-CMG-Broad-Muscle-Beggs-WES-Su-BEG-1291-1-01","meta":{"profile":["http://hl7.org/fhir/StructureDefinition/ResearchSubject"]},"identifier":[{"system":"https://anvil.terra.bio/#workspaces/anvil-datastorage/AnVIL_CMG_Broad_Muscle_Beggs_WES","value":"AnVIL_CMG_Broad_Muscle_Beggs_WES/Su/BEG_1291-1_01"},{"system":"urn:ncpi:unique-string","value":"P.AnVIL-CMG-Broad-Muscle-Beggs-WES-Su-BEG-1291-1-01"}],"status":"off-study","study":{"reference":"ResearchStudy/AnVIL-CMG-Broad-Muscle-Beggs-WES"},"individual":{"reference":"Patient/P.AnVIL-CMG-Broad-Muscle-Beggs-WES-Su-BEG-1291-1-01"}}
{"resourceType":"ResearchSubject","id":"P.AnVIL-CMG-Broad-Muscle-Beggs-WES-Su-BEG-1291-2-01","meta":{"profile":["http://hl7.org/fhir/StructureDefinition/ResearchSubject"]},"identifier":[{"system":"https://anvil.terra.bio/#workspaces/anvil-datastorage/AnVIL_CMG_Broad_Muscle_Beggs_WES","value":"AnVIL_CMG_Broad_Muscle_Beggs_WES/Su/BEG_1291-2_01"},{"system":"urn:ncpi:unique-string","value":"P.AnVIL-CMG-Broad-Muscle-Beggs-WES-Su-BEG-1291-2-01"}],"status":"off-study","study":{"reference":"ResearchStudy/AnVIL-CMG-Broad-Muscle-Beggs-WES"},"individual":{"reference":"Patient/P.AnVIL-CMG-Broad-Muscle-Beggs-WES-Su-BEG-1291-2-01"}}
{"resourceType":"ResearchSubject","id":"P.AnVIL-CMG-Broad-Muscle-Beggs-WES-Su-BEG-1291-3-01","meta":{"profile":["http://hl7.org/fhir/StructureDefinition/ResearchSubject"]},"identifier":[{"system":"https://anvil.terra.bio/#workspaces/anvil-datastorage/AnVIL_CMG_Broad_Muscle_Beggs_WES","value":"AnVIL_CMG_Broad_Muscle_Beggs_WES/Su/BEG_1291-3_01"},{"system":"urn:ncpi:unique-string","value":"P.AnVIL-CMG-Broad-Muscle-Beggs-WES-Su-BEG-1291-3-01"}],"status":"off-study","study":{"reference":"ResearchStudy/AnVIL-CMG-Broad-Muscle-Beggs-WES"},"individual":{"reference":"Patient/P.AnVIL-CMG-Broad-Muscle-Beggs-WES-Su-BEG-1291-3-01"}}
{"resourceType":"ResearchSubject","id":"P.AnVIL-CMG-Broad-Muscle-Beggs-WES-Su-BEG-1314-1-01","meta":{"profile":["http://hl7.org/fhir/StructureDefinition/ResearchSubject"]},"identifier":[{"system":"https://anvil.terra.bio/#workspaces/anvil-datastorage/AnVIL_CMG_Broad_Muscle_Beggs_WES","value":"AnVIL_CMG_Broad_Muscle_Beggs_WES/Su/BEG_1314-1_01"},{"system":"urn:ncpi:unique-string","value":"P.AnVIL-CMG-Broad-Muscle-Beggs-WES-Su-BEG-1314-1-01"}],"status":"off-study","study":{"reference":"ResearchStudy/AnVIL-CMG-Broad-Muscle-Beggs-WES"},"individual":{"reference":"Patient/P.AnVIL-CMG-Broad-Muscle-Beggs-WES-Su-BEG-1314-1-01"}}
{"resourceType":"ResearchSubject","id":"P.AnVIL-CMG-Broad-Muscle-Beggs-WES-Su-BEG-1326-1-01","meta":{"profile":["http://hl7.org/fhir/StructureDefinition/ResearchSubject"]},"identifier":[{"system":"https://anvil.terra.bio/#workspaces/anvil-datastorage/AnVIL_CMG_Broad_Muscle_Beggs_WES","value":"AnVIL_CMG_Broad_Muscle_Beggs_WES/Su/BEG_1326-1_01"},{"system":"urn:ncpi:unique-string","value":"P.AnVIL-CMG-Broad-Muscle-Beggs-WES-Su-BEG-1326-1-01"}],"status":"off-study","study":{"reference":"ResearchStudy/AnVIL-CMG-Broad-Muscle-Beggs-WES"},"individual":{"reference":"Patient/P.AnVIL-CMG-Broad-Muscle-Beggs-WES-Su-BEG-1326-1-01"}}
{"resourceType":"ResearchSubject","id":"P.AnVIL-CMG-Broad-Muscle-Beggs-WES-Su-BEG-1326-2-01","meta":{"profile":["http://hl7.org/fhir/StructureDefinition/ResearchSubject"]},"identifier":[{"system":"https://anvil.terra.bio/#workspaces/anvil-datastorage/AnVIL_CMG_Broad_Muscle_Beggs_WES","value":"AnVIL_CMG_Broad_Muscle_Beggs_WES/Su/BEG_1326-2_01"},{"system":"urn:ncpi:unique-string","value":"P.AnVIL-CMG-Broad-Muscle-Beggs-WES-Su-BEG-1326-2-01"}],"status":"off-study","study":{"reference":"ResearchStudy/AnVIL-CMG-Broad-Muscle-Beggs-WES"},"individual":{"reference":"Patient/P.AnVIL-CMG-Broad-Muscle-Beggs-WES-Su-BEG-1326-2-01"}}
{"resourceType":"ResearchSubject","id":"P.AnVIL-CMG-Broad-Muscle-Beggs-WES-Su-BEG-1326-3-01","meta":{"profile":["http://hl7.org/fhir/StructureDefinition/ResearchSubject"]},"identifier":[{"system":"https://anvil.terra.bio/#workspaces/anvil-datastorage/AnVIL_CMG_Broad_Muscle_Beggs_WES","value":"AnVIL_CMG_Broad_Muscle_Beggs_WES/Su/BEG_1326-3_01"},{"system":"urn:ncpi:unique-string","value":"P.AnVIL-CMG-Broad-Muscle-Beggs-WES-Su-BEG-1326-3-01"}],"status":"off-study","study":{"reference":"ResearchStudy/AnVIL-CMG-Broad-Muscle-Beggs-WES"},"individual":{"reference":"Patient/P.AnVIL-CMG-Broad-Muscle-Beggs-WES-Su-BEG-1326-3-01"}}
{"resourceType":"ResearchSubject","id":"P.AnVIL-CMG-Broad-Muscle-Beggs-WES-Su-BEG-1329-1-01","meta":{"profile":["http://hl7.org/fhir/StructureDefinition/ResearchSubject"]},"identifier":[{"system":"https://anvil.terra.bio/#workspaces/anvil-datastorage/AnVIL_CMG_Broad_Muscle_Beggs_WES","value":"AnVIL_CMG_Broad_Muscle_Beggs_WES/Su/BEG_1329-1_01"},{"system":"urn:ncpi:unique-string","value":"P.AnVIL-CMG-Broad-Muscle-Beggs-WES-Su-BEG-1329-1-01"}],"status":"off-study","study":{"reference":"ResearchStudy/AnVIL-CMG-Broad-Muscle-Beggs-WES"},"individual":{"reference":"Patient/P.AnVIL-CMG-Broad-Muscle-Beggs-WES-Su-BEG-1329-1-01"}}
{"resourceType":"ResearchSubject","id":"P.AnVIL-CMG-Broad-Muscle-Beggs-WES-Su-BEG-1329-2-01","meta":{"profile":["http://hl7.org/fhir/StructureDefinition/ResearchSubject"]},"identifier":[{"system":"https://anvil.terra.bio/#workspaces/anvil-datastorage/AnVIL_CMG_Broad_Muscle_Beggs_WES","value":"AnVIL_CMG_Broad_Muscle_Beggs_WES/Su/BEG_1329-2_01"},{"system":"urn:ncpi:unique-string","value":"P.AnVIL-CMG-Broad-Muscle-Beggs-WES-Su-BEG-1329-2-01"}],"status":"off-study","study":{"reference":"ResearchStudy/AnVIL-CMG-Broad-Muscle-Beggs-WES"},"individual":{"reference":"Patient/P.AnVIL-CMG-Broad-Muscle-Beggs-WES-Su-BEG-1329-2-01"}}
{"resourceType":"ResearchSubject","id":"P.AnVIL-CMG-Broad-Muscle-Beggs-WES-Su-BEG-1329-3-01","meta":{"profile":["http://hl7.org/fhir/StructureDefinition/ResearchSubject"]},"identifier":[{"system":"https://anvil.terra.bio/#workspaces/anvil-datastorage/AnVIL_CMG_Broad_Muscle_Beggs_WES","value":"AnVIL_CMG_Broad_Muscle_Beggs_WES/Su/BEG_1329-3_01"},{"system":"urn:ncpi:unique-string","value":"P.AnVIL-CMG-Broad-Muscle-Beggs-WES-Su-BEG-1329-3-01"}],"status":"off-study","study":{"reference":"ResearchStudy/AnVIL-CMG-Broad-Muscle-Beggs-WES"},"individual":{"reference":"Patient/P.AnVIL-CMG-Broad-Muscle-Beggs-WES-Su-BEG-1329-3-01"}}
{"resourceType":"ResearchSubject","id":"P.AnVIL-CMG-Broad-Muscle-Beggs-WES-Su-BEG-1332-1-01","meta":{"profile":["http://hl7.org/fhir/StructureDefinition/ResearchSubject"]},"identifier":[{"system":"https://anvil.terra.bio/#workspaces/anvil-datastorage/AnVIL_CMG_Broad_Muscle_Beggs_WES","value":"AnVIL_CMG_Broad_Muscle_Beggs_WES/Su/BEG_1332-1_01"},{"system":"urn:ncpi:unique-string","value":"P.AnVIL-CMG-Broad-Muscle-Beggs-WES-Su-BEG-1332-1-01"}],"status":"off-study","study":{"reference":"ResearchStudy/AnVIL-CMG-Broad-Muscle-Beggs-WES"},"individual":{"reference":"Patient/P.AnVIL-CMG-Broad-Muscle-Beggs-WES-Su-BEG-1332-1-01"}}
{"resourceType":"ResearchSubject","id":"P.AnVIL-CMG-Broad-Muscle-Beggs-WES-Su-BEG-1332-2-01","meta":{"profile":["http://hl7.org/fhir/StructureDefinition/ResearchSubject"]},"identifier":[{"system":"https://anvil.terra.bio/#workspaces/anvil-datastorage/AnVIL_CMG_Broad_Muscle_Beggs_WES","value":"AnVIL_CMG_Broad_Muscle_Beggs_WES/Su/BEG_1332-2_01"},{"system":"urn:ncpi:unique-string","value":"P.AnVIL-CMG-Broad-Muscle-Beggs-WES-Su-BEG-1332-2-01"}],"status":"off-study","study":{"reference":"ResearchStudy/AnVIL-CMG-Broad-Muscle-Beggs-WES"},"individual":{"reference":"Patient/P.AnVIL-CMG-Broad-Muscle-Beggs-WES-Su-BEG-1332-2-01"}}
{"resourceType":"ResearchSubject","id":"P.AnVIL-CMG-Broad-Muscle-Beggs-WES-Su-BEG-1332-3-01","meta":{"profile":["http://hl7.org/fhir/StructureDefinition/ResearchSubject"]},"identifier":[{"system":"https://anvil.terra.bio/#workspaces/anvil-datastorage/AnVIL_CMG_Broad_Muscle_Beggs_WES","value":"AnVIL_CMG_Broad_Muscle_Beggs_WES/Su/BEG_1332-3_01"},{"system":"urn:ncpi:unique-string","value":"P.AnVIL-CMG-Broad-Muscle-Beggs-WES-Su-BEG-1332-3-01"}],"status":"off-study","study":{"reference":"ResearchStudy/AnVIL-CMG-Broad-Muscle-Beggs-WES"},"individual":{"reference":"Patient/P.AnVIL-CMG-Broad-Muscle-Beggs-WES-Su-BEG-1332-3-01"}}
{"resourceType":"ResearchSubject","id":"P.AnVIL-CMG-Broad-Muscle-Beggs-WES-Su-BEG-1345-1-01","meta":{"profile":["http://hl7.org/fhir/StructureDefinition/ResearchSubject"]},"identifier":[{"system":"https://anvil.terra.bio/#workspaces/anvil-datastorage/AnVIL_CMG_Broad_Muscle_Beggs_WES","value":"AnVIL_CMG_Broad_Muscle_Beggs_WES/Su/BEG_1345-1_01"},{"system":"urn:ncpi:unique-string","value":"P.AnVIL-CMG-Broad-Muscle-Beggs-WES-Su-BEG-1345-1-01"}],"status":"off-study","study":{"reference":"ResearchStudy/AnVIL-CMG-Broad-Muscle-Beggs-WES"},"individual":{"reference":"Patient/P.AnVIL-CMG-Broad-Muscle-Beggs-WES-Su-BEG-1345-1-01"}}
{"resourceType":"ResearchSubject","id":"P.AnVIL-CMG-Broad-Muscle-Beggs-WES-Su-BEG-1345-2-01","meta":{"profile":["http://hl7.org/fhir/StructureDefinition/ResearchSubject"]},"identifier":[{"system":"https://anvil.terra.bio/#workspaces/anvil-datastorage/AnVIL_CMG_Broad_Muscle_Beggs_WES","value":"AnVIL_CMG_Broad_Muscle_Beggs_WES/Su/BEG_1345-2_01"},{"system":"urn:ncpi:unique-string","value":"P.AnVIL-CMG-Broad-Muscle-Beggs-WES-Su-BEG-1345-2-01"}],"status":"off-study","study":{"reference":"ResearchStudy/AnVIL-CMG-Broad-Muscle-Beggs-WES"},"individual":{"reference":"Patient/P.AnVIL-CMG-Broad-Muscle-Beggs-WES-Su-BEG-1345-2-01"}}
{"resourceType":"ResearchSubject","id":"P.AnVIL-CMG-Broad-Muscle-Beggs-WES-Su-BEG-1345-3-01","meta":{"profile":["http://hl7.org/fhir/StructureDefinition/ResearchSubject"]},"identifier":[{"system":"https://anvil.terra.bio/#workspaces/anvil-datastorage/AnVIL_CMG_Broad_Muscle_Beggs_WES","value":"AnVIL_CMG_Broad_Muscle_Beggs_WES/Su/BEG_1345-3_01"},{"system":"urn:ncpi:unique-string","value":"P.AnVIL-CMG-Broad-Muscle-Beggs-WES-Su-BEG-1345-3-01"}],"status":"off-study","study":{"reference":"ResearchStudy/AnVIL-CMG-Broad-Muscle-Beggs-WES"},"individual":{"reference":"Patient/P.AnVIL-CMG-Broad-Muscle-Beggs-WES-Su-BEG-1345-3-01"}}
{"resourceType":"ResearchSubject","id":"P.AnVIL-CMG-Broad-Muscle-Beggs-WES-Su-BEG-1361-1-01","meta":{"profile":["http://hl7.org/fhir/StructureDefinition/ResearchSubject"]},"identifier":[{"system":"https://anvil.terra.bio/#workspaces/anvil-datastorage/AnVIL_CMG_Broad_Muscle_Beggs_WES","value":"AnVIL_CMG_Broad_Muscle_Beggs_WES/Su/BEG_1361-1_01"},{"system":"urn:ncpi:unique-string","value":"P.AnVIL-CMG-Broad-Muscle-Beggs-WES-Su-BEG-1361-1-01"}],"status":"off-study","study":{"reference":"ResearchStudy/AnVIL-CMG-Broad-Muscle-Beggs-WES"},"individual":{"reference":"Patient/P.AnVIL-CMG-Broad-Muscle-Beggs-WES-Su-BEG-1361-1-01"}}
{"resourceType":"ResearchSubject","id":"P.AnVIL-CMG-Broad-Muscle-Beggs-WES-Su-BEG-1364-1-01","meta":{"profile":["http://hl7.org/fhir/StructureDefinition/ResearchSubject"]},"identifier":[{"system":"https://anvil.terra.bio/#workspaces/anvil-datastorage/AnVIL_CMG_Broad_Muscle_Beggs_WES","value":"AnVIL_CMG_Broad_Muscle_Beggs_WES/Su/BEG_1364-1_01"},{"system":"urn:ncpi:unique-string","value":"P.AnVIL-CMG-Broad-Muscle-Beggs-WES-Su-BEG-1364-1-01"}],"status":"off-study","study":{"reference":"ResearchStudy/AnVIL-CMG-Broad-Muscle-Beggs-WES"},"individual":{"reference":"Patient/P.AnVIL-CMG-Broad-Muscle-Beggs-WES-Su-BEG-1364-1-01"}}
{"resourceType":"ResearchSubject","id":"P.AnVIL-CMG-Broad-Muscle-Beggs-WES-Su-BEG-1364-2-01","meta":{"profile":["http://hl7.org/fhir/StructureDefinition/ResearchSubject"]},"identifier":[{"system":"https://anvil.terra.bio/#workspaces/anvil-datastorage/AnVIL_CMG_Broad_Muscle_Beggs_WES","value":"AnVIL_CMG_Broad_Muscle_Beggs_WES/Su/BEG_1364-2_01"},{"system":"urn:ncpi:unique-string","value":"P.AnVIL-CMG-Broad-Muscle-Beggs-WES-Su-BEG-1364-2-01"}],"status":"off-study","study":{"reference":"ResearchStudy/AnVIL-CMG-Broad-Muscle-Beggs-WES"},"individual":{"reference":"Patient/P.AnVIL-CMG-Broad-Muscle-Beggs-WES-Su-BEG-1364-2-01"}}
{"resourceType":"ResearchSubject","id":"P.AnVIL-CMG-Broad-Muscle-Beggs-WES-Su-BEG-1364-3-01","meta":{"profile":["http://hl7.org/fhir/StructureDefinition/ResearchSubject"]},"identifier":[{"system":"https://anvil.terra.bio/#workspaces/anvil-datastorage/AnVIL_CMG_Broad_Muscle_Beggs_WES","value":"AnVIL_CMG_Broad_Muscle_Beggs_WES/Su/BEG_1364-3_01"},{"system":"urn:ncpi:unique-string","value":"P.AnVIL-CMG-Broad-Muscle-Beggs-WES-Su-BEG-1364-3-01"}],"status":"off-study","study":{"reference":"ResearchStudy/AnVIL-CMG-Broad-Muscle-Beggs-WES"},"individual":{"reference":"Patient/P.AnVIL-CMG-Broad-Muscle-Beggs-WES-Su-BEG-1364-3-01"}}
{"resourceType":"ResearchSubject","id":"P.AnVIL-CMG-Broad-Muscle-Beggs-WES-Su-BEG-1377-1-01","meta":{"profile":["http://hl7.org/fhir/StructureDefinition/ResearchSubject"]},"identifier":[{"system":"https://anvil.terra.bio/#workspaces/anvil-datastorage/AnVIL_CMG_Broad_Muscle_Beggs_WES","value":"AnVIL_CMG_Broad_Muscle_Beggs_WES/Su/BEG_1377-1_01"},{"system":"urn:ncpi:unique-string","value":"P.AnVIL-CMG-Broad-Muscle-Beggs-WES-Su-BEG-1377-1-01"}],"status":"off-study","study":{"reference":"ResearchStudy/AnVIL-CMG-Broad-Muscle-Beggs-WES"},"individual":{"reference":"Patient/P.AnVIL-CMG-Broad-Muscle-Beggs-WES-Su-BEG-1377-1-01"}}
{"resourceType":"ResearchSubject","id":"P.AnVIL-CMG-Broad-Muscle-Beggs-WES-Su-BEG-1393-1-01","meta":{"profile":["http://hl7.org/fhir/StructureDefinition/ResearchSubject"]},"identifier":[{"system":"https://anvil.terra.bio/#workspaces/anvil-datastorage/AnVIL_CMG_Broad_Muscle_Beggs_WES","value":"AnVIL_CMG_Broad_Muscle_Beggs_WES/Su/BEG_1393-1_01"},{"system":"urn:ncpi:unique-string","value":"P.AnVIL-CMG-Broad-Muscle-Beggs-WES-Su-BEG-1393-1-01"}],"status":"off-study","study":{"reference":"ResearchStudy/AnVIL-CMG-Broad-Muscle-Beggs-WES"},"individual":{"reference":"Patient/P.AnVIL-CMG-Broad-Muscle-Beggs-WES-Su-BEG-1393-1-01"}}
{"resourceType":"ResearchSubject","id":"P.AnVIL-CMG-Broad-Muscle-Beggs-WES-Su-BEG-1393-2-01","meta":{"profile":["http://hl7.org/fhir/StructureDefinition/ResearchSubject"]},"identifier":[{"system":"https://anvil.terra.bio/#workspaces/anvil-datastorage/AnVIL_CMG_Broad_Muscle_Beggs_WES","value":"AnVIL_CMG_Broad_Muscle_Beggs_WES/Su/BEG_1393-2_01"},{"system":"urn:ncpi:unique-string","value":"P.AnVIL-CMG-Broad-Muscle-Beggs-WES-Su-BEG-1393-2-01"}],"status":"off-study","study":{"reference":"ResearchStudy/AnVIL-CMG-Broad-Muscle-Beggs-WES"},"individual":{"reference":"Patient/P.AnVIL-CMG-Broad-Muscle-Beggs-WES-Su-BEG-1393-2-01"}}
{"resourceType":"ResearchSubject","id":"P.AnVIL-CMG-Broad-Muscle-Beggs-WES-Su-BEG-1393-3-01","meta":{"profile":["http://hl7.org/fhir/StructureDefinition/ResearchSubject"]},"identifier":[{"system":"https://anvil.terra.bio/#workspaces/anvil-datastorage/AnVIL_CMG_Broad_Muscle_Beggs_WES","value":"AnVIL_CMG_Broad_Muscle_Beggs_WES/Su/BEG_1393-3_01"},{"system":"urn:ncpi:unique-string","value":"P.AnVIL-CMG-Broad-Muscle-Beggs-WES-Su-BEG-1393-3-01"}],"status":"off-study","study":{"reference":"ResearchStudy/AnVIL-CMG-Broad-Muscle-Beggs-WES"},"individual":{"reference":"Patient/P.AnVIL-CMG-Broad-Muscle-Beggs-WES-Su-BEG-1393-3-01"}}
{"resourceType":"ResearchSubject","id":"P.AnVIL-CMG-Broad-Muscle-Beggs-WES-Su-BEG-1415-1-01","meta":{"profile":["http://hl7.org/fhir/StructureDefinition/ResearchSubject"]},"identifier":[{"system":"https://anvil.terra.bio/#workspaces/anvil-datastorage/AnVIL_CMG_Broad_Muscle_Beggs_WES","value":"AnVIL_CMG_Broad_Muscle_Beggs_WES/Su/BEG_1415-1_01"},{"system":"urn:ncpi:unique-string","value":"P.AnVIL-CMG-Broad-Muscle-Beggs-WES-Su-BEG-1415-1-01"}],"status":"off-study","study":{"reference":"ResearchStudy/AnVIL-CMG-Broad-Muscle-Beggs-WES"},"individual":{"reference":"Patient/P.AnVIL-CMG-Broad-Muscle-Beggs-WES-Su-BEG-1415-1-01"}}
{"resourceType":"ResearchSubject","id":"P.AnVIL-CMG-Broad-Muscle-Beggs-WES-Su-BEG-1415-2-01","meta":{"profile":["http://hl7.org/fhir/StructureDefinition/ResearchSubject"]},"identifier":[{"system":"https://anvil.terra.bio/#workspaces/anvil-datastorage/AnVIL_CMG_Broad_Muscle_Beggs_WES","value":"AnVIL_CMG_Broad_Muscle_Beggs_WES/Su/BEG_1415-2_01"},{"system":"urn:ncpi:unique-string","value":"P.AnVIL-CMG-Broad-Muscle-Beggs-WES-Su-BEG-1415-2-01"}],"status":"off-study","study":{"reference":"ResearchStudy/AnVIL-CMG-Broad-Muscle-Beggs-WES"},"individual":{"reference":"Patient/P.AnVIL-CMG-Broad-Muscle-Beggs-WES-Su-BEG-1415-2-01"}}
{"resourceType":"ResearchSubject","id":"P.AnVIL-CMG-Broad-Muscle-Beggs-WES-Su-BEG-1415-3-01","meta":{"profile":["http://hl7.org/fhir/StructureDefinition/ResearchSubject"]},"identifier":[{"system":"https://anvil.terra.bio/#workspaces/anvil-datastorage/AnVIL_CMG_Broad_Muscle_Beggs_WES","value":"AnVIL_CMG_Broad_Muscle_Beggs_WES/Su/BEG_1415-3_01"},{"system":"urn:ncpi:unique-string","value":"P.AnVIL-CMG-Broad-Muscle-Beggs-WES-Su-BEG-1415-3-01"}],"status":"off-study","study":{"reference":"ResearchStudy/AnVIL-CMG-Broad-Muscle-Beggs-WES"},"individual":{"reference":"Patient/P.AnVIL-CMG-Broad-Muscle-Beggs-WES-Su-BEG-1415-3-01"}}
{"resourceType":"ResearchSubject","id":"P.AnVIL-CMG-Broad-Muscle-Beggs-WES-Su-BEG-1435-1-01","meta":{"profile":["http://hl7.org/fhir/StructureDefinition/ResearchSubject"]},"identifier":[{"system":"https://anvil.terra.bio/#workspaces/anvil-datastorage/AnVIL_CMG_Broad_Muscle_Beggs_WES","value":"AnVIL_CMG_Broad_Muscle_Beggs_WES/Su/BEG_1435-1_01"},{"system":"urn:ncpi:unique-string","value":"P.AnVIL-CMG-Broad-Muscle-Beggs-WES-Su-BEG-1435-1-01"}],"status":"off-study","study":{"reference":"ResearchStudy/AnVIL-CMG-Broad-Muscle-Beggs-WES"},"individual":{"reference":"Patient/P.AnVIL-CMG-Broad-Muscle-Beggs-WES-Su-BEG-1435-1-01"}}
{"resourceType":"ResearchSubject","id":"P.AnVIL-CMG-Broad-Muscle-Beggs-WES-Su-BEG-1435-2-01","meta":{"profile":["http://hl7.org/fhir/StructureDefinition/ResearchSubject"]},"identifier":[{"system":"https://anvil.terra.bio/#workspaces/anvil-datastorage/AnVIL_CMG_Broad_Muscle_Beggs_WES","value":"AnVIL_CMG_Broad_Muscle_Beggs_WES/Su/BEG_1435-2_01"},{"system":"urn:ncpi:unique-string","value":"P.AnVIL-CMG-Broad-Muscle-Beggs-WES-Su-BEG-1435-2-01"}],"status":"off-study","study":{"reference":"ResearchStudy/AnVIL-CMG-Broad-Muscle-Beggs-WES"},"individual":{"reference":"Patient/P.AnVIL-CMG-Broad-Muscle-Beggs-WES-Su-BEG-1435-2-01"}}
{"resourceType":"ResearchSubject","id":"P.AnVIL-CMG-Broad-Muscle-Beggs-WES-Su-BEG-1435-3-01","meta":{"profile":["http://hl7.org/fhir/StructureDefinition/ResearchSubject"]},"identifier":[{"system":"https://anvil.terra.bio/#workspaces/anvil-datastorage/AnVIL_CMG_Broad_Muscle_Beggs_WES","value":"AnVIL_CMG_Broad_Muscle_Beggs_WES/Su/BEG_1435-3_01"},{"system":"urn:ncpi:unique-string","value":"P.AnVIL-CMG-Broad-Muscle-Beggs-WES-Su-BEG-1435-3-01"}],"status":"off-study","study":{"reference":"ResearchStudy/AnVIL-CMG-Broad-Muscle-Beggs-WES"},"individual":{"reference":"Patient/P.AnVIL-CMG-Broad-Muscle-Beggs-WES-Su-BEG-1435-3-01"}}
{"resourceType":"ResearchSubject","id":"P.AnVIL-CMG-Broad-Muscle-Beggs-WES-Su-BEG-1438-1-01","meta":{"profile":["http://hl7.org/fhir/StructureDefinition/ResearchSubject"]},"identifier":[{"system":"https://anvil.terra.bio/#workspaces/anvil-datastorage/AnVIL_CMG_Broad_Muscle_Beggs_WES","value":"AnVIL_CMG_Broad_Muscle_Beggs_WES/Su/BEG_1438-1_01"},{"system":"urn:ncpi:unique-string","value":"P.AnVIL-CMG-Broad-Muscle-Beggs-WES-Su-BEG-1438-1-01"}],"status":"off-study","study":{"reference":"ResearchStudy/AnVIL-CMG-Broad-Muscle-Beggs-WES"},"individual":{"reference":"Patient/P.AnVIL-CMG-Broad-Muscle-Beggs-WES-Su-BEG-1438-1-01"}}
{"resourceType":"ResearchSubject","id":"P.AnVIL-CMG-Broad-Muscle-Beggs-WES-Su-BEG-1438-2-01","meta":{"profile":["http://hl7.org/fhir/StructureDefinition/ResearchSubject"]},"identifier":[{"system":"https://anvil.terra.bio/#workspaces/anvil-datastorage/AnVIL_CMG_Broad_Muscle_Beggs_WES","value":"AnVIL_CMG_Broad_Muscle_Beggs_WES/Su/BEG_1438-2_01"},{"system":"urn:ncpi:unique-string","value":"P.AnVIL-CMG-Broad-Muscle-Beggs-WES-Su-BEG-1438-2-01"}],"status":"off-study","study":{"reference":"ResearchStudy/AnVIL-CMG-Broad-Muscle-Beggs-WES"},"individual":{"reference":"Patient/P.AnVIL-CMG-Broad-Muscle-Beggs-WES-Su-BEG-1438-2-01"}}
