{"resourceType":"Task","id":"T.Broad-Muscle-Beggs-WES-Sa-BEG-0761-1-01","status":"accepted","intent":"unknown","input":[{"type":{"coding":[{"code":"Specimen"}]},"valueReference":{"reference":"Specimen/Broad-Muscle-Beggs-WES-Sa-BEG-0761-1-01"}}],"output":[]}
{"resourceType":"Task","id":"T.Broad-Muscle-Beggs-WES-Sa-BEG-0761-2-01","status":"accepted","intent":"unknown","input":[{"type":{"coding":[{"code":"Specimen"}]},"valueReference":{"reference":"Specimen/Broad-Muscle-Beggs-WES-Sa-BEG-0761-2-01"}}],"output":[]}
{"resourceType":"Task","id":"T.Broad-Muscle-Beggs-WES-Sa-BEG-0761-3-01","status":"accepted","intent":"unknown","input":[{"type":{"coding":[{"code":"Specimen"}]},"valueReference":{"reference":"Specimen/Broad-Muscle-Beggs-WES-Sa-BEG-0761-3-01"}}],"output":[]}
{"resourceType":"Task","id":"T.Broad-Muscle-Beggs-WES-Sa-BEG-0912-1-01","status":"accepted","intent":"unknown","input":[{"type":{"coding":[{"code":"Specimen"}]},"valueReference":{"reference":"Specimen/Broad-Muscle-Beggs-WES-Sa-BEG-0912-1-01"}}],"output":[]}
{"resourceType":"Task","id":"T.Broad-Muscle-Beggs-WES-Sa-BEG-0912-2-01","status":"accepted","intent":"unknown","input":[{"type":{"coding":[{"code":"Specimen"}]},"valueReference":{"reference":"Specimen/Broad-Muscle-Beggs-WES-Sa-BEG-0912-2-01"}}],"output":[]}
{"resourceType":"Task","id":"T.Broad-Muscle-Beggs-WES-Sa-BEG-0912-3-01","status":"accepted","intent":"unknown","input":[{"type":{"coding":[{"code":"Specimen"}]},"valueReference":{"reference":"Specimen/Broad-Muscle-Beggs-WES-Sa-BEG-0912-3-01"}}],"output":[]}
{"resourceType":"Task","id":"T.Broad-Muscle-Beggs-WES-Sa-BEG-0990-1-01","status":"accepted","intent":"unknown","input":[{"type":{"coding":[{"code":"Specimen"}]},"valueReference":{"reference":"Specimen/Broad-Muscle-Beggs-WES-Sa-BEG-0990-1-01"}}],"output":[]}
{"resourceType":"Task","id":"T.Broad-Muscle-Beggs-WES-Sa-BEG-0990-2-01","status":"accepted","intent":"unknown","input":[{"type":{"coding":[{"code":"Specimen"}]},"valueReference":{"reference":"Specimen/Broad-Muscle-Beggs-WES-Sa-BEG-0990-2-01"}}],"output":[]}
{"resourceType":"Task","id":"T.Broad-Muscle-Beggs-WES-Sa-BEG-0990-3-01","status":"accepted","intent":"unknown","input":[{"type":{"coding":[{"code":"Specimen"}]},"valueReference":{"reference":"Specimen/Broad-Muscle-Beggs-WES-Sa-BEG-0990-3-01"}}],"output":[]}
{"resourceType":"Task","id":"T.Broad-Muscle-Beggs-WES-Sa-BEG-0992-1-01","status":"accepted","intent":"unknown","input":[{"type":{"coding":[{"code":"Specimen"}]},"valueReference":{"reference":"Specimen/Broad-Muscle-Beggs-WES-Sa-BEG-0992-1-01"}}],"output":[]}
{"resourceType":"Task","id":"T.Broad-Muscle-Beggs-WES-Sa-BEG-0992-2-01","status":"accepted","intent":"unknown","input":[{"type":{"coding":[{"code":"Specimen"}]},"valueReference":{"reference":"Specimen/Broad-Muscle-Beggs-WES-Sa-BEG-0992-2-01"}}],"output":[]}
{"resourceType":"Task","id":"T.Broad-Muscle-Beggs-WES-Sa-BEG-0992-3-01","status":"accepted","intent":"unknown","input":[{"type":{"coding":[{"code":"Specimen"}]},"valueReference":{"reference":"Specimen/Broad-Muscle-Beggs-WES-Sa-BEG-0992-3-01"}}],"output":[]}
{"resourceType":"Task","id":"T.Broad-Muscle-Beggs-WES-Sa-BEG-0995-1-01","status":"accepted","intent":"unknown","input":[{"type":{"coding":[{"code":"Specimen"}]},"valueReference":{"reference":"Specimen/Broad-Muscle-Beggs-WES-Sa-BEG-0995-1-01"}}],"output":[]}
{"resourceType":"Task","id":"T.Broad-Muscle-Beggs-WES-Sa-BEG-0995-2-01","status":"accepted","intent":"unknown","input":[{"type":{"coding":[{"code":"Specimen"}]},"valueReference":{"reference":"Specimen/Broad-Muscle-Beggs-WES-Sa-BEG-0995-2-01"}}],"output":[]}
{"resourceType":"Task","id":"T.Broad-Muscle-Beggs-WES-Sa-BEG-0995-3-01","status":"accepted","intent":"unknown","input":[{"type":{"coding":[{"code":"Specimen"}]},"valueReference":{"reference":"Specimen/Broad-Muscle-Beggs-WES-Sa-BEG-0995-3-01"}}],"output":[]}
{"resourceType":"Task","id":"T.Broad-Muscle-Beggs-WES-Sa-BEG-1047-1-01","status":"accepted","intent":"unknown","input":[{"type":{"coding":[{"code":"Specimen"}]},"valueReference":{"reference":"Specimen/Broad-Muscle-Beggs-WES-Sa-BEG-1047-1-01"}}],"output":[]}
{"resourceType":"Task","id":"T.Broad-Muscle-Beggs-WES-Sa-BEG-1054-1-01","status":"accepted","intent":"unknown","input":[{"type":{"coding":[{"code":"Specimen"}]},"valueReference":{"reference":"Specimen/Broad-Muscle-Beggs-WES-Sa-BEG-1054-1-01"}}],"output":[]}
{"resourceType":"Task","id":"T.Broad-Muscle-Beggs-WES-Sa-BEG-1057-1-01","status":"accepted","intent":"unknown","input":[{"type":{"coding":[{"code":"Specimen"}]},"valueReference":{"reference":"Specimen/Broad-Muscle-Beggs-WES-Sa-BEG-1057-1-01"}}],"output":[]}
{"resourceType":"Task","id":"T.Broad-Muscle-Beggs-WES-Sa-BEG-1072-1-01","status":"accepted","intent":"unknown","input":[{"type":{"coding":[{"code":"Specimen"}]},"valueReference":{"reference":"Specimen/Broad-Muscle-Beggs-WES-Sa-BEG-1072-1-01"}}],"output":[]}
{"resourceType":"Task","id":"T.Broad-Muscle-Beggs-WES-Sa-BEG-1078-1-01","status":"accepted","intent":"unknown","input":[{"type":{"coding":[{"code":"Specimen"}]},"valueReference":{"reference":"Specimen/Broad-Muscle-Beggs-WES-Sa-BEG-1078-1-01"}}],"output":[]}
{"resourceType":"Task","id":"T.Broad-Muscle-Beggs-WES-Sa-BEG-1078-2-01","status":"accepted","intent":"unknown","input":[{"type":{"coding":[{"code":"Specimen"}]},"valueReference":{"reference":"Specimen/Broad-Muscle-Beggs-WES-Sa-BEG-1078-2-01"}}],"output":[]}
{"resourceType":"Task","id":"T.Broad-Muscle-Beggs-WES-Sa-BEG-1078-3-01","status":"accepted","intent":"unknown","input":[{"type":{"coding":[{"code":"Specimen"}]},"valueReference":{"reference":"Specimen/Broad-Muscle-Beggs-WES-Sa-BEG-1078-3-01"}}],"output":[]}
{"resourceType":"Task","id":"T.Broad-Muscle-Beggs-WES-Sa-BEG-1083-1-01","status":"accepted","intent":"unknown","input":[{"type":{"coding":[{"code":"Specimen"}]},"valueReference":{"reference":"Specimen/Broad-Muscle-Beggs-WES-Sa-BEG-1083-1-01"}}],"output":[]}
{"resourceType":"Task","id":"T.Broad-Muscle-Beggs-WES-Sa-BEG-1085-1-01","status":"accepted","intent":"unknown","input":[{"type":{"coding":[{"code":"Specimen"}]},"valueReference":{"reference":"Specimen/Broad-Muscle-Beggs-WES-Sa-BEG-1085-1-01"}}],"output":[]}
{"resourceType":"Task","id":"T.Broad-Muscle-Beggs-WES-Sa-BEG-1085-2-01","status":"accepted","intent":"unknown","input":[{"type":{"coding":[{"code":"Specimen"}]},"valueReference":{"reference":"Specimen/Broad-Muscle-Beggs-WES-Sa-BEG-1085-2-01"}}],"output":[]}
{"resourceType":"Task","id":"T.Broad-Muscle-Beggs-WES-Sa-BEG-1085-3-01","status":"accepted","intent":"unknown","input":[{"type":{"coding":[{"code":"Specimen"}]},"valueReference":{"reference":"Specimen/Broad-Muscle-Beggs-WES-Sa-BEG-1085-3-01"}}],"output":[]}
{"resourceType":"Task","id":"T.Broad-Muscle-Beggs-WES-Sa-BEG-1095-1-01","status":"accepted","intent":"unknown","input":[{"type":{"coding":[{"code":"Specimen"}]},"valueReference":{"reference":"Specimen/Broad-Muscle-Beggs-WES-Sa-BEG-1095-1-01"}}],"output":[]}
{"resourceType":"Task","id":"T.Broad-Muscle-Beggs-WES-Sa-BEG-1095-2-01","status":"accepted","intent":"unknown","input":[{"type":{"coding":[{"code":"Specimen"}]},"valueReference":{"reference":"Specimen/Broad-Muscle-Beggs-WES-Sa-BEG-1095-2-01"}}],"output":[]}
{"resourceType":"Task","id":"T.Broad-Muscle-Beggs-WES-Sa-BEG-1095-3-01","status":"accepted","intent":"unknown","input":[{"type":{"coding":[{"code":"Specimen"}]},"valueReference":{"reference":"Specimen/Broad-Muscle-Beggs-WES-Sa-BEG-1095-3-01"}}],"output":[]}
{"resourceType":"Task","id":"T.Broad-Muscle-Beggs-WES-Sa-BEG-1111-1-01","status":"accepted","intent":"unknown","input":[{"type":{"coding":[{"code":"Specimen"}]},"valueReference":{"reference":"Specimen/Broad-Muscle-Beggs-WES-Sa-BEG-1111-1-01"}}],"output":[]}
{"resourceType":"Task","id":"T.Broad-Muscle-Beggs-WES-Sa-BEG-1111-2-01","status":"accepted","intent":"unknown","input":[{"type":{"coding":[{"code":"Specimen"}]},"valueReference":{"reference":"Specimen/Broad-Muscle-Beggs-WES-Sa-BEG-1111-2-01"}}],"output":[]}
{"resourceType":"Task","id":"T.Broad-Muscle-Beggs-WES-Sa-BEG-1111-3-01","status":"accepted","intent":"unknown","input":[{"type":{"coding":[{"code":"Specimen"}]},"valueReference":{"reference":"Specimen/Broad-Muscle-Beggs-WES-Sa-BEG-1111-3-01"}}],"output":[]}
{"resourceType":"Task","id":"T.Broad-Muscle-Beggs-WES-Sa-BEG-1114-1-01","status":"accepted","intent":"unknown","input":[{"type":{"coding":[{"code":"Specimen"}]},"valueReference":{"reference":"Specimen/Broad-Muscle-Beggs-WES-Sa-BEG-1114-1-01"}}],"output":[]}
{"resourceType":"Task","id":"T.Broad-Muscle-Beggs-WES-Sa-BEG-1114-2-01","status":"accepted","intent":"unknown","input":[{"type":{"coding":[{"code":"Specimen"}]},"valueReference":{"reference":"Specimen/Broad-Muscle-Beggs-WES-Sa-BEG-1114-2-01"}}],"output":[]}
{"resourceType":"Task","id":"T.Broad-Muscle-Beggs-WES-Sa-BEG-1114-3-01","status":"accepted","intent":"unknown","input":[{"type":{"coding":[{"code":"Specimen"}]},"valueReference":{"reference":"Specimen/Broad-Muscle-Beggs-WES-Sa-BEG-1114-3-01"}}],"output":[]}
{"resourceType":"Task","id":"T.Broad-Muscle-Beggs-WES-Sa-BEG-1121-1-01","status":"accepted","intent":"unknown","input":[{"type":{"coding":[{"code":"Specimen"}]},"valueReference":{"reference":"Specimen/Broad-Muscle-Beggs-WES-Sa-BEG-1121-1-01"}}],"output":[]}
{"resourceType":"Task","id":"T.Broad-Muscle-Beggs-WES-Sa-BEG-1121-2-01","status":"accepted","intent":"unknown","input":[{"type":{"coding":[{"code":"Specimen"}]},"valueReference":{"reference":"Specimen/Broad-Muscle-Beggs-WES-Sa-BEG-1121-2-01"}}],"output":[]}
{"resourceType":"Task","id":"T.Broad-Muscle-Beggs-WES-Sa-BEG-1121-3-01","status":"accepted","intent":"unknown","input":[{"type":{"coding":[{"code":"Specimen"}]},"valueReference":{"reference":"Specimen/Broad-Muscle-Beggs-WES-Sa-BEG-1121-3-01"}}],"output":[]}
{"resourceType":"Task","id":"T.Broad-Muscle-Beggs-WES-Sa-BEG-1126-1-01","status":"accepted","intent":"unknown","input":[{"type":{"coding":[{"code":"Specimen"}]},"valueReference":{"reference":"Specimen/Broad-Muscle-Beggs-WES-Sa-BEG-1126-1-01"}}],"output":[]}
{"resourceType":"Task","id":"T.Broad-Muscle-Beggs-WES-Sa-BEG-1134-1-01","status":"accepted","intent":"unknown","input":[{"type":{"coding":[{"code":"Specimen"}]},"valueReference":{"reference":"Specimen/Broad-Muscle-Beggs-WES-Sa-BEG-1134-1-01"}}],"output":[]}
{"resourceType":"Task","id":"T.Broad-Muscle-Beggs-WES-Sa-BEG-1139-1-01","status":"accepted","intent":"unknown","input":[{"type":{"coding":[{"code":"Specimen"}]},"valueReference":{"reference":"Specimen/Broad-Muscle-Beggs-WES-Sa-BEG-1139-1-01"}}],"output":[]}
{"resourceType":"Task","id":"T.Broad-Muscle-Beggs-WES-Sa-BEG-1139-2-01","status":"accepted","intent":"unknown","input":[{"type":{"coding":[{"code":"Specimen"}]},"valueReference":{"reference":"Specimen/Broad-Muscle-Beggs-WES-Sa-BEG-1139-2-01"}}],"output":[]}
{"resourceType":"Task","id":"T.Broad-Muscle-Beggs-WES-Sa-BEG-1139-3-01","status":"accepted","intent":"unknown","input":[{"type":{"coding":[{"code":"Specimen"}]},"valueReference":{"reference":"Specimen/Broad-Muscle-Beggs-WES-Sa-BEG-1139-3-01"}}],"output":[]}
{"resourceType":"Task","id":"T.Broad-Muscle-Beggs-WES-Sa-BEG-1142-1-01","status":"accepted","intent":"unknown","input":[{"type":{"coding":[{"code":"Specimen"}]},"valueReference":{"reference":"Specimen/Broad-Muscle-Beggs-WES-Sa-BEG-1142-1-01"}}],"output":[]}
{"resourceType":"Task","id":"T.Broad-Muscle-Beggs-WES-Sa-BEG-1142-2-01","status":"accepted","intent":"unknown","input":[{"type":{"coding":[{"code":"Specimen"}]},"valueReference":{"reference":"Specimen/Broad-Muscle-Beggs-WES-Sa-BEG-1142-2-01"}}],"output":[]}
{"resourceType":"Task","id":"T.Broad-Muscle-Beggs-WES-Sa-BEG-1142-3-01","status":"accepted","intent":"unknown","input":[{"type":{"coding":[{"code":"Specimen"}]},"valueReference":{"reference":"Specimen/Broad-Muscle-Beggs-WES-Sa-BEG-1142-3-01"}}],"output":[]}
{"resourceType":"Task","id":"T.Broad-Muscle-Beggs-WES-Sa-BEG-1154-1-01","status":"accepted","intent":"unknown","input":[{"type":{"coding":[{"code":"Specimen"}]},"valueReference":{"reference":"Specimen/Broad-Muscle-Beggs-WES-Sa-BEG-1154-1-01"}}],"output":[]}
{"resourceType":"Task","id":"T.Broad-Muscle-Beggs-WES-Sa-BEG-1165-1-01","status":"accepted","intent":"unknown","input":[{"type":{"coding":[{"code":"Specimen"}]},"valueReference":{"reference":"Specimen/Broad-Muscle-Beggs-WES-Sa-BEG-1165-1-01"}}],"output":[]}
{"resourceType":"Task","id":"T.Broad-Muscle-Beggs-WES-Sa-BEG-1173-1-01","status":"accepted","intent":"unknown","input":[{"type":{"coding":[{"code":"Specimen"}]},"valueReference":{"reference":"Specimen/Broad-Muscle-Beggs-WES-Sa-BEG-1173-1-01"}}],"output":[]}
{"resourceType":"Task","id":"T.Broad-Muscle-Beggs-WES-Sa-BEG-1173-2-01","status":"accepted","intent":"unknown","input":[{"type":{"coding":[{"code":"Specimen"}]},"valueReference":{"reference":"Specimen/Broad-Muscle-Beggs-WES-Sa-BEG-1173-2-01"}}],"output":[]}
{"resourceType":"Task","id":"T.Broad-Muscle-Beggs-WES-Sa-BEG-1173-3-01","status":"accepted","intent":"unknown","input":[{"type":{"coding":[{"code":"Specimen"}]},"valueReference":{"reference":"Specimen/Broad-Muscle-Beggs-WES-Sa-BEG-1173-3-01"}}],"output":[]}
{"resourceType":"Task","id":"T.Broad-Muscle-Beggs-WES-Sa-BEG-1174-1-01","status":"accepted","intent":"unknown","input":[{"type":{"coding":[{"code":"Specimen"}]},"valueReference":{"reference":"Specimen/Broad-Muscle-Beggs-WES-Sa-BEG-1174-1-01"}}],"output":[]}
{"resourceType":"Task","id":"T.Broad-Muscle-Beggs-WES-Sa-BEG-1174-2-01","status":"accepted","intent":"unknown","input":[{"type":{"coding":[{"code":"Specimen"}]},"valueReference":{"reference":"Specimen/Broad-Muscle-Beggs-WES-Sa-BEG-1174-2-01"}}],"output":[]}
{"resourceType":"Task","id":"T.Broad-Muscle-Beggs-WES-Sa-BEG-1174-3-01","status":"accepted","intent":"unknown","input":[{"type":{"coding":[{"code":"Specimen"}]},"valueReference":{"reference":"Specimen/Broad-Muscle-Beggs-WES-Sa-BEG-1174-3-01"}}],"output":[]}
{"resourceType":"Task","id":"T.Broad-Muscle-Beggs-WES-Sa-BEG-1181-1-01","status":"accepted","intent":"unknown","input":[{"type":{"coding":[{"code":"Specimen"}]},"valueReference":{"reference":"Specimen/Broad-Muscle-Beggs-WES-Sa-BEG-1181-1-01"}}],"output":[]}
{"resourceType":"Task","id":"T.Broad-Muscle-Beggs-WES-Sa-BEG-1187-1-01","status":"accepted","intent":"unknown","input":[{"type":{"coding":[{"code":"Specimen"}]},"valueReference":{"reference":"Specimen/Broad-Muscle-Beggs-WES-Sa-BEG-1187-1-01"}}],"output":[]}
{"resourceType":"Task","id":"T.Broad-Muscle-Beggs-WES-Sa-BEG-1187-2-01","status":"accepted","intent":"unknown","input":[{"type":{"coding":[{"code":"Specimen"}]},"valueReference":{"reference":"Specimen/Broad-Muscle-Beggs-WES-Sa-BEG-1187-2-01"}}],"output":[]}
{"resourceType":"Task","id":"T.Broad-Muscle-Beggs-WES-Sa-BEG-1187-3-01","status":"accepted","intent":"unknown","input":[{"type":{"coding":[{"code":"Specimen"}]},"valueReference":{"reference":"Specimen/Broad-Muscle-Beggs-WES-Sa-BEG-1187-3-01"}}],"output":[]}
{"resourceType":"Task","id":"T.Broad-Muscle-Beggs-WES-Sa-BEG-1200-1-01","status":"accepted","intent":"unknown","input":[{"type":{"coding":[{"code":"Specimen"}]},"valueReference":{"reference":"Specimen/Broad-Muscle-Beggs-WES-Sa-BEG-1200-1-01"}}],"output":[]}
{"resourceType":"Task","id":"T.Broad-Muscle-Beggs-WES-Sa-BEG-1208-1-01","status":"accepted","intent":"unknown","input":[{"type":{"coding":[{"code":"Specimen"}]},"valueReference":{"reference":"Specimen/Broad-Muscle-Beggs-WES-Sa-BEG-1208-1-01"}}],"output":[]}
{"resourceType":"Task","id":"T.Broad-Muscle-Beggs-WES-Sa-BEG-1208-2-01","status":"accepted","intent":"unknown","input":[{"type":{"coding":[{"code":"Specimen"}]},"valueReference":{"reference":"Specimen/Broad-Muscle-Beggs-WES-Sa-BEG-1208-2-01"}}],"output":[]}
{"resourceType":"Task","id":"T.Broad-Muscle-Beggs-WES-Sa-BEG-1208-3-01","status":"accepted","intent":"unknown","input":[{"type":{"coding":[{"code":"Specimen"}]},"valueReference":{"reference":"Specimen/Broad-Muscle-Beggs-WES-Sa-BEG-1208-3-01"}}],"output":[]}
{"resourceType":"Task","id":"T.Broad-Muscle-Beggs-WES-Sa-BEG-1214-1-01","status":"accepted","intent":"unknown","input":[{"type":{"coding":[{"code":"Specimen"}]},"valueReference":{"reference":"Specimen/Broad-Muscle-Beggs-WES-Sa-BEG-1214-1-01"}}],"output":[]}
{"resourceType":"Task","id":"T.Broad-Muscle-Beggs-WES-Sa-BEG-1221-1-01","status":"accepted","intent":"unknown","input":[{"type":{"coding":[{"code":"Specimen"}]},"valueReference":{"reference":"Specimen/Broad-Muscle-Beggs-WES-Sa-BEG-1221-1-01"}}],"output":[]}
{"resourceType":"Task","id":"T.Broad-Muscle-Beggs-WES-Sa-BEG-1221-2-01","status":"accepted","intent":"unknown","input":[{"type":{"coding":[{"code":"Specimen"}]},"valueReference":{"reference":"Specimen/Broad-Muscle-Beggs-WES-Sa-BEG-1221-2-01"}}],"output":[]}
{"resourceType":"Task","id":"T.Broad-Muscle-Beggs-WES-Sa-BEG-1221-3-01","status":"accepted","intent":"unknown","input":[{"type":{"coding":[{"code":"Specimen"}]},"valueReference":{"reference":"Specimen/Broad-Muscle-Beggs-WES-Sa-BEG-1221-3-01"}}],"output":[]}
{"resourceType":"Task","id":"T.Broad-Muscle-Beggs-WES-Sa-BEG-1230-1-01","status":"accepted","intent":"unknown","input":[{"type":{"coding":[{"code":"Specimen"}]},"valueReference":{"reference":"Specimen/Broad-Muscle-Beggs-WES-Sa-BEG-1230-1-01"}}],"output":[]}
{"resourceType":"Task","id":"T.Broad-Muscle-Beggs-WES-Sa-BEG-1230-2-01","status":"accepted","intent":"unknown","input":[{"type":{"coding":[{"code":"Specimen"}]},"valueReference":{"reference":"Specimen/Broad-Muscle-Beggs-WES-Sa-BEG-1230-2-01"}}],"output":[]}
{"resourceType":"Task","id":"T.Broad-Muscle-Beggs-WES-Sa-BEG-1230-3-01","status":"accepted","intent":"unknown","input":[{"type":{"coding":[{"code":"Specimen"}]},"valueReference":{"reference":"Specimen/Broad-Muscle-Beggs-WES-Sa-BEG-1230-3-01"}}],"output":[]}
{"resourceType":"Task","id":"T.Broad-Muscle-Beggs-WES-Sa-BEG-1248-1-01","status":"accepted","intent":"unknown","input":[{"type":{"coding":[{"code":"Specimen"}]},"valueReference":{"reference":"Specimen/Broad-Muscle-Beggs-WES-Sa-BEG-1248-1-01"}}],"output":[]}
{"resourceType":"Task","id":"T.Broad-Muscle-Beggs-WES-Sa-BEG-1248-2-01","status":"accepted","intent":"unknown","input":[{"type":{"coding":[{"code":"Specimen"}]},"valueReference":{"reference":"Specimen/Broad-Muscle-Beggs-WES-Sa-BEG-1248-2-01"}}],"output":[]}
{"resourceType":"Task","id":"T.Broad-Muscle-Beggs-WES-Sa-BEG-1248-3-01","status":"accepted","intent":"unknown","input":[{"type":{"coding":[{"code":"Specimen"}]},"valueReference":{"reference":"Specimen/Broad-Muscle-Beggs-WES-Sa-BEG-1248-3-01"}}],"output":[]}
{"resourceType":"Task","id":"T.Broad-Muscle-Beggs-WES-Sa-BEG-1251-1-01","status":"accepted","intent":"unknown","input":[{"type":{"coding":[{"code":"Specimen"}]},"valueReference":{"reference":"Specimen/Broad-Muscle-Beggs-WES-Sa-BEG-1251-1-01"}}],"output":[]}
{"resourceType":"Task","id":"T.Broad-Muscle-Beggs-WES-Sa-BEG-1252-1-01","status":"accepted","intent":"unknown","input":[{"type":{"coding":[{"code":"Specimen"}]},"valueReference":{"reference":"Specimen/Broad-Muscle-Beggs-WES-Sa-BEG-1252-1-01"}}],"output":[]}
{"resourceType":"Task","id":"T.Broad-Muscle-Beggs-WES-Sa-BEG-1285-1-01","status":"accepted","intent":"unknown","input":[{"type":{"coding":[{"code":"Specimen"}]},"valueReference":{"reference":"Specimen/Broad-Muscle-Beggs-WES-Sa-BEG-1285-1-01"}}],"output":[]}
{"resourceType":"Task","id":"T.Broad-Muscle-Beggs-WES-Sa-BEG-1285-2-01","status":"accepted","intent":"unknown","input":[{"type":{"coding":[{"code":"Specimen"}]},"valueReference":{"reference":"Specimen/Broad-Muscle-Beggs-WES-Sa-BEG-1285-2-01"}}],"output":[]}
{"resourceType":"Task","id":"T.Broad-Muscle-Beggs-WES-Sa-BEG-1285-3-01","status":"accepted","intent":"unknown","input":[{"type":{"coding":[{"code":"Specimen"}]},"valueReference":{"reference":"Specimen/Broad-Muscle-Beggs-WES-Sa-BEG-1285-3-01"}}],"output":[]}
{"resourceType":"Task","id":"T.Broad-Muscle-Beggs-WES-Sa-BEG-1291-1-01","status":"accepted","intent":"unknown","input":[{"type":{"coding":[{"code":"Specimen"}]},"valueReference":{"reference":"Specimen/Broad-Muscle-Beggs-WES-Sa-BEG-1291-1-01"}}],"output":[]}
{"resourceType":"Task","id":"T.Broad-Muscle-Beggs-WES-Sa-BEG-1291-2-01","status":"accepted","intent":"unknown","input":[{"type":{"coding":[{"code":"Specimen"}]},"valueReference":{"reference":"Specimen/Broad-Muscle-Beggs-WES-Sa-BEG-1291-2-01"}}],"output":[]}
{"resourceType":"Task","id":"T.Broad-Muscle-Beggs-WES-Sa-BEG-1291-3-01","status":"accepted","intent":"unknown","input":[{"type":{"coding":[{"code":"Specimen"}]},"valueReference":{"reference":"Specimen/Broad-Muscle-Beggs-WES-Sa-BEG-1291-3-01"}}],"output":[]}
{"resourceType":"Task","id":"T.Broad-Muscle-Beggs-WES-Sa-BEG-1314-1-01","status":"accepted","intent":"unknown","input":[{"type":{"coding":[{"code":"Specimen"}]},"valueReference":{"reference":"Specimen/Broad-Muscle-Beggs-WES-Sa-BEG-1314-1-01"}}],"output":[]}
{"resourceType":"Task","id":"T.Broad-Muscle-Beggs-WES-Sa-BEG-1326-1-01","status":"accepted","intent":"unknown","input":[{"type":{"coding":[{"code":"Specimen"}]},"valueReference":{"reference":"Specimen/Broad-Muscle-Beggs-WES-Sa-BEG-1326-1-01"}}],"output":[]}
{"resourceType":"Task","id":"T.Broad-Muscle-Beggs-WES-Sa-BEG-1326-2-01","status":"accepted","intent":"unknown","input":[{"type":{"coding":[{"code":"Specimen"}]},"valueReference":{"reference":"Specimen/Broad-Muscle-Beggs-WES-Sa-BEG-1326-2-01"}}],"output":[]}
{"resourceType":"Task","id":"T.Broad-Muscle-Beggs-WES-Sa-BEG-1326-3-01","status":"accepted","intent":"unknown","input":[{"type":{"coding":[{"code":"Specimen"}]},"valueReference":{"reference":"Specimen/Broad-Muscle-Beggs-WES-Sa-BEG-1326-3-01"}}],"output":[]}
{"resourceType":"Task","id":"T.Broad-Muscle-Beggs-WES-Sa-BEG-1329-1-01","status":"accepted","intent":"unknown","input":[{"type":{"coding":[{"code":"Specimen"}]},"valueReference":{"reference":"Specimen/Broad-Muscle-Beggs-WES-Sa-BEG-1329-1-01"}}],"output":[]}
{"resourceType":"Task","id":"T.Broad-Muscle-Beggs-WES-Sa-BEG-1329-2-01","status":"accepted","intent":"unknown","input":[{"type":{"coding":[{"code":"Specimen"}]},"valueReference":{"reference":"Specimen/Broad-Muscle-Beggs-WES-Sa-BEG-1329-2-01"}}],"output":[]}
{"resourceType":"Task","id":"T.Broad-Muscle-Beggs-WES-Sa-BEG-1329-3-01","status":"accepted","intent":"unknown","input":[{"type":{"coding":[{"code":"Specimen"}]},"valueReference":{"reference":"Specimen/Broad-Muscle-Beggs-WES-Sa-BEG-1329-3-01"}}],"output":[]}
{"resourceType":"Task","id":"T.Broad-Muscle-Beggs-WES-Sa-BEG-1332-1-01","status":"accepted","intent":"unknown","input":[{"type":{"coding":[{"code":"Specimen"}]},"valueReference":{"reference":"Specimen/Broad-Muscle-Beggs-WES-Sa-BEG-1332-1-01"}}],"output":[]}
{"resourceType":"Task","id":"T.Broad-Muscle-Beggs-WES-Sa-BEG-1332-2-01","status":"accepted","intent":"unknown","input":[{"type":{"coding":[{"code":"Specimen"}]},"valueReference":{"reference":"Specimen/Broad-Muscle-Beggs-WES-Sa-BEG-1332-2-01"}}],"output":[]}
{"resourceType":"Task","id":"T.Broad-Muscle-Beggs-WES-Sa-BEG-1332-3-01","status":"accepted","intent":"unknown","input":[{"type":{"coding":[{"code":"Specimen"}]},"valueReference":{"reference":"Specimen/Broad-Muscle-Beggs-WES-Sa-BEG-1332-3-01"}}],"output":[]}
{"resourceType":"Task","id":"T.Broad-Muscle-Beggs-WES-Sa-BEG-1345-1-01","status":"accepted","intent":"unknown","input":[{"type":{"coding":[{"code":"Specimen"}]},"valueReference":{"reference":"Specimen/Broad-Muscle-Beggs-WES-Sa-BEG-1345-1-01"}}],"output":[]}
{"resourceType":"Task","id":"T.Broad-Muscle-Beggs-WES-Sa-BEG-1345-2-01","status":"accepted","intent":"unknown","input":[{"type":{"coding":[{"code":"Specimen"}]},"valueReference":{"reference":"Specimen/Broad-Muscle-Beggs-WES-Sa-BEG-1345-2-01"}}],"output":[]}
{"resourceType":"Task","id":"T.Broad-Muscle-Beggs-WES-Sa-BEG-1345-3-01","status":"accepted","intent":"unknown","input":[{"type":{"coding":[{"code":"Specimen"}]},"valueReference":{"reference":"Specimen/Broad-Muscle-Beggs-WES-Sa-BEG-1345-3-01"}}],"output":[]}
{"resourceType":"Task","id":"T.Broad-Muscle-Beggs-WES-Sa-BEG-1361-1-01","status":"accepted","intent":"unknown","input":[{"type":{"coding":[{"code":"Specimen"}]},"valueReference":{"reference":"Specimen/Broad-Muscle-Beggs-WES-Sa-BEG-1361-1-01"}}],"output":[]}
{"resourceType":"Task","id":"T.Broad-Muscle-Beggs-WES-Sa-BEG-1364-1-01","status":"accepted","intent":"unknown","input":[{"type":{"coding":[{"code":"Specimen"}]},"valueReference":{"reference":"Specimen/Broad-Muscle-Beggs-WES-Sa-BEG-1364-1-01"}}],"output":[]}
{"resourceType":"Task","id":"T.Broad-Muscle-Beggs-WES-Sa-BEG-1364-2-01","status":"accepted","intent":"unknown","input":[{"type":{"coding":[{"code":"Specimen"}]},"valueReference":{"reference":"Specimen/Broad-Muscle-Beggs-WES-Sa-BEG-1364-2-01"}}],"output":[]}
{"resourceType":"Task","id":"T.Broad-Muscle-Beggs-WES-Sa-BEG-1364-3-01","status":"accepted","intent":"unknown","input":[{"type":{"coding":[{"code":"Specimen"}]},"valueReference":{"reference":"Specimen/Broad-Muscle-Beggs-WES-Sa-BEG-1364-3-01"}}],"output":[]}
{"resourceType":"Task","id":"T.Broad-Muscle-Beggs-WES-Sa-BEG-1377-1-01","status":"accepted","intent":"unknown","input":[{"type":{"coding":[{"code":"Specimen"}]},"valueReference":{"reference":"Specimen/Broad-Muscle-Beggs-WES-Sa-BEG-1377-1-01"}}],"output":[]}
{"resourceType":"Task","id":"T.Broad-Muscle-Beggs-WES-Sa-BEG-1393-1-01","status":"accepted","intent":"unknown","input":[{"type":{"coding":[{"code":"Specimen"}]},"valueReference":{"reference":"Specimen/Broad-Muscle-Beggs-WES-Sa-BEG-1393-1-01"}}],"output":[]}
{"resourceType":"Task","id":"T.Broad-Muscle-Beggs-WES-Sa-BEG-1393-2-01","status":"accepted","intent":"unknown","input":[{"type":{"coding":[{"code":"Specimen"}]},"valueReference":{"reference":"Specimen/Broad-Muscle-Beggs-WES-Sa-BEG-1393-2-01"}}],"output":[]}
{"resourceType":"Task","id":"T.Broad-Muscle-Beggs-WES-Sa-BEG-1393-3-01","status":"accepted","intent":"unknown","input":[{"type":{"coding":[{"code":"Specimen"}]},"valueReference":{"reference":"Specimen/Broad-Muscle-Beggs-WES-Sa-BEG-1393-3-01"}}],"output":[]}
{"resourceType":"Task","id":"T.Broad-Muscle-Beggs-WES-Sa-BEG-1415-1-01","status":"accepted","intent":"unknown","input":[{"type":{"coding":[{"code":"Specimen"}]},"valueReference":{"reference":"Specimen/Broad-Muscle-Beggs-WES-Sa-BEG-1415-1-01"}}],"output":[]}
{"resourceType":"Task","id":"T.Broad-Muscle-Beggs-WES-Sa-BEG-1415-2-01","status":"accepted","intent":"unknown","input":[{"type":{"coding":[{"code":"Specimen"}]},"valueReference":{"reference":"Specimen/Broad-Muscle-Beggs-WES-Sa-BEG-1415-2-01"}}],"output":[]}
{"resourceType":"Task","id":"T.Broad-Muscle-Beggs-WES-Sa-BEG-1415-3-01","status":"accepted","intent":"unknown","input":[{"type":{"coding":[{"code":"Specimen"}]},"valueReference":{"reference":"Specimen/Broad-Muscle-Beggs-WES-Sa-BEG-1415-3-01"}}],"output":[]}
{"resourceType":"Task","id":"T.Broad-Muscle-Beggs-WES-Sa-BEG-1435-1-01","status":"accepted","intent":"unknown","input":[{"type":{"coding":[{"code":"Specimen"}]},"valueReference":{"reference":"Specimen/Broad-Muscle-Beggs-WES-Sa-BEG-1435-1-01"}}],"output":[]}
{"resourceType":"Task","id":"T.Broad-Muscle-Beggs-WES-Sa-BEG-1435-2-01","status":"accepted","intent":"unknown","input":[{"type":{"coding":[{"code":"Specimen"}]},"valueReference":{"reference":"Specimen/Broad-Muscle-Beggs-WES-Sa-BEG-1435-2-01"}}],"output":[]}
{"resourceType":"Task","id":"T.Broad-Muscle-Beggs-WES-Sa-BEG-1435-3-01","status":"accepted","intent":"unknown","input":[{"type":{"coding":[{"code":"Specimen"}]},"valueReference":{"reference":"Specimen/Broad-Muscle-Beggs-WES-Sa-BEG-1435-3-01"}}],"output":[]}
{"resourceType":"Task","id":"T.Broad-Muscle-Beggs-WES-Sa-BEG-1438-1-01","status":"accepted","intent":"unknown","input":[{"type":{"coding":[{"code":"Specimen"}]},"valueReference":{"reference":"Specimen/Broad-Muscle-Beggs-WES-Sa-BEG-1438-1-01"}}],"output":[]}
{"resourceType":"Task","id":"T.Broad-Muscle-Beggs-WES-Sa-BEG-1438-2-01","status":"accepted","intent":"unknown","input":[{"type":{"coding":[{"code":"Specimen"}]},"valueReference":{"reference":"Specimen/Broad-Muscle-Beggs-WES-Sa-BEG-1438-2-01"}}],"output":[]}
