{"resourceType":"Observation","id":"rvation-AnVIL-CMG-Broad-Muscle-KNC-WES-Su-180CJ-DP-1-OMIM-117000","meta":{"profile":["http://fhir.ncpi-project-forge.io/StructureDefinition/ncpi-phenotype"]},"identifier":[{"system":"urn:ncpi:unique-string","value":"rvation-AnVIL-CMG-Broad-Muscle-KNC-WES-Su-180CJ-DP-1-OMIM-117000"}],"status":"final","code":{"coding":[{"system":"http://purl.obolibrary.org/obo/omim.owl","code":"OMIM:117000","display":"CENTRAL CORE DISEASE OF MUSCLE; CCD"}],"text":"CENTRAL CORE DISEASE OF MUSCLE; CCD"},"subject":{"reference":"Patient/P.AnVIL-CMG-Broad-Muscle-KNC-WES-Su-180CJ-DP-1"},"valueCodeableConcept":{"coding":[{"system":"http://snomed.info/sct","code":"373573001","display":"Clinical finding present (situation)"}],"text":"Phenotype Present"},"interpretation":[{"coding":[{"system":"http://terminology.hl7.org/CodeSystem/v3-ObservationInterpretation","code":"POS","display":"Positive"}],"text":"Present"}],"extension":[]}
{"resourceType":"Observation","id":"rvation-AnVIL-CMG-Broad-Muscle-KNC-WES-Su-381CJ-BP-1-OMIM-117000","meta":{"profile":["http://fhir.ncpi-project-forge.io/StructureDefinition/ncpi-phenotype"]},"identifier":[{"system":"urn:ncpi:unique-string","value":"rvation-AnVIL-CMG-Broad-Muscle-KNC-WES-Su-381CJ-BP-1-OMIM-117000"}],"status":"final","code":{"coding":[{"system":"http://purl.obolibrary.org/obo/omim.owl","code":"OMIM:117000","display":"CENTRAL CORE DISEASE OF MUSCLE; CCD"}],"text":"CENTRAL CORE DISEASE OF MUSCLE; CCD"},"subject":{"reference":"Patient/P.AnVIL-CMG-Broad-Muscle-KNC-WES-Su-381CJ-BP-1"},"valueCodeableConcept":{"coding":[{"system":"http://snomed.info/sct","code":"373573001","display":"Clinical finding present (situation)"}],"text":"Phenotype Present"},"interpretation":[{"coding":[{"system":"http://terminology.hl7.org/CodeSystem/v3-ObservationInterpretation","code":"POS","display":"Positive"}],"text":"Present"}],"extension":[]}
{"resourceType":"Observation","id":"rvation-AnVIL-CMG-Broad-Muscle-KNC-WES-Su-382CJ-NP-1-OMIM-117000","meta":{"profile":["http://fhir.ncpi-project-forge.io/StructureDefinition/ncpi-phenotype"]},"identifier":[{"system":"urn:ncpi:unique-string","value":"rvation-AnVIL-CMG-Broad-Muscle-KNC-WES-Su-382CJ-NP-1-OMIM-117000"}],"status":"final","code":{"coding":[{"system":"http://purl.obolibrary.org/obo/omim.owl","code":"OMIM:117000","display":"CENTRAL CORE DISEASE OF MUSCLE; CCD"}],"text":"CENTRAL CORE DISEASE OF MUSCLE; CCD"},"subject":{"reference":"Patient/P.AnVIL-CMG-Broad-Muscle-KNC-WES-Su-382CJ-NP-1"},"valueCodeableConcept":{"coding":[{"system":"http://snomed.info/sct","code":"373573001","display":"Clinical finding present (situation)"}],"text":"Phenotype Present"},"interpretation":[{"coding":[{"system":"http://terminology.hl7.org/CodeSystem/v3-ObservationInterpretation","code":"POS","display":"Positive"}],"text":"Present"}],"extension":[]}
{"resourceType":"Observation","id":"rvation-AnVIL-CMG-Broad-Muscle-KNC-WES-Su-386HT-LA-1-OMIM-608807","meta":{"profile":["http://fhir.ncpi-project-forge.io/StructureDefinition/ncpi-phenotype"]},"identifier":[{"system":"urn:ncpi:unique-string","value":"rvation-AnVIL-CMG-Broad-Muscle-KNC-WES-Su-386HT-LA-1-OMIM-608807"}],"status":"final","code":{"coding":[{"system":"http://purl.obolibrary.org/obo/omim.owl","code":"OMIM:608807","display":"MUSCULAR DYSTROPHY, LIMB-GIRDLE, AUTOSOMAL RECESSIVE 10; LGMDR10"}],"text":"MUSCULAR DYSTROPHY, LIMB-GIRDLE, AUTOSOMAL RECESSIVE 10; LGMDR10"},"subject":{"reference":"Patient/P.AnVIL-CMG-Broad-Muscle-KNC-WES-Su-386HT-LA-1"},"valueCodeableConcept":{"coding":[{"system":"http://snomed.info/sct","code":"373573001","display":"Clinical finding present (situation)"}],"text":"Phenotype Present"},"interpretation":[{"coding":[{"system":"http://terminology.hl7.org/CodeSystem/v3-ObservationInterpretation","code":"POS","display":"Positive"}],"text":"Present"}],"extension":[]}
{"resourceType":"Observation","id":"tion-AnVIL-CMG-Broad-Muscle-KNC-WES-Su-INMR-II-569-1-OMIM-254940","meta":{"profile":["http://fhir.ncpi-project-forge.io/StructureDefinition/ncpi-phenotype"]},"identifier":[{"system":"urn:ncpi:unique-string","value":"tion-AnVIL-CMG-Broad-Muscle-KNC-WES-Su-INMR-II-569-1-OMIM-254940"}],"status":"final","code":{"coding":[{"system":"http://purl.obolibrary.org/obo/omim.owl","code":"OMIM:254940","display":"CAREY-FINEMAN-ZITER SYNDROME; CFZS"}],"text":"CAREY-FINEMAN-ZITER SYNDROME; CFZS"},"subject":{"reference":"Patient/P.AnVIL-CMG-Broad-Muscle-KNC-WES-Su-INMR-II-569-1"},"valueCodeableConcept":{"coding":[{"system":"http://snomed.info/sct","code":"373573001","display":"Clinical finding present (situation)"}],"text":"Phenotype Present"},"interpretation":[{"coding":[{"system":"http://terminology.hl7.org/CodeSystem/v3-ObservationInterpretation","code":"POS","display":"Positive"}],"text":"Present"}],"extension":[]}
{"resourceType":"Observation","id":"tion-AnVIL-CMG-Broad-Muscle-KNC-WES-Su-INMR-II-570-1-OMIM-254940","meta":{"profile":["http://fhir.ncpi-project-forge.io/StructureDefinition/ncpi-phenotype"]},"identifier":[{"system":"urn:ncpi:unique-string","value":"tion-AnVIL-CMG-Broad-Muscle-KNC-WES-Su-INMR-II-570-1-OMIM-254940"}],"status":"final","code":{"coding":[{"system":"http://purl.obolibrary.org/obo/omim.owl","code":"OMIM:254940","display":"CAREY-FINEMAN-ZITER SYNDROME; CFZS"}],"text":"CAREY-FINEMAN-ZITER SYNDROME; CFZS"},"subject":{"reference":"Patient/P.AnVIL-CMG-Broad-Muscle-KNC-WES-Su-INMR-II-570-1"},"valueCodeableConcept":{"coding":[{"system":"http://snomed.info/sct","code":"373573001","display":"Clinical finding present (situation)"}],"text":"Phenotype Present"},"interpretation":[{"coding":[{"system":"http://terminology.hl7.org/CodeSystem/v3-ObservationInterpretation","code":"POS","display":"Positive"}],"text":"Present"}],"extension":[]}
{"resourceType":"Observation","id":"tion-AnVIL-CMG-Broad-Muscle-KNC-WES-Su-INMR-II-571-1-OMIM-254940","meta":{"profile":["http://fhir.ncpi-project-forge.io/StructureDefinition/ncpi-phenotype"]},"identifier":[{"system":"urn:ncpi:unique-string","value":"tion-AnVIL-CMG-Broad-Muscle-KNC-WES-Su-INMR-II-571-1-OMIM-254940"}],"status":"final","code":{"coding":[{"system":"http://purl.obolibrary.org/obo/omim.owl","code":"OMIM:254940","display":"CAREY-FINEMAN-ZITER SYNDROME; CFZS"}],"text":"CAREY-FINEMAN-ZITER SYNDROME; CFZS"},"subject":{"reference":"Patient/P.AnVIL-CMG-Broad-Muscle-KNC-WES-Su-INMR-II-571-1"},"valueCodeableConcept":{"coding":[{"system":"http://snomed.info/sct","code":"373573001","display":"Clinical finding present (situation)"}],"text":"Phenotype Present"},"interpretation":[{"coding":[{"system":"http://terminology.hl7.org/CodeSystem/v3-ObservationInterpretation","code":"POS","display":"Positive"}],"text":"Present"}],"extension":[]}
