{"resourceType":"Specimen","id":"Broad-Muscle-KNC-WES-Sa-171CB-CR-1","meta":{"profile":["http://hl7.org/fhir/StructureDefinition/Specimen"]},"identifier":[{"system":"https://anvil.terra.bio/#workspaces/anvil-datastorage/AnVIL_CMG_Broad_Muscle_KNC_WES","value":"Broad_Muscle_KNC_WES/Sa/171CB_CR_1"},{"system":"urn:ncpi:unique-string","value":"Specimen|AnVIL_CMG_Broad_Muscle_KNC_WES|Broad_Muscle_KNC_WES/Sa/171CB_CR_1"}],"subject":{"reference":"Patient/P.AnVIL-CMG-Broad-Muscle-KNC-WES-Su-171CB-CR-1"}}
{"resourceType":"Specimen","id":"Broad-Muscle-KNC-WES-Sa-180CJ-DP-1","meta":{"profile":["http://hl7.org/fhir/StructureDefinition/Specimen"]},"identifier":[{"system":"https://anvil.terra.bio/#workspaces/anvil-datastorage/AnVIL_CMG_Broad_Muscle_KNC_WES","value":"Broad_Muscle_KNC_WES/Sa/180CJ_DP_1"},{"system":"urn:ncpi:unique-string","value":"Specimen|AnVIL_CMG_Broad_Muscle_KNC_WES|Broad_Muscle_KNC_WES/Sa/180CJ_DP_1"}],"subject":{"reference":"Patient/P.AnVIL-CMG-Broad-Muscle-KNC-WES-Su-180CJ-DP-1"}}
{"resourceType":"Specimen","id":"Broad-Muscle-KNC-WES-Sa-287ET-KAm-1","meta":{"profile":["http://hl7.org/fhir/StructureDefinition/Specimen"]},"identifier":[{"system":"https://anvil.terra.bio/#workspaces/anvil-datastorage/AnVIL_CMG_Broad_Muscle_KNC_WES","value":"Broad_Muscle_KNC_WES/Sa/287ET_KAm_1"},{"system":"urn:ncpi:unique-string","value":"Specimen|AnVIL_CMG_Broad_Muscle_KNC_WES|Broad_Muscle_KNC_WES/Sa/287ET_KAm_1"}],"subject":{"reference":"Patient/P.AnVIL-CMG-Broad-Muscle-KNC-WES-Su-287ET-KAm-1"}}
{"resourceType":"Specimen","id":"Broad-Muscle-KNC-WES-Sa-288ET-KAb-1","meta":{"profile":["http://hl7.org/fhir/StructureDefinition/Specimen"]},"identifier":[{"system":"https://anvil.terra.bio/#workspaces/anvil-datastorage/AnVIL_CMG_Broad_Muscle_KNC_WES","value":"Broad_Muscle_KNC_WES/Sa/288ET_KAb_1"},{"system":"urn:ncpi:unique-string","value":"Specimen|AnVIL_CMG_Broad_Muscle_KNC_WES|Broad_Muscle_KNC_WES/Sa/288ET_KAb_1"}],"subject":{"reference":"Patient/P.AnVIL-CMG-Broad-Muscle-KNC-WES-Su-288ET-KAb-1"}}
{"resourceType":"Specimen","id":"Broad-Muscle-KNC-WES-Sa-376ET-ZK-1","meta":{"profile":["http://hl7.org/fhir/StructureDefinition/Specimen"]},"identifier":[{"system":"https://anvil.terra.bio/#workspaces/anvil-datastorage/AnVIL_CMG_Broad_Muscle_KNC_WES","value":"Broad_Muscle_KNC_WES/Sa/376ET_ZK_1"},{"system":"urn:ncpi:unique-string","value":"Specimen|AnVIL_CMG_Broad_Muscle_KNC_WES|Broad_Muscle_KNC_WES/Sa/376ET_ZK_1"}],"subject":{"reference":"Patient/P.AnVIL-CMG-Broad-Muscle-KNC-WES-Su-376ET-ZK-1"}}
{"resourceType":"Specimen","id":"Broad-Muscle-KNC-WES-Sa-378CB-NR-1","meta":{"profile":["http://hl7.org/fhir/StructureDefinition/Specimen"]},"identifier":[{"system":"https://anvil.terra.bio/#workspaces/anvil-datastorage/AnVIL_CMG_Broad_Muscle_KNC_WES","value":"Broad_Muscle_KNC_WES/Sa/378CB_NR_1"},{"system":"urn:ncpi:unique-string","value":"Specimen|AnVIL_CMG_Broad_Muscle_KNC_WES|Broad_Muscle_KNC_WES/Sa/378CB_NR_1"}],"subject":{"reference":"Patient/P.AnVIL-CMG-Broad-Muscle-KNC-WES-Su-378CB-NR-1"}}
{"resourceType":"Specimen","id":"Broad-Muscle-KNC-WES-Sa-379CB-NicR-1","meta":{"profile":["http://hl7.org/fhir/StructureDefinition/Specimen"]},"identifier":[{"system":"https://anvil.terra.bio/#workspaces/anvil-datastorage/AnVIL_CMG_Broad_Muscle_KNC_WES","value":"Broad_Muscle_KNC_WES/Sa/379CB_NicR_1"},{"system":"urn:ncpi:unique-string","value":"Specimen|AnVIL_CMG_Broad_Muscle_KNC_WES|Broad_Muscle_KNC_WES/Sa/379CB_NicR_1"}],"subject":{"reference":"Patient/P.AnVIL-CMG-Broad-Muscle-KNC-WES-Su-379CB-NicR-1"}}
{"resourceType":"Specimen","id":"Broad-Muscle-KNC-WES-Sa-380HR-RF-1","meta":{"profile":["http://hl7.org/fhir/StructureDefinition/Specimen"]},"identifier":[{"system":"https://anvil.terra.bio/#workspaces/anvil-datastorage/AnVIL_CMG_Broad_Muscle_KNC_WES","value":"Broad_Muscle_KNC_WES/Sa/380HR_RF_1"},{"system":"urn:ncpi:unique-string","value":"Specimen|AnVIL_CMG_Broad_Muscle_KNC_WES|Broad_Muscle_KNC_WES/Sa/380HR_RF_1"}],"subject":{"reference":"Patient/P.AnVIL-CMG-Broad-Muscle-KNC-WES-Su-380HR-RF-1"}}
{"resourceType":"Specimen","id":"Broad-Muscle-KNC-WES-Sa-381CJ-BP-1","meta":{"profile":["http://hl7.org/fhir/StructureDefinition/Specimen"]},"identifier":[{"system":"https://anvil.terra.bio/#workspaces/anvil-datastorage/AnVIL_CMG_Broad_Muscle_KNC_WES","value":"Broad_Muscle_KNC_WES/Sa/381CJ_BP_1"},{"system":"urn:ncpi:unique-string","value":"Specimen|AnVIL_CMG_Broad_Muscle_KNC_WES|Broad_Muscle_KNC_WES/Sa/381CJ_BP_1"}],"subject":{"reference":"Patient/P.AnVIL-CMG-Broad-Muscle-KNC-WES-Su-381CJ-BP-1"}}
{"resourceType":"Specimen","id":"Broad-Muscle-KNC-WES-Sa-382CJ-NP-1","meta":{"profile":["http://hl7.org/fhir/StructureDefinition/Specimen"]},"identifier":[{"system":"https://anvil.terra.bio/#workspaces/anvil-datastorage/AnVIL_CMG_Broad_Muscle_KNC_WES","value":"Broad_Muscle_KNC_WES/Sa/382CJ_NP_1"},{"system":"urn:ncpi:unique-string","value":"Specimen|AnVIL_CMG_Broad_Muscle_KNC_WES|Broad_Muscle_KNC_WES/Sa/382CJ_NP_1"}],"subject":{"reference":"Patient/P.AnVIL-CMG-Broad-Muscle-KNC-WES-Su-382CJ-NP-1"}}
{"resourceType":"Specimen","id":"Broad-Muscle-KNC-WES-Sa-383HS-KS-1","meta":{"profile":["http://hl7.org/fhir/StructureDefinition/Specimen"]},"identifier":[{"system":"https://anvil.terra.bio/#workspaces/anvil-datastorage/AnVIL_CMG_Broad_Muscle_KNC_WES","value":"Broad_Muscle_KNC_WES/Sa/383HS_KS_1"},{"system":"urn:ncpi:unique-string","value":"Specimen|AnVIL_CMG_Broad_Muscle_KNC_WES|Broad_Muscle_KNC_WES/Sa/383HS_KS_1"}],"subject":{"reference":"Patient/P.AnVIL-CMG-Broad-Muscle-KNC-WES-Su-383HS-KS-1"}}
{"resourceType":"Specimen","id":"Broad-Muscle-KNC-WES-Sa-384HS-GS-1","meta":{"profile":["http://hl7.org/fhir/StructureDefinition/Specimen"]},"identifier":[{"system":"https://anvil.terra.bio/#workspaces/anvil-datastorage/AnVIL_CMG_Broad_Muscle_KNC_WES","value":"Broad_Muscle_KNC_WES/Sa/384HS_GS_1"},{"system":"urn:ncpi:unique-string","value":"Specimen|AnVIL_CMG_Broad_Muscle_KNC_WES|Broad_Muscle_KNC_WES/Sa/384HS_GS_1"}],"subject":{"reference":"Patient/P.AnVIL-CMG-Broad-Muscle-KNC-WES-Su-384HS-GS-1"}}
{"resourceType":"Specimen","id":"Broad-Muscle-KNC-WES-Sa-385HS-GB-1","meta":{"profile":["http://hl7.org/fhir/StructureDefinition/Specimen"]},"identifier":[{"system":"https://anvil.terra.bio/#workspaces/anvil-datastorage/AnVIL_CMG_Broad_Muscle_KNC_WES","value":"Broad_Muscle_KNC_WES/Sa/385HS_GB_1"},{"system":"urn:ncpi:unique-string","value":"Specimen|AnVIL_CMG_Broad_Muscle_KNC_WES|Broad_Muscle_KNC_WES/Sa/385HS_GB_1"}],"subject":{"reference":"Patient/P.AnVIL-CMG-Broad-Muscle-KNC-WES-Su-385HS-GB-1"}}
{"resourceType":"Specimen","id":"Broad-Muscle-KNC-WES-Sa-386HT-LA-1","meta":{"profile":["http://hl7.org/fhir/StructureDefinition/Specimen"]},"identifier":[{"system":"https://anvil.terra.bio/#workspaces/anvil-datastorage/AnVIL_CMG_Broad_Muscle_KNC_WES","value":"Broad_Muscle_KNC_WES/Sa/386HT_LA_1"},{"system":"urn:ncpi:unique-string","value":"Specimen|AnVIL_CMG_Broad_Muscle_KNC_WES|Broad_Muscle_KNC_WES/Sa/386HT_LA_1"}],"subject":{"reference":"Patient/P.AnVIL-CMG-Broad-Muscle-KNC-WES-Su-386HT-LA-1"}}
{"resourceType":"Specimen","id":"Broad-Muscle-KNC-WES-Sa-INMR-GA-405-1","meta":{"profile":["http://hl7.org/fhir/StructureDefinition/Specimen"]},"identifier":[{"system":"https://anvil.terra.bio/#workspaces/anvil-datastorage/AnVIL_CMG_Broad_Muscle_KNC_WES","value":"Broad_Muscle_KNC_WES/Sa/INMR_GA_405_1"},{"system":"urn:ncpi:unique-string","value":"Specimen|AnVIL_CMG_Broad_Muscle_KNC_WES|Broad_Muscle_KNC_WES/Sa/INMR_GA_405_1"}],"subject":{"reference":"Patient/P.AnVIL-CMG-Broad-Muscle-KNC-WES-Su-INMR-GA-405-1"}}
{"resourceType":"Specimen","id":"Broad-Muscle-KNC-WES-Sa-INMR-GA-406-1","meta":{"profile":["http://hl7.org/fhir/StructureDefinition/Specimen"]},"identifier":[{"system":"https://anvil.terra.bio/#workspaces/anvil-datastorage/AnVIL_CMG_Broad_Muscle_KNC_WES","value":"Broad_Muscle_KNC_WES/Sa/INMR_GA_406_1"},{"system":"urn:ncpi:unique-string","value":"Specimen|AnVIL_CMG_Broad_Muscle_KNC_WES|Broad_Muscle_KNC_WES/Sa/INMR_GA_406_1"}],"subject":{"reference":"Patient/P.AnVIL-CMG-Broad-Muscle-KNC-WES-Su-INMR-GA-406-1"}}
{"resourceType":"Specimen","id":"Broad-Muscle-KNC-WES-Sa-INMR-GA-407-1","meta":{"profile":["http://hl7.org/fhir/StructureDefinition/Specimen"]},"identifier":[{"system":"https://anvil.terra.bio/#workspaces/anvil-datastorage/AnVIL_CMG_Broad_Muscle_KNC_WES","value":"Broad_Muscle_KNC_WES/Sa/INMR_GA_407_1"},{"system":"urn:ncpi:unique-string","value":"Specimen|AnVIL_CMG_Broad_Muscle_KNC_WES|Broad_Muscle_KNC_WES/Sa/INMR_GA_407_1"}],"subject":{"reference":"Patient/P.AnVIL-CMG-Broad-Muscle-KNC-WES-Su-INMR-GA-407-1"}}
{"resourceType":"Specimen","id":"Broad-Muscle-KNC-WES-Sa-INMR-GB-408-1","meta":{"profile":["http://hl7.org/fhir/StructureDefinition/Specimen"]},"identifier":[{"system":"https://anvil.terra.bio/#workspaces/anvil-datastorage/AnVIL_CMG_Broad_Muscle_KNC_WES","value":"Broad_Muscle_KNC_WES/Sa/INMR_GB_408_1"},{"system":"urn:ncpi:unique-string","value":"Specimen|AnVIL_CMG_Broad_Muscle_KNC_WES|Broad_Muscle_KNC_WES/Sa/INMR_GB_408_1"}],"subject":{"reference":"Patient/P.AnVIL-CMG-Broad-Muscle-KNC-WES-Su-INMR-GB-408-1"}}
{"resourceType":"Specimen","id":"Broad-Muscle-KNC-WES-Sa-INMR-GB-409-1","meta":{"profile":["http://hl7.org/fhir/StructureDefinition/Specimen"]},"identifier":[{"system":"https://anvil.terra.bio/#workspaces/anvil-datastorage/AnVIL_CMG_Broad_Muscle_KNC_WES","value":"Broad_Muscle_KNC_WES/Sa/INMR_GB_409_1"},{"system":"urn:ncpi:unique-string","value":"Specimen|AnVIL_CMG_Broad_Muscle_KNC_WES|Broad_Muscle_KNC_WES/Sa/INMR_GB_409_1"}],"subject":{"reference":"Patient/P.AnVIL-CMG-Broad-Muscle-KNC-WES-Su-INMR-GB-409-1"}}
{"resourceType":"Specimen","id":"Broad-Muscle-KNC-WES-Sa-INMR-GB-410-1","meta":{"profile":["http://hl7.org/fhir/StructureDefinition/Specimen"]},"identifier":[{"system":"https://anvil.terra.bio/#workspaces/anvil-datastorage/AnVIL_CMG_Broad_Muscle_KNC_WES","value":"Broad_Muscle_KNC_WES/Sa/INMR_GB_410_1"},{"system":"urn:ncpi:unique-string","value":"Specimen|AnVIL_CMG_Broad_Muscle_KNC_WES|Broad_Muscle_KNC_WES/Sa/INMR_GB_410_1"}],"subject":{"reference":"Patient/P.AnVIL-CMG-Broad-Muscle-KNC-WES-Su-INMR-GB-410-1"}}
{"resourceType":"Specimen","id":"Broad-Muscle-KNC-WES-Sa-INMR-GC-412-1","meta":{"profile":["http://hl7.org/fhir/StructureDefinition/Specimen"]},"identifier":[{"system":"https://anvil.terra.bio/#workspaces/anvil-datastorage/AnVIL_CMG_Broad_Muscle_KNC_WES","value":"Broad_Muscle_KNC_WES/Sa/INMR_GC_412_1"},{"system":"urn:ncpi:unique-string","value":"Specimen|AnVIL_CMG_Broad_Muscle_KNC_WES|Broad_Muscle_KNC_WES/Sa/INMR_GC_412_1"}],"subject":{"reference":"Patient/P.AnVIL-CMG-Broad-Muscle-KNC-WES-Su-INMR-GC-412-1"}}
{"resourceType":"Specimen","id":"Broad-Muscle-KNC-WES-Sa-INMR-GC-413-1","meta":{"profile":["http://hl7.org/fhir/StructureDefinition/Specimen"]},"identifier":[{"system":"https://anvil.terra.bio/#workspaces/anvil-datastorage/AnVIL_CMG_Broad_Muscle_KNC_WES","value":"Broad_Muscle_KNC_WES/Sa/INMR_GC_413_1"},{"system":"urn:ncpi:unique-string","value":"Specimen|AnVIL_CMG_Broad_Muscle_KNC_WES|Broad_Muscle_KNC_WES/Sa/INMR_GC_413_1"}],"subject":{"reference":"Patient/P.AnVIL-CMG-Broad-Muscle-KNC-WES-Su-INMR-GC-413-1"}}
{"resourceType":"Specimen","id":"Broad-Muscle-KNC-WES-Sa-INMR-GC-414-1","meta":{"profile":["http://hl7.org/fhir/StructureDefinition/Specimen"]},"identifier":[{"system":"https://anvil.terra.bio/#workspaces/anvil-datastorage/AnVIL_CMG_Broad_Muscle_KNC_WES","value":"Broad_Muscle_KNC_WES/Sa/INMR_GC_414_1"},{"system":"urn:ncpi:unique-string","value":"Specimen|AnVIL_CMG_Broad_Muscle_KNC_WES|Broad_Muscle_KNC_WES/Sa/INMR_GC_414_1"}],"subject":{"reference":"Patient/P.AnVIL-CMG-Broad-Muscle-KNC-WES-Su-INMR-GC-414-1"}}
{"resourceType":"Specimen","id":"Broad-Muscle-KNC-WES-Sa-INMR-GI-456-1","meta":{"profile":["http://hl7.org/fhir/StructureDefinition/Specimen"]},"identifier":[{"system":"https://anvil.terra.bio/#workspaces/anvil-datastorage/AnVIL_CMG_Broad_Muscle_KNC_WES","value":"Broad_Muscle_KNC_WES/Sa/INMR_GI_456_1"},{"system":"urn:ncpi:unique-string","value":"Specimen|AnVIL_CMG_Broad_Muscle_KNC_WES|Broad_Muscle_KNC_WES/Sa/INMR_GI_456_1"}],"subject":{"reference":"Patient/P.AnVIL-CMG-Broad-Muscle-KNC-WES-Su-INMR-GI-456-1"}}
{"resourceType":"Specimen","id":"Broad-Muscle-KNC-WES-Sa-INMR-GI-457-1","meta":{"profile":["http://hl7.org/fhir/StructureDefinition/Specimen"]},"identifier":[{"system":"https://anvil.terra.bio/#workspaces/anvil-datastorage/AnVIL_CMG_Broad_Muscle_KNC_WES","value":"Broad_Muscle_KNC_WES/Sa/INMR_GI_457_1"},{"system":"urn:ncpi:unique-string","value":"Specimen|AnVIL_CMG_Broad_Muscle_KNC_WES|Broad_Muscle_KNC_WES/Sa/INMR_GI_457_1"}],"subject":{"reference":"Patient/P.AnVIL-CMG-Broad-Muscle-KNC-WES-Su-INMR-GI-457-1"}}
{"resourceType":"Specimen","id":"Broad-Muscle-KNC-WES-Sa-INMR-GI-458-1","meta":{"profile":["http://hl7.org/fhir/StructureDefinition/Specimen"]},"identifier":[{"system":"https://anvil.terra.bio/#workspaces/anvil-datastorage/AnVIL_CMG_Broad_Muscle_KNC_WES","value":"Broad_Muscle_KNC_WES/Sa/INMR_GI_458_1"},{"system":"urn:ncpi:unique-string","value":"Specimen|AnVIL_CMG_Broad_Muscle_KNC_WES|Broad_Muscle_KNC_WES/Sa/INMR_GI_458_1"}],"subject":{"reference":"Patient/P.AnVIL-CMG-Broad-Muscle-KNC-WES-Su-INMR-GI-458-1"}}
{"resourceType":"Specimen","id":"Broad-Muscle-KNC-WES-Sa-INMR-HW-389-1","meta":{"profile":["http://hl7.org/fhir/StructureDefinition/Specimen"]},"identifier":[{"system":"https://anvil.terra.bio/#workspaces/anvil-datastorage/AnVIL_CMG_Broad_Muscle_KNC_WES","value":"Broad_Muscle_KNC_WES/Sa/INMR_HW_389_1"},{"system":"urn:ncpi:unique-string","value":"Specimen|AnVIL_CMG_Broad_Muscle_KNC_WES|Broad_Muscle_KNC_WES/Sa/INMR_HW_389_1"}],"subject":{"reference":"Patient/P.AnVIL-CMG-Broad-Muscle-KNC-WES-Su-INMR-HW-389-1"}}
{"resourceType":"Specimen","id":"Broad-Muscle-KNC-WES-Sa-INMR-HW-390-1","meta":{"profile":["http://hl7.org/fhir/StructureDefinition/Specimen"]},"identifier":[{"system":"https://anvil.terra.bio/#workspaces/anvil-datastorage/AnVIL_CMG_Broad_Muscle_KNC_WES","value":"Broad_Muscle_KNC_WES/Sa/INMR_HW_390_1"},{"system":"urn:ncpi:unique-string","value":"Specimen|AnVIL_CMG_Broad_Muscle_KNC_WES|Broad_Muscle_KNC_WES/Sa/INMR_HW_390_1"}],"subject":{"reference":"Patient/P.AnVIL-CMG-Broad-Muscle-KNC-WES-Su-INMR-HW-390-1"}}
{"resourceType":"Specimen","id":"Broad-Muscle-KNC-WES-Sa-INMR-HW-391-1","meta":{"profile":["http://hl7.org/fhir/StructureDefinition/Specimen"]},"identifier":[{"system":"https://anvil.terra.bio/#workspaces/anvil-datastorage/AnVIL_CMG_Broad_Muscle_KNC_WES","value":"Broad_Muscle_KNC_WES/Sa/INMR_HW_391_1"},{"system":"urn:ncpi:unique-string","value":"Specimen|AnVIL_CMG_Broad_Muscle_KNC_WES|Broad_Muscle_KNC_WES/Sa/INMR_HW_391_1"}],"subject":{"reference":"Patient/P.AnVIL-CMG-Broad-Muscle-KNC-WES-Su-INMR-HW-391-1"}}
{"resourceType":"Specimen","id":"Broad-Muscle-KNC-WES-Sa-INMR-HX-394-1","meta":{"profile":["http://hl7.org/fhir/StructureDefinition/Specimen"]},"identifier":[{"system":"https://anvil.terra.bio/#workspaces/anvil-datastorage/AnVIL_CMG_Broad_Muscle_KNC_WES","value":"Broad_Muscle_KNC_WES/Sa/INMR_HX_394_1"},{"system":"urn:ncpi:unique-string","value":"Specimen|AnVIL_CMG_Broad_Muscle_KNC_WES|Broad_Muscle_KNC_WES/Sa/INMR_HX_394_1"}],"subject":{"reference":"Patient/P.AnVIL-CMG-Broad-Muscle-KNC-WES-Su-INMR-HX-394-1"}}
{"resourceType":"Specimen","id":"Broad-Muscle-KNC-WES-Sa-INMR-HX-395-1","meta":{"profile":["http://hl7.org/fhir/StructureDefinition/Specimen"]},"identifier":[{"system":"https://anvil.terra.bio/#workspaces/anvil-datastorage/AnVIL_CMG_Broad_Muscle_KNC_WES","value":"Broad_Muscle_KNC_WES/Sa/INMR_HX_395_1"},{"system":"urn:ncpi:unique-string","value":"Specimen|AnVIL_CMG_Broad_Muscle_KNC_WES|Broad_Muscle_KNC_WES/Sa/INMR_HX_395_1"}],"subject":{"reference":"Patient/P.AnVIL-CMG-Broad-Muscle-KNC-WES-Su-INMR-HX-395-1"}}
{"resourceType":"Specimen","id":"Broad-Muscle-KNC-WES-Sa-INMR-HX-396-1","meta":{"profile":["http://hl7.org/fhir/StructureDefinition/Specimen"]},"identifier":[{"system":"https://anvil.terra.bio/#workspaces/anvil-datastorage/AnVIL_CMG_Broad_Muscle_KNC_WES","value":"Broad_Muscle_KNC_WES/Sa/INMR_HX_396_1"},{"system":"urn:ncpi:unique-string","value":"Specimen|AnVIL_CMG_Broad_Muscle_KNC_WES|Broad_Muscle_KNC_WES/Sa/INMR_HX_396_1"}],"subject":{"reference":"Patient/P.AnVIL-CMG-Broad-Muscle-KNC-WES-Su-INMR-HX-396-1"}}
{"resourceType":"Specimen","id":"Broad-Muscle-KNC-WES-Sa-INMR-HZ-401-1","meta":{"profile":["http://hl7.org/fhir/StructureDefinition/Specimen"]},"identifier":[{"system":"https://anvil.terra.bio/#workspaces/anvil-datastorage/AnVIL_CMG_Broad_Muscle_KNC_WES","value":"Broad_Muscle_KNC_WES/Sa/INMR_HZ_401_1"},{"system":"urn:ncpi:unique-string","value":"Specimen|AnVIL_CMG_Broad_Muscle_KNC_WES|Broad_Muscle_KNC_WES/Sa/INMR_HZ_401_1"}],"subject":{"reference":"Patient/P.AnVIL-CMG-Broad-Muscle-KNC-WES-Su-INMR-HZ-401-1"}}
{"resourceType":"Specimen","id":"Broad-Muscle-KNC-WES-Sa-INMR-HZ-402-1","meta":{"profile":["http://hl7.org/fhir/StructureDefinition/Specimen"]},"identifier":[{"system":"https://anvil.terra.bio/#workspaces/anvil-datastorage/AnVIL_CMG_Broad_Muscle_KNC_WES","value":"Broad_Muscle_KNC_WES/Sa/INMR_HZ_402_1"},{"system":"urn:ncpi:unique-string","value":"Specimen|AnVIL_CMG_Broad_Muscle_KNC_WES|Broad_Muscle_KNC_WES/Sa/INMR_HZ_402_1"}],"subject":{"reference":"Patient/P.AnVIL-CMG-Broad-Muscle-KNC-WES-Su-INMR-HZ-402-1"}}
{"resourceType":"Specimen","id":"Broad-Muscle-KNC-WES-Sa-INMR-HZ-403-1","meta":{"profile":["http://hl7.org/fhir/StructureDefinition/Specimen"]},"identifier":[{"system":"https://anvil.terra.bio/#workspaces/anvil-datastorage/AnVIL_CMG_Broad_Muscle_KNC_WES","value":"Broad_Muscle_KNC_WES/Sa/INMR_HZ_403_1"},{"system":"urn:ncpi:unique-string","value":"Specimen|AnVIL_CMG_Broad_Muscle_KNC_WES|Broad_Muscle_KNC_WES/Sa/INMR_HZ_403_1"}],"subject":{"reference":"Patient/P.AnVIL-CMG-Broad-Muscle-KNC-WES-Su-INMR-HZ-403-1"}}
{"resourceType":"Specimen","id":"Broad-Muscle-KNC-WES-Sa-INMR-IG-561-1","meta":{"profile":["http://hl7.org/fhir/StructureDefinition/Specimen"]},"identifier":[{"system":"https://anvil.terra.bio/#workspaces/anvil-datastorage/AnVIL_CMG_Broad_Muscle_KNC_WES","value":"Broad_Muscle_KNC_WES/Sa/INMR_IG_561_1"},{"system":"urn:ncpi:unique-string","value":"Specimen|AnVIL_CMG_Broad_Muscle_KNC_WES|Broad_Muscle_KNC_WES/Sa/INMR_IG_561_1"}],"subject":{"reference":"Patient/P.AnVIL-CMG-Broad-Muscle-KNC-WES-Su-INMR-IG-561-1"}}
{"resourceType":"Specimen","id":"Broad-Muscle-KNC-WES-Sa-INMR-IG-562-1","meta":{"profile":["http://hl7.org/fhir/StructureDefinition/Specimen"]},"identifier":[{"system":"https://anvil.terra.bio/#workspaces/anvil-datastorage/AnVIL_CMG_Broad_Muscle_KNC_WES","value":"Broad_Muscle_KNC_WES/Sa/INMR_IG_562_1"},{"system":"urn:ncpi:unique-string","value":"Specimen|AnVIL_CMG_Broad_Muscle_KNC_WES|Broad_Muscle_KNC_WES/Sa/INMR_IG_562_1"}],"subject":{"reference":"Patient/P.AnVIL-CMG-Broad-Muscle-KNC-WES-Su-INMR-IG-562-1"}}
{"resourceType":"Specimen","id":"Broad-Muscle-KNC-WES-Sa-INMR-IG-563-1","meta":{"profile":["http://hl7.org/fhir/StructureDefinition/Specimen"]},"identifier":[{"system":"https://anvil.terra.bio/#workspaces/anvil-datastorage/AnVIL_CMG_Broad_Muscle_KNC_WES","value":"Broad_Muscle_KNC_WES/Sa/INMR_IG_563_1"},{"system":"urn:ncpi:unique-string","value":"Specimen|AnVIL_CMG_Broad_Muscle_KNC_WES|Broad_Muscle_KNC_WES/Sa/INMR_IG_563_1"}],"subject":{"reference":"Patient/P.AnVIL-CMG-Broad-Muscle-KNC-WES-Su-INMR-IG-563-1"}}
{"resourceType":"Specimen","id":"Broad-Muscle-KNC-WES-Sa-INMR-II-569-1","meta":{"profile":["http://hl7.org/fhir/StructureDefinition/Specimen"]},"identifier":[{"system":"https://anvil.terra.bio/#workspaces/anvil-datastorage/AnVIL_CMG_Broad_Muscle_KNC_WES","value":"Broad_Muscle_KNC_WES/Sa/INMR_II_569_1"},{"system":"urn:ncpi:unique-string","value":"Specimen|AnVIL_CMG_Broad_Muscle_KNC_WES|Broad_Muscle_KNC_WES/Sa/INMR_II_569_1"}],"subject":{"reference":"Patient/P.AnVIL-CMG-Broad-Muscle-KNC-WES-Su-INMR-II-569-1"}}
{"resourceType":"Specimen","id":"Broad-Muscle-KNC-WES-Sa-INMR-II-570-1","meta":{"profile":["http://hl7.org/fhir/StructureDefinition/Specimen"]},"identifier":[{"system":"https://anvil.terra.bio/#workspaces/anvil-datastorage/AnVIL_CMG_Broad_Muscle_KNC_WES","value":"Broad_Muscle_KNC_WES/Sa/INMR_II_570_1"},{"system":"urn:ncpi:unique-string","value":"Specimen|AnVIL_CMG_Broad_Muscle_KNC_WES|Broad_Muscle_KNC_WES/Sa/INMR_II_570_1"}],"subject":{"reference":"Patient/P.AnVIL-CMG-Broad-Muscle-KNC-WES-Su-INMR-II-570-1"}}
{"resourceType":"Specimen","id":"Broad-Muscle-KNC-WES-Sa-INMR-II-571-1","meta":{"profile":["http://hl7.org/fhir/StructureDefinition/Specimen"]},"identifier":[{"system":"https://anvil.terra.bio/#workspaces/anvil-datastorage/AnVIL_CMG_Broad_Muscle_KNC_WES","value":"Broad_Muscle_KNC_WES/Sa/INMR_II_571_1"},{"system":"urn:ncpi:unique-string","value":"Specimen|AnVIL_CMG_Broad_Muscle_KNC_WES|Broad_Muscle_KNC_WES/Sa/INMR_II_571_1"}],"subject":{"reference":"Patient/P.AnVIL-CMG-Broad-Muscle-KNC-WES-Su-INMR-II-571-1"}}
{"resourceType":"Specimen","id":"Broad-Muscle-KNC-WES-Sa-INMR-IK-581-1","meta":{"profile":["http://hl7.org/fhir/StructureDefinition/Specimen"]},"identifier":[{"system":"https://anvil.terra.bio/#workspaces/anvil-datastorage/AnVIL_CMG_Broad_Muscle_KNC_WES","value":"Broad_Muscle_KNC_WES/Sa/INMR_IK_581_1"},{"system":"urn:ncpi:unique-string","value":"Specimen|AnVIL_CMG_Broad_Muscle_KNC_WES|Broad_Muscle_KNC_WES/Sa/INMR_IK_581_1"}],"subject":{"reference":"Patient/P.AnVIL-CMG-Broad-Muscle-KNC-WES-Su-INMR-IK-581-1"}}
{"resourceType":"Specimen","id":"Broad-Muscle-KNC-WES-Sa-INMR-IK-582-1","meta":{"profile":["http://hl7.org/fhir/StructureDefinition/Specimen"]},"identifier":[{"system":"https://anvil.terra.bio/#workspaces/anvil-datastorage/AnVIL_CMG_Broad_Muscle_KNC_WES","value":"Broad_Muscle_KNC_WES/Sa/INMR_IK_582_1"},{"system":"urn:ncpi:unique-string","value":"Specimen|AnVIL_CMG_Broad_Muscle_KNC_WES|Broad_Muscle_KNC_WES/Sa/INMR_IK_582_1"}],"subject":{"reference":"Patient/P.AnVIL-CMG-Broad-Muscle-KNC-WES-Su-INMR-IK-582-1"}}
{"resourceType":"Specimen","id":"Broad-Muscle-KNC-WES-Sa-INMR-IK-583-1","meta":{"profile":["http://hl7.org/fhir/StructureDefinition/Specimen"]},"identifier":[{"system":"https://anvil.terra.bio/#workspaces/anvil-datastorage/AnVIL_CMG_Broad_Muscle_KNC_WES","value":"Broad_Muscle_KNC_WES/Sa/INMR_IK_583_1"},{"system":"urn:ncpi:unique-string","value":"Specimen|AnVIL_CMG_Broad_Muscle_KNC_WES|Broad_Muscle_KNC_WES/Sa/INMR_IK_583_1"}],"subject":{"reference":"Patient/P.AnVIL-CMG-Broad-Muscle-KNC-WES-Su-INMR-IK-583-1"}}
