{"resourceType":"Task","id":"T.Broad-Muscle-KNC-WES-Sa-171CB-CR-1","status":"accepted","intent":"unknown","input":[{"type":{"coding":[{"code":"Specimen"}]},"valueReference":{"reference":"Specimen/Broad-Muscle-KNC-WES-Sa-171CB-CR-1"}}],"output":[]}
{"resourceType":"Task","id":"T.Broad-Muscle-KNC-WES-Sa-180CJ-DP-1","status":"accepted","intent":"unknown","input":[{"type":{"coding":[{"code":"Specimen"}]},"valueReference":{"reference":"Specimen/Broad-Muscle-KNC-WES-Sa-180CJ-DP-1"}}],"output":[]}
{"resourceType":"Task","id":"T.Broad-Muscle-KNC-WES-Sa-287ET-KAm-1","status":"accepted","intent":"unknown","input":[{"type":{"coding":[{"code":"Specimen"}]},"valueReference":{"reference":"Specimen/Broad-Muscle-KNC-WES-Sa-287ET-KAm-1"}}],"output":[]}
{"resourceType":"Task","id":"T.Broad-Muscle-KNC-WES-Sa-288ET-KAb-1","status":"accepted","intent":"unknown","input":[{"type":{"coding":[{"code":"Specimen"}]},"valueReference":{"reference":"Specimen/Broad-Muscle-KNC-WES-Sa-288ET-KAb-1"}}],"output":[]}
{"resourceType":"Task","id":"T.Broad-Muscle-KNC-WES-Sa-376ET-ZK-1","status":"accepted","intent":"unknown","input":[{"type":{"coding":[{"code":"Specimen"}]},"valueReference":{"reference":"Specimen/Broad-Muscle-KNC-WES-Sa-376ET-ZK-1"}}],"output":[]}
{"resourceType":"Task","id":"T.Broad-Muscle-KNC-WES-Sa-378CB-NR-1","status":"accepted","intent":"unknown","input":[{"type":{"coding":[{"code":"Specimen"}]},"valueReference":{"reference":"Specimen/Broad-Muscle-KNC-WES-Sa-378CB-NR-1"}}],"output":[]}
{"resourceType":"Task","id":"T.Broad-Muscle-KNC-WES-Sa-379CB-NicR-1","status":"accepted","intent":"unknown","input":[{"type":{"coding":[{"code":"Specimen"}]},"valueReference":{"reference":"Specimen/Broad-Muscle-KNC-WES-Sa-379CB-NicR-1"}}],"output":[]}
{"resourceType":"Task","id":"T.Broad-Muscle-KNC-WES-Sa-380HR-RF-1","status":"accepted","intent":"unknown","input":[{"type":{"coding":[{"code":"Specimen"}]},"valueReference":{"reference":"Specimen/Broad-Muscle-KNC-WES-Sa-380HR-RF-1"}}],"output":[]}
{"resourceType":"Task","id":"T.Broad-Muscle-KNC-WES-Sa-381CJ-BP-1","status":"accepted","intent":"unknown","input":[{"type":{"coding":[{"code":"Specimen"}]},"valueReference":{"reference":"Specimen/Broad-Muscle-KNC-WES-Sa-381CJ-BP-1"}}],"output":[]}
{"resourceType":"Task","id":"T.Broad-Muscle-KNC-WES-Sa-382CJ-NP-1","status":"accepted","intent":"unknown","input":[{"type":{"coding":[{"code":"Specimen"}]},"valueReference":{"reference":"Specimen/Broad-Muscle-KNC-WES-Sa-382CJ-NP-1"}}],"output":[]}
{"resourceType":"Task","id":"T.Broad-Muscle-KNC-WES-Sa-383HS-KS-1","status":"accepted","intent":"unknown","input":[{"type":{"coding":[{"code":"Specimen"}]},"valueReference":{"reference":"Specimen/Broad-Muscle-KNC-WES-Sa-383HS-KS-1"}}],"output":[]}
{"resourceType":"Task","id":"T.Broad-Muscle-KNC-WES-Sa-384HS-GS-1","status":"accepted","intent":"unknown","input":[{"type":{"coding":[{"code":"Specimen"}]},"valueReference":{"reference":"Specimen/Broad-Muscle-KNC-WES-Sa-384HS-GS-1"}}],"output":[]}
{"resourceType":"Task","id":"T.Broad-Muscle-KNC-WES-Sa-385HS-GB-1","status":"accepted","intent":"unknown","input":[{"type":{"coding":[{"code":"Specimen"}]},"valueReference":{"reference":"Specimen/Broad-Muscle-KNC-WES-Sa-385HS-GB-1"}}],"output":[]}
{"resourceType":"Task","id":"T.Broad-Muscle-KNC-WES-Sa-386HT-LA-1","status":"accepted","intent":"unknown","input":[{"type":{"coding":[{"code":"Specimen"}]},"valueReference":{"reference":"Specimen/Broad-Muscle-KNC-WES-Sa-386HT-LA-1"}}],"output":[]}
{"resourceType":"Task","id":"T.Broad-Muscle-KNC-WES-Sa-INMR-GA-405-1","status":"accepted","intent":"unknown","input":[{"type":{"coding":[{"code":"Specimen"}]},"valueReference":{"reference":"Specimen/Broad-Muscle-KNC-WES-Sa-INMR-GA-405-1"}}],"output":[]}
{"resourceType":"Task","id":"T.Broad-Muscle-KNC-WES-Sa-INMR-GA-406-1","status":"accepted","intent":"unknown","input":[{"type":{"coding":[{"code":"Specimen"}]},"valueReference":{"reference":"Specimen/Broad-Muscle-KNC-WES-Sa-INMR-GA-406-1"}}],"output":[]}
{"resourceType":"Task","id":"T.Broad-Muscle-KNC-WES-Sa-INMR-GA-407-1","status":"accepted","intent":"unknown","input":[{"type":{"coding":[{"code":"Specimen"}]},"valueReference":{"reference":"Specimen/Broad-Muscle-KNC-WES-Sa-INMR-GA-407-1"}}],"output":[]}
{"resourceType":"Task","id":"T.Broad-Muscle-KNC-WES-Sa-INMR-GB-408-1","status":"accepted","intent":"unknown","input":[{"type":{"coding":[{"code":"Specimen"}]},"valueReference":{"reference":"Specimen/Broad-Muscle-KNC-WES-Sa-INMR-GB-408-1"}}],"output":[]}
{"resourceType":"Task","id":"T.Broad-Muscle-KNC-WES-Sa-INMR-GB-409-1","status":"accepted","intent":"unknown","input":[{"type":{"coding":[{"code":"Specimen"}]},"valueReference":{"reference":"Specimen/Broad-Muscle-KNC-WES-Sa-INMR-GB-409-1"}}],"output":[]}
{"resourceType":"Task","id":"T.Broad-Muscle-KNC-WES-Sa-INMR-GB-410-1","status":"accepted","intent":"unknown","input":[{"type":{"coding":[{"code":"Specimen"}]},"valueReference":{"reference":"Specimen/Broad-Muscle-KNC-WES-Sa-INMR-GB-410-1"}}],"output":[]}
{"resourceType":"Task","id":"T.Broad-Muscle-KNC-WES-Sa-INMR-GC-412-1","status":"accepted","intent":"unknown","input":[{"type":{"coding":[{"code":"Specimen"}]},"valueReference":{"reference":"Specimen/Broad-Muscle-KNC-WES-Sa-INMR-GC-412-1"}}],"output":[]}
{"resourceType":"Task","id":"T.Broad-Muscle-KNC-WES-Sa-INMR-GC-413-1","status":"accepted","intent":"unknown","input":[{"type":{"coding":[{"code":"Specimen"}]},"valueReference":{"reference":"Specimen/Broad-Muscle-KNC-WES-Sa-INMR-GC-413-1"}}],"output":[]}
{"resourceType":"Task","id":"T.Broad-Muscle-KNC-WES-Sa-INMR-GC-414-1","status":"accepted","intent":"unknown","input":[{"type":{"coding":[{"code":"Specimen"}]},"valueReference":{"reference":"Specimen/Broad-Muscle-KNC-WES-Sa-INMR-GC-414-1"}}],"output":[]}
{"resourceType":"Task","id":"T.Broad-Muscle-KNC-WES-Sa-INMR-GI-456-1","status":"accepted","intent":"unknown","input":[{"type":{"coding":[{"code":"Specimen"}]},"valueReference":{"reference":"Specimen/Broad-Muscle-KNC-WES-Sa-INMR-GI-456-1"}}],"output":[]}
{"resourceType":"Task","id":"T.Broad-Muscle-KNC-WES-Sa-INMR-GI-457-1","status":"accepted","intent":"unknown","input":[{"type":{"coding":[{"code":"Specimen"}]},"valueReference":{"reference":"Specimen/Broad-Muscle-KNC-WES-Sa-INMR-GI-457-1"}}],"output":[]}
{"resourceType":"Task","id":"T.Broad-Muscle-KNC-WES-Sa-INMR-GI-458-1","status":"accepted","intent":"unknown","input":[{"type":{"coding":[{"code":"Specimen"}]},"valueReference":{"reference":"Specimen/Broad-Muscle-KNC-WES-Sa-INMR-GI-458-1"}}],"output":[]}
{"resourceType":"Task","id":"T.Broad-Muscle-KNC-WES-Sa-INMR-HW-389-1","status":"accepted","intent":"unknown","input":[{"type":{"coding":[{"code":"Specimen"}]},"valueReference":{"reference":"Specimen/Broad-Muscle-KNC-WES-Sa-INMR-HW-389-1"}}],"output":[]}
{"resourceType":"Task","id":"T.Broad-Muscle-KNC-WES-Sa-INMR-HW-390-1","status":"accepted","intent":"unknown","input":[{"type":{"coding":[{"code":"Specimen"}]},"valueReference":{"reference":"Specimen/Broad-Muscle-KNC-WES-Sa-INMR-HW-390-1"}}],"output":[]}
{"resourceType":"Task","id":"T.Broad-Muscle-KNC-WES-Sa-INMR-HW-391-1","status":"accepted","intent":"unknown","input":[{"type":{"coding":[{"code":"Specimen"}]},"valueReference":{"reference":"Specimen/Broad-Muscle-KNC-WES-Sa-INMR-HW-391-1"}}],"output":[]}
{"resourceType":"Task","id":"T.Broad-Muscle-KNC-WES-Sa-INMR-HX-394-1","status":"accepted","intent":"unknown","input":[{"type":{"coding":[{"code":"Specimen"}]},"valueReference":{"reference":"Specimen/Broad-Muscle-KNC-WES-Sa-INMR-HX-394-1"}}],"output":[]}
{"resourceType":"Task","id":"T.Broad-Muscle-KNC-WES-Sa-INMR-HX-395-1","status":"accepted","intent":"unknown","input":[{"type":{"coding":[{"code":"Specimen"}]},"valueReference":{"reference":"Specimen/Broad-Muscle-KNC-WES-Sa-INMR-HX-395-1"}}],"output":[]}
{"resourceType":"Task","id":"T.Broad-Muscle-KNC-WES-Sa-INMR-HX-396-1","status":"accepted","intent":"unknown","input":[{"type":{"coding":[{"code":"Specimen"}]},"valueReference":{"reference":"Specimen/Broad-Muscle-KNC-WES-Sa-INMR-HX-396-1"}}],"output":[]}
{"resourceType":"Task","id":"T.Broad-Muscle-KNC-WES-Sa-INMR-HZ-401-1","status":"accepted","intent":"unknown","input":[{"type":{"coding":[{"code":"Specimen"}]},"valueReference":{"reference":"Specimen/Broad-Muscle-KNC-WES-Sa-INMR-HZ-401-1"}}],"output":[]}
{"resourceType":"Task","id":"T.Broad-Muscle-KNC-WES-Sa-INMR-HZ-402-1","status":"accepted","intent":"unknown","input":[{"type":{"coding":[{"code":"Specimen"}]},"valueReference":{"reference":"Specimen/Broad-Muscle-KNC-WES-Sa-INMR-HZ-402-1"}}],"output":[]}
{"resourceType":"Task","id":"T.Broad-Muscle-KNC-WES-Sa-INMR-HZ-403-1","status":"accepted","intent":"unknown","input":[{"type":{"coding":[{"code":"Specimen"}]},"valueReference":{"reference":"Specimen/Broad-Muscle-KNC-WES-Sa-INMR-HZ-403-1"}}],"output":[]}
{"resourceType":"Task","id":"T.Broad-Muscle-KNC-WES-Sa-INMR-IG-561-1","status":"accepted","intent":"unknown","input":[{"type":{"coding":[{"code":"Specimen"}]},"valueReference":{"reference":"Specimen/Broad-Muscle-KNC-WES-Sa-INMR-IG-561-1"}}],"output":[]}
{"resourceType":"Task","id":"T.Broad-Muscle-KNC-WES-Sa-INMR-IG-562-1","status":"accepted","intent":"unknown","input":[{"type":{"coding":[{"code":"Specimen"}]},"valueReference":{"reference":"Specimen/Broad-Muscle-KNC-WES-Sa-INMR-IG-562-1"}}],"output":[]}
{"resourceType":"Task","id":"T.Broad-Muscle-KNC-WES-Sa-INMR-IG-563-1","status":"accepted","intent":"unknown","input":[{"type":{"coding":[{"code":"Specimen"}]},"valueReference":{"reference":"Specimen/Broad-Muscle-KNC-WES-Sa-INMR-IG-563-1"}}],"output":[]}
{"resourceType":"Task","id":"T.Broad-Muscle-KNC-WES-Sa-INMR-II-569-1","status":"accepted","intent":"unknown","input":[{"type":{"coding":[{"code":"Specimen"}]},"valueReference":{"reference":"Specimen/Broad-Muscle-KNC-WES-Sa-INMR-II-569-1"}}],"output":[]}
{"resourceType":"Task","id":"T.Broad-Muscle-KNC-WES-Sa-INMR-II-570-1","status":"accepted","intent":"unknown","input":[{"type":{"coding":[{"code":"Specimen"}]},"valueReference":{"reference":"Specimen/Broad-Muscle-KNC-WES-Sa-INMR-II-570-1"}}],"output":[]}
{"resourceType":"Task","id":"T.Broad-Muscle-KNC-WES-Sa-INMR-II-571-1","status":"accepted","intent":"unknown","input":[{"type":{"coding":[{"code":"Specimen"}]},"valueReference":{"reference":"Specimen/Broad-Muscle-KNC-WES-Sa-INMR-II-571-1"}}],"output":[]}
{"resourceType":"Task","id":"T.Broad-Muscle-KNC-WES-Sa-INMR-IK-581-1","status":"accepted","intent":"unknown","input":[{"type":{"coding":[{"code":"Specimen"}]},"valueReference":{"reference":"Specimen/Broad-Muscle-KNC-WES-Sa-INMR-IK-581-1"}}],"output":[]}
{"resourceType":"Task","id":"T.Broad-Muscle-KNC-WES-Sa-INMR-IK-582-1","status":"accepted","intent":"unknown","input":[{"type":{"coding":[{"code":"Specimen"}]},"valueReference":{"reference":"Specimen/Broad-Muscle-KNC-WES-Sa-INMR-IK-582-1"}}],"output":[]}
{"resourceType":"Task","id":"T.Broad-Muscle-KNC-WES-Sa-INMR-IK-583-1","status":"accepted","intent":"unknown","input":[{"type":{"coding":[{"code":"Specimen"}]},"valueReference":{"reference":"Specimen/Broad-Muscle-KNC-WES-Sa-INMR-IK-583-1"}}],"output":[]}
