{"resourceType":"Observation","id":"rvation-AnVIL-CMG-Broad-Muscle-KNC-WGS-Su-377HQ-LN-1-OMIM-310200","meta":{"profile":["http://fhir.ncpi-project-forge.io/StructureDefinition/ncpi-phenotype"]},"identifier":[{"system":"urn:ncpi:unique-string","value":"rvation-AnVIL-CMG-Broad-Muscle-KNC-WGS-Su-377HQ-LN-1-OMIM-310200"}],"status":"final","code":{"coding":[{"system":"http://purl.obolibrary.org/obo/omim.owl","code":"OMIM:310200","display":"Duchenne muscular dystrophy"}],"text":"Duchenne muscular dystrophy"},"subject":{"reference":"Patient/P.AnVIL-CMG-Broad-Muscle-KNC-WGS-Su-377HQ-LN-1"},"valueCodeableConcept":{"coding":[{"system":"http://snomed.info/sct","code":"373573001","display":"Clinical finding present (situation)"}],"text":"Phenotype Present"},"interpretation":[{"coding":[{"system":"http://terminology.hl7.org/CodeSystem/v3-ObservationInterpretation","code":"POS","display":"Positive"}],"text":"Present"}],"extension":[]}
