{"resourceType":"ResearchSubject","id":"P.AnVIL-CMG-Broad-Muscle-KNC-WGS-Su-192CP-ZS-1","meta":{"profile":["http://hl7.org/fhir/StructureDefinition/ResearchSubject"]},"identifier":[{"system":"https://anvil.terra.bio/#workspaces/anvil-datastorage/AnVIL_CMG_Broad_Muscle_KNC_WGS","value":"AnVIL_CMG_Broad_Muscle_KNC_WGS/Su/192CP_ZS_1"},{"system":"urn:ncpi:unique-string","value":"P.AnVIL-CMG-Broad-Muscle-KNC-WGS-Su-192CP-ZS-1"}],"status":"off-study","study":{"reference":"ResearchStudy/AnVIL-CMG-Broad-Muscle-KNC-WGS"},"individual":{"reference":"Patient/P.AnVIL-CMG-Broad-Muscle-KNC-WGS-Su-192CP-ZS-1"}}
{"resourceType":"ResearchSubject","id":"P.AnVIL-CMG-Broad-Muscle-KNC-WGS-Su-193CP-LS-1","meta":{"profile":["http://hl7.org/fhir/StructureDefinition/ResearchSubject"]},"identifier":[{"system":"https://anvil.terra.bio/#workspaces/anvil-datastorage/AnVIL_CMG_Broad_Muscle_KNC_WGS","value":"AnVIL_CMG_Broad_Muscle_KNC_WGS/Su/193CP_LS_1"},{"system":"urn:ncpi:unique-string","value":"P.AnVIL-CMG-Broad-Muscle-KNC-WGS-Su-193CP-LS-1"}],"status":"off-study","study":{"reference":"ResearchStudy/AnVIL-CMG-Broad-Muscle-KNC-WGS"},"individual":{"reference":"Patient/P.AnVIL-CMG-Broad-Muscle-KNC-WGS-Su-193CP-LS-1"}}
{"resourceType":"ResearchSubject","id":"P.AnVIL-CMG-Broad-Muscle-KNC-WGS-Su-324AI-PM-1","meta":{"profile":["http://hl7.org/fhir/StructureDefinition/ResearchSubject"]},"identifier":[{"system":"https://anvil.terra.bio/#workspaces/anvil-datastorage/AnVIL_CMG_Broad_Muscle_KNC_WGS","value":"AnVIL_CMG_Broad_Muscle_KNC_WGS/Su/324AI_PM_1"},{"system":"urn:ncpi:unique-string","value":"P.AnVIL-CMG-Broad-Muscle-KNC-WGS-Su-324AI-PM-1"}],"status":"off-study","study":{"reference":"ResearchStudy/AnVIL-CMG-Broad-Muscle-KNC-WGS"},"individual":{"reference":"Patient/P.AnVIL-CMG-Broad-Muscle-KNC-WGS-Su-324AI-PM-1"}}
{"resourceType":"ResearchSubject","id":"P.AnVIL-CMG-Broad-Muscle-KNC-WGS-Su-325AI-JM-1","meta":{"profile":["http://hl7.org/fhir/StructureDefinition/ResearchSubject"]},"identifier":[{"system":"https://anvil.terra.bio/#workspaces/anvil-datastorage/AnVIL_CMG_Broad_Muscle_KNC_WGS","value":"AnVIL_CMG_Broad_Muscle_KNC_WGS/Su/325AI_JM_1"},{"system":"urn:ncpi:unique-string","value":"P.AnVIL-CMG-Broad-Muscle-KNC-WGS-Su-325AI-JM-1"}],"status":"off-study","study":{"reference":"ResearchStudy/AnVIL-CMG-Broad-Muscle-KNC-WGS"},"individual":{"reference":"Patient/P.AnVIL-CMG-Broad-Muscle-KNC-WGS-Su-325AI-JM-1"}}
{"resourceType":"ResearchSubject","id":"P.AnVIL-CMG-Broad-Muscle-KNC-WGS-Su-371CP-DS-1","meta":{"profile":["http://hl7.org/fhir/StructureDefinition/ResearchSubject"]},"identifier":[{"system":"https://anvil.terra.bio/#workspaces/anvil-datastorage/AnVIL_CMG_Broad_Muscle_KNC_WGS","value":"AnVIL_CMG_Broad_Muscle_KNC_WGS/Su/371CP_DS_1"},{"system":"urn:ncpi:unique-string","value":"P.AnVIL-CMG-Broad-Muscle-KNC-WGS-Su-371CP-DS-1"}],"status":"off-study","study":{"reference":"ResearchStudy/AnVIL-CMG-Broad-Muscle-KNC-WGS"},"individual":{"reference":"Patient/P.AnVIL-CMG-Broad-Muscle-KNC-WGS-Su-371CP-DS-1"}}
{"resourceType":"ResearchSubject","id":"P.AnVIL-CMG-Broad-Muscle-KNC-WGS-Su-372CP-BS-1","meta":{"profile":["http://hl7.org/fhir/StructureDefinition/ResearchSubject"]},"identifier":[{"system":"https://anvil.terra.bio/#workspaces/anvil-datastorage/AnVIL_CMG_Broad_Muscle_KNC_WGS","value":"AnVIL_CMG_Broad_Muscle_KNC_WGS/Su/372CP_BS_1"},{"system":"urn:ncpi:unique-string","value":"P.AnVIL-CMG-Broad-Muscle-KNC-WGS-Su-372CP-BS-1"}],"status":"off-study","study":{"reference":"ResearchStudy/AnVIL-CMG-Broad-Muscle-KNC-WGS"},"individual":{"reference":"Patient/P.AnVIL-CMG-Broad-Muscle-KNC-WGS-Su-372CP-BS-1"}}
{"resourceType":"ResearchSubject","id":"P.AnVIL-CMG-Broad-Muscle-KNC-WGS-Su-377HQ-LN-1","meta":{"profile":["http://hl7.org/fhir/StructureDefinition/ResearchSubject"]},"identifier":[{"system":"https://anvil.terra.bio/#workspaces/anvil-datastorage/AnVIL_CMG_Broad_Muscle_KNC_WGS","value":"AnVIL_CMG_Broad_Muscle_KNC_WGS/Su/377HQ_LN_1"},{"system":"urn:ncpi:unique-string","value":"P.AnVIL-CMG-Broad-Muscle-KNC-WGS-Su-377HQ-LN-1"}],"status":"off-study","study":{"reference":"ResearchStudy/AnVIL-CMG-Broad-Muscle-KNC-WGS"},"individual":{"reference":"Patient/P.AnVIL-CMG-Broad-Muscle-KNC-WGS-Su-377HQ-LN-1"}}
{"resourceType":"ResearchSubject","id":"P.AnVIL-CMG-Broad-Muscle-KNC-WGS-Su-46N-RL-1","meta":{"profile":["http://hl7.org/fhir/StructureDefinition/ResearchSubject"]},"identifier":[{"system":"https://anvil.terra.bio/#workspaces/anvil-datastorage/AnVIL_CMG_Broad_Muscle_KNC_WGS","value":"AnVIL_CMG_Broad_Muscle_KNC_WGS/Su/46N_RL_1"},{"system":"urn:ncpi:unique-string","value":"P.AnVIL-CMG-Broad-Muscle-KNC-WGS-Su-46N-RL-1"}],"status":"off-study","study":{"reference":"ResearchStudy/AnVIL-CMG-Broad-Muscle-KNC-WGS"},"individual":{"reference":"Patient/P.AnVIL-CMG-Broad-Muscle-KNC-WGS-Su-46N-RL-1"}}
{"resourceType":"ResearchSubject","id":"P.AnVIL-CMG-Broad-Muscle-KNC-WGS-Su-47N-DL-1","meta":{"profile":["http://hl7.org/fhir/StructureDefinition/ResearchSubject"]},"identifier":[{"system":"https://anvil.terra.bio/#workspaces/anvil-datastorage/AnVIL_CMG_Broad_Muscle_KNC_WGS","value":"AnVIL_CMG_Broad_Muscle_KNC_WGS/Su/47N_DL_1"},{"system":"urn:ncpi:unique-string","value":"P.AnVIL-CMG-Broad-Muscle-KNC-WGS-Su-47N-DL-1"}],"status":"off-study","study":{"reference":"ResearchStudy/AnVIL-CMG-Broad-Muscle-KNC-WGS"},"individual":{"reference":"Patient/P.AnVIL-CMG-Broad-Muscle-KNC-WGS-Su-47N-DL-1"}}
{"resourceType":"ResearchSubject","id":"P.AnVIL-CMG-Broad-Muscle-KNC-WGS-Su-48N-MaL-1","meta":{"profile":["http://hl7.org/fhir/StructureDefinition/ResearchSubject"]},"identifier":[{"system":"https://anvil.terra.bio/#workspaces/anvil-datastorage/AnVIL_CMG_Broad_Muscle_KNC_WGS","value":"AnVIL_CMG_Broad_Muscle_KNC_WGS/Su/48N_MaL_1"},{"system":"urn:ncpi:unique-string","value":"P.AnVIL-CMG-Broad-Muscle-KNC-WGS-Su-48N-MaL-1"}],"status":"off-study","study":{"reference":"ResearchStudy/AnVIL-CMG-Broad-Muscle-KNC-WGS"},"individual":{"reference":"Patient/P.AnVIL-CMG-Broad-Muscle-KNC-WGS-Su-48N-MaL-1"}}
{"resourceType":"ResearchSubject","id":"P.AnVIL-CMG-Broad-Muscle-KNC-WGS-Su-92AI-SM-1","meta":{"profile":["http://hl7.org/fhir/StructureDefinition/ResearchSubject"]},"identifier":[{"system":"https://anvil.terra.bio/#workspaces/anvil-datastorage/AnVIL_CMG_Broad_Muscle_KNC_WGS","value":"AnVIL_CMG_Broad_Muscle_KNC_WGS/Su/92AI_SM_1"},{"system":"urn:ncpi:unique-string","value":"P.AnVIL-CMG-Broad-Muscle-KNC-WGS-Su-92AI-SM-1"}],"status":"off-study","study":{"reference":"ResearchStudy/AnVIL-CMG-Broad-Muscle-KNC-WGS"},"individual":{"reference":"Patient/P.AnVIL-CMG-Broad-Muscle-KNC-WGS-Su-92AI-SM-1"}}
{"resourceType":"ResearchSubject","id":"P.AnVIL-CMG-Broad-Muscle-KNC-WGS-Su-INMR-IV-614-1","meta":{"profile":["http://hl7.org/fhir/StructureDefinition/ResearchSubject"]},"identifier":[{"system":"https://anvil.terra.bio/#workspaces/anvil-datastorage/AnVIL_CMG_Broad_Muscle_KNC_WGS","value":"AnVIL_CMG_Broad_Muscle_KNC_WGS/Su/INMR_IV_614_1"},{"system":"urn:ncpi:unique-string","value":"P.AnVIL-CMG-Broad-Muscle-KNC-WGS-Su-INMR-IV-614-1"}],"status":"off-study","study":{"reference":"ResearchStudy/AnVIL-CMG-Broad-Muscle-KNC-WGS"},"individual":{"reference":"Patient/P.AnVIL-CMG-Broad-Muscle-KNC-WGS-Su-INMR-IV-614-1"}}
{"resourceType":"ResearchSubject","id":"P.AnVIL-CMG-Broad-Muscle-KNC-WGS-Su-INMR-IV-615-1","meta":{"profile":["http://hl7.org/fhir/StructureDefinition/ResearchSubject"]},"identifier":[{"system":"https://anvil.terra.bio/#workspaces/anvil-datastorage/AnVIL_CMG_Broad_Muscle_KNC_WGS","value":"AnVIL_CMG_Broad_Muscle_KNC_WGS/Su/INMR_IV_615_1"},{"system":"urn:ncpi:unique-string","value":"P.AnVIL-CMG-Broad-Muscle-KNC-WGS-Su-INMR-IV-615-1"}],"status":"off-study","study":{"reference":"ResearchStudy/AnVIL-CMG-Broad-Muscle-KNC-WGS"},"individual":{"reference":"Patient/P.AnVIL-CMG-Broad-Muscle-KNC-WGS-Su-INMR-IV-615-1"}}
{"resourceType":"ResearchSubject","id":"P.AnVIL-CMG-Broad-Muscle-KNC-WGS-Su-INMR-IV-616-1","meta":{"profile":["http://hl7.org/fhir/StructureDefinition/ResearchSubject"]},"identifier":[{"system":"https://anvil.terra.bio/#workspaces/anvil-datastorage/AnVIL_CMG_Broad_Muscle_KNC_WGS","value":"AnVIL_CMG_Broad_Muscle_KNC_WGS/Su/INMR_IV_616_1"},{"system":"urn:ncpi:unique-string","value":"P.AnVIL-CMG-Broad-Muscle-KNC-WGS-Su-INMR-IV-616-1"}],"status":"off-study","study":{"reference":"ResearchStudy/AnVIL-CMG-Broad-Muscle-KNC-WGS"},"individual":{"reference":"Patient/P.AnVIL-CMG-Broad-Muscle-KNC-WGS-Su-INMR-IV-616-1"}}
