{"resourceType":"Specimen","id":"Broad-Muscle-KNC-WGS-Sa-192CP-ZS-1","meta":{"profile":["http://hl7.org/fhir/StructureDefinition/Specimen"]},"identifier":[{"system":"https://anvil.terra.bio/#workspaces/anvil-datastorage/AnVIL_CMG_Broad_Muscle_KNC_WGS","value":"Broad_Muscle_KNC_WGS/Sa/192CP_ZS_1"},{"system":"urn:ncpi:unique-string","value":"Specimen|AnVIL_CMG_Broad_Muscle_KNC_WGS|Broad_Muscle_KNC_WGS/Sa/192CP_ZS_1"}],"subject":{"reference":"Patient/P.AnVIL-CMG-Broad-Muscle-KNC-WGS-Su-192CP-ZS-1"}}
{"resourceType":"Specimen","id":"Broad-Muscle-KNC-WGS-Sa-193CP-LS-1","meta":{"profile":["http://hl7.org/fhir/StructureDefinition/Specimen"]},"identifier":[{"system":"https://anvil.terra.bio/#workspaces/anvil-datastorage/AnVIL_CMG_Broad_Muscle_KNC_WGS","value":"Broad_Muscle_KNC_WGS/Sa/193CP_LS_1"},{"system":"urn:ncpi:unique-string","value":"Specimen|AnVIL_CMG_Broad_Muscle_KNC_WGS|Broad_Muscle_KNC_WGS/Sa/193CP_LS_1"}],"subject":{"reference":"Patient/P.AnVIL-CMG-Broad-Muscle-KNC-WGS-Su-193CP-LS-1"}}
{"resourceType":"Specimen","id":"Broad-Muscle-KNC-WGS-Sa-324AI-PM-1","meta":{"profile":["http://hl7.org/fhir/StructureDefinition/Specimen"]},"identifier":[{"system":"https://anvil.terra.bio/#workspaces/anvil-datastorage/AnVIL_CMG_Broad_Muscle_KNC_WGS","value":"Broad_Muscle_KNC_WGS/Sa/324AI_PM_1"},{"system":"urn:ncpi:unique-string","value":"Specimen|AnVIL_CMG_Broad_Muscle_KNC_WGS|Broad_Muscle_KNC_WGS/Sa/324AI_PM_1"}],"subject":{"reference":"Patient/P.AnVIL-CMG-Broad-Muscle-KNC-WGS-Su-324AI-PM-1"}}
{"resourceType":"Specimen","id":"Broad-Muscle-KNC-WGS-Sa-325AI-JM-1","meta":{"profile":["http://hl7.org/fhir/StructureDefinition/Specimen"]},"identifier":[{"system":"https://anvil.terra.bio/#workspaces/anvil-datastorage/AnVIL_CMG_Broad_Muscle_KNC_WGS","value":"Broad_Muscle_KNC_WGS/Sa/325AI_JM_1"},{"system":"urn:ncpi:unique-string","value":"Specimen|AnVIL_CMG_Broad_Muscle_KNC_WGS|Broad_Muscle_KNC_WGS/Sa/325AI_JM_1"}],"subject":{"reference":"Patient/P.AnVIL-CMG-Broad-Muscle-KNC-WGS-Su-325AI-JM-1"}}
{"resourceType":"Specimen","id":"Broad-Muscle-KNC-WGS-Sa-371CP-DS-1","meta":{"profile":["http://hl7.org/fhir/StructureDefinition/Specimen"]},"identifier":[{"system":"https://anvil.terra.bio/#workspaces/anvil-datastorage/AnVIL_CMG_Broad_Muscle_KNC_WGS","value":"Broad_Muscle_KNC_WGS/Sa/371CP_DS_1"},{"system":"urn:ncpi:unique-string","value":"Specimen|AnVIL_CMG_Broad_Muscle_KNC_WGS|Broad_Muscle_KNC_WGS/Sa/371CP_DS_1"}],"subject":{"reference":"Patient/P.AnVIL-CMG-Broad-Muscle-KNC-WGS-Su-371CP-DS-1"}}
{"resourceType":"Specimen","id":"Broad-Muscle-KNC-WGS-Sa-372CP-BS-1","meta":{"profile":["http://hl7.org/fhir/StructureDefinition/Specimen"]},"identifier":[{"system":"https://anvil.terra.bio/#workspaces/anvil-datastorage/AnVIL_CMG_Broad_Muscle_KNC_WGS","value":"Broad_Muscle_KNC_WGS/Sa/372CP_BS_1"},{"system":"urn:ncpi:unique-string","value":"Specimen|AnVIL_CMG_Broad_Muscle_KNC_WGS|Broad_Muscle_KNC_WGS/Sa/372CP_BS_1"}],"subject":{"reference":"Patient/P.AnVIL-CMG-Broad-Muscle-KNC-WGS-Su-372CP-BS-1"}}
{"resourceType":"Specimen","id":"Broad-Muscle-KNC-WGS-Sa-377HQ-LN-1","meta":{"profile":["http://hl7.org/fhir/StructureDefinition/Specimen"]},"identifier":[{"system":"https://anvil.terra.bio/#workspaces/anvil-datastorage/AnVIL_CMG_Broad_Muscle_KNC_WGS","value":"Broad_Muscle_KNC_WGS/Sa/377HQ_LN_1"},{"system":"urn:ncpi:unique-string","value":"Specimen|AnVIL_CMG_Broad_Muscle_KNC_WGS|Broad_Muscle_KNC_WGS/Sa/377HQ_LN_1"}],"subject":{"reference":"Patient/P.AnVIL-CMG-Broad-Muscle-KNC-WGS-Su-377HQ-LN-1"}}
{"resourceType":"Specimen","id":"Broad-Muscle-KNC-WGS-Sa-46N-RL-1","meta":{"profile":["http://hl7.org/fhir/StructureDefinition/Specimen"]},"identifier":[{"system":"https://anvil.terra.bio/#workspaces/anvil-datastorage/AnVIL_CMG_Broad_Muscle_KNC_WGS","value":"Broad_Muscle_KNC_WGS/Sa/46N_RL_1"},{"system":"urn:ncpi:unique-string","value":"Specimen|AnVIL_CMG_Broad_Muscle_KNC_WGS|Broad_Muscle_KNC_WGS/Sa/46N_RL_1"}],"subject":{"reference":"Patient/P.AnVIL-CMG-Broad-Muscle-KNC-WGS-Su-46N-RL-1"}}
{"resourceType":"Specimen","id":"Broad-Muscle-KNC-WGS-Sa-47N-DL-1","meta":{"profile":["http://hl7.org/fhir/StructureDefinition/Specimen"]},"identifier":[{"system":"https://anvil.terra.bio/#workspaces/anvil-datastorage/AnVIL_CMG_Broad_Muscle_KNC_WGS","value":"Broad_Muscle_KNC_WGS/Sa/47N_DL_1"},{"system":"urn:ncpi:unique-string","value":"Specimen|AnVIL_CMG_Broad_Muscle_KNC_WGS|Broad_Muscle_KNC_WGS/Sa/47N_DL_1"}],"subject":{"reference":"Patient/P.AnVIL-CMG-Broad-Muscle-KNC-WGS-Su-47N-DL-1"}}
{"resourceType":"Specimen","id":"Broad-Muscle-KNC-WGS-Sa-48N-MaL-1","meta":{"profile":["http://hl7.org/fhir/StructureDefinition/Specimen"]},"identifier":[{"system":"https://anvil.terra.bio/#workspaces/anvil-datastorage/AnVIL_CMG_Broad_Muscle_KNC_WGS","value":"Broad_Muscle_KNC_WGS/Sa/48N_MaL_1"},{"system":"urn:ncpi:unique-string","value":"Specimen|AnVIL_CMG_Broad_Muscle_KNC_WGS|Broad_Muscle_KNC_WGS/Sa/48N_MaL_1"}],"subject":{"reference":"Patient/P.AnVIL-CMG-Broad-Muscle-KNC-WGS-Su-48N-MaL-1"}}
{"resourceType":"Specimen","id":"Broad-Muscle-KNC-WGS-Sa-92AI-SM-1","meta":{"profile":["http://hl7.org/fhir/StructureDefinition/Specimen"]},"identifier":[{"system":"https://anvil.terra.bio/#workspaces/anvil-datastorage/AnVIL_CMG_Broad_Muscle_KNC_WGS","value":"Broad_Muscle_KNC_WGS/Sa/92AI_SM_1"},{"system":"urn:ncpi:unique-string","value":"Specimen|AnVIL_CMG_Broad_Muscle_KNC_WGS|Broad_Muscle_KNC_WGS/Sa/92AI_SM_1"}],"subject":{"reference":"Patient/P.AnVIL-CMG-Broad-Muscle-KNC-WGS-Su-92AI-SM-1"}}
{"resourceType":"Specimen","id":"Broad-Muscle-KNC-WGS-Sa-INMR-IV-614-1","meta":{"profile":["http://hl7.org/fhir/StructureDefinition/Specimen"]},"identifier":[{"system":"https://anvil.terra.bio/#workspaces/anvil-datastorage/AnVIL_CMG_Broad_Muscle_KNC_WGS","value":"Broad_Muscle_KNC_WGS/Sa/INMR_IV_614_1"},{"system":"urn:ncpi:unique-string","value":"Specimen|AnVIL_CMG_Broad_Muscle_KNC_WGS|Broad_Muscle_KNC_WGS/Sa/INMR_IV_614_1"}],"subject":{"reference":"Patient/P.AnVIL-CMG-Broad-Muscle-KNC-WGS-Su-INMR-IV-614-1"}}
{"resourceType":"Specimen","id":"Broad-Muscle-KNC-WGS-Sa-INMR-IV-615-1","meta":{"profile":["http://hl7.org/fhir/StructureDefinition/Specimen"]},"identifier":[{"system":"https://anvil.terra.bio/#workspaces/anvil-datastorage/AnVIL_CMG_Broad_Muscle_KNC_WGS","value":"Broad_Muscle_KNC_WGS/Sa/INMR_IV_615_1"},{"system":"urn:ncpi:unique-string","value":"Specimen|AnVIL_CMG_Broad_Muscle_KNC_WGS|Broad_Muscle_KNC_WGS/Sa/INMR_IV_615_1"}],"subject":{"reference":"Patient/P.AnVIL-CMG-Broad-Muscle-KNC-WGS-Su-INMR-IV-615-1"}}
{"resourceType":"Specimen","id":"Broad-Muscle-KNC-WGS-Sa-INMR-IV-616-1","meta":{"profile":["http://hl7.org/fhir/StructureDefinition/Specimen"]},"identifier":[{"system":"https://anvil.terra.bio/#workspaces/anvil-datastorage/AnVIL_CMG_Broad_Muscle_KNC_WGS","value":"Broad_Muscle_KNC_WGS/Sa/INMR_IV_616_1"},{"system":"urn:ncpi:unique-string","value":"Specimen|AnVIL_CMG_Broad_Muscle_KNC_WGS|Broad_Muscle_KNC_WGS/Sa/INMR_IV_616_1"}],"subject":{"reference":"Patient/P.AnVIL-CMG-Broad-Muscle-KNC-WGS-Su-INMR-IV-616-1"}}
