{"resourceType":"Task","id":"T.Broad-Muscle-KNC-WGS-Sa-192CP-ZS-1","status":"accepted","intent":"unknown","input":[{"type":{"coding":[{"code":"Specimen"}]},"valueReference":{"reference":"Specimen/Broad-Muscle-KNC-WGS-Sa-192CP-ZS-1"}}],"output":[]}
{"resourceType":"Task","id":"T.Broad-Muscle-KNC-WGS-Sa-193CP-LS-1","status":"accepted","intent":"unknown","input":[{"type":{"coding":[{"code":"Specimen"}]},"valueReference":{"reference":"Specimen/Broad-Muscle-KNC-WGS-Sa-193CP-LS-1"}}],"output":[]}
{"resourceType":"Task","id":"T.Broad-Muscle-KNC-WGS-Sa-324AI-PM-1","status":"accepted","intent":"unknown","input":[{"type":{"coding":[{"code":"Specimen"}]},"valueReference":{"reference":"Specimen/Broad-Muscle-KNC-WGS-Sa-324AI-PM-1"}}],"output":[]}
{"resourceType":"Task","id":"T.Broad-Muscle-KNC-WGS-Sa-325AI-JM-1","status":"accepted","intent":"unknown","input":[{"type":{"coding":[{"code":"Specimen"}]},"valueReference":{"reference":"Specimen/Broad-Muscle-KNC-WGS-Sa-325AI-JM-1"}}],"output":[]}
{"resourceType":"Task","id":"T.Broad-Muscle-KNC-WGS-Sa-371CP-DS-1","status":"accepted","intent":"unknown","input":[{"type":{"coding":[{"code":"Specimen"}]},"valueReference":{"reference":"Specimen/Broad-Muscle-KNC-WGS-Sa-371CP-DS-1"}}],"output":[]}
{"resourceType":"Task","id":"T.Broad-Muscle-KNC-WGS-Sa-372CP-BS-1","status":"accepted","intent":"unknown","input":[{"type":{"coding":[{"code":"Specimen"}]},"valueReference":{"reference":"Specimen/Broad-Muscle-KNC-WGS-Sa-372CP-BS-1"}}],"output":[]}
{"resourceType":"Task","id":"T.Broad-Muscle-KNC-WGS-Sa-377HQ-LN-1","status":"accepted","intent":"unknown","input":[{"type":{"coding":[{"code":"Specimen"}]},"valueReference":{"reference":"Specimen/Broad-Muscle-KNC-WGS-Sa-377HQ-LN-1"}}],"output":[]}
{"resourceType":"Task","id":"T.Broad-Muscle-KNC-WGS-Sa-46N-RL-1","status":"accepted","intent":"unknown","input":[{"type":{"coding":[{"code":"Specimen"}]},"valueReference":{"reference":"Specimen/Broad-Muscle-KNC-WGS-Sa-46N-RL-1"}}],"output":[]}
{"resourceType":"Task","id":"T.Broad-Muscle-KNC-WGS-Sa-47N-DL-1","status":"accepted","intent":"unknown","input":[{"type":{"coding":[{"code":"Specimen"}]},"valueReference":{"reference":"Specimen/Broad-Muscle-KNC-WGS-Sa-47N-DL-1"}}],"output":[]}
{"resourceType":"Task","id":"T.Broad-Muscle-KNC-WGS-Sa-48N-MaL-1","status":"accepted","intent":"unknown","input":[{"type":{"coding":[{"code":"Specimen"}]},"valueReference":{"reference":"Specimen/Broad-Muscle-KNC-WGS-Sa-48N-MaL-1"}}],"output":[]}
{"resourceType":"Task","id":"T.Broad-Muscle-KNC-WGS-Sa-92AI-SM-1","status":"accepted","intent":"unknown","input":[{"type":{"coding":[{"code":"Specimen"}]},"valueReference":{"reference":"Specimen/Broad-Muscle-KNC-WGS-Sa-92AI-SM-1"}}],"output":[]}
{"resourceType":"Task","id":"T.Broad-Muscle-KNC-WGS-Sa-INMR-IV-614-1","status":"accepted","intent":"unknown","input":[{"type":{"coding":[{"code":"Specimen"}]},"valueReference":{"reference":"Specimen/Broad-Muscle-KNC-WGS-Sa-INMR-IV-614-1"}}],"output":[]}
{"resourceType":"Task","id":"T.Broad-Muscle-KNC-WGS-Sa-INMR-IV-615-1","status":"accepted","intent":"unknown","input":[{"type":{"coding":[{"code":"Specimen"}]},"valueReference":{"reference":"Specimen/Broad-Muscle-KNC-WGS-Sa-INMR-IV-615-1"}}],"output":[]}
{"resourceType":"Task","id":"T.Broad-Muscle-KNC-WGS-Sa-INMR-IV-616-1","status":"accepted","intent":"unknown","input":[{"type":{"coding":[{"code":"Specimen"}]},"valueReference":{"reference":"Specimen/Broad-Muscle-KNC-WGS-Sa-INMR-IV-616-1"}}],"output":[]}
