{"resourceType":"Observation","id":"VIL-CMG-Broad-Orphan-VCGS-White-WES-Su-VCGS-FAM11-32-OMIM-602482","meta":{"profile":["http://fhir.ncpi-project-forge.io/StructureDefinition/ncpi-phenotype"]},"identifier":[{"system":"urn:ncpi:unique-string","value":"VIL-CMG-Broad-Orphan-VCGS-White-WES-Su-VCGS-FAM11-32-OMIM-602482"}],"status":"final","code":{"coding":[{"system":"http://purl.obolibrary.org/obo/omim.owl","code":"OMIM:602482","display":"AXENFELD-RIEGER SYNDROME, TYPE 3; RIEG3"}],"text":"AXENFELD-RIEGER SYNDROME, TYPE 3; RIEG3"},"subject":{"reference":"Patient/P.AnVIL-CMG-Broad-Orphan-VCGS-White-WES-Su-VCGS-FAM11-32"},"valueCodeableConcept":{"coding":[{"system":"http://snomed.info/sct","code":"373573001","display":"Clinical finding present (situation)"}],"text":"Phenotype Present"},"interpretation":[{"coding":[{"system":"http://terminology.hl7.org/CodeSystem/v3-ObservationInterpretation","code":"POS","display":"Positive"}],"text":"Present"}],"extension":[]}
{"resourceType":"Observation","id":"VIL-CMG-Broad-Orphan-VCGS-White-WES-Su-VCGS-FAM11-33-OMIM-602482","meta":{"profile":["http://fhir.ncpi-project-forge.io/StructureDefinition/ncpi-phenotype"]},"identifier":[{"system":"urn:ncpi:unique-string","value":"VIL-CMG-Broad-Orphan-VCGS-White-WES-Su-VCGS-FAM11-33-OMIM-602482"}],"status":"final","code":{"coding":[{"system":"http://purl.obolibrary.org/obo/omim.owl","code":"OMIM:602482","display":"AXENFELD-RIEGER SYNDROME, TYPE 3; RIEG3"}],"text":"AXENFELD-RIEGER SYNDROME, TYPE 3; RIEG3"},"subject":{"reference":"Patient/P.AnVIL-CMG-Broad-Orphan-VCGS-White-WES-Su-VCGS-FAM11-33"},"valueCodeableConcept":{"coding":[{"system":"http://snomed.info/sct","code":"373573001","display":"Clinical finding present (situation)"}],"text":"Phenotype Present"},"interpretation":[{"coding":[{"system":"http://terminology.hl7.org/CodeSystem/v3-ObservationInterpretation","code":"POS","display":"Positive"}],"text":"Present"}],"extension":[]}
{"resourceType":"Observation","id":"VIL-CMG-Broad-Orphan-VCGS-White-WES-Su-VCGS-FAM11-34-OMIM-602482","meta":{"profile":["http://fhir.ncpi-project-forge.io/StructureDefinition/ncpi-phenotype"]},"identifier":[{"system":"urn:ncpi:unique-string","value":"VIL-CMG-Broad-Orphan-VCGS-White-WES-Su-VCGS-FAM11-34-OMIM-602482"}],"status":"final","code":{"coding":[{"system":"http://purl.obolibrary.org/obo/omim.owl","code":"OMIM:602482","display":"AXENFELD-RIEGER SYNDROME, TYPE 3; RIEG3"}],"text":"AXENFELD-RIEGER SYNDROME, TYPE 3; RIEG3"},"subject":{"reference":"Patient/P.AnVIL-CMG-Broad-Orphan-VCGS-White-WES-Su-VCGS-FAM11-34"},"valueCodeableConcept":{"coding":[{"system":"http://snomed.info/sct","code":"373573001","display":"Clinical finding present (situation)"}],"text":"Phenotype Present"},"interpretation":[{"coding":[{"system":"http://terminology.hl7.org/CodeSystem/v3-ObservationInterpretation","code":"POS","display":"Positive"}],"text":"Present"}],"extension":[]}
{"resourceType":"Observation","id":"L-CMG-Broad-Orphan-VCGS-White-WES-Su-VCGS-FAM125-391-OMIM-604360","meta":{"profile":["http://fhir.ncpi-project-forge.io/StructureDefinition/ncpi-phenotype"]},"identifier":[{"system":"urn:ncpi:unique-string","value":"L-CMG-Broad-Orphan-VCGS-White-WES-Su-VCGS-FAM125-391-OMIM-604360"}],"status":"final","code":{"coding":[{"system":"http://purl.obolibrary.org/obo/omim.owl","code":"OMIM:604360","display":"SPASTIC PARAPLEGIA 11, AUTOSOMAL RECESSIVE; SPG11"}],"text":"SPASTIC PARAPLEGIA 11, AUTOSOMAL RECESSIVE; SPG11"},"subject":{"reference":"Patient/P.AnVIL-CMG-Broad-Orphan-VCGS-White-WES-Su-VCGS-FAM125-391"},"valueCodeableConcept":{"coding":[{"system":"http://snomed.info/sct","code":"373573001","display":"Clinical finding present (situation)"}],"text":"Phenotype Present"},"interpretation":[{"coding":[{"system":"http://terminology.hl7.org/CodeSystem/v3-ObservationInterpretation","code":"POS","display":"Positive"}],"text":"Present"}],"extension":[]}
{"resourceType":"Observation","id":"L-CMG-Broad-Orphan-VCGS-White-WES-Su-VCGS-FAM125-392-OMIM-604360","meta":{"profile":["http://fhir.ncpi-project-forge.io/StructureDefinition/ncpi-phenotype"]},"identifier":[{"system":"urn:ncpi:unique-string","value":"L-CMG-Broad-Orphan-VCGS-White-WES-Su-VCGS-FAM125-392-OMIM-604360"}],"status":"final","code":{"coding":[{"system":"http://purl.obolibrary.org/obo/omim.owl","code":"OMIM:604360","display":"SPASTIC PARAPLEGIA 11, AUTOSOMAL RECESSIVE; SPG11"}],"text":"SPASTIC PARAPLEGIA 11, AUTOSOMAL RECESSIVE; SPG11"},"subject":{"reference":"Patient/P.AnVIL-CMG-Broad-Orphan-VCGS-White-WES-Su-VCGS-FAM125-392"},"valueCodeableConcept":{"coding":[{"system":"http://snomed.info/sct","code":"373573001","display":"Clinical finding present (situation)"}],"text":"Phenotype Present"},"interpretation":[{"coding":[{"system":"http://terminology.hl7.org/CodeSystem/v3-ObservationInterpretation","code":"POS","display":"Positive"}],"text":"Present"}],"extension":[]}
{"resourceType":"Observation","id":"L-CMG-Broad-Orphan-VCGS-White-WES-Su-VCGS-FAM125-393-OMIM-604360","meta":{"profile":["http://fhir.ncpi-project-forge.io/StructureDefinition/ncpi-phenotype"]},"identifier":[{"system":"urn:ncpi:unique-string","value":"L-CMG-Broad-Orphan-VCGS-White-WES-Su-VCGS-FAM125-393-OMIM-604360"}],"status":"final","code":{"coding":[{"system":"http://purl.obolibrary.org/obo/omim.owl","code":"OMIM:604360","display":"SPASTIC PARAPLEGIA 11, AUTOSOMAL RECESSIVE; SPG11"}],"text":"SPASTIC PARAPLEGIA 11, AUTOSOMAL RECESSIVE; SPG11"},"subject":{"reference":"Patient/P.AnVIL-CMG-Broad-Orphan-VCGS-White-WES-Su-VCGS-FAM125-393"},"valueCodeableConcept":{"coding":[{"system":"http://snomed.info/sct","code":"373573001","display":"Clinical finding present (situation)"}],"text":"Phenotype Present"},"interpretation":[{"coding":[{"system":"http://terminology.hl7.org/CodeSystem/v3-ObservationInterpretation","code":"POS","display":"Positive"}],"text":"Present"}],"extension":[]}
{"resourceType":"Observation","id":"L-CMG-Broad-Orphan-VCGS-White-WES-Su-VCGS-FAM128-402-OMIM-616564","meta":{"profile":["http://fhir.ncpi-project-forge.io/StructureDefinition/ncpi-phenotype"]},"identifier":[{"system":"urn:ncpi:unique-string","value":"L-CMG-Broad-Orphan-VCGS-White-WES-Su-VCGS-FAM128-402-OMIM-616564"}],"status":"final","code":{"coding":[{"system":"http://purl.obolibrary.org/obo/omim.owl","code":"OMIM:616564","display":"NOONAN SYNDROME 10; NS10"}],"text":"NOONAN SYNDROME 10; NS10"},"subject":{"reference":"Patient/P.AnVIL-CMG-Broad-Orphan-VCGS-White-WES-Su-VCGS-FAM128-402"},"valueCodeableConcept":{"coding":[{"system":"http://snomed.info/sct","code":"373573001","display":"Clinical finding present (situation)"}],"text":"Phenotype Present"},"interpretation":[{"coding":[{"system":"http://terminology.hl7.org/CodeSystem/v3-ObservationInterpretation","code":"POS","display":"Positive"}],"text":"Present"}],"extension":[]}
{"resourceType":"Observation","id":"L-CMG-Broad-Orphan-VCGS-White-WES-Su-VCGS-FAM128-403-OMIM-616564","meta":{"profile":["http://fhir.ncpi-project-forge.io/StructureDefinition/ncpi-phenotype"]},"identifier":[{"system":"urn:ncpi:unique-string","value":"L-CMG-Broad-Orphan-VCGS-White-WES-Su-VCGS-FAM128-403-OMIM-616564"}],"status":"final","code":{"coding":[{"system":"http://purl.obolibrary.org/obo/omim.owl","code":"OMIM:616564","display":"NOONAN SYNDROME 10; NS10"}],"text":"NOONAN SYNDROME 10; NS10"},"subject":{"reference":"Patient/P.AnVIL-CMG-Broad-Orphan-VCGS-White-WES-Su-VCGS-FAM128-403"},"valueCodeableConcept":{"coding":[{"system":"http://snomed.info/sct","code":"373573001","display":"Clinical finding present (situation)"}],"text":"Phenotype Present"},"interpretation":[{"coding":[{"system":"http://terminology.hl7.org/CodeSystem/v3-ObservationInterpretation","code":"POS","display":"Positive"}],"text":"Present"}],"extension":[]}
{"resourceType":"Observation","id":"L-CMG-Broad-Orphan-VCGS-White-WES-Su-VCGS-FAM128-404-OMIM-616564","meta":{"profile":["http://fhir.ncpi-project-forge.io/StructureDefinition/ncpi-phenotype"]},"identifier":[{"system":"urn:ncpi:unique-string","value":"L-CMG-Broad-Orphan-VCGS-White-WES-Su-VCGS-FAM128-404-OMIM-616564"}],"status":"final","code":{"coding":[{"system":"http://purl.obolibrary.org/obo/omim.owl","code":"OMIM:616564","display":"NOONAN SYNDROME 10; NS10"}],"text":"NOONAN SYNDROME 10; NS10"},"subject":{"reference":"Patient/P.AnVIL-CMG-Broad-Orphan-VCGS-White-WES-Su-VCGS-FAM128-404"},"valueCodeableConcept":{"coding":[{"system":"http://snomed.info/sct","code":"373573001","display":"Clinical finding present (situation)"}],"text":"Phenotype Present"},"interpretation":[{"coding":[{"system":"http://terminology.hl7.org/CodeSystem/v3-ObservationInterpretation","code":"POS","display":"Positive"}],"text":"Present"}],"extension":[]}
{"resourceType":"Observation","id":"L-CMG-Broad-Orphan-VCGS-White-WES-Su-VCGS-FAM138-432-OMIM-311070","meta":{"profile":["http://fhir.ncpi-project-forge.io/StructureDefinition/ncpi-phenotype"]},"identifier":[{"system":"urn:ncpi:unique-string","value":"L-CMG-Broad-Orphan-VCGS-White-WES-Su-VCGS-FAM138-432-OMIM-311070"}],"status":"final","code":{"coding":[{"system":"http://purl.obolibrary.org/obo/omim.owl","code":"OMIM:311070","display":"CHARCOT-MARIE-TOOTH DISEASE, X-LINKED RECESSIVE, 5; CMTX5"}],"text":"CHARCOT-MARIE-TOOTH DISEASE, X-LINKED RECESSIVE, 5; CMTX5"},"subject":{"reference":"Patient/P.AnVIL-CMG-Broad-Orphan-VCGS-White-WES-Su-VCGS-FAM138-432"},"valueCodeableConcept":{"coding":[{"system":"http://snomed.info/sct","code":"373573001","display":"Clinical finding present (situation)"}],"text":"Phenotype Present"},"interpretation":[{"coding":[{"system":"http://terminology.hl7.org/CodeSystem/v3-ObservationInterpretation","code":"POS","display":"Positive"}],"text":"Present"}],"extension":[]}
{"resourceType":"Observation","id":"L-CMG-Broad-Orphan-VCGS-White-WES-Su-VCGS-FAM138-433-OMIM-311070","meta":{"profile":["http://fhir.ncpi-project-forge.io/StructureDefinition/ncpi-phenotype"]},"identifier":[{"system":"urn:ncpi:unique-string","value":"L-CMG-Broad-Orphan-VCGS-White-WES-Su-VCGS-FAM138-433-OMIM-311070"}],"status":"final","code":{"coding":[{"system":"http://purl.obolibrary.org/obo/omim.owl","code":"OMIM:311070","display":"CHARCOT-MARIE-TOOTH DISEASE, X-LINKED RECESSIVE, 5; CMTX5"}],"text":"CHARCOT-MARIE-TOOTH DISEASE, X-LINKED RECESSIVE, 5; CMTX5"},"subject":{"reference":"Patient/P.AnVIL-CMG-Broad-Orphan-VCGS-White-WES-Su-VCGS-FAM138-433"},"valueCodeableConcept":{"coding":[{"system":"http://snomed.info/sct","code":"373573001","display":"Clinical finding present (situation)"}],"text":"Phenotype Present"},"interpretation":[{"coding":[{"system":"http://terminology.hl7.org/CodeSystem/v3-ObservationInterpretation","code":"POS","display":"Positive"}],"text":"Present"}],"extension":[]}
{"resourceType":"Observation","id":"L-CMG-Broad-Orphan-VCGS-White-WES-Su-VCGS-FAM138-434-OMIM-311070","meta":{"profile":["http://fhir.ncpi-project-forge.io/StructureDefinition/ncpi-phenotype"]},"identifier":[{"system":"urn:ncpi:unique-string","value":"L-CMG-Broad-Orphan-VCGS-White-WES-Su-VCGS-FAM138-434-OMIM-311070"}],"status":"final","code":{"coding":[{"system":"http://purl.obolibrary.org/obo/omim.owl","code":"OMIM:311070","display":"CHARCOT-MARIE-TOOTH DISEASE, X-LINKED RECESSIVE, 5; CMTX5"}],"text":"CHARCOT-MARIE-TOOTH DISEASE, X-LINKED RECESSIVE, 5; CMTX5"},"subject":{"reference":"Patient/P.AnVIL-CMG-Broad-Orphan-VCGS-White-WES-Su-VCGS-FAM138-434"},"valueCodeableConcept":{"coding":[{"system":"http://snomed.info/sct","code":"373573001","display":"Clinical finding present (situation)"}],"text":"Phenotype Present"},"interpretation":[{"coding":[{"system":"http://terminology.hl7.org/CodeSystem/v3-ObservationInterpretation","code":"POS","display":"Positive"}],"text":"Present"}],"extension":[]}
{"resourceType":"Observation","id":"VIL-CMG-Broad-Orphan-VCGS-White-WES-Su-VCGS-FAM17-54-OMIM-309580","meta":{"profile":["http://fhir.ncpi-project-forge.io/StructureDefinition/ncpi-phenotype"]},"identifier":[{"system":"urn:ncpi:unique-string","value":"VIL-CMG-Broad-Orphan-VCGS-White-WES-Su-VCGS-FAM17-54-OMIM-309580"}],"status":"final","code":{"coding":[{"system":"http://purl.obolibrary.org/obo/omim.owl","code":"OMIM:309580","display":"MENTAL RETARDATION-HYPOTONIC FACIES SYNDROME, X-LINKED, 1; MRXHF1"}],"text":"MENTAL RETARDATION-HYPOTONIC FACIES SYNDROME, X-LINKED, 1; MRXHF1"},"subject":{"reference":"Patient/P.AnVIL-CMG-Broad-Orphan-VCGS-White-WES-Su-VCGS-FAM17-54"},"valueCodeableConcept":{"coding":[{"system":"http://snomed.info/sct","code":"373573001","display":"Clinical finding present (situation)"}],"text":"Phenotype Present"},"interpretation":[{"coding":[{"system":"http://terminology.hl7.org/CodeSystem/v3-ObservationInterpretation","code":"POS","display":"Positive"}],"text":"Present"}],"extension":[]}
{"resourceType":"Observation","id":"VIL-CMG-Broad-Orphan-VCGS-White-WES-Su-VCGS-FAM17-55-OMIM-309580","meta":{"profile":["http://fhir.ncpi-project-forge.io/StructureDefinition/ncpi-phenotype"]},"identifier":[{"system":"urn:ncpi:unique-string","value":"VIL-CMG-Broad-Orphan-VCGS-White-WES-Su-VCGS-FAM17-55-OMIM-309580"}],"status":"final","code":{"coding":[{"system":"http://purl.obolibrary.org/obo/omim.owl","code":"OMIM:309580","display":"MENTAL RETARDATION-HYPOTONIC FACIES SYNDROME, X-LINKED, 1; MRXHF1"}],"text":"MENTAL RETARDATION-HYPOTONIC FACIES SYNDROME, X-LINKED, 1; MRXHF1"},"subject":{"reference":"Patient/P.AnVIL-CMG-Broad-Orphan-VCGS-White-WES-Su-VCGS-FAM17-55"},"valueCodeableConcept":{"coding":[{"system":"http://snomed.info/sct","code":"373573001","display":"Clinical finding present (situation)"}],"text":"Phenotype Present"},"interpretation":[{"coding":[{"system":"http://terminology.hl7.org/CodeSystem/v3-ObservationInterpretation","code":"POS","display":"Positive"}],"text":"Present"}],"extension":[]}
{"resourceType":"Observation","id":"VIL-CMG-Broad-Orphan-VCGS-White-WES-Su-VCGS-FAM17-56-OMIM-309580","meta":{"profile":["http://fhir.ncpi-project-forge.io/StructureDefinition/ncpi-phenotype"]},"identifier":[{"system":"urn:ncpi:unique-string","value":"VIL-CMG-Broad-Orphan-VCGS-White-WES-Su-VCGS-FAM17-56-OMIM-309580"}],"status":"final","code":{"coding":[{"system":"http://purl.obolibrary.org/obo/omim.owl","code":"OMIM:309580","display":"MENTAL RETARDATION-HYPOTONIC FACIES SYNDROME, X-LINKED, 1; MRXHF1"}],"text":"MENTAL RETARDATION-HYPOTONIC FACIES SYNDROME, X-LINKED, 1; MRXHF1"},"subject":{"reference":"Patient/P.AnVIL-CMG-Broad-Orphan-VCGS-White-WES-Su-VCGS-FAM17-56"},"valueCodeableConcept":{"coding":[{"system":"http://snomed.info/sct","code":"373573001","display":"Clinical finding present (situation)"}],"text":"Phenotype Present"},"interpretation":[{"coding":[{"system":"http://terminology.hl7.org/CodeSystem/v3-ObservationInterpretation","code":"POS","display":"Positive"}],"text":"Present"}],"extension":[]}
{"resourceType":"Observation","id":"VIL-CMG-Broad-Orphan-VCGS-White-WES-Su-VCGS-FAM20-63-OMIM-615476","meta":{"profile":["http://fhir.ncpi-project-forge.io/StructureDefinition/ncpi-phenotype"]},"identifier":[{"system":"urn:ncpi:unique-string","value":"VIL-CMG-Broad-Orphan-VCGS-White-WES-Su-VCGS-FAM20-63-OMIM-615476"}],"status":"final","code":{"coding":[{"system":"http://purl.obolibrary.org/obo/omim.owl","code":"OMIM:615476","display":"DEVELOPMENTAL AND EPILEPTIC ENCEPHALOPATHY 18; DEE18"}],"text":"DEVELOPMENTAL AND EPILEPTIC ENCEPHALOPATHY 18; DEE18"},"subject":{"reference":"Patient/P.AnVIL-CMG-Broad-Orphan-VCGS-White-WES-Su-VCGS-FAM20-63"},"valueCodeableConcept":{"coding":[{"system":"http://snomed.info/sct","code":"373573001","display":"Clinical finding present (situation)"}],"text":"Phenotype Present"},"interpretation":[{"coding":[{"system":"http://terminology.hl7.org/CodeSystem/v3-ObservationInterpretation","code":"POS","display":"Positive"}],"text":"Present"}],"extension":[]}
{"resourceType":"Observation","id":"VIL-CMG-Broad-Orphan-VCGS-White-WES-Su-VCGS-FAM20-64-OMIM-615476","meta":{"profile":["http://fhir.ncpi-project-forge.io/StructureDefinition/ncpi-phenotype"]},"identifier":[{"system":"urn:ncpi:unique-string","value":"VIL-CMG-Broad-Orphan-VCGS-White-WES-Su-VCGS-FAM20-64-OMIM-615476"}],"status":"final","code":{"coding":[{"system":"http://purl.obolibrary.org/obo/omim.owl","code":"OMIM:615476","display":"DEVELOPMENTAL AND EPILEPTIC ENCEPHALOPATHY 18; DEE18"}],"text":"DEVELOPMENTAL AND EPILEPTIC ENCEPHALOPATHY 18; DEE18"},"subject":{"reference":"Patient/P.AnVIL-CMG-Broad-Orphan-VCGS-White-WES-Su-VCGS-FAM20-64"},"valueCodeableConcept":{"coding":[{"system":"http://snomed.info/sct","code":"373573001","display":"Clinical finding present (situation)"}],"text":"Phenotype Present"},"interpretation":[{"coding":[{"system":"http://terminology.hl7.org/CodeSystem/v3-ObservationInterpretation","code":"POS","display":"Positive"}],"text":"Present"}],"extension":[]}
{"resourceType":"Observation","id":"VIL-CMG-Broad-Orphan-VCGS-White-WES-Su-VCGS-FAM20-65-OMIM-615476","meta":{"profile":["http://fhir.ncpi-project-forge.io/StructureDefinition/ncpi-phenotype"]},"identifier":[{"system":"urn:ncpi:unique-string","value":"VIL-CMG-Broad-Orphan-VCGS-White-WES-Su-VCGS-FAM20-65-OMIM-615476"}],"status":"final","code":{"coding":[{"system":"http://purl.obolibrary.org/obo/omim.owl","code":"OMIM:615476","display":"DEVELOPMENTAL AND EPILEPTIC ENCEPHALOPATHY 18; DEE18"}],"text":"DEVELOPMENTAL AND EPILEPTIC ENCEPHALOPATHY 18; DEE18"},"subject":{"reference":"Patient/P.AnVIL-CMG-Broad-Orphan-VCGS-White-WES-Su-VCGS-FAM20-65"},"valueCodeableConcept":{"coding":[{"system":"http://snomed.info/sct","code":"373573001","display":"Clinical finding present (situation)"}],"text":"Phenotype Present"},"interpretation":[{"coding":[{"system":"http://terminology.hl7.org/CodeSystem/v3-ObservationInterpretation","code":"POS","display":"Positive"}],"text":"Present"}],"extension":[]}
{"resourceType":"Observation","id":"VIL-CMG-Broad-Orphan-VCGS-White-WES-Su-VCGS-FAM21-66-OMIM-300957","meta":{"profile":["http://fhir.ncpi-project-forge.io/StructureDefinition/ncpi-phenotype"]},"identifier":[{"system":"urn:ncpi:unique-string","value":"VIL-CMG-Broad-Orphan-VCGS-White-WES-Su-VCGS-FAM21-66-OMIM-300957"}],"status":"final","code":{"coding":[{"system":"http://purl.obolibrary.org/obo/omim.owl","code":"OMIM:300957","display":"MENTAL RETARDATION, X-LINKED 12; MRX12"}],"text":"MENTAL RETARDATION, X-LINKED 12; MRX12"},"subject":{"reference":"Patient/P.AnVIL-CMG-Broad-Orphan-VCGS-White-WES-Su-VCGS-FAM21-66"},"valueCodeableConcept":{"coding":[{"system":"http://snomed.info/sct","code":"373573001","display":"Clinical finding present (situation)"}],"text":"Phenotype Present"},"interpretation":[{"coding":[{"system":"http://terminology.hl7.org/CodeSystem/v3-ObservationInterpretation","code":"POS","display":"Positive"}],"text":"Present"}],"extension":[]}
{"resourceType":"Observation","id":"VIL-CMG-Broad-Orphan-VCGS-White-WES-Su-VCGS-FAM21-67-OMIM-300957","meta":{"profile":["http://fhir.ncpi-project-forge.io/StructureDefinition/ncpi-phenotype"]},"identifier":[{"system":"urn:ncpi:unique-string","value":"VIL-CMG-Broad-Orphan-VCGS-White-WES-Su-VCGS-FAM21-67-OMIM-300957"}],"status":"final","code":{"coding":[{"system":"http://purl.obolibrary.org/obo/omim.owl","code":"OMIM:300957","display":"MENTAL RETARDATION, X-LINKED 12; MRX12"}],"text":"MENTAL RETARDATION, X-LINKED 12; MRX12"},"subject":{"reference":"Patient/P.AnVIL-CMG-Broad-Orphan-VCGS-White-WES-Su-VCGS-FAM21-67"},"valueCodeableConcept":{"coding":[{"system":"http://snomed.info/sct","code":"373573001","display":"Clinical finding present (situation)"}],"text":"Phenotype Present"},"interpretation":[{"coding":[{"system":"http://terminology.hl7.org/CodeSystem/v3-ObservationInterpretation","code":"POS","display":"Positive"}],"text":"Present"}],"extension":[]}
{"resourceType":"Observation","id":"VIL-CMG-Broad-Orphan-VCGS-White-WES-Su-VCGS-FAM21-68-OMIM-300957","meta":{"profile":["http://fhir.ncpi-project-forge.io/StructureDefinition/ncpi-phenotype"]},"identifier":[{"system":"urn:ncpi:unique-string","value":"VIL-CMG-Broad-Orphan-VCGS-White-WES-Su-VCGS-FAM21-68-OMIM-300957"}],"status":"final","code":{"coding":[{"system":"http://purl.obolibrary.org/obo/omim.owl","code":"OMIM:300957","display":"MENTAL RETARDATION, X-LINKED 12; MRX12"}],"text":"MENTAL RETARDATION, X-LINKED 12; MRX12"},"subject":{"reference":"Patient/P.AnVIL-CMG-Broad-Orphan-VCGS-White-WES-Su-VCGS-FAM21-68"},"valueCodeableConcept":{"coding":[{"system":"http://snomed.info/sct","code":"373573001","display":"Clinical finding present (situation)"}],"text":"Phenotype Present"},"interpretation":[{"coding":[{"system":"http://terminology.hl7.org/CodeSystem/v3-ObservationInterpretation","code":"POS","display":"Positive"}],"text":"Present"}],"extension":[]}
{"resourceType":"Observation","id":"VIL-CMG-Broad-Orphan-VCGS-White-WES-Su-VCGS-FAM30-94-OMIM-614945","meta":{"profile":["http://fhir.ncpi-project-forge.io/StructureDefinition/ncpi-phenotype"]},"identifier":[{"system":"urn:ncpi:unique-string","value":"VIL-CMG-Broad-Orphan-VCGS-White-WES-Su-VCGS-FAM30-94-OMIM-614945"}],"status":"final","code":{"coding":[{"system":"http://purl.obolibrary.org/obo/omim.owl","code":"OMIM:614945","display":"DEAFNESS, AUTOSOMAL RECESSIVE 18B; DFNB18B"}],"text":"DEAFNESS, AUTOSOMAL RECESSIVE 18B; DFNB18B"},"subject":{"reference":"Patient/P.AnVIL-CMG-Broad-Orphan-VCGS-White-WES-Su-VCGS-FAM30-94"},"valueCodeableConcept":{"coding":[{"system":"http://snomed.info/sct","code":"373573001","display":"Clinical finding present (situation)"}],"text":"Phenotype Present"},"interpretation":[{"coding":[{"system":"http://terminology.hl7.org/CodeSystem/v3-ObservationInterpretation","code":"POS","display":"Positive"}],"text":"Present"}],"extension":[]}
{"resourceType":"Observation","id":"VIL-CMG-Broad-Orphan-VCGS-White-WES-Su-VCGS-FAM30-95-OMIM-614945","meta":{"profile":["http://fhir.ncpi-project-forge.io/StructureDefinition/ncpi-phenotype"]},"identifier":[{"system":"urn:ncpi:unique-string","value":"VIL-CMG-Broad-Orphan-VCGS-White-WES-Su-VCGS-FAM30-95-OMIM-614945"}],"status":"final","code":{"coding":[{"system":"http://purl.obolibrary.org/obo/omim.owl","code":"OMIM:614945","display":"DEAFNESS, AUTOSOMAL RECESSIVE 18B; DFNB18B"}],"text":"DEAFNESS, AUTOSOMAL RECESSIVE 18B; DFNB18B"},"subject":{"reference":"Patient/P.AnVIL-CMG-Broad-Orphan-VCGS-White-WES-Su-VCGS-FAM30-95"},"valueCodeableConcept":{"coding":[{"system":"http://snomed.info/sct","code":"373573001","display":"Clinical finding present (situation)"}],"text":"Phenotype Present"},"interpretation":[{"coding":[{"system":"http://terminology.hl7.org/CodeSystem/v3-ObservationInterpretation","code":"POS","display":"Positive"}],"text":"Present"}],"extension":[]}
{"resourceType":"Observation","id":"VIL-CMG-Broad-Orphan-VCGS-White-WES-Su-VCGS-FAM30-96-OMIM-614945","meta":{"profile":["http://fhir.ncpi-project-forge.io/StructureDefinition/ncpi-phenotype"]},"identifier":[{"system":"urn:ncpi:unique-string","value":"VIL-CMG-Broad-Orphan-VCGS-White-WES-Su-VCGS-FAM30-96-OMIM-614945"}],"status":"final","code":{"coding":[{"system":"http://purl.obolibrary.org/obo/omim.owl","code":"OMIM:614945","display":"DEAFNESS, AUTOSOMAL RECESSIVE 18B; DFNB18B"}],"text":"DEAFNESS, AUTOSOMAL RECESSIVE 18B; DFNB18B"},"subject":{"reference":"Patient/P.AnVIL-CMG-Broad-Orphan-VCGS-White-WES-Su-VCGS-FAM30-96"},"valueCodeableConcept":{"coding":[{"system":"http://snomed.info/sct","code":"373573001","display":"Clinical finding present (situation)"}],"text":"Phenotype Present"},"interpretation":[{"coding":[{"system":"http://terminology.hl7.org/CodeSystem/v3-ObservationInterpretation","code":"POS","display":"Positive"}],"text":"Present"}],"extension":[]}
{"resourceType":"Observation","id":"IL-CMG-Broad-Orphan-VCGS-White-WES-Su-VCGS-FAM38-120-OMIM-617807","meta":{"profile":["http://fhir.ncpi-project-forge.io/StructureDefinition/ncpi-phenotype"]},"identifier":[{"system":"urn:ncpi:unique-string","value":"IL-CMG-Broad-Orphan-VCGS-White-WES-Su-VCGS-FAM38-120-OMIM-617807"}],"status":"final","code":{"coding":[{"system":"http://purl.obolibrary.org/obo/omim.owl","code":"OMIM:617807","display":"NEURODEVELOPMENTAL DISORDER WITH ATAXIC GAIT, ABSENT SPEECH, AND DECREASED CORTICAL WHITE MATTER; NDAGSCW"}],"text":"NEURODEVELOPMENTAL DISORDER WITH ATAXIC GAIT, ABSENT SPEECH, AND DECREASED CORTICAL WHITE MATTER; NDAGSCW"},"subject":{"reference":"Patient/P.AnVIL-CMG-Broad-Orphan-VCGS-White-WES-Su-VCGS-FAM38-120"},"valueCodeableConcept":{"coding":[{"system":"http://snomed.info/sct","code":"373573001","display":"Clinical finding present (situation)"}],"text":"Phenotype Present"},"interpretation":[{"coding":[{"system":"http://terminology.hl7.org/CodeSystem/v3-ObservationInterpretation","code":"POS","display":"Positive"}],"text":"Present"}],"extension":[]}
{"resourceType":"Observation","id":"IL-CMG-Broad-Orphan-VCGS-White-WES-Su-VCGS-FAM38-121-OMIM-617807","meta":{"profile":["http://fhir.ncpi-project-forge.io/StructureDefinition/ncpi-phenotype"]},"identifier":[{"system":"urn:ncpi:unique-string","value":"IL-CMG-Broad-Orphan-VCGS-White-WES-Su-VCGS-FAM38-121-OMIM-617807"}],"status":"final","code":{"coding":[{"system":"http://purl.obolibrary.org/obo/omim.owl","code":"OMIM:617807","display":"NEURODEVELOPMENTAL DISORDER WITH ATAXIC GAIT, ABSENT SPEECH, AND DECREASED CORTICAL WHITE MATTER; NDAGSCW"}],"text":"NEURODEVELOPMENTAL DISORDER WITH ATAXIC GAIT, ABSENT SPEECH, AND DECREASED CORTICAL WHITE MATTER; NDAGSCW"},"subject":{"reference":"Patient/P.AnVIL-CMG-Broad-Orphan-VCGS-White-WES-Su-VCGS-FAM38-121"},"valueCodeableConcept":{"coding":[{"system":"http://snomed.info/sct","code":"373573001","display":"Clinical finding present (situation)"}],"text":"Phenotype Present"},"interpretation":[{"coding":[{"system":"http://terminology.hl7.org/CodeSystem/v3-ObservationInterpretation","code":"POS","display":"Positive"}],"text":"Present"}],"extension":[]}
{"resourceType":"Observation","id":"IL-CMG-Broad-Orphan-VCGS-White-WES-Su-VCGS-FAM38-122-OMIM-617807","meta":{"profile":["http://fhir.ncpi-project-forge.io/StructureDefinition/ncpi-phenotype"]},"identifier":[{"system":"urn:ncpi:unique-string","value":"IL-CMG-Broad-Orphan-VCGS-White-WES-Su-VCGS-FAM38-122-OMIM-617807"}],"status":"final","code":{"coding":[{"system":"http://purl.obolibrary.org/obo/omim.owl","code":"OMIM:617807","display":"NEURODEVELOPMENTAL DISORDER WITH ATAXIC GAIT, ABSENT SPEECH, AND DECREASED CORTICAL WHITE MATTER; NDAGSCW"}],"text":"NEURODEVELOPMENTAL DISORDER WITH ATAXIC GAIT, ABSENT SPEECH, AND DECREASED CORTICAL WHITE MATTER; NDAGSCW"},"subject":{"reference":"Patient/P.AnVIL-CMG-Broad-Orphan-VCGS-White-WES-Su-VCGS-FAM38-122"},"valueCodeableConcept":{"coding":[{"system":"http://snomed.info/sct","code":"373573001","display":"Clinical finding present (situation)"}],"text":"Phenotype Present"},"interpretation":[{"coding":[{"system":"http://terminology.hl7.org/CodeSystem/v3-ObservationInterpretation","code":"POS","display":"Positive"}],"text":"Present"}],"extension":[]}
{"resourceType":"Observation","id":"IL-CMG-Broad-Orphan-VCGS-White-WES-Su-VCGS-FAM40-126-OMIM-614932","meta":{"profile":["http://fhir.ncpi-project-forge.io/StructureDefinition/ncpi-phenotype"]},"identifier":[{"system":"urn:ncpi:unique-string","value":"IL-CMG-Broad-Orphan-VCGS-White-WES-Su-VCGS-FAM40-126-OMIM-614932"}],"status":"final","code":{"coding":[{"system":"http://purl.obolibrary.org/obo/omim.owl","code":"OMIM:614932","display":"COMBINED OXIDATIVE PHOSPHORYLATION DEFICIENCY 13; COXPD13"}],"text":"COMBINED OXIDATIVE PHOSPHORYLATION DEFICIENCY 13; COXPD13"},"subject":{"reference":"Patient/P.AnVIL-CMG-Broad-Orphan-VCGS-White-WES-Su-VCGS-FAM40-126"},"valueCodeableConcept":{"coding":[{"system":"http://snomed.info/sct","code":"373573001","display":"Clinical finding present (situation)"}],"text":"Phenotype Present"},"interpretation":[{"coding":[{"system":"http://terminology.hl7.org/CodeSystem/v3-ObservationInterpretation","code":"POS","display":"Positive"}],"text":"Present"}],"extension":[]}
{"resourceType":"Observation","id":"IL-CMG-Broad-Orphan-VCGS-White-WES-Su-VCGS-FAM40-127-OMIM-614932","meta":{"profile":["http://fhir.ncpi-project-forge.io/StructureDefinition/ncpi-phenotype"]},"identifier":[{"system":"urn:ncpi:unique-string","value":"IL-CMG-Broad-Orphan-VCGS-White-WES-Su-VCGS-FAM40-127-OMIM-614932"}],"status":"final","code":{"coding":[{"system":"http://purl.obolibrary.org/obo/omim.owl","code":"OMIM:614932","display":"COMBINED OXIDATIVE PHOSPHORYLATION DEFICIENCY 13; COXPD13"}],"text":"COMBINED OXIDATIVE PHOSPHORYLATION DEFICIENCY 13; COXPD13"},"subject":{"reference":"Patient/P.AnVIL-CMG-Broad-Orphan-VCGS-White-WES-Su-VCGS-FAM40-127"},"valueCodeableConcept":{"coding":[{"system":"http://snomed.info/sct","code":"373573001","display":"Clinical finding present (situation)"}],"text":"Phenotype Present"},"interpretation":[{"coding":[{"system":"http://terminology.hl7.org/CodeSystem/v3-ObservationInterpretation","code":"POS","display":"Positive"}],"text":"Present"}],"extension":[]}
{"resourceType":"Observation","id":"IL-CMG-Broad-Orphan-VCGS-White-WES-Su-VCGS-FAM40-128-OMIM-614932","meta":{"profile":["http://fhir.ncpi-project-forge.io/StructureDefinition/ncpi-phenotype"]},"identifier":[{"system":"urn:ncpi:unique-string","value":"IL-CMG-Broad-Orphan-VCGS-White-WES-Su-VCGS-FAM40-128-OMIM-614932"}],"status":"final","code":{"coding":[{"system":"http://purl.obolibrary.org/obo/omim.owl","code":"OMIM:614932","display":"COMBINED OXIDATIVE PHOSPHORYLATION DEFICIENCY 13; COXPD13"}],"text":"COMBINED OXIDATIVE PHOSPHORYLATION DEFICIENCY 13; COXPD13"},"subject":{"reference":"Patient/P.AnVIL-CMG-Broad-Orphan-VCGS-White-WES-Su-VCGS-FAM40-128"},"valueCodeableConcept":{"coding":[{"system":"http://snomed.info/sct","code":"373573001","display":"Clinical finding present (situation)"}],"text":"Phenotype Present"},"interpretation":[{"coding":[{"system":"http://terminology.hl7.org/CodeSystem/v3-ObservationInterpretation","code":"POS","display":"Positive"}],"text":"Present"}],"extension":[]}
{"resourceType":"Observation","id":"IL-CMG-Broad-Orphan-VCGS-White-WES-Su-VCGS-FAM51-159-OMIM-117000","meta":{"profile":["http://fhir.ncpi-project-forge.io/StructureDefinition/ncpi-phenotype"]},"identifier":[{"system":"urn:ncpi:unique-string","value":"IL-CMG-Broad-Orphan-VCGS-White-WES-Su-VCGS-FAM51-159-OMIM-117000"}],"status":"final","code":{"coding":[{"system":"http://purl.obolibrary.org/obo/omim.owl","code":"OMIM:117000","display":"CENTRAL CORE DISEASE OF MUSCLE; CCD"}],"text":"CENTRAL CORE DISEASE OF MUSCLE; CCD"},"subject":{"reference":"Patient/P.AnVIL-CMG-Broad-Orphan-VCGS-White-WES-Su-VCGS-FAM51-159"},"valueCodeableConcept":{"coding":[{"system":"http://snomed.info/sct","code":"373573001","display":"Clinical finding present (situation)"}],"text":"Phenotype Present"},"interpretation":[{"coding":[{"system":"http://terminology.hl7.org/CodeSystem/v3-ObservationInterpretation","code":"POS","display":"Positive"}],"text":"Present"}],"extension":[]}
{"resourceType":"Observation","id":"IL-CMG-Broad-Orphan-VCGS-White-WES-Su-VCGS-FAM51-160-OMIM-117000","meta":{"profile":["http://fhir.ncpi-project-forge.io/StructureDefinition/ncpi-phenotype"]},"identifier":[{"system":"urn:ncpi:unique-string","value":"IL-CMG-Broad-Orphan-VCGS-White-WES-Su-VCGS-FAM51-160-OMIM-117000"}],"status":"final","code":{"coding":[{"system":"http://purl.obolibrary.org/obo/omim.owl","code":"OMIM:117000","display":"CENTRAL CORE DISEASE OF MUSCLE; CCD"}],"text":"CENTRAL CORE DISEASE OF MUSCLE; CCD"},"subject":{"reference":"Patient/P.AnVIL-CMG-Broad-Orphan-VCGS-White-WES-Su-VCGS-FAM51-160"},"valueCodeableConcept":{"coding":[{"system":"http://snomed.info/sct","code":"373573001","display":"Clinical finding present (situation)"}],"text":"Phenotype Present"},"interpretation":[{"coding":[{"system":"http://terminology.hl7.org/CodeSystem/v3-ObservationInterpretation","code":"POS","display":"Positive"}],"text":"Present"}],"extension":[]}
{"resourceType":"Observation","id":"IL-CMG-Broad-Orphan-VCGS-White-WES-Su-VCGS-FAM51-161-OMIM-117000","meta":{"profile":["http://fhir.ncpi-project-forge.io/StructureDefinition/ncpi-phenotype"]},"identifier":[{"system":"urn:ncpi:unique-string","value":"IL-CMG-Broad-Orphan-VCGS-White-WES-Su-VCGS-FAM51-161-OMIM-117000"}],"status":"final","code":{"coding":[{"system":"http://purl.obolibrary.org/obo/omim.owl","code":"OMIM:117000","display":"CENTRAL CORE DISEASE OF MUSCLE; CCD"}],"text":"CENTRAL CORE DISEASE OF MUSCLE; CCD"},"subject":{"reference":"Patient/P.AnVIL-CMG-Broad-Orphan-VCGS-White-WES-Su-VCGS-FAM51-161"},"valueCodeableConcept":{"coding":[{"system":"http://snomed.info/sct","code":"373573001","display":"Clinical finding present (situation)"}],"text":"Phenotype Present"},"interpretation":[{"coding":[{"system":"http://terminology.hl7.org/CodeSystem/v3-ObservationInterpretation","code":"POS","display":"Positive"}],"text":"Present"}],"extension":[]}
{"resourceType":"Observation","id":"IL-CMG-Broad-Orphan-VCGS-White-WES-Su-VCGS-FAM53-165-OMIM-300894","meta":{"profile":["http://fhir.ncpi-project-forge.io/StructureDefinition/ncpi-phenotype"]},"identifier":[{"system":"urn:ncpi:unique-string","value":"IL-CMG-Broad-Orphan-VCGS-White-WES-Su-VCGS-FAM53-165-OMIM-300894"}],"status":"final","code":{"coding":[{"system":"http://purl.obolibrary.org/obo/omim.owl","code":"OMIM:300894","display":"NEURODEGENERATION WITH BRAIN IRON ACCUMULATION 5; NBIA5"}],"text":"NEURODEGENERATION WITH BRAIN IRON ACCUMULATION 5; NBIA5"},"subject":{"reference":"Patient/P.AnVIL-CMG-Broad-Orphan-VCGS-White-WES-Su-VCGS-FAM53-165"},"valueCodeableConcept":{"coding":[{"system":"http://snomed.info/sct","code":"373573001","display":"Clinical finding present (situation)"}],"text":"Phenotype Present"},"interpretation":[{"coding":[{"system":"http://terminology.hl7.org/CodeSystem/v3-ObservationInterpretation","code":"POS","display":"Positive"}],"text":"Present"}],"extension":[]}
{"resourceType":"Observation","id":"IL-CMG-Broad-Orphan-VCGS-White-WES-Su-VCGS-FAM53-166-OMIM-300894","meta":{"profile":["http://fhir.ncpi-project-forge.io/StructureDefinition/ncpi-phenotype"]},"identifier":[{"system":"urn:ncpi:unique-string","value":"IL-CMG-Broad-Orphan-VCGS-White-WES-Su-VCGS-FAM53-166-OMIM-300894"}],"status":"final","code":{"coding":[{"system":"http://purl.obolibrary.org/obo/omim.owl","code":"OMIM:300894","display":"NEURODEGENERATION WITH BRAIN IRON ACCUMULATION 5; NBIA5"}],"text":"NEURODEGENERATION WITH BRAIN IRON ACCUMULATION 5; NBIA5"},"subject":{"reference":"Patient/P.AnVIL-CMG-Broad-Orphan-VCGS-White-WES-Su-VCGS-FAM53-166"},"valueCodeableConcept":{"coding":[{"system":"http://snomed.info/sct","code":"373573001","display":"Clinical finding present (situation)"}],"text":"Phenotype Present"},"interpretation":[{"coding":[{"system":"http://terminology.hl7.org/CodeSystem/v3-ObservationInterpretation","code":"POS","display":"Positive"}],"text":"Present"}],"extension":[]}
{"resourceType":"Observation","id":"IL-CMG-Broad-Orphan-VCGS-White-WES-Su-VCGS-FAM53-167-OMIM-300894","meta":{"profile":["http://fhir.ncpi-project-forge.io/StructureDefinition/ncpi-phenotype"]},"identifier":[{"system":"urn:ncpi:unique-string","value":"IL-CMG-Broad-Orphan-VCGS-White-WES-Su-VCGS-FAM53-167-OMIM-300894"}],"status":"final","code":{"coding":[{"system":"http://purl.obolibrary.org/obo/omim.owl","code":"OMIM:300894","display":"NEURODEGENERATION WITH BRAIN IRON ACCUMULATION 5; NBIA5"}],"text":"NEURODEGENERATION WITH BRAIN IRON ACCUMULATION 5; NBIA5"},"subject":{"reference":"Patient/P.AnVIL-CMG-Broad-Orphan-VCGS-White-WES-Su-VCGS-FAM53-167"},"valueCodeableConcept":{"coding":[{"system":"http://snomed.info/sct","code":"373573001","display":"Clinical finding present (situation)"}],"text":"Phenotype Present"},"interpretation":[{"coding":[{"system":"http://terminology.hl7.org/CodeSystem/v3-ObservationInterpretation","code":"POS","display":"Positive"}],"text":"Present"}],"extension":[]}
{"resourceType":"Observation","id":"nVIL-CMG-Broad-Orphan-VCGS-White-WES-Su-VCGS-FAM5-14-OMIM-614607","meta":{"profile":["http://fhir.ncpi-project-forge.io/StructureDefinition/ncpi-phenotype"]},"identifier":[{"system":"urn:ncpi:unique-string","value":"nVIL-CMG-Broad-Orphan-VCGS-White-WES-Su-VCGS-FAM5-14-OMIM-614607"}],"status":"final","code":{"coding":[{"system":"http://purl.obolibrary.org/obo/omim.owl","code":"OMIM:614607","display":"COFFIN-SIRIS SYNDROME 2; CSS2"}],"text":"COFFIN-SIRIS SYNDROME 2; CSS2"},"subject":{"reference":"Patient/P.AnVIL-CMG-Broad-Orphan-VCGS-White-WES-Su-VCGS-FAM5-14"},"valueCodeableConcept":{"coding":[{"system":"http://snomed.info/sct","code":"373573001","display":"Clinical finding present (situation)"}],"text":"Phenotype Present"},"interpretation":[{"coding":[{"system":"http://terminology.hl7.org/CodeSystem/v3-ObservationInterpretation","code":"POS","display":"Positive"}],"text":"Present"}],"extension":[]}
{"resourceType":"Observation","id":"nVIL-CMG-Broad-Orphan-VCGS-White-WES-Su-VCGS-FAM5-15-OMIM-614607","meta":{"profile":["http://fhir.ncpi-project-forge.io/StructureDefinition/ncpi-phenotype"]},"identifier":[{"system":"urn:ncpi:unique-string","value":"nVIL-CMG-Broad-Orphan-VCGS-White-WES-Su-VCGS-FAM5-15-OMIM-614607"}],"status":"final","code":{"coding":[{"system":"http://purl.obolibrary.org/obo/omim.owl","code":"OMIM:614607","display":"COFFIN-SIRIS SYNDROME 2; CSS2"}],"text":"COFFIN-SIRIS SYNDROME 2; CSS2"},"subject":{"reference":"Patient/P.AnVIL-CMG-Broad-Orphan-VCGS-White-WES-Su-VCGS-FAM5-15"},"valueCodeableConcept":{"coding":[{"system":"http://snomed.info/sct","code":"373573001","display":"Clinical finding present (situation)"}],"text":"Phenotype Present"},"interpretation":[{"coding":[{"system":"http://terminology.hl7.org/CodeSystem/v3-ObservationInterpretation","code":"POS","display":"Positive"}],"text":"Present"}],"extension":[]}
{"resourceType":"Observation","id":"nVIL-CMG-Broad-Orphan-VCGS-White-WES-Su-VCGS-FAM5-16-OMIM-614607","meta":{"profile":["http://fhir.ncpi-project-forge.io/StructureDefinition/ncpi-phenotype"]},"identifier":[{"system":"urn:ncpi:unique-string","value":"nVIL-CMG-Broad-Orphan-VCGS-White-WES-Su-VCGS-FAM5-16-OMIM-614607"}],"status":"final","code":{"coding":[{"system":"http://purl.obolibrary.org/obo/omim.owl","code":"OMIM:614607","display":"COFFIN-SIRIS SYNDROME 2; CSS2"}],"text":"COFFIN-SIRIS SYNDROME 2; CSS2"},"subject":{"reference":"Patient/P.AnVIL-CMG-Broad-Orphan-VCGS-White-WES-Su-VCGS-FAM5-16"},"valueCodeableConcept":{"coding":[{"system":"http://snomed.info/sct","code":"373573001","display":"Clinical finding present (situation)"}],"text":"Phenotype Present"},"interpretation":[{"coding":[{"system":"http://terminology.hl7.org/CodeSystem/v3-ObservationInterpretation","code":"POS","display":"Positive"}],"text":"Present"}],"extension":[]}
{"resourceType":"Observation","id":"IL-CMG-Broad-Orphan-VCGS-White-WES-Su-VCGS-FAM60-187-OMIM-613680","meta":{"profile":["http://fhir.ncpi-project-forge.io/StructureDefinition/ncpi-phenotype"]},"identifier":[{"system":"urn:ncpi:unique-string","value":"IL-CMG-Broad-Orphan-VCGS-White-WES-Su-VCGS-FAM60-187-OMIM-613680"}],"status":"final","code":{"coding":[{"system":"http://purl.obolibrary.org/obo/omim.owl","code":"OMIM:613680","display":"BEAULIEU-BOYCOTT-INNES SYNDROME; BBIS"}],"text":"BEAULIEU-BOYCOTT-INNES SYNDROME; BBIS"},"subject":{"reference":"Patient/P.AnVIL-CMG-Broad-Orphan-VCGS-White-WES-Su-VCGS-FAM60-187"},"valueCodeableConcept":{"coding":[{"system":"http://snomed.info/sct","code":"373573001","display":"Clinical finding present (situation)"}],"text":"Phenotype Present"},"interpretation":[{"coding":[{"system":"http://terminology.hl7.org/CodeSystem/v3-ObservationInterpretation","code":"POS","display":"Positive"}],"text":"Present"}],"extension":[]}
{"resourceType":"Observation","id":"IL-CMG-Broad-Orphan-VCGS-White-WES-Su-VCGS-FAM60-188-OMIM-613680","meta":{"profile":["http://fhir.ncpi-project-forge.io/StructureDefinition/ncpi-phenotype"]},"identifier":[{"system":"urn:ncpi:unique-string","value":"IL-CMG-Broad-Orphan-VCGS-White-WES-Su-VCGS-FAM60-188-OMIM-613680"}],"status":"final","code":{"coding":[{"system":"http://purl.obolibrary.org/obo/omim.owl","code":"OMIM:613680","display":"BEAULIEU-BOYCOTT-INNES SYNDROME; BBIS"}],"text":"BEAULIEU-BOYCOTT-INNES SYNDROME; BBIS"},"subject":{"reference":"Patient/P.AnVIL-CMG-Broad-Orphan-VCGS-White-WES-Su-VCGS-FAM60-188"},"valueCodeableConcept":{"coding":[{"system":"http://snomed.info/sct","code":"373573001","display":"Clinical finding present (situation)"}],"text":"Phenotype Present"},"interpretation":[{"coding":[{"system":"http://terminology.hl7.org/CodeSystem/v3-ObservationInterpretation","code":"POS","display":"Positive"}],"text":"Present"}],"extension":[]}
{"resourceType":"Observation","id":"IL-CMG-Broad-Orphan-VCGS-White-WES-Su-VCGS-FAM60-189-OMIM-613680","meta":{"profile":["http://fhir.ncpi-project-forge.io/StructureDefinition/ncpi-phenotype"]},"identifier":[{"system":"urn:ncpi:unique-string","value":"IL-CMG-Broad-Orphan-VCGS-White-WES-Su-VCGS-FAM60-189-OMIM-613680"}],"status":"final","code":{"coding":[{"system":"http://purl.obolibrary.org/obo/omim.owl","code":"OMIM:613680","display":"BEAULIEU-BOYCOTT-INNES SYNDROME; BBIS"}],"text":"BEAULIEU-BOYCOTT-INNES SYNDROME; BBIS"},"subject":{"reference":"Patient/P.AnVIL-CMG-Broad-Orphan-VCGS-White-WES-Su-VCGS-FAM60-189"},"valueCodeableConcept":{"coding":[{"system":"http://snomed.info/sct","code":"373573001","display":"Clinical finding present (situation)"}],"text":"Phenotype Present"},"interpretation":[{"coding":[{"system":"http://terminology.hl7.org/CodeSystem/v3-ObservationInterpretation","code":"POS","display":"Positive"}],"text":"Present"}],"extension":[]}
{"resourceType":"Observation","id":"IL-CMG-Broad-Orphan-VCGS-White-WES-Su-VCGS-FAM62-193-OMIM-613091","meta":{"profile":["http://fhir.ncpi-project-forge.io/StructureDefinition/ncpi-phenotype"]},"identifier":[{"system":"urn:ncpi:unique-string","value":"IL-CMG-Broad-Orphan-VCGS-White-WES-Su-VCGS-FAM62-193-OMIM-613091"}],"status":"final","code":{"coding":[{"system":"http://purl.obolibrary.org/obo/omim.owl","code":"OMIM:613091","display":"SHORT-RIB THORACIC DYSPLASIA 3 WITH OR WITHOUT POLYDACTYLY; SRTD3"}],"text":"SHORT-RIB THORACIC DYSPLASIA 3 WITH OR WITHOUT POLYDACTYLY; SRTD3"},"subject":{"reference":"Patient/P.AnVIL-CMG-Broad-Orphan-VCGS-White-WES-Su-VCGS-FAM62-193"},"valueCodeableConcept":{"coding":[{"system":"http://snomed.info/sct","code":"373573001","display":"Clinical finding present (situation)"}],"text":"Phenotype Present"},"interpretation":[{"coding":[{"system":"http://terminology.hl7.org/CodeSystem/v3-ObservationInterpretation","code":"POS","display":"Positive"}],"text":"Present"}],"extension":[]}
{"resourceType":"Observation","id":"IL-CMG-Broad-Orphan-VCGS-White-WES-Su-VCGS-FAM62-194-OMIM-613091","meta":{"profile":["http://fhir.ncpi-project-forge.io/StructureDefinition/ncpi-phenotype"]},"identifier":[{"system":"urn:ncpi:unique-string","value":"IL-CMG-Broad-Orphan-VCGS-White-WES-Su-VCGS-FAM62-194-OMIM-613091"}],"status":"final","code":{"coding":[{"system":"http://purl.obolibrary.org/obo/omim.owl","code":"OMIM:613091","display":"SHORT-RIB THORACIC DYSPLASIA 3 WITH OR WITHOUT POLYDACTYLY; SRTD3"}],"text":"SHORT-RIB THORACIC DYSPLASIA 3 WITH OR WITHOUT POLYDACTYLY; SRTD3"},"subject":{"reference":"Patient/P.AnVIL-CMG-Broad-Orphan-VCGS-White-WES-Su-VCGS-FAM62-194"},"valueCodeableConcept":{"coding":[{"system":"http://snomed.info/sct","code":"373573001","display":"Clinical finding present (situation)"}],"text":"Phenotype Present"},"interpretation":[{"coding":[{"system":"http://terminology.hl7.org/CodeSystem/v3-ObservationInterpretation","code":"POS","display":"Positive"}],"text":"Present"}],"extension":[]}
{"resourceType":"Observation","id":"IL-CMG-Broad-Orphan-VCGS-White-WES-Su-VCGS-FAM62-195-OMIM-613091","meta":{"profile":["http://fhir.ncpi-project-forge.io/StructureDefinition/ncpi-phenotype"]},"identifier":[{"system":"urn:ncpi:unique-string","value":"IL-CMG-Broad-Orphan-VCGS-White-WES-Su-VCGS-FAM62-195-OMIM-613091"}],"status":"final","code":{"coding":[{"system":"http://purl.obolibrary.org/obo/omim.owl","code":"OMIM:613091","display":"SHORT-RIB THORACIC DYSPLASIA 3 WITH OR WITHOUT POLYDACTYLY; SRTD3"}],"text":"SHORT-RIB THORACIC DYSPLASIA 3 WITH OR WITHOUT POLYDACTYLY; SRTD3"},"subject":{"reference":"Patient/P.AnVIL-CMG-Broad-Orphan-VCGS-White-WES-Su-VCGS-FAM62-195"},"valueCodeableConcept":{"coding":[{"system":"http://snomed.info/sct","code":"373573001","display":"Clinical finding present (situation)"}],"text":"Phenotype Present"},"interpretation":[{"coding":[{"system":"http://terminology.hl7.org/CodeSystem/v3-ObservationInterpretation","code":"POS","display":"Positive"}],"text":"Present"}],"extension":[]}
{"resourceType":"Observation","id":"IL-CMG-Broad-Orphan-VCGS-White-WES-Su-VCGS-FAM70-218-OMIM-305100","meta":{"profile":["http://fhir.ncpi-project-forge.io/StructureDefinition/ncpi-phenotype"]},"identifier":[{"system":"urn:ncpi:unique-string","value":"IL-CMG-Broad-Orphan-VCGS-White-WES-Su-VCGS-FAM70-218-OMIM-305100"}],"status":"final","code":{"coding":[{"system":"http://purl.obolibrary.org/obo/omim.owl","code":"OMIM:305100","display":"ECTODERMAL DYSPLASIA 1, HYPOHIDROTIC, X-LINKED; XHED"}],"text":"ECTODERMAL DYSPLASIA 1, HYPOHIDROTIC, X-LINKED; XHED"},"subject":{"reference":"Patient/P.AnVIL-CMG-Broad-Orphan-VCGS-White-WES-Su-VCGS-FAM70-218"},"valueCodeableConcept":{"coding":[{"system":"http://snomed.info/sct","code":"373573001","display":"Clinical finding present (situation)"}],"text":"Phenotype Present"},"interpretation":[{"coding":[{"system":"http://terminology.hl7.org/CodeSystem/v3-ObservationInterpretation","code":"POS","display":"Positive"}],"text":"Present"}],"extension":[]}
{"resourceType":"Observation","id":"IL-CMG-Broad-Orphan-VCGS-White-WES-Su-VCGS-FAM70-219-OMIM-305100","meta":{"profile":["http://fhir.ncpi-project-forge.io/StructureDefinition/ncpi-phenotype"]},"identifier":[{"system":"urn:ncpi:unique-string","value":"IL-CMG-Broad-Orphan-VCGS-White-WES-Su-VCGS-FAM70-219-OMIM-305100"}],"status":"final","code":{"coding":[{"system":"http://purl.obolibrary.org/obo/omim.owl","code":"OMIM:305100","display":"ECTODERMAL DYSPLASIA 1, HYPOHIDROTIC, X-LINKED; XHED"}],"text":"ECTODERMAL DYSPLASIA 1, HYPOHIDROTIC, X-LINKED; XHED"},"subject":{"reference":"Patient/P.AnVIL-CMG-Broad-Orphan-VCGS-White-WES-Su-VCGS-FAM70-219"},"valueCodeableConcept":{"coding":[{"system":"http://snomed.info/sct","code":"373573001","display":"Clinical finding present (situation)"}],"text":"Phenotype Present"},"interpretation":[{"coding":[{"system":"http://terminology.hl7.org/CodeSystem/v3-ObservationInterpretation","code":"POS","display":"Positive"}],"text":"Present"}],"extension":[]}
{"resourceType":"Observation","id":"IL-CMG-Broad-Orphan-VCGS-White-WES-Su-VCGS-FAM70-220-OMIM-305100","meta":{"profile":["http://fhir.ncpi-project-forge.io/StructureDefinition/ncpi-phenotype"]},"identifier":[{"system":"urn:ncpi:unique-string","value":"IL-CMG-Broad-Orphan-VCGS-White-WES-Su-VCGS-FAM70-220-OMIM-305100"}],"status":"final","code":{"coding":[{"system":"http://purl.obolibrary.org/obo/omim.owl","code":"OMIM:305100","display":"ECTODERMAL DYSPLASIA 1, HYPOHIDROTIC, X-LINKED; XHED"}],"text":"ECTODERMAL DYSPLASIA 1, HYPOHIDROTIC, X-LINKED; XHED"},"subject":{"reference":"Patient/P.AnVIL-CMG-Broad-Orphan-VCGS-White-WES-Su-VCGS-FAM70-220"},"valueCodeableConcept":{"coding":[{"system":"http://snomed.info/sct","code":"373573001","display":"Clinical finding present (situation)"}],"text":"Phenotype Present"},"interpretation":[{"coding":[{"system":"http://terminology.hl7.org/CodeSystem/v3-ObservationInterpretation","code":"POS","display":"Positive"}],"text":"Present"}],"extension":[]}
{"resourceType":"Observation","id":"IL-CMG-Broad-Orphan-VCGS-White-WES-Su-VCGS-FAM75-233-OMIM-180849","meta":{"profile":["http://fhir.ncpi-project-forge.io/StructureDefinition/ncpi-phenotype"]},"identifier":[{"system":"urn:ncpi:unique-string","value":"IL-CMG-Broad-Orphan-VCGS-White-WES-Su-VCGS-FAM75-233-OMIM-180849"}],"status":"final","code":{"coding":[{"system":"http://purl.obolibrary.org/obo/omim.owl","code":"OMIM:180849","display":"RUBINSTEIN-TAYBI SYNDROME 1; RSTS1"}],"text":"RUBINSTEIN-TAYBI SYNDROME 1; RSTS1"},"subject":{"reference":"Patient/P.AnVIL-CMG-Broad-Orphan-VCGS-White-WES-Su-VCGS-FAM75-233"},"valueCodeableConcept":{"coding":[{"system":"http://snomed.info/sct","code":"373573001","display":"Clinical finding present (situation)"}],"text":"Phenotype Present"},"interpretation":[{"coding":[{"system":"http://terminology.hl7.org/CodeSystem/v3-ObservationInterpretation","code":"POS","display":"Positive"}],"text":"Present"}],"extension":[]}
{"resourceType":"Observation","id":"IL-CMG-Broad-Orphan-VCGS-White-WES-Su-VCGS-FAM75-234-OMIM-180849","meta":{"profile":["http://fhir.ncpi-project-forge.io/StructureDefinition/ncpi-phenotype"]},"identifier":[{"system":"urn:ncpi:unique-string","value":"IL-CMG-Broad-Orphan-VCGS-White-WES-Su-VCGS-FAM75-234-OMIM-180849"}],"status":"final","code":{"coding":[{"system":"http://purl.obolibrary.org/obo/omim.owl","code":"OMIM:180849","display":"RUBINSTEIN-TAYBI SYNDROME 1; RSTS1"}],"text":"RUBINSTEIN-TAYBI SYNDROME 1; RSTS1"},"subject":{"reference":"Patient/P.AnVIL-CMG-Broad-Orphan-VCGS-White-WES-Su-VCGS-FAM75-234"},"valueCodeableConcept":{"coding":[{"system":"http://snomed.info/sct","code":"373573001","display":"Clinical finding present (situation)"}],"text":"Phenotype Present"},"interpretation":[{"coding":[{"system":"http://terminology.hl7.org/CodeSystem/v3-ObservationInterpretation","code":"POS","display":"Positive"}],"text":"Present"}],"extension":[]}
{"resourceType":"Observation","id":"IL-CMG-Broad-Orphan-VCGS-White-WES-Su-VCGS-FAM75-235-OMIM-180849","meta":{"profile":["http://fhir.ncpi-project-forge.io/StructureDefinition/ncpi-phenotype"]},"identifier":[{"system":"urn:ncpi:unique-string","value":"IL-CMG-Broad-Orphan-VCGS-White-WES-Su-VCGS-FAM75-235-OMIM-180849"}],"status":"final","code":{"coding":[{"system":"http://purl.obolibrary.org/obo/omim.owl","code":"OMIM:180849","display":"RUBINSTEIN-TAYBI SYNDROME 1; RSTS1"}],"text":"RUBINSTEIN-TAYBI SYNDROME 1; RSTS1"},"subject":{"reference":"Patient/P.AnVIL-CMG-Broad-Orphan-VCGS-White-WES-Su-VCGS-FAM75-235"},"valueCodeableConcept":{"coding":[{"system":"http://snomed.info/sct","code":"373573001","display":"Clinical finding present (situation)"}],"text":"Phenotype Present"},"interpretation":[{"coding":[{"system":"http://terminology.hl7.org/CodeSystem/v3-ObservationInterpretation","code":"POS","display":"Positive"}],"text":"Present"}],"extension":[]}
{"resourceType":"Observation","id":"IL-CMG-Broad-Orphan-VCGS-White-WES-Su-VCGS-FAM80-248-OMIM-612370","meta":{"profile":["http://fhir.ncpi-project-forge.io/StructureDefinition/ncpi-phenotype"]},"identifier":[{"system":"urn:ncpi:unique-string","value":"IL-CMG-Broad-Orphan-VCGS-White-WES-Su-VCGS-FAM80-248-OMIM-612370"}],"status":"final","code":{"coding":[{"system":"http://purl.obolibrary.org/obo/omim.owl","code":"OMIM:612370","display":"HYPOGONADOTROPIC HYPOGONADISM 5 WITH OR WITHOUT ANOSMIA; HH5"}],"text":"HYPOGONADOTROPIC HYPOGONADISM 5 WITH OR WITHOUT ANOSMIA; HH5"},"subject":{"reference":"Patient/P.AnVIL-CMG-Broad-Orphan-VCGS-White-WES-Su-VCGS-FAM80-248"},"valueCodeableConcept":{"coding":[{"system":"http://snomed.info/sct","code":"373573001","display":"Clinical finding present (situation)"}],"text":"Phenotype Present"},"interpretation":[{"coding":[{"system":"http://terminology.hl7.org/CodeSystem/v3-ObservationInterpretation","code":"POS","display":"Positive"}],"text":"Present"}],"extension":[]}
{"resourceType":"Observation","id":"IL-CMG-Broad-Orphan-VCGS-White-WES-Su-VCGS-FAM80-249-OMIM-612370","meta":{"profile":["http://fhir.ncpi-project-forge.io/StructureDefinition/ncpi-phenotype"]},"identifier":[{"system":"urn:ncpi:unique-string","value":"IL-CMG-Broad-Orphan-VCGS-White-WES-Su-VCGS-FAM80-249-OMIM-612370"}],"status":"final","code":{"coding":[{"system":"http://purl.obolibrary.org/obo/omim.owl","code":"OMIM:612370","display":"HYPOGONADOTROPIC HYPOGONADISM 5 WITH OR WITHOUT ANOSMIA; HH5"}],"text":"HYPOGONADOTROPIC HYPOGONADISM 5 WITH OR WITHOUT ANOSMIA; HH5"},"subject":{"reference":"Patient/P.AnVIL-CMG-Broad-Orphan-VCGS-White-WES-Su-VCGS-FAM80-249"},"valueCodeableConcept":{"coding":[{"system":"http://snomed.info/sct","code":"373573001","display":"Clinical finding present (situation)"}],"text":"Phenotype Present"},"interpretation":[{"coding":[{"system":"http://terminology.hl7.org/CodeSystem/v3-ObservationInterpretation","code":"POS","display":"Positive"}],"text":"Present"}],"extension":[]}
{"resourceType":"Observation","id":"IL-CMG-Broad-Orphan-VCGS-White-WES-Su-VCGS-FAM80-250-OMIM-612370","meta":{"profile":["http://fhir.ncpi-project-forge.io/StructureDefinition/ncpi-phenotype"]},"identifier":[{"system":"urn:ncpi:unique-string","value":"IL-CMG-Broad-Orphan-VCGS-White-WES-Su-VCGS-FAM80-250-OMIM-612370"}],"status":"final","code":{"coding":[{"system":"http://purl.obolibrary.org/obo/omim.owl","code":"OMIM:612370","display":"HYPOGONADOTROPIC HYPOGONADISM 5 WITH OR WITHOUT ANOSMIA; HH5"}],"text":"HYPOGONADOTROPIC HYPOGONADISM 5 WITH OR WITHOUT ANOSMIA; HH5"},"subject":{"reference":"Patient/P.AnVIL-CMG-Broad-Orphan-VCGS-White-WES-Su-VCGS-FAM80-250"},"valueCodeableConcept":{"coding":[{"system":"http://snomed.info/sct","code":"373573001","display":"Clinical finding present (situation)"}],"text":"Phenotype Present"},"interpretation":[{"coding":[{"system":"http://terminology.hl7.org/CodeSystem/v3-ObservationInterpretation","code":"POS","display":"Positive"}],"text":"Present"}],"extension":[]}
{"resourceType":"Observation","id":"IL-CMG-Broad-Orphan-VCGS-White-WES-Su-VCGS-FAM83-257-OMIM-612621","meta":{"profile":["http://fhir.ncpi-project-forge.io/StructureDefinition/ncpi-phenotype"]},"identifier":[{"system":"urn:ncpi:unique-string","value":"IL-CMG-Broad-Orphan-VCGS-White-WES-Su-VCGS-FAM83-257-OMIM-612621"}],"status":"final","code":{"coding":[{"system":"http://purl.obolibrary.org/obo/omim.owl","code":"OMIM:612621","display":"MENTAL RETARDATION, AUTOSOMAL DOMINANT 5; MRD5"}],"text":"MENTAL RETARDATION, AUTOSOMAL DOMINANT 5; MRD5"},"subject":{"reference":"Patient/P.AnVIL-CMG-Broad-Orphan-VCGS-White-WES-Su-VCGS-FAM83-257"},"valueCodeableConcept":{"coding":[{"system":"http://snomed.info/sct","code":"373573001","display":"Clinical finding present (situation)"}],"text":"Phenotype Present"},"interpretation":[{"coding":[{"system":"http://terminology.hl7.org/CodeSystem/v3-ObservationInterpretation","code":"POS","display":"Positive"}],"text":"Present"}],"extension":[]}
{"resourceType":"Observation","id":"IL-CMG-Broad-Orphan-VCGS-White-WES-Su-VCGS-FAM83-258-OMIM-612621","meta":{"profile":["http://fhir.ncpi-project-forge.io/StructureDefinition/ncpi-phenotype"]},"identifier":[{"system":"urn:ncpi:unique-string","value":"IL-CMG-Broad-Orphan-VCGS-White-WES-Su-VCGS-FAM83-258-OMIM-612621"}],"status":"final","code":{"coding":[{"system":"http://purl.obolibrary.org/obo/omim.owl","code":"OMIM:612621","display":"MENTAL RETARDATION, AUTOSOMAL DOMINANT 5; MRD5"}],"text":"MENTAL RETARDATION, AUTOSOMAL DOMINANT 5; MRD5"},"subject":{"reference":"Patient/P.AnVIL-CMG-Broad-Orphan-VCGS-White-WES-Su-VCGS-FAM83-258"},"valueCodeableConcept":{"coding":[{"system":"http://snomed.info/sct","code":"373573001","display":"Clinical finding present (situation)"}],"text":"Phenotype Present"},"interpretation":[{"coding":[{"system":"http://terminology.hl7.org/CodeSystem/v3-ObservationInterpretation","code":"POS","display":"Positive"}],"text":"Present"}],"extension":[]}
{"resourceType":"Observation","id":"IL-CMG-Broad-Orphan-VCGS-White-WES-Su-VCGS-FAM83-259-OMIM-612621","meta":{"profile":["http://fhir.ncpi-project-forge.io/StructureDefinition/ncpi-phenotype"]},"identifier":[{"system":"urn:ncpi:unique-string","value":"IL-CMG-Broad-Orphan-VCGS-White-WES-Su-VCGS-FAM83-259-OMIM-612621"}],"status":"final","code":{"coding":[{"system":"http://purl.obolibrary.org/obo/omim.owl","code":"OMIM:612621","display":"MENTAL RETARDATION, AUTOSOMAL DOMINANT 5; MRD5"}],"text":"MENTAL RETARDATION, AUTOSOMAL DOMINANT 5; MRD5"},"subject":{"reference":"Patient/P.AnVIL-CMG-Broad-Orphan-VCGS-White-WES-Su-VCGS-FAM83-259"},"valueCodeableConcept":{"coding":[{"system":"http://snomed.info/sct","code":"373573001","display":"Clinical finding present (situation)"}],"text":"Phenotype Present"},"interpretation":[{"coding":[{"system":"http://terminology.hl7.org/CodeSystem/v3-ObservationInterpretation","code":"POS","display":"Positive"}],"text":"Present"}],"extension":[]}
{"resourceType":"Observation","id":"IL-CMG-Broad-Orphan-VCGS-White-WES-Su-VCGS-FAM91-282-OMIM-608540","meta":{"profile":["http://fhir.ncpi-project-forge.io/StructureDefinition/ncpi-phenotype"]},"identifier":[{"system":"urn:ncpi:unique-string","value":"IL-CMG-Broad-Orphan-VCGS-White-WES-Su-VCGS-FAM91-282-OMIM-608540"}],"status":"final","code":{"coding":[{"system":"http://purl.obolibrary.org/obo/omim.owl","code":"OMIM:608540","display":"CONGENITAL DISORDER OF GLYCOSYLATION, TYPE Ik; CDG1K"}],"text":"CONGENITAL DISORDER OF GLYCOSYLATION, TYPE Ik; CDG1K"},"subject":{"reference":"Patient/P.AnVIL-CMG-Broad-Orphan-VCGS-White-WES-Su-VCGS-FAM91-282"},"valueCodeableConcept":{"coding":[{"system":"http://snomed.info/sct","code":"373573001","display":"Clinical finding present (situation)"}],"text":"Phenotype Present"},"interpretation":[{"coding":[{"system":"http://terminology.hl7.org/CodeSystem/v3-ObservationInterpretation","code":"POS","display":"Positive"}],"text":"Present"}],"extension":[]}
{"resourceType":"Observation","id":"IL-CMG-Broad-Orphan-VCGS-White-WES-Su-VCGS-FAM91-283-OMIM-608540","meta":{"profile":["http://fhir.ncpi-project-forge.io/StructureDefinition/ncpi-phenotype"]},"identifier":[{"system":"urn:ncpi:unique-string","value":"IL-CMG-Broad-Orphan-VCGS-White-WES-Su-VCGS-FAM91-283-OMIM-608540"}],"status":"final","code":{"coding":[{"system":"http://purl.obolibrary.org/obo/omim.owl","code":"OMIM:608540","display":"CONGENITAL DISORDER OF GLYCOSYLATION, TYPE Ik; CDG1K"}],"text":"CONGENITAL DISORDER OF GLYCOSYLATION, TYPE Ik; CDG1K"},"subject":{"reference":"Patient/P.AnVIL-CMG-Broad-Orphan-VCGS-White-WES-Su-VCGS-FAM91-283"},"valueCodeableConcept":{"coding":[{"system":"http://snomed.info/sct","code":"373573001","display":"Clinical finding present (situation)"}],"text":"Phenotype Present"},"interpretation":[{"coding":[{"system":"http://terminology.hl7.org/CodeSystem/v3-ObservationInterpretation","code":"POS","display":"Positive"}],"text":"Present"}],"extension":[]}
{"resourceType":"Observation","id":"IL-CMG-Broad-Orphan-VCGS-White-WES-Su-VCGS-FAM91-284-OMIM-608540","meta":{"profile":["http://fhir.ncpi-project-forge.io/StructureDefinition/ncpi-phenotype"]},"identifier":[{"system":"urn:ncpi:unique-string","value":"IL-CMG-Broad-Orphan-VCGS-White-WES-Su-VCGS-FAM91-284-OMIM-608540"}],"status":"final","code":{"coding":[{"system":"http://purl.obolibrary.org/obo/omim.owl","code":"OMIM:608540","display":"CONGENITAL DISORDER OF GLYCOSYLATION, TYPE Ik; CDG1K"}],"text":"CONGENITAL DISORDER OF GLYCOSYLATION, TYPE Ik; CDG1K"},"subject":{"reference":"Patient/P.AnVIL-CMG-Broad-Orphan-VCGS-White-WES-Su-VCGS-FAM91-284"},"valueCodeableConcept":{"coding":[{"system":"http://snomed.info/sct","code":"373573001","display":"Clinical finding present (situation)"}],"text":"Phenotype Present"},"interpretation":[{"coding":[{"system":"http://terminology.hl7.org/CodeSystem/v3-ObservationInterpretation","code":"POS","display":"Positive"}],"text":"Present"}],"extension":[]}
