{"resourceType":"Observation","id":"n-AnVIL-CMG-Broad-Orphan-Manton-WES-Su-MAN-0019-01-1-OMIM-139210","meta":{"profile":["http://fhir.ncpi-project-forge.io/StructureDefinition/ncpi-phenotype"]},"identifier":[{"system":"urn:ncpi:unique-string","value":"n-AnVIL-CMG-Broad-Orphan-Manton-WES-Su-MAN-0019-01-1-OMIM-139210"}],"status":"final","code":{"coding":[{"system":"http://purl.obolibrary.org/obo/omim.owl","code":"OMIM:139210","display":"MYHRE SYNDROME; MYHRS"}],"text":"MYHRE SYNDROME; MYHRS"},"subject":{"reference":"Patient/P.AnVIL-CMG-Broad-Orphan-Manton-WES-Su-MAN-0019-01-1"},"valueCodeableConcept":{"coding":[{"system":"http://snomed.info/sct","code":"373573001","display":"Clinical finding present (situation)"}],"text":"Phenotype Present"},"interpretation":[{"coding":[{"system":"http://terminology.hl7.org/CodeSystem/v3-ObservationInterpretation","code":"POS","display":"Positive"}],"text":"Present"}],"extension":[]}
{"resourceType":"Observation","id":"n-AnVIL-CMG-Broad-Orphan-Manton-WES-Su-MAN-0019-02-1-OMIM-139210","meta":{"profile":["http://fhir.ncpi-project-forge.io/StructureDefinition/ncpi-phenotype"]},"identifier":[{"system":"urn:ncpi:unique-string","value":"n-AnVIL-CMG-Broad-Orphan-Manton-WES-Su-MAN-0019-02-1-OMIM-139210"}],"status":"final","code":{"coding":[{"system":"http://purl.obolibrary.org/obo/omim.owl","code":"OMIM:139210","display":"MYHRE SYNDROME; MYHRS"}],"text":"MYHRE SYNDROME; MYHRS"},"subject":{"reference":"Patient/P.AnVIL-CMG-Broad-Orphan-Manton-WES-Su-MAN-0019-02-1"},"valueCodeableConcept":{"coding":[{"system":"http://snomed.info/sct","code":"373573001","display":"Clinical finding present (situation)"}],"text":"Phenotype Present"},"interpretation":[{"coding":[{"system":"http://terminology.hl7.org/CodeSystem/v3-ObservationInterpretation","code":"POS","display":"Positive"}],"text":"Present"}],"extension":[]}
{"resourceType":"Observation","id":"n-AnVIL-CMG-Broad-Orphan-Manton-WES-Su-MAN-0019-03-1-OMIM-139210","meta":{"profile":["http://fhir.ncpi-project-forge.io/StructureDefinition/ncpi-phenotype"]},"identifier":[{"system":"urn:ncpi:unique-string","value":"n-AnVIL-CMG-Broad-Orphan-Manton-WES-Su-MAN-0019-03-1-OMIM-139210"}],"status":"final","code":{"coding":[{"system":"http://purl.obolibrary.org/obo/omim.owl","code":"OMIM:139210","display":"MYHRE SYNDROME; MYHRS"}],"text":"MYHRE SYNDROME; MYHRS"},"subject":{"reference":"Patient/P.AnVIL-CMG-Broad-Orphan-Manton-WES-Su-MAN-0019-03-1"},"valueCodeableConcept":{"coding":[{"system":"http://snomed.info/sct","code":"373573001","display":"Clinical finding present (situation)"}],"text":"Phenotype Present"},"interpretation":[{"coding":[{"system":"http://terminology.hl7.org/CodeSystem/v3-ObservationInterpretation","code":"POS","display":"Positive"}],"text":"Present"}],"extension":[]}
{"resourceType":"Observation","id":"n-AnVIL-CMG-Broad-Orphan-Manton-WES-Su-MAN-0108-01-1-OMIM-616789","meta":{"profile":["http://fhir.ncpi-project-forge.io/StructureDefinition/ncpi-phenotype"]},"identifier":[{"system":"urn:ncpi:unique-string","value":"n-AnVIL-CMG-Broad-Orphan-Manton-WES-Su-MAN-0108-01-1-OMIM-616789"}],"status":"final","code":{"coding":[{"system":"http://purl.obolibrary.org/obo/omim.owl","code":"OMIM:616789","display":"MENTAL RETARDATION AND DISTINCTIVE FACIAL FEATURES WITH OR WITHOUT CARDIAC DEFECTS; MRFACD"}],"text":"MENTAL RETARDATION AND DISTINCTIVE FACIAL FEATURES WITH OR WITHOUT CARDIAC DEFECTS; MRFACD"},"subject":{"reference":"Patient/P.AnVIL-CMG-Broad-Orphan-Manton-WES-Su-MAN-0108-01-1"},"valueCodeableConcept":{"coding":[{"system":"http://snomed.info/sct","code":"373573001","display":"Clinical finding present (situation)"}],"text":"Phenotype Present"},"interpretation":[{"coding":[{"system":"http://terminology.hl7.org/CodeSystem/v3-ObservationInterpretation","code":"POS","display":"Positive"}],"text":"Present"}],"extension":[]}
{"resourceType":"Observation","id":"n-AnVIL-CMG-Broad-Orphan-Manton-WES-Su-MAN-0108-02-1-OMIM-616789","meta":{"profile":["http://fhir.ncpi-project-forge.io/StructureDefinition/ncpi-phenotype"]},"identifier":[{"system":"urn:ncpi:unique-string","value":"n-AnVIL-CMG-Broad-Orphan-Manton-WES-Su-MAN-0108-02-1-OMIM-616789"}],"status":"final","code":{"coding":[{"system":"http://purl.obolibrary.org/obo/omim.owl","code":"OMIM:616789","display":"MENTAL RETARDATION AND DISTINCTIVE FACIAL FEATURES WITH OR WITHOUT CARDIAC DEFECTS; MRFACD"}],"text":"MENTAL RETARDATION AND DISTINCTIVE FACIAL FEATURES WITH OR WITHOUT CARDIAC DEFECTS; MRFACD"},"subject":{"reference":"Patient/P.AnVIL-CMG-Broad-Orphan-Manton-WES-Su-MAN-0108-02-1"},"valueCodeableConcept":{"coding":[{"system":"http://snomed.info/sct","code":"373573001","display":"Clinical finding present (situation)"}],"text":"Phenotype Present"},"interpretation":[{"coding":[{"system":"http://terminology.hl7.org/CodeSystem/v3-ObservationInterpretation","code":"POS","display":"Positive"}],"text":"Present"}],"extension":[]}
{"resourceType":"Observation","id":"n-AnVIL-CMG-Broad-Orphan-Manton-WES-Su-MAN-0108-03-1-OMIM-616789","meta":{"profile":["http://fhir.ncpi-project-forge.io/StructureDefinition/ncpi-phenotype"]},"identifier":[{"system":"urn:ncpi:unique-string","value":"n-AnVIL-CMG-Broad-Orphan-Manton-WES-Su-MAN-0108-03-1-OMIM-616789"}],"status":"final","code":{"coding":[{"system":"http://purl.obolibrary.org/obo/omim.owl","code":"OMIM:616789","display":"MENTAL RETARDATION AND DISTINCTIVE FACIAL FEATURES WITH OR WITHOUT CARDIAC DEFECTS; MRFACD"}],"text":"MENTAL RETARDATION AND DISTINCTIVE FACIAL FEATURES WITH OR WITHOUT CARDIAC DEFECTS; MRFACD"},"subject":{"reference":"Patient/P.AnVIL-CMG-Broad-Orphan-Manton-WES-Su-MAN-0108-03-1"},"valueCodeableConcept":{"coding":[{"system":"http://snomed.info/sct","code":"373573001","display":"Clinical finding present (situation)"}],"text":"Phenotype Present"},"interpretation":[{"coding":[{"system":"http://terminology.hl7.org/CodeSystem/v3-ObservationInterpretation","code":"POS","display":"Positive"}],"text":"Present"}],"extension":[]}
{"resourceType":"Observation","id":"n-AnVIL-CMG-Broad-Orphan-Manton-WES-Su-MAN-0154-01-1-OMIM-617681","meta":{"profile":["http://fhir.ncpi-project-forge.io/StructureDefinition/ncpi-phenotype"]},"identifier":[{"system":"urn:ncpi:unique-string","value":"n-AnVIL-CMG-Broad-Orphan-Manton-WES-Su-MAN-0154-01-1-OMIM-617681"}],"status":"final","code":{"coding":[{"system":"http://purl.obolibrary.org/obo/omim.owl","code":"OMIM:617681","display":"BLEPHAROCHEILODONTIC SYNDROME 2; BCDS2"}],"text":"BLEPHAROCHEILODONTIC SYNDROME 2; BCDS2"},"subject":{"reference":"Patient/P.AnVIL-CMG-Broad-Orphan-Manton-WES-Su-MAN-0154-01-1"},"valueCodeableConcept":{"coding":[{"system":"http://snomed.info/sct","code":"373573001","display":"Clinical finding present (situation)"}],"text":"Phenotype Present"},"interpretation":[{"coding":[{"system":"http://terminology.hl7.org/CodeSystem/v3-ObservationInterpretation","code":"POS","display":"Positive"}],"text":"Present"}],"extension":[]}
{"resourceType":"Observation","id":"n-AnVIL-CMG-Broad-Orphan-Manton-WES-Su-MAN-0154-02-1-OMIM-617681","meta":{"profile":["http://fhir.ncpi-project-forge.io/StructureDefinition/ncpi-phenotype"]},"identifier":[{"system":"urn:ncpi:unique-string","value":"n-AnVIL-CMG-Broad-Orphan-Manton-WES-Su-MAN-0154-02-1-OMIM-617681"}],"status":"final","code":{"coding":[{"system":"http://purl.obolibrary.org/obo/omim.owl","code":"OMIM:617681","display":"BLEPHAROCHEILODONTIC SYNDROME 2; BCDS2"}],"text":"BLEPHAROCHEILODONTIC SYNDROME 2; BCDS2"},"subject":{"reference":"Patient/P.AnVIL-CMG-Broad-Orphan-Manton-WES-Su-MAN-0154-02-1"},"valueCodeableConcept":{"coding":[{"system":"http://snomed.info/sct","code":"373573001","display":"Clinical finding present (situation)"}],"text":"Phenotype Present"},"interpretation":[{"coding":[{"system":"http://terminology.hl7.org/CodeSystem/v3-ObservationInterpretation","code":"POS","display":"Positive"}],"text":"Present"}],"extension":[]}
{"resourceType":"Observation","id":"n-AnVIL-CMG-Broad-Orphan-Manton-WES-Su-MAN-0154-03-1-OMIM-617681","meta":{"profile":["http://fhir.ncpi-project-forge.io/StructureDefinition/ncpi-phenotype"]},"identifier":[{"system":"urn:ncpi:unique-string","value":"n-AnVIL-CMG-Broad-Orphan-Manton-WES-Su-MAN-0154-03-1-OMIM-617681"}],"status":"final","code":{"coding":[{"system":"http://purl.obolibrary.org/obo/omim.owl","code":"OMIM:617681","display":"BLEPHAROCHEILODONTIC SYNDROME 2; BCDS2"}],"text":"BLEPHAROCHEILODONTIC SYNDROME 2; BCDS2"},"subject":{"reference":"Patient/P.AnVIL-CMG-Broad-Orphan-Manton-WES-Su-MAN-0154-03-1"},"valueCodeableConcept":{"coding":[{"system":"http://snomed.info/sct","code":"373573001","display":"Clinical finding present (situation)"}],"text":"Phenotype Present"},"interpretation":[{"coding":[{"system":"http://terminology.hl7.org/CodeSystem/v3-ObservationInterpretation","code":"POS","display":"Positive"}],"text":"Present"}],"extension":[]}
{"resourceType":"Observation","id":"n-AnVIL-CMG-Broad-Orphan-Manton-WES-Su-MAN-0310-01-1-OMIM-135900","meta":{"profile":["http://fhir.ncpi-project-forge.io/StructureDefinition/ncpi-phenotype"]},"identifier":[{"system":"urn:ncpi:unique-string","value":"n-AnVIL-CMG-Broad-Orphan-Manton-WES-Su-MAN-0310-01-1-OMIM-135900"}],"status":"final","code":{"coding":[{"system":"http://purl.obolibrary.org/obo/omim.owl","code":"OMIM:135900","display":"COFFIN-SIRIS SYNDROME 1; CSS1"}],"text":"COFFIN-SIRIS SYNDROME 1; CSS1"},"subject":{"reference":"Patient/P.AnVIL-CMG-Broad-Orphan-Manton-WES-Su-MAN-0310-01-1"},"valueCodeableConcept":{"coding":[{"system":"http://snomed.info/sct","code":"373573001","display":"Clinical finding present (situation)"}],"text":"Phenotype Present"},"interpretation":[{"coding":[{"system":"http://terminology.hl7.org/CodeSystem/v3-ObservationInterpretation","code":"POS","display":"Positive"}],"text":"Present"}],"extension":[]}
{"resourceType":"Observation","id":"n-AnVIL-CMG-Broad-Orphan-Manton-WES-Su-MAN-0310-02-1-OMIM-135900","meta":{"profile":["http://fhir.ncpi-project-forge.io/StructureDefinition/ncpi-phenotype"]},"identifier":[{"system":"urn:ncpi:unique-string","value":"n-AnVIL-CMG-Broad-Orphan-Manton-WES-Su-MAN-0310-02-1-OMIM-135900"}],"status":"final","code":{"coding":[{"system":"http://purl.obolibrary.org/obo/omim.owl","code":"OMIM:135900","display":"COFFIN-SIRIS SYNDROME 1; CSS1"}],"text":"COFFIN-SIRIS SYNDROME 1; CSS1"},"subject":{"reference":"Patient/P.AnVIL-CMG-Broad-Orphan-Manton-WES-Su-MAN-0310-02-1"},"valueCodeableConcept":{"coding":[{"system":"http://snomed.info/sct","code":"373573001","display":"Clinical finding present (situation)"}],"text":"Phenotype Present"},"interpretation":[{"coding":[{"system":"http://terminology.hl7.org/CodeSystem/v3-ObservationInterpretation","code":"POS","display":"Positive"}],"text":"Present"}],"extension":[]}
{"resourceType":"Observation","id":"n-AnVIL-CMG-Broad-Orphan-Manton-WES-Su-MAN-0310-03-1-OMIM-135900","meta":{"profile":["http://fhir.ncpi-project-forge.io/StructureDefinition/ncpi-phenotype"]},"identifier":[{"system":"urn:ncpi:unique-string","value":"n-AnVIL-CMG-Broad-Orphan-Manton-WES-Su-MAN-0310-03-1-OMIM-135900"}],"status":"final","code":{"coding":[{"system":"http://purl.obolibrary.org/obo/omim.owl","code":"OMIM:135900","display":"COFFIN-SIRIS SYNDROME 1; CSS1"}],"text":"COFFIN-SIRIS SYNDROME 1; CSS1"},"subject":{"reference":"Patient/P.AnVIL-CMG-Broad-Orphan-Manton-WES-Su-MAN-0310-03-1"},"valueCodeableConcept":{"coding":[{"system":"http://snomed.info/sct","code":"373573001","display":"Clinical finding present (situation)"}],"text":"Phenotype Present"},"interpretation":[{"coding":[{"system":"http://terminology.hl7.org/CodeSystem/v3-ObservationInterpretation","code":"POS","display":"Positive"}],"text":"Present"}],"extension":[]}
{"resourceType":"Observation","id":"n-AnVIL-CMG-Broad-Orphan-Manton-WES-Su-MAN-0520-01-1-OMIM-147891","meta":{"profile":["http://fhir.ncpi-project-forge.io/StructureDefinition/ncpi-phenotype"]},"identifier":[{"system":"urn:ncpi:unique-string","value":"n-AnVIL-CMG-Broad-Orphan-Manton-WES-Su-MAN-0520-01-1-OMIM-147891"}],"status":"final","code":{"coding":[{"system":"http://purl.obolibrary.org/obo/omim.owl","code":"OMIM:147891","display":"ISCHIOCOXOPODOPATELLAR SYNDROME WITH OR WITHOUT PULMONARY ARTERIAL HYPERTENSION; ICPPS"}],"text":"ISCHIOCOXOPODOPATELLAR SYNDROME WITH OR WITHOUT PULMONARY ARTERIAL HYPERTENSION; ICPPS"},"subject":{"reference":"Patient/P.AnVIL-CMG-Broad-Orphan-Manton-WES-Su-MAN-0520-01-1"},"valueCodeableConcept":{"coding":[{"system":"http://snomed.info/sct","code":"373573001","display":"Clinical finding present (situation)"}],"text":"Phenotype Present"},"interpretation":[{"coding":[{"system":"http://terminology.hl7.org/CodeSystem/v3-ObservationInterpretation","code":"POS","display":"Positive"}],"text":"Present"}],"extension":[]}
{"resourceType":"Observation","id":"n-AnVIL-CMG-Broad-Orphan-Manton-WES-Su-MAN-0520-02-1-OMIM-147891","meta":{"profile":["http://fhir.ncpi-project-forge.io/StructureDefinition/ncpi-phenotype"]},"identifier":[{"system":"urn:ncpi:unique-string","value":"n-AnVIL-CMG-Broad-Orphan-Manton-WES-Su-MAN-0520-02-1-OMIM-147891"}],"status":"final","code":{"coding":[{"system":"http://purl.obolibrary.org/obo/omim.owl","code":"OMIM:147891","display":"ISCHIOCOXOPODOPATELLAR SYNDROME WITH OR WITHOUT PULMONARY ARTERIAL HYPERTENSION; ICPPS"}],"text":"ISCHIOCOXOPODOPATELLAR SYNDROME WITH OR WITHOUT PULMONARY ARTERIAL HYPERTENSION; ICPPS"},"subject":{"reference":"Patient/P.AnVIL-CMG-Broad-Orphan-Manton-WES-Su-MAN-0520-02-1"},"valueCodeableConcept":{"coding":[{"system":"http://snomed.info/sct","code":"373573001","display":"Clinical finding present (situation)"}],"text":"Phenotype Present"},"interpretation":[{"coding":[{"system":"http://terminology.hl7.org/CodeSystem/v3-ObservationInterpretation","code":"POS","display":"Positive"}],"text":"Present"}],"extension":[]}
{"resourceType":"Observation","id":"n-AnVIL-CMG-Broad-Orphan-Manton-WES-Su-MAN-0520-03-1-OMIM-147891","meta":{"profile":["http://fhir.ncpi-project-forge.io/StructureDefinition/ncpi-phenotype"]},"identifier":[{"system":"urn:ncpi:unique-string","value":"n-AnVIL-CMG-Broad-Orphan-Manton-WES-Su-MAN-0520-03-1-OMIM-147891"}],"status":"final","code":{"coding":[{"system":"http://purl.obolibrary.org/obo/omim.owl","code":"OMIM:147891","display":"ISCHIOCOXOPODOPATELLAR SYNDROME WITH OR WITHOUT PULMONARY ARTERIAL HYPERTENSION; ICPPS"}],"text":"ISCHIOCOXOPODOPATELLAR SYNDROME WITH OR WITHOUT PULMONARY ARTERIAL HYPERTENSION; ICPPS"},"subject":{"reference":"Patient/P.AnVIL-CMG-Broad-Orphan-Manton-WES-Su-MAN-0520-03-1"},"valueCodeableConcept":{"coding":[{"system":"http://snomed.info/sct","code":"373573001","display":"Clinical finding present (situation)"}],"text":"Phenotype Present"},"interpretation":[{"coding":[{"system":"http://terminology.hl7.org/CodeSystem/v3-ObservationInterpretation","code":"POS","display":"Positive"}],"text":"Present"}],"extension":[]}
{"resourceType":"Observation","id":"n-AnVIL-CMG-Broad-Orphan-Manton-WES-Su-MAN-0618-01-1-OMIM-616732","meta":{"profile":["http://fhir.ncpi-project-forge.io/StructureDefinition/ncpi-phenotype"]},"identifier":[{"system":"urn:ncpi:unique-string","value":"n-AnVIL-CMG-Broad-Orphan-Manton-WES-Su-MAN-0618-01-1-OMIM-616732"}],"status":"final","code":{"coding":[{"system":"http://purl.obolibrary.org/obo/omim.owl","code":"OMIM:616732","display":"OPTIC ATROPHY 10 WITH OR WITHOUT ATAXIA, MENTAL RETARDATION, AND SEIZURES; OPA10"}],"text":"OPTIC ATROPHY 10 WITH OR WITHOUT ATAXIA, MENTAL RETARDATION, AND SEIZURES; OPA10"},"subject":{"reference":"Patient/P.AnVIL-CMG-Broad-Orphan-Manton-WES-Su-MAN-0618-01-1"},"valueCodeableConcept":{"coding":[{"system":"http://snomed.info/sct","code":"373573001","display":"Clinical finding present (situation)"}],"text":"Phenotype Present"},"interpretation":[{"coding":[{"system":"http://terminology.hl7.org/CodeSystem/v3-ObservationInterpretation","code":"POS","display":"Positive"}],"text":"Present"}],"extension":[]}
{"resourceType":"Observation","id":"n-AnVIL-CMG-Broad-Orphan-Manton-WES-Su-MAN-0618-02-1-OMIM-616732","meta":{"profile":["http://fhir.ncpi-project-forge.io/StructureDefinition/ncpi-phenotype"]},"identifier":[{"system":"urn:ncpi:unique-string","value":"n-AnVIL-CMG-Broad-Orphan-Manton-WES-Su-MAN-0618-02-1-OMIM-616732"}],"status":"final","code":{"coding":[{"system":"http://purl.obolibrary.org/obo/omim.owl","code":"OMIM:616732","display":"OPTIC ATROPHY 10 WITH OR WITHOUT ATAXIA, MENTAL RETARDATION, AND SEIZURES; OPA10"}],"text":"OPTIC ATROPHY 10 WITH OR WITHOUT ATAXIA, MENTAL RETARDATION, AND SEIZURES; OPA10"},"subject":{"reference":"Patient/P.AnVIL-CMG-Broad-Orphan-Manton-WES-Su-MAN-0618-02-1"},"valueCodeableConcept":{"coding":[{"system":"http://snomed.info/sct","code":"373573001","display":"Clinical finding present (situation)"}],"text":"Phenotype Present"},"interpretation":[{"coding":[{"system":"http://terminology.hl7.org/CodeSystem/v3-ObservationInterpretation","code":"POS","display":"Positive"}],"text":"Present"}],"extension":[]}
{"resourceType":"Observation","id":"n-AnVIL-CMG-Broad-Orphan-Manton-WES-Su-MAN-0618-03-1-OMIM-616732","meta":{"profile":["http://fhir.ncpi-project-forge.io/StructureDefinition/ncpi-phenotype"]},"identifier":[{"system":"urn:ncpi:unique-string","value":"n-AnVIL-CMG-Broad-Orphan-Manton-WES-Su-MAN-0618-03-1-OMIM-616732"}],"status":"final","code":{"coding":[{"system":"http://purl.obolibrary.org/obo/omim.owl","code":"OMIM:616732","display":"OPTIC ATROPHY 10 WITH OR WITHOUT ATAXIA, MENTAL RETARDATION, AND SEIZURES; OPA10"}],"text":"OPTIC ATROPHY 10 WITH OR WITHOUT ATAXIA, MENTAL RETARDATION, AND SEIZURES; OPA10"},"subject":{"reference":"Patient/P.AnVIL-CMG-Broad-Orphan-Manton-WES-Su-MAN-0618-03-1"},"valueCodeableConcept":{"coding":[{"system":"http://snomed.info/sct","code":"373573001","display":"Clinical finding present (situation)"}],"text":"Phenotype Present"},"interpretation":[{"coding":[{"system":"http://terminology.hl7.org/CodeSystem/v3-ObservationInterpretation","code":"POS","display":"Positive"}],"text":"Present"}],"extension":[]}
{"resourceType":"Observation","id":"-AnVIL-CMG-Broad-Orphan-Manton-WES-Su-MAN-0678-01-01-OMIM-617330","meta":{"profile":["http://fhir.ncpi-project-forge.io/StructureDefinition/ncpi-phenotype"]},"identifier":[{"system":"urn:ncpi:unique-string","value":"-AnVIL-CMG-Broad-Orphan-Manton-WES-Su-MAN-0678-01-01-OMIM-617330"}],"status":"final","code":{"coding":[{"system":"http://purl.obolibrary.org/obo/omim.owl","code":"OMIM:617330","display":"HYPOTONIA, ATAXIA, AND DELAYED DEVELOPMENT SYNDROME; HADDS"}],"text":"HYPOTONIA, ATAXIA, AND DELAYED DEVELOPMENT SYNDROME; HADDS"},"subject":{"reference":"Patient/P.AnVIL-CMG-Broad-Orphan-Manton-WES-Su-MAN-0678-01-01"},"valueCodeableConcept":{"coding":[{"system":"http://snomed.info/sct","code":"373573001","display":"Clinical finding present (situation)"}],"text":"Phenotype Present"},"interpretation":[{"coding":[{"system":"http://terminology.hl7.org/CodeSystem/v3-ObservationInterpretation","code":"POS","display":"Positive"}],"text":"Present"}],"extension":[]}
{"resourceType":"Observation","id":"-AnVIL-CMG-Broad-Orphan-Manton-WES-Su-MAN-0678-02-01-OMIM-617330","meta":{"profile":["http://fhir.ncpi-project-forge.io/StructureDefinition/ncpi-phenotype"]},"identifier":[{"system":"urn:ncpi:unique-string","value":"-AnVIL-CMG-Broad-Orphan-Manton-WES-Su-MAN-0678-02-01-OMIM-617330"}],"status":"final","code":{"coding":[{"system":"http://purl.obolibrary.org/obo/omim.owl","code":"OMIM:617330","display":"HYPOTONIA, ATAXIA, AND DELAYED DEVELOPMENT SYNDROME; HADDS"}],"text":"HYPOTONIA, ATAXIA, AND DELAYED DEVELOPMENT SYNDROME; HADDS"},"subject":{"reference":"Patient/P.AnVIL-CMG-Broad-Orphan-Manton-WES-Su-MAN-0678-02-01"},"valueCodeableConcept":{"coding":[{"system":"http://snomed.info/sct","code":"373573001","display":"Clinical finding present (situation)"}],"text":"Phenotype Present"},"interpretation":[{"coding":[{"system":"http://terminology.hl7.org/CodeSystem/v3-ObservationInterpretation","code":"POS","display":"Positive"}],"text":"Present"}],"extension":[]}
{"resourceType":"Observation","id":"-AnVIL-CMG-Broad-Orphan-Manton-WES-Su-MAN-0678-03-01-OMIM-617330","meta":{"profile":["http://fhir.ncpi-project-forge.io/StructureDefinition/ncpi-phenotype"]},"identifier":[{"system":"urn:ncpi:unique-string","value":"-AnVIL-CMG-Broad-Orphan-Manton-WES-Su-MAN-0678-03-01-OMIM-617330"}],"status":"final","code":{"coding":[{"system":"http://purl.obolibrary.org/obo/omim.owl","code":"OMIM:617330","display":"HYPOTONIA, ATAXIA, AND DELAYED DEVELOPMENT SYNDROME; HADDS"}],"text":"HYPOTONIA, ATAXIA, AND DELAYED DEVELOPMENT SYNDROME; HADDS"},"subject":{"reference":"Patient/P.AnVIL-CMG-Broad-Orphan-Manton-WES-Su-MAN-0678-03-01"},"valueCodeableConcept":{"coding":[{"system":"http://snomed.info/sct","code":"373573001","display":"Clinical finding present (situation)"}],"text":"Phenotype Present"},"interpretation":[{"coding":[{"system":"http://terminology.hl7.org/CodeSystem/v3-ObservationInterpretation","code":"POS","display":"Positive"}],"text":"Present"}],"extension":[]}
{"resourceType":"Observation","id":"-AnVIL-CMG-Broad-Orphan-Manton-WES-Su-MAN-0678-04-01-OMIM-617330","meta":{"profile":["http://fhir.ncpi-project-forge.io/StructureDefinition/ncpi-phenotype"]},"identifier":[{"system":"urn:ncpi:unique-string","value":"-AnVIL-CMG-Broad-Orphan-Manton-WES-Su-MAN-0678-04-01-OMIM-617330"}],"status":"final","code":{"coding":[{"system":"http://purl.obolibrary.org/obo/omim.owl","code":"OMIM:617330","display":"HYPOTONIA, ATAXIA, AND DELAYED DEVELOPMENT SYNDROME; HADDS"}],"text":"HYPOTONIA, ATAXIA, AND DELAYED DEVELOPMENT SYNDROME; HADDS"},"subject":{"reference":"Patient/P.AnVIL-CMG-Broad-Orphan-Manton-WES-Su-MAN-0678-04-01"},"valueCodeableConcept":{"coding":[{"system":"http://snomed.info/sct","code":"373573001","display":"Clinical finding present (situation)"}],"text":"Phenotype Present"},"interpretation":[{"coding":[{"system":"http://terminology.hl7.org/CodeSystem/v3-ObservationInterpretation","code":"POS","display":"Positive"}],"text":"Present"}],"extension":[]}
{"resourceType":"Observation","id":"-AnVIL-CMG-Broad-Orphan-Manton-WES-Su-MAN-0799-01-01-OMIM-615485","meta":{"profile":["http://fhir.ncpi-project-forge.io/StructureDefinition/ncpi-phenotype"]},"identifier":[{"system":"urn:ncpi:unique-string","value":"-AnVIL-CMG-Broad-Orphan-Manton-WES-Su-MAN-0799-01-01-OMIM-615485"}],"status":"final","code":{"coding":[{"system":"http://purl.obolibrary.org/obo/omim.owl","code":"OMIM:615485","display":"BAINBRIDGE-ROPERS SYNDROME; BRPS"}],"text":"BAINBRIDGE-ROPERS SYNDROME; BRPS"},"subject":{"reference":"Patient/P.AnVIL-CMG-Broad-Orphan-Manton-WES-Su-MAN-0799-01-01"},"valueCodeableConcept":{"coding":[{"system":"http://snomed.info/sct","code":"373573001","display":"Clinical finding present (situation)"}],"text":"Phenotype Present"},"interpretation":[{"coding":[{"system":"http://terminology.hl7.org/CodeSystem/v3-ObservationInterpretation","code":"POS","display":"Positive"}],"text":"Present"}],"extension":[]}
{"resourceType":"Observation","id":"-AnVIL-CMG-Broad-Orphan-Manton-WES-Su-MAN-0799-02-01-OMIM-615485","meta":{"profile":["http://fhir.ncpi-project-forge.io/StructureDefinition/ncpi-phenotype"]},"identifier":[{"system":"urn:ncpi:unique-string","value":"-AnVIL-CMG-Broad-Orphan-Manton-WES-Su-MAN-0799-02-01-OMIM-615485"}],"status":"final","code":{"coding":[{"system":"http://purl.obolibrary.org/obo/omim.owl","code":"OMIM:615485","display":"BAINBRIDGE-ROPERS SYNDROME; BRPS"}],"text":"BAINBRIDGE-ROPERS SYNDROME; BRPS"},"subject":{"reference":"Patient/P.AnVIL-CMG-Broad-Orphan-Manton-WES-Su-MAN-0799-02-01"},"valueCodeableConcept":{"coding":[{"system":"http://snomed.info/sct","code":"373573001","display":"Clinical finding present (situation)"}],"text":"Phenotype Present"},"interpretation":[{"coding":[{"system":"http://terminology.hl7.org/CodeSystem/v3-ObservationInterpretation","code":"POS","display":"Positive"}],"text":"Present"}],"extension":[]}
{"resourceType":"Observation","id":"-AnVIL-CMG-Broad-Orphan-Manton-WES-Su-MAN-0799-03-01-OMIM-615485","meta":{"profile":["http://fhir.ncpi-project-forge.io/StructureDefinition/ncpi-phenotype"]},"identifier":[{"system":"urn:ncpi:unique-string","value":"-AnVIL-CMG-Broad-Orphan-Manton-WES-Su-MAN-0799-03-01-OMIM-615485"}],"status":"final","code":{"coding":[{"system":"http://purl.obolibrary.org/obo/omim.owl","code":"OMIM:615485","display":"BAINBRIDGE-ROPERS SYNDROME; BRPS"}],"text":"BAINBRIDGE-ROPERS SYNDROME; BRPS"},"subject":{"reference":"Patient/P.AnVIL-CMG-Broad-Orphan-Manton-WES-Su-MAN-0799-03-01"},"valueCodeableConcept":{"coding":[{"system":"http://snomed.info/sct","code":"373573001","display":"Clinical finding present (situation)"}],"text":"Phenotype Present"},"interpretation":[{"coding":[{"system":"http://terminology.hl7.org/CodeSystem/v3-ObservationInterpretation","code":"POS","display":"Positive"}],"text":"Present"}],"extension":[]}
{"resourceType":"Observation","id":"-AnVIL-CMG-Broad-Orphan-Manton-WES-Su-MAN-0804-01-01-OMIM-615846","meta":{"profile":["http://fhir.ncpi-project-forge.io/StructureDefinition/ncpi-phenotype"]},"identifier":[{"system":"urn:ncpi:unique-string","value":"-AnVIL-CMG-Broad-Orphan-Manton-WES-Su-MAN-0804-01-01-OMIM-615846"}],"status":"final","code":{"coding":[{"system":"http://purl.obolibrary.org/obo/omim.owl","code":"OMIM:615846","display":"AICARDI-GOUTIERES SYNDROME 7; AGS7"}],"text":"AICARDI-GOUTIERES SYNDROME 7; AGS7"},"subject":{"reference":"Patient/P.AnVIL-CMG-Broad-Orphan-Manton-WES-Su-MAN-0804-01-01"},"valueCodeableConcept":{"coding":[{"system":"http://snomed.info/sct","code":"373573001","display":"Clinical finding present (situation)"}],"text":"Phenotype Present"},"interpretation":[{"coding":[{"system":"http://terminology.hl7.org/CodeSystem/v3-ObservationInterpretation","code":"POS","display":"Positive"}],"text":"Present"}],"extension":[]}
{"resourceType":"Observation","id":"-AnVIL-CMG-Broad-Orphan-Manton-WES-Su-MAN-0804-02-01-OMIM-615846","meta":{"profile":["http://fhir.ncpi-project-forge.io/StructureDefinition/ncpi-phenotype"]},"identifier":[{"system":"urn:ncpi:unique-string","value":"-AnVIL-CMG-Broad-Orphan-Manton-WES-Su-MAN-0804-02-01-OMIM-615846"}],"status":"final","code":{"coding":[{"system":"http://purl.obolibrary.org/obo/omim.owl","code":"OMIM:615846","display":"AICARDI-GOUTIERES SYNDROME 7; AGS7"}],"text":"AICARDI-GOUTIERES SYNDROME 7; AGS7"},"subject":{"reference":"Patient/P.AnVIL-CMG-Broad-Orphan-Manton-WES-Su-MAN-0804-02-01"},"valueCodeableConcept":{"coding":[{"system":"http://snomed.info/sct","code":"373573001","display":"Clinical finding present (situation)"}],"text":"Phenotype Present"},"interpretation":[{"coding":[{"system":"http://terminology.hl7.org/CodeSystem/v3-ObservationInterpretation","code":"POS","display":"Positive"}],"text":"Present"}],"extension":[]}
{"resourceType":"Observation","id":"-AnVIL-CMG-Broad-Orphan-Manton-WES-Su-MAN-0804-03-01-OMIM-615846","meta":{"profile":["http://fhir.ncpi-project-forge.io/StructureDefinition/ncpi-phenotype"]},"identifier":[{"system":"urn:ncpi:unique-string","value":"-AnVIL-CMG-Broad-Orphan-Manton-WES-Su-MAN-0804-03-01-OMIM-615846"}],"status":"final","code":{"coding":[{"system":"http://purl.obolibrary.org/obo/omim.owl","code":"OMIM:615846","display":"AICARDI-GOUTIERES SYNDROME 7; AGS7"}],"text":"AICARDI-GOUTIERES SYNDROME 7; AGS7"},"subject":{"reference":"Patient/P.AnVIL-CMG-Broad-Orphan-Manton-WES-Su-MAN-0804-03-01"},"valueCodeableConcept":{"coding":[{"system":"http://snomed.info/sct","code":"373573001","display":"Clinical finding present (situation)"}],"text":"Phenotype Present"},"interpretation":[{"coding":[{"system":"http://terminology.hl7.org/CodeSystem/v3-ObservationInterpretation","code":"POS","display":"Positive"}],"text":"Present"}],"extension":[]}
{"resourceType":"Observation","id":"ion-AnVIL-CMG-Broad-Orphan-Manton-WES-Su-MAN-0831-01-OMIM-152950","meta":{"profile":["http://fhir.ncpi-project-forge.io/StructureDefinition/ncpi-phenotype"]},"identifier":[{"system":"urn:ncpi:unique-string","value":"ion-AnVIL-CMG-Broad-Orphan-Manton-WES-Su-MAN-0831-01-OMIM-152950"}],"status":"final","code":{"coding":[{"system":"http://purl.obolibrary.org/obo/omim.owl","code":"OMIM:152950","display":"MICROCEPHALY WITH OR WITHOUT CHORIORETINOPATHY, LYMPHEDEMA, OR MENTAL RETARDATION; MCLMR"}],"text":"MICROCEPHALY WITH OR WITHOUT CHORIORETINOPATHY, LYMPHEDEMA, OR MENTAL RETARDATION; MCLMR"},"subject":{"reference":"Patient/P.AnVIL-CMG-Broad-Orphan-Manton-WES-Su-MAN-0831-01"},"valueCodeableConcept":{"coding":[{"system":"http://snomed.info/sct","code":"373573001","display":"Clinical finding present (situation)"}],"text":"Phenotype Present"},"interpretation":[{"coding":[{"system":"http://terminology.hl7.org/CodeSystem/v3-ObservationInterpretation","code":"POS","display":"Positive"}],"text":"Present"}],"extension":[]}
{"resourceType":"Observation","id":"ion-AnVIL-CMG-Broad-Orphan-Manton-WES-Su-MAN-0831-02-OMIM-152950","meta":{"profile":["http://fhir.ncpi-project-forge.io/StructureDefinition/ncpi-phenotype"]},"identifier":[{"system":"urn:ncpi:unique-string","value":"ion-AnVIL-CMG-Broad-Orphan-Manton-WES-Su-MAN-0831-02-OMIM-152950"}],"status":"final","code":{"coding":[{"system":"http://purl.obolibrary.org/obo/omim.owl","code":"OMIM:152950","display":"MICROCEPHALY WITH OR WITHOUT CHORIORETINOPATHY, LYMPHEDEMA, OR MENTAL RETARDATION; MCLMR"}],"text":"MICROCEPHALY WITH OR WITHOUT CHORIORETINOPATHY, LYMPHEDEMA, OR MENTAL RETARDATION; MCLMR"},"subject":{"reference":"Patient/P.AnVIL-CMG-Broad-Orphan-Manton-WES-Su-MAN-0831-02"},"valueCodeableConcept":{"coding":[{"system":"http://snomed.info/sct","code":"373573001","display":"Clinical finding present (situation)"}],"text":"Phenotype Present"},"interpretation":[{"coding":[{"system":"http://terminology.hl7.org/CodeSystem/v3-ObservationInterpretation","code":"POS","display":"Positive"}],"text":"Present"}],"extension":[]}
{"resourceType":"Observation","id":"ion-AnVIL-CMG-Broad-Orphan-Manton-WES-Su-MAN-0831-03-OMIM-152950","meta":{"profile":["http://fhir.ncpi-project-forge.io/StructureDefinition/ncpi-phenotype"]},"identifier":[{"system":"urn:ncpi:unique-string","value":"ion-AnVIL-CMG-Broad-Orphan-Manton-WES-Su-MAN-0831-03-OMIM-152950"}],"status":"final","code":{"coding":[{"system":"http://purl.obolibrary.org/obo/omim.owl","code":"OMIM:152950","display":"MICROCEPHALY WITH OR WITHOUT CHORIORETINOPATHY, LYMPHEDEMA, OR MENTAL RETARDATION; MCLMR"}],"text":"MICROCEPHALY WITH OR WITHOUT CHORIORETINOPATHY, LYMPHEDEMA, OR MENTAL RETARDATION; MCLMR"},"subject":{"reference":"Patient/P.AnVIL-CMG-Broad-Orphan-Manton-WES-Su-MAN-0831-03"},"valueCodeableConcept":{"coding":[{"system":"http://snomed.info/sct","code":"373573001","display":"Clinical finding present (situation)"}],"text":"Phenotype Present"},"interpretation":[{"coding":[{"system":"http://terminology.hl7.org/CodeSystem/v3-ObservationInterpretation","code":"POS","display":"Positive"}],"text":"Present"}],"extension":[]}
{"resourceType":"Observation","id":"n-AnVIL-CMG-Broad-Orphan-Manton-WES-Su-MAN-0865-01-1-OMIM-136140","meta":{"profile":["http://fhir.ncpi-project-forge.io/StructureDefinition/ncpi-phenotype"]},"identifier":[{"system":"urn:ncpi:unique-string","value":"n-AnVIL-CMG-Broad-Orphan-Manton-WES-Su-MAN-0865-01-1-OMIM-136140"}],"status":"final","code":{"coding":[{"system":"http://purl.obolibrary.org/obo/omim.owl","code":"OMIM:136140","display":"FLOATING-HARBOR SYNDROME; FLHS"}],"text":"FLOATING-HARBOR SYNDROME; FLHS"},"subject":{"reference":"Patient/P.AnVIL-CMG-Broad-Orphan-Manton-WES-Su-MAN-0865-01-1"},"valueCodeableConcept":{"coding":[{"system":"http://snomed.info/sct","code":"373573001","display":"Clinical finding present (situation)"}],"text":"Phenotype Present"},"interpretation":[{"coding":[{"system":"http://terminology.hl7.org/CodeSystem/v3-ObservationInterpretation","code":"POS","display":"Positive"}],"text":"Present"}],"extension":[]}
{"resourceType":"Observation","id":"n-AnVIL-CMG-Broad-Orphan-Manton-WES-Su-MAN-0865-02-1-OMIM-136140","meta":{"profile":["http://fhir.ncpi-project-forge.io/StructureDefinition/ncpi-phenotype"]},"identifier":[{"system":"urn:ncpi:unique-string","value":"n-AnVIL-CMG-Broad-Orphan-Manton-WES-Su-MAN-0865-02-1-OMIM-136140"}],"status":"final","code":{"coding":[{"system":"http://purl.obolibrary.org/obo/omim.owl","code":"OMIM:136140","display":"FLOATING-HARBOR SYNDROME; FLHS"}],"text":"FLOATING-HARBOR SYNDROME; FLHS"},"subject":{"reference":"Patient/P.AnVIL-CMG-Broad-Orphan-Manton-WES-Su-MAN-0865-02-1"},"valueCodeableConcept":{"coding":[{"system":"http://snomed.info/sct","code":"373573001","display":"Clinical finding present (situation)"}],"text":"Phenotype Present"},"interpretation":[{"coding":[{"system":"http://terminology.hl7.org/CodeSystem/v3-ObservationInterpretation","code":"POS","display":"Positive"}],"text":"Present"}],"extension":[]}
{"resourceType":"Observation","id":"n-AnVIL-CMG-Broad-Orphan-Manton-WES-Su-MAN-0865-03-1-OMIM-136140","meta":{"profile":["http://fhir.ncpi-project-forge.io/StructureDefinition/ncpi-phenotype"]},"identifier":[{"system":"urn:ncpi:unique-string","value":"n-AnVIL-CMG-Broad-Orphan-Manton-WES-Su-MAN-0865-03-1-OMIM-136140"}],"status":"final","code":{"coding":[{"system":"http://purl.obolibrary.org/obo/omim.owl","code":"OMIM:136140","display":"FLOATING-HARBOR SYNDROME; FLHS"}],"text":"FLOATING-HARBOR SYNDROME; FLHS"},"subject":{"reference":"Patient/P.AnVIL-CMG-Broad-Orphan-Manton-WES-Su-MAN-0865-03-1"},"valueCodeableConcept":{"coding":[{"system":"http://snomed.info/sct","code":"373573001","display":"Clinical finding present (situation)"}],"text":"Phenotype Present"},"interpretation":[{"coding":[{"system":"http://terminology.hl7.org/CodeSystem/v3-ObservationInterpretation","code":"POS","display":"Positive"}],"text":"Present"}],"extension":[]}
{"resourceType":"Observation","id":"ion-AnVIL-CMG-Broad-Orphan-Manton-WES-Su-MAN-0889-01-OMIM-155310","meta":{"profile":["http://fhir.ncpi-project-forge.io/StructureDefinition/ncpi-phenotype"]},"identifier":[{"system":"urn:ncpi:unique-string","value":"ion-AnVIL-CMG-Broad-Orphan-Manton-WES-Su-MAN-0889-01-OMIM-155310"}],"status":"final","code":{"coding":[{"system":"http://purl.obolibrary.org/obo/omim.owl","code":"OMIM:155310","display":"VISCERAL MYOPATHY; VSCM"}],"text":"VISCERAL MYOPATHY; VSCM"},"subject":{"reference":"Patient/P.AnVIL-CMG-Broad-Orphan-Manton-WES-Su-MAN-0889-01"},"valueCodeableConcept":{"coding":[{"system":"http://snomed.info/sct","code":"373573001","display":"Clinical finding present (situation)"}],"text":"Phenotype Present"},"interpretation":[{"coding":[{"system":"http://terminology.hl7.org/CodeSystem/v3-ObservationInterpretation","code":"POS","display":"Positive"}],"text":"Present"}],"extension":[]}
{"resourceType":"Observation","id":"ion-AnVIL-CMG-Broad-Orphan-Manton-WES-Su-MAN-0889-02-OMIM-155310","meta":{"profile":["http://fhir.ncpi-project-forge.io/StructureDefinition/ncpi-phenotype"]},"identifier":[{"system":"urn:ncpi:unique-string","value":"ion-AnVIL-CMG-Broad-Orphan-Manton-WES-Su-MAN-0889-02-OMIM-155310"}],"status":"final","code":{"coding":[{"system":"http://purl.obolibrary.org/obo/omim.owl","code":"OMIM:155310","display":"VISCERAL MYOPATHY; VSCM"}],"text":"VISCERAL MYOPATHY; VSCM"},"subject":{"reference":"Patient/P.AnVIL-CMG-Broad-Orphan-Manton-WES-Su-MAN-0889-02"},"valueCodeableConcept":{"coding":[{"system":"http://snomed.info/sct","code":"373573001","display":"Clinical finding present (situation)"}],"text":"Phenotype Present"},"interpretation":[{"coding":[{"system":"http://terminology.hl7.org/CodeSystem/v3-ObservationInterpretation","code":"POS","display":"Positive"}],"text":"Present"}],"extension":[]}
{"resourceType":"Observation","id":"ion-AnVIL-CMG-Broad-Orphan-Manton-WES-Su-MAN-0889-03-OMIM-155310","meta":{"profile":["http://fhir.ncpi-project-forge.io/StructureDefinition/ncpi-phenotype"]},"identifier":[{"system":"urn:ncpi:unique-string","value":"ion-AnVIL-CMG-Broad-Orphan-Manton-WES-Su-MAN-0889-03-OMIM-155310"}],"status":"final","code":{"coding":[{"system":"http://purl.obolibrary.org/obo/omim.owl","code":"OMIM:155310","display":"VISCERAL MYOPATHY; VSCM"}],"text":"VISCERAL MYOPATHY; VSCM"},"subject":{"reference":"Patient/P.AnVIL-CMG-Broad-Orphan-Manton-WES-Su-MAN-0889-03"},"valueCodeableConcept":{"coding":[{"system":"http://snomed.info/sct","code":"373573001","display":"Clinical finding present (situation)"}],"text":"Phenotype Present"},"interpretation":[{"coding":[{"system":"http://terminology.hl7.org/CodeSystem/v3-ObservationInterpretation","code":"POS","display":"Positive"}],"text":"Present"}],"extension":[]}
{"resourceType":"Observation","id":"n-AnVIL-CMG-Broad-Orphan-Manton-WES-Su-MAN-0909-01-1-OMIM-249000","meta":{"profile":["http://fhir.ncpi-project-forge.io/StructureDefinition/ncpi-phenotype"]},"identifier":[{"system":"urn:ncpi:unique-string","value":"n-AnVIL-CMG-Broad-Orphan-Manton-WES-Su-MAN-0909-01-1-OMIM-249000"}],"status":"final","code":{"coding":[{"system":"http://purl.obolibrary.org/obo/omim.owl","code":"OMIM:249000","display":"MECKEL SYNDROME, TYPE 1; MKS1"}],"text":"MECKEL SYNDROME, TYPE 1; MKS1"},"subject":{"reference":"Patient/P.AnVIL-CMG-Broad-Orphan-Manton-WES-Su-MAN-0909-01-1"},"valueCodeableConcept":{"coding":[{"system":"http://snomed.info/sct","code":"373573001","display":"Clinical finding present (situation)"}],"text":"Phenotype Present"},"interpretation":[{"coding":[{"system":"http://terminology.hl7.org/CodeSystem/v3-ObservationInterpretation","code":"POS","display":"Positive"}],"text":"Present"}],"extension":[]}
{"resourceType":"Observation","id":"n-AnVIL-CMG-Broad-Orphan-Manton-WES-Su-MAN-0909-02-1-OMIM-249000","meta":{"profile":["http://fhir.ncpi-project-forge.io/StructureDefinition/ncpi-phenotype"]},"identifier":[{"system":"urn:ncpi:unique-string","value":"n-AnVIL-CMG-Broad-Orphan-Manton-WES-Su-MAN-0909-02-1-OMIM-249000"}],"status":"final","code":{"coding":[{"system":"http://purl.obolibrary.org/obo/omim.owl","code":"OMIM:249000","display":"MECKEL SYNDROME, TYPE 1; MKS1"}],"text":"MECKEL SYNDROME, TYPE 1; MKS1"},"subject":{"reference":"Patient/P.AnVIL-CMG-Broad-Orphan-Manton-WES-Su-MAN-0909-02-1"},"valueCodeableConcept":{"coding":[{"system":"http://snomed.info/sct","code":"373573001","display":"Clinical finding present (situation)"}],"text":"Phenotype Present"},"interpretation":[{"coding":[{"system":"http://terminology.hl7.org/CodeSystem/v3-ObservationInterpretation","code":"POS","display":"Positive"}],"text":"Present"}],"extension":[]}
{"resourceType":"Observation","id":"n-AnVIL-CMG-Broad-Orphan-Manton-WES-Su-MAN-0909-03-1-OMIM-249000","meta":{"profile":["http://fhir.ncpi-project-forge.io/StructureDefinition/ncpi-phenotype"]},"identifier":[{"system":"urn:ncpi:unique-string","value":"n-AnVIL-CMG-Broad-Orphan-Manton-WES-Su-MAN-0909-03-1-OMIM-249000"}],"status":"final","code":{"coding":[{"system":"http://purl.obolibrary.org/obo/omim.owl","code":"OMIM:249000","display":"MECKEL SYNDROME, TYPE 1; MKS1"}],"text":"MECKEL SYNDROME, TYPE 1; MKS1"},"subject":{"reference":"Patient/P.AnVIL-CMG-Broad-Orphan-Manton-WES-Su-MAN-0909-03-1"},"valueCodeableConcept":{"coding":[{"system":"http://snomed.info/sct","code":"373573001","display":"Clinical finding present (situation)"}],"text":"Phenotype Present"},"interpretation":[{"coding":[{"system":"http://terminology.hl7.org/CodeSystem/v3-ObservationInterpretation","code":"POS","display":"Positive"}],"text":"Present"}],"extension":[]}
{"resourceType":"Observation","id":"n-AnVIL-CMG-Broad-Orphan-Manton-WES-Su-MAN-0957-01-1-OMIM-600373","meta":{"profile":["http://fhir.ncpi-project-forge.io/StructureDefinition/ncpi-phenotype"]},"identifier":[{"system":"urn:ncpi:unique-string","value":"n-AnVIL-CMG-Broad-Orphan-Manton-WES-Su-MAN-0957-01-1-OMIM-600373"}],"status":"final","code":{"coding":[{"system":"http://purl.obolibrary.org/obo/omim.owl","code":"OMIM:600373","display":"CODAS SYNDROME"}],"text":"CODAS SYNDROME"},"subject":{"reference":"Patient/P.AnVIL-CMG-Broad-Orphan-Manton-WES-Su-MAN-0957-01-1"},"valueCodeableConcept":{"coding":[{"system":"http://snomed.info/sct","code":"373573001","display":"Clinical finding present (situation)"}],"text":"Phenotype Present"},"interpretation":[{"coding":[{"system":"http://terminology.hl7.org/CodeSystem/v3-ObservationInterpretation","code":"POS","display":"Positive"}],"text":"Present"}],"extension":[]}
{"resourceType":"Observation","id":"n-AnVIL-CMG-Broad-Orphan-Manton-WES-Su-MAN-0957-02-1-OMIM-600373","meta":{"profile":["http://fhir.ncpi-project-forge.io/StructureDefinition/ncpi-phenotype"]},"identifier":[{"system":"urn:ncpi:unique-string","value":"n-AnVIL-CMG-Broad-Orphan-Manton-WES-Su-MAN-0957-02-1-OMIM-600373"}],"status":"final","code":{"coding":[{"system":"http://purl.obolibrary.org/obo/omim.owl","code":"OMIM:600373","display":"CODAS SYNDROME"}],"text":"CODAS SYNDROME"},"subject":{"reference":"Patient/P.AnVIL-CMG-Broad-Orphan-Manton-WES-Su-MAN-0957-02-1"},"valueCodeableConcept":{"coding":[{"system":"http://snomed.info/sct","code":"373573001","display":"Clinical finding present (situation)"}],"text":"Phenotype Present"},"interpretation":[{"coding":[{"system":"http://terminology.hl7.org/CodeSystem/v3-ObservationInterpretation","code":"POS","display":"Positive"}],"text":"Present"}],"extension":[]}
{"resourceType":"Observation","id":"n-AnVIL-CMG-Broad-Orphan-Manton-WES-Su-MAN-0957-03-1-OMIM-600373","meta":{"profile":["http://fhir.ncpi-project-forge.io/StructureDefinition/ncpi-phenotype"]},"identifier":[{"system":"urn:ncpi:unique-string","value":"n-AnVIL-CMG-Broad-Orphan-Manton-WES-Su-MAN-0957-03-1-OMIM-600373"}],"status":"final","code":{"coding":[{"system":"http://purl.obolibrary.org/obo/omim.owl","code":"OMIM:600373","display":"CODAS SYNDROME"}],"text":"CODAS SYNDROME"},"subject":{"reference":"Patient/P.AnVIL-CMG-Broad-Orphan-Manton-WES-Su-MAN-0957-03-1"},"valueCodeableConcept":{"coding":[{"system":"http://snomed.info/sct","code":"373573001","display":"Clinical finding present (situation)"}],"text":"Phenotype Present"},"interpretation":[{"coding":[{"system":"http://terminology.hl7.org/CodeSystem/v3-ObservationInterpretation","code":"POS","display":"Positive"}],"text":"Present"}],"extension":[]}
{"resourceType":"Observation","id":"-AnVIL-CMG-Broad-Orphan-Manton-WES-Su-MAN-0961-01-01-OMIM-614254","meta":{"profile":["http://fhir.ncpi-project-forge.io/StructureDefinition/ncpi-phenotype"]},"identifier":[{"system":"urn:ncpi:unique-string","value":"-AnVIL-CMG-Broad-Orphan-Manton-WES-Su-MAN-0961-01-01-OMIM-614254"}],"status":"final","code":{"coding":[{"system":"http://purl.obolibrary.org/obo/omim.owl","code":"OMIM:614254","display":"NEURODEVELOPMENTAL DISORDER WITH OR WITHOUT HYPERKINETIC MOVEMENTS AND SEIZURES, AUTOSOMAL DOMINANT; NDHMSD"}],"text":"NEURODEVELOPMENTAL DISORDER WITH OR WITHOUT HYPERKINETIC MOVEMENTS AND SEIZURES, AUTOSOMAL DOMINANT; NDHMSD"},"subject":{"reference":"Patient/P.AnVIL-CMG-Broad-Orphan-Manton-WES-Su-MAN-0961-01-01"},"valueCodeableConcept":{"coding":[{"system":"http://snomed.info/sct","code":"373573001","display":"Clinical finding present (situation)"}],"text":"Phenotype Present"},"interpretation":[{"coding":[{"system":"http://terminology.hl7.org/CodeSystem/v3-ObservationInterpretation","code":"POS","display":"Positive"}],"text":"Present"}],"extension":[]}
{"resourceType":"Observation","id":"-AnVIL-CMG-Broad-Orphan-Manton-WES-Su-MAN-0961-02-01-OMIM-614254","meta":{"profile":["http://fhir.ncpi-project-forge.io/StructureDefinition/ncpi-phenotype"]},"identifier":[{"system":"urn:ncpi:unique-string","value":"-AnVIL-CMG-Broad-Orphan-Manton-WES-Su-MAN-0961-02-01-OMIM-614254"}],"status":"final","code":{"coding":[{"system":"http://purl.obolibrary.org/obo/omim.owl","code":"OMIM:614254","display":"NEURODEVELOPMENTAL DISORDER WITH OR WITHOUT HYPERKINETIC MOVEMENTS AND SEIZURES, AUTOSOMAL DOMINANT; NDHMSD"}],"text":"NEURODEVELOPMENTAL DISORDER WITH OR WITHOUT HYPERKINETIC MOVEMENTS AND SEIZURES, AUTOSOMAL DOMINANT; NDHMSD"},"subject":{"reference":"Patient/P.AnVIL-CMG-Broad-Orphan-Manton-WES-Su-MAN-0961-02-01"},"valueCodeableConcept":{"coding":[{"system":"http://snomed.info/sct","code":"373573001","display":"Clinical finding present (situation)"}],"text":"Phenotype Present"},"interpretation":[{"coding":[{"system":"http://terminology.hl7.org/CodeSystem/v3-ObservationInterpretation","code":"POS","display":"Positive"}],"text":"Present"}],"extension":[]}
{"resourceType":"Observation","id":"-AnVIL-CMG-Broad-Orphan-Manton-WES-Su-MAN-0961-03-01-OMIM-614254","meta":{"profile":["http://fhir.ncpi-project-forge.io/StructureDefinition/ncpi-phenotype"]},"identifier":[{"system":"urn:ncpi:unique-string","value":"-AnVIL-CMG-Broad-Orphan-Manton-WES-Su-MAN-0961-03-01-OMIM-614254"}],"status":"final","code":{"coding":[{"system":"http://purl.obolibrary.org/obo/omim.owl","code":"OMIM:614254","display":"NEURODEVELOPMENTAL DISORDER WITH OR WITHOUT HYPERKINETIC MOVEMENTS AND SEIZURES, AUTOSOMAL DOMINANT; NDHMSD"}],"text":"NEURODEVELOPMENTAL DISORDER WITH OR WITHOUT HYPERKINETIC MOVEMENTS AND SEIZURES, AUTOSOMAL DOMINANT; NDHMSD"},"subject":{"reference":"Patient/P.AnVIL-CMG-Broad-Orphan-Manton-WES-Su-MAN-0961-03-01"},"valueCodeableConcept":{"coding":[{"system":"http://snomed.info/sct","code":"373573001","display":"Clinical finding present (situation)"}],"text":"Phenotype Present"},"interpretation":[{"coding":[{"system":"http://terminology.hl7.org/CodeSystem/v3-ObservationInterpretation","code":"POS","display":"Positive"}],"text":"Present"}],"extension":[]}
{"resourceType":"Observation","id":"-AnVIL-CMG-Broad-Orphan-Manton-WES-Su-MAN-1003-01-01-OMIM-613561","meta":{"profile":["http://fhir.ncpi-project-forge.io/StructureDefinition/ncpi-phenotype"]},"identifier":[{"system":"urn:ncpi:unique-string","value":"-AnVIL-CMG-Broad-Orphan-Manton-WES-Su-MAN-1003-01-01-OMIM-613561"}],"status":"final","code":{"coding":[{"system":"http://purl.obolibrary.org/obo/omim.owl","code":"OMIM:613561","display":"MYOPATHY, LACTIC ACIDOSIS, AND SIDEROBLASTIC ANEMIA 2; MLASA2"}],"text":"MYOPATHY, LACTIC ACIDOSIS, AND SIDEROBLASTIC ANEMIA 2; MLASA2"},"subject":{"reference":"Patient/P.AnVIL-CMG-Broad-Orphan-Manton-WES-Su-MAN-1003-01-01"},"valueCodeableConcept":{"coding":[{"system":"http://snomed.info/sct","code":"373573001","display":"Clinical finding present (situation)"}],"text":"Phenotype Present"},"interpretation":[{"coding":[{"system":"http://terminology.hl7.org/CodeSystem/v3-ObservationInterpretation","code":"POS","display":"Positive"}],"text":"Present"}],"extension":[]}
{"resourceType":"Observation","id":"-AnVIL-CMG-Broad-Orphan-Manton-WES-Su-MAN-1018-01-01-OMIM-614669","meta":{"profile":["http://fhir.ncpi-project-forge.io/StructureDefinition/ncpi-phenotype"]},"identifier":[{"system":"urn:ncpi:unique-string","value":"-AnVIL-CMG-Broad-Orphan-Manton-WES-Su-MAN-1018-01-01-OMIM-614669"}],"status":"final","code":{"coding":[{"system":"http://purl.obolibrary.org/obo/omim.owl","code":"OMIM:614669","display":"AURICULOCONDYLAR SYNDROME 2; ARCND2"}],"text":"AURICULOCONDYLAR SYNDROME 2; ARCND2"},"subject":{"reference":"Patient/P.AnVIL-CMG-Broad-Orphan-Manton-WES-Su-MAN-1018-01-01"},"valueCodeableConcept":{"coding":[{"system":"http://snomed.info/sct","code":"373573001","display":"Clinical finding present (situation)"}],"text":"Phenotype Present"},"interpretation":[{"coding":[{"system":"http://terminology.hl7.org/CodeSystem/v3-ObservationInterpretation","code":"POS","display":"Positive"}],"text":"Present"}],"extension":[]}
{"resourceType":"Observation","id":"-AnVIL-CMG-Broad-Orphan-Manton-WES-Su-MAN-1018-02-01-OMIM-614669","meta":{"profile":["http://fhir.ncpi-project-forge.io/StructureDefinition/ncpi-phenotype"]},"identifier":[{"system":"urn:ncpi:unique-string","value":"-AnVIL-CMG-Broad-Orphan-Manton-WES-Su-MAN-1018-02-01-OMIM-614669"}],"status":"final","code":{"coding":[{"system":"http://purl.obolibrary.org/obo/omim.owl","code":"OMIM:614669","display":"AURICULOCONDYLAR SYNDROME 2; ARCND2"}],"text":"AURICULOCONDYLAR SYNDROME 2; ARCND2"},"subject":{"reference":"Patient/P.AnVIL-CMG-Broad-Orphan-Manton-WES-Su-MAN-1018-02-01"},"valueCodeableConcept":{"coding":[{"system":"http://snomed.info/sct","code":"373573001","display":"Clinical finding present (situation)"}],"text":"Phenotype Present"},"interpretation":[{"coding":[{"system":"http://terminology.hl7.org/CodeSystem/v3-ObservationInterpretation","code":"POS","display":"Positive"}],"text":"Present"}],"extension":[]}
{"resourceType":"Observation","id":"-AnVIL-CMG-Broad-Orphan-Manton-WES-Su-MAN-1018-03-01-OMIM-614669","meta":{"profile":["http://fhir.ncpi-project-forge.io/StructureDefinition/ncpi-phenotype"]},"identifier":[{"system":"urn:ncpi:unique-string","value":"-AnVIL-CMG-Broad-Orphan-Manton-WES-Su-MAN-1018-03-01-OMIM-614669"}],"status":"final","code":{"coding":[{"system":"http://purl.obolibrary.org/obo/omim.owl","code":"OMIM:614669","display":"AURICULOCONDYLAR SYNDROME 2; ARCND2"}],"text":"AURICULOCONDYLAR SYNDROME 2; ARCND2"},"subject":{"reference":"Patient/P.AnVIL-CMG-Broad-Orphan-Manton-WES-Su-MAN-1018-03-01"},"valueCodeableConcept":{"coding":[{"system":"http://snomed.info/sct","code":"373573001","display":"Clinical finding present (situation)"}],"text":"Phenotype Present"},"interpretation":[{"coding":[{"system":"http://terminology.hl7.org/CodeSystem/v3-ObservationInterpretation","code":"POS","display":"Positive"}],"text":"Present"}],"extension":[]}
{"resourceType":"Observation","id":"n-AnVIL-CMG-Broad-Orphan-Manton-WES-Su-MAN-1027-01-1-OMIM-117360","meta":{"profile":["http://fhir.ncpi-project-forge.io/StructureDefinition/ncpi-phenotype"]},"identifier":[{"system":"urn:ncpi:unique-string","value":"n-AnVIL-CMG-Broad-Orphan-Manton-WES-Su-MAN-1027-01-1-OMIM-117360"}],"status":"final","code":{"coding":[{"system":"http://purl.obolibrary.org/obo/omim.owl","code":"OMIM:117360","display":"SPINOCEREBELLAR ATAXIA 29; SCA29"}],"text":"SPINOCEREBELLAR ATAXIA 29; SCA29"},"subject":{"reference":"Patient/P.AnVIL-CMG-Broad-Orphan-Manton-WES-Su-MAN-1027-01-1"},"valueCodeableConcept":{"coding":[{"system":"http://snomed.info/sct","code":"373573001","display":"Clinical finding present (situation)"}],"text":"Phenotype Present"},"interpretation":[{"coding":[{"system":"http://terminology.hl7.org/CodeSystem/v3-ObservationInterpretation","code":"POS","display":"Positive"}],"text":"Present"}],"extension":[]}
{"resourceType":"Observation","id":"n-AnVIL-CMG-Broad-Orphan-Manton-WES-Su-MAN-1027-02-1-OMIM-117360","meta":{"profile":["http://fhir.ncpi-project-forge.io/StructureDefinition/ncpi-phenotype"]},"identifier":[{"system":"urn:ncpi:unique-string","value":"n-AnVIL-CMG-Broad-Orphan-Manton-WES-Su-MAN-1027-02-1-OMIM-117360"}],"status":"final","code":{"coding":[{"system":"http://purl.obolibrary.org/obo/omim.owl","code":"OMIM:117360","display":"SPINOCEREBELLAR ATAXIA 29; SCA29"}],"text":"SPINOCEREBELLAR ATAXIA 29; SCA29"},"subject":{"reference":"Patient/P.AnVIL-CMG-Broad-Orphan-Manton-WES-Su-MAN-1027-02-1"},"valueCodeableConcept":{"coding":[{"system":"http://snomed.info/sct","code":"373573001","display":"Clinical finding present (situation)"}],"text":"Phenotype Present"},"interpretation":[{"coding":[{"system":"http://terminology.hl7.org/CodeSystem/v3-ObservationInterpretation","code":"POS","display":"Positive"}],"text":"Present"}],"extension":[]}
{"resourceType":"Observation","id":"n-AnVIL-CMG-Broad-Orphan-Manton-WES-Su-MAN-1027-03-1-OMIM-117360","meta":{"profile":["http://fhir.ncpi-project-forge.io/StructureDefinition/ncpi-phenotype"]},"identifier":[{"system":"urn:ncpi:unique-string","value":"n-AnVIL-CMG-Broad-Orphan-Manton-WES-Su-MAN-1027-03-1-OMIM-117360"}],"status":"final","code":{"coding":[{"system":"http://purl.obolibrary.org/obo/omim.owl","code":"OMIM:117360","display":"SPINOCEREBELLAR ATAXIA 29; SCA29"}],"text":"SPINOCEREBELLAR ATAXIA 29; SCA29"},"subject":{"reference":"Patient/P.AnVIL-CMG-Broad-Orphan-Manton-WES-Su-MAN-1027-03-1"},"valueCodeableConcept":{"coding":[{"system":"http://snomed.info/sct","code":"373573001","display":"Clinical finding present (situation)"}],"text":"Phenotype Present"},"interpretation":[{"coding":[{"system":"http://terminology.hl7.org/CodeSystem/v3-ObservationInterpretation","code":"POS","display":"Positive"}],"text":"Present"}],"extension":[]}
{"resourceType":"Observation","id":"n-AnVIL-CMG-Broad-Orphan-Manton-WES-Su-MAN-1115-01-1-OMIM-612126","meta":{"profile":["http://fhir.ncpi-project-forge.io/StructureDefinition/ncpi-phenotype"]},"identifier":[{"system":"urn:ncpi:unique-string","value":"n-AnVIL-CMG-Broad-Orphan-Manton-WES-Su-MAN-1115-01-1-OMIM-612126"}],"status":"final","code":{"coding":[{"system":"http://purl.obolibrary.org/obo/omim.owl","code":"OMIM:612126","display":"GLUT1 DEFICIENCY SYNDROME 2; GLUT1DS2"}],"text":"GLUT1 DEFICIENCY SYNDROME 2; GLUT1DS2"},"subject":{"reference":"Patient/P.AnVIL-CMG-Broad-Orphan-Manton-WES-Su-MAN-1115-01-1"},"valueCodeableConcept":{"coding":[{"system":"http://snomed.info/sct","code":"373573001","display":"Clinical finding present (situation)"}],"text":"Phenotype Present"},"interpretation":[{"coding":[{"system":"http://terminology.hl7.org/CodeSystem/v3-ObservationInterpretation","code":"POS","display":"Positive"}],"text":"Present"}],"extension":[]}
{"resourceType":"Observation","id":"n-AnVIL-CMG-Broad-Orphan-Manton-WES-Su-MAN-1168-01-1-OMIM-610489","meta":{"profile":["http://fhir.ncpi-project-forge.io/StructureDefinition/ncpi-phenotype"]},"identifier":[{"system":"urn:ncpi:unique-string","value":"n-AnVIL-CMG-Broad-Orphan-Manton-WES-Su-MAN-1168-01-1-OMIM-610489"}],"status":"final","code":{"coding":[{"system":"http://purl.obolibrary.org/obo/omim.owl","code":"OMIM:610489","display":"PIGMENTED NODULAR ADRENOCORTICAL DISEASE, PRIMARY, 1; PPNAD1"}],"text":"PIGMENTED NODULAR ADRENOCORTICAL DISEASE, PRIMARY, 1; PPNAD1"},"subject":{"reference":"Patient/P.AnVIL-CMG-Broad-Orphan-Manton-WES-Su-MAN-1168-01-1"},"valueCodeableConcept":{"coding":[{"system":"http://snomed.info/sct","code":"373573001","display":"Clinical finding present (situation)"}],"text":"Phenotype Present"},"interpretation":[{"coding":[{"system":"http://terminology.hl7.org/CodeSystem/v3-ObservationInterpretation","code":"POS","display":"Positive"}],"text":"Present"}],"extension":[]}
{"resourceType":"Observation","id":"n-AnVIL-CMG-Broad-Orphan-Manton-WES-Su-MAN-1168-02-1-OMIM-610489","meta":{"profile":["http://fhir.ncpi-project-forge.io/StructureDefinition/ncpi-phenotype"]},"identifier":[{"system":"urn:ncpi:unique-string","value":"n-AnVIL-CMG-Broad-Orphan-Manton-WES-Su-MAN-1168-02-1-OMIM-610489"}],"status":"final","code":{"coding":[{"system":"http://purl.obolibrary.org/obo/omim.owl","code":"OMIM:610489","display":"PIGMENTED NODULAR ADRENOCORTICAL DISEASE, PRIMARY, 1; PPNAD1"}],"text":"PIGMENTED NODULAR ADRENOCORTICAL DISEASE, PRIMARY, 1; PPNAD1"},"subject":{"reference":"Patient/P.AnVIL-CMG-Broad-Orphan-Manton-WES-Su-MAN-1168-02-1"},"valueCodeableConcept":{"coding":[{"system":"http://snomed.info/sct","code":"373573001","display":"Clinical finding present (situation)"}],"text":"Phenotype Present"},"interpretation":[{"coding":[{"system":"http://terminology.hl7.org/CodeSystem/v3-ObservationInterpretation","code":"POS","display":"Positive"}],"text":"Present"}],"extension":[]}
{"resourceType":"Observation","id":"n-AnVIL-CMG-Broad-Orphan-Manton-WES-Su-MAN-1168-03-1-OMIM-610489","meta":{"profile":["http://fhir.ncpi-project-forge.io/StructureDefinition/ncpi-phenotype"]},"identifier":[{"system":"urn:ncpi:unique-string","value":"n-AnVIL-CMG-Broad-Orphan-Manton-WES-Su-MAN-1168-03-1-OMIM-610489"}],"status":"final","code":{"coding":[{"system":"http://purl.obolibrary.org/obo/omim.owl","code":"OMIM:610489","display":"PIGMENTED NODULAR ADRENOCORTICAL DISEASE, PRIMARY, 1; PPNAD1"}],"text":"PIGMENTED NODULAR ADRENOCORTICAL DISEASE, PRIMARY, 1; PPNAD1"},"subject":{"reference":"Patient/P.AnVIL-CMG-Broad-Orphan-Manton-WES-Su-MAN-1168-03-1"},"valueCodeableConcept":{"coding":[{"system":"http://snomed.info/sct","code":"373573001","display":"Clinical finding present (situation)"}],"text":"Phenotype Present"},"interpretation":[{"coding":[{"system":"http://terminology.hl7.org/CodeSystem/v3-ObservationInterpretation","code":"POS","display":"Positive"}],"text":"Present"}],"extension":[]}
{"resourceType":"Observation","id":"n-AnVIL-CMG-Broad-Orphan-Manton-WES-Su-MAN-1239-01-1-OMIM-605130","meta":{"profile":["http://fhir.ncpi-project-forge.io/StructureDefinition/ncpi-phenotype"]},"identifier":[{"system":"urn:ncpi:unique-string","value":"n-AnVIL-CMG-Broad-Orphan-Manton-WES-Su-MAN-1239-01-1-OMIM-605130"}],"status":"final","code":{"coding":[{"system":"http://purl.obolibrary.org/obo/omim.owl","code":"OMIM:605130","display":"WIEDEMANN-STEINER SYNDROME; WDSTS"}],"text":"WIEDEMANN-STEINER SYNDROME; WDSTS"},"subject":{"reference":"Patient/P.AnVIL-CMG-Broad-Orphan-Manton-WES-Su-MAN-1239-01-1"},"valueCodeableConcept":{"coding":[{"system":"http://snomed.info/sct","code":"373573001","display":"Clinical finding present (situation)"}],"text":"Phenotype Present"},"interpretation":[{"coding":[{"system":"http://terminology.hl7.org/CodeSystem/v3-ObservationInterpretation","code":"POS","display":"Positive"}],"text":"Present"}],"extension":[]}
{"resourceType":"Observation","id":"n-AnVIL-CMG-Broad-Orphan-Manton-WES-Su-MAN-1239-02-1-OMIM-605130","meta":{"profile":["http://fhir.ncpi-project-forge.io/StructureDefinition/ncpi-phenotype"]},"identifier":[{"system":"urn:ncpi:unique-string","value":"n-AnVIL-CMG-Broad-Orphan-Manton-WES-Su-MAN-1239-02-1-OMIM-605130"}],"status":"final","code":{"coding":[{"system":"http://purl.obolibrary.org/obo/omim.owl","code":"OMIM:605130","display":"WIEDEMANN-STEINER SYNDROME; WDSTS"}],"text":"WIEDEMANN-STEINER SYNDROME; WDSTS"},"subject":{"reference":"Patient/P.AnVIL-CMG-Broad-Orphan-Manton-WES-Su-MAN-1239-02-1"},"valueCodeableConcept":{"coding":[{"system":"http://snomed.info/sct","code":"373573001","display":"Clinical finding present (situation)"}],"text":"Phenotype Present"},"interpretation":[{"coding":[{"system":"http://terminology.hl7.org/CodeSystem/v3-ObservationInterpretation","code":"POS","display":"Positive"}],"text":"Present"}],"extension":[]}
{"resourceType":"Observation","id":"n-AnVIL-CMG-Broad-Orphan-Manton-WES-Su-MAN-1239-03-1-OMIM-605130","meta":{"profile":["http://fhir.ncpi-project-forge.io/StructureDefinition/ncpi-phenotype"]},"identifier":[{"system":"urn:ncpi:unique-string","value":"n-AnVIL-CMG-Broad-Orphan-Manton-WES-Su-MAN-1239-03-1-OMIM-605130"}],"status":"final","code":{"coding":[{"system":"http://purl.obolibrary.org/obo/omim.owl","code":"OMIM:605130","display":"WIEDEMANN-STEINER SYNDROME; WDSTS"}],"text":"WIEDEMANN-STEINER SYNDROME; WDSTS"},"subject":{"reference":"Patient/P.AnVIL-CMG-Broad-Orphan-Manton-WES-Su-MAN-1239-03-1"},"valueCodeableConcept":{"coding":[{"system":"http://snomed.info/sct","code":"373573001","display":"Clinical finding present (situation)"}],"text":"Phenotype Present"},"interpretation":[{"coding":[{"system":"http://terminology.hl7.org/CodeSystem/v3-ObservationInterpretation","code":"POS","display":"Positive"}],"text":"Present"}],"extension":[]}
{"resourceType":"Observation","id":"n-AnVIL-CMG-Broad-Orphan-Manton-WES-Su-MAN-1299-01-1-OMIM-148050","meta":{"profile":["http://fhir.ncpi-project-forge.io/StructureDefinition/ncpi-phenotype"]},"identifier":[{"system":"urn:ncpi:unique-string","value":"n-AnVIL-CMG-Broad-Orphan-Manton-WES-Su-MAN-1299-01-1-OMIM-148050"}],"status":"final","code":{"coding":[{"system":"http://purl.obolibrary.org/obo/omim.owl","code":"OMIM:148050","display":"KBG SYNDROME; KBGS"}],"text":"KBG SYNDROME; KBGS"},"subject":{"reference":"Patient/P.AnVIL-CMG-Broad-Orphan-Manton-WES-Su-MAN-1299-01-1"},"valueCodeableConcept":{"coding":[{"system":"http://snomed.info/sct","code":"373573001","display":"Clinical finding present (situation)"}],"text":"Phenotype Present"},"interpretation":[{"coding":[{"system":"http://terminology.hl7.org/CodeSystem/v3-ObservationInterpretation","code":"POS","display":"Positive"}],"text":"Present"}],"extension":[]}
{"resourceType":"Observation","id":"n-AnVIL-CMG-Broad-Orphan-Manton-WES-Su-MAN-1299-02-1-OMIM-148050","meta":{"profile":["http://fhir.ncpi-project-forge.io/StructureDefinition/ncpi-phenotype"]},"identifier":[{"system":"urn:ncpi:unique-string","value":"n-AnVIL-CMG-Broad-Orphan-Manton-WES-Su-MAN-1299-02-1-OMIM-148050"}],"status":"final","code":{"coding":[{"system":"http://purl.obolibrary.org/obo/omim.owl","code":"OMIM:148050","display":"KBG SYNDROME; KBGS"}],"text":"KBG SYNDROME; KBGS"},"subject":{"reference":"Patient/P.AnVIL-CMG-Broad-Orphan-Manton-WES-Su-MAN-1299-02-1"},"valueCodeableConcept":{"coding":[{"system":"http://snomed.info/sct","code":"373573001","display":"Clinical finding present (situation)"}],"text":"Phenotype Present"},"interpretation":[{"coding":[{"system":"http://terminology.hl7.org/CodeSystem/v3-ObservationInterpretation","code":"POS","display":"Positive"}],"text":"Present"}],"extension":[]}
{"resourceType":"Observation","id":"n-AnVIL-CMG-Broad-Orphan-Manton-WES-Su-MAN-1299-03-1-OMIM-148050","meta":{"profile":["http://fhir.ncpi-project-forge.io/StructureDefinition/ncpi-phenotype"]},"identifier":[{"system":"urn:ncpi:unique-string","value":"n-AnVIL-CMG-Broad-Orphan-Manton-WES-Su-MAN-1299-03-1-OMIM-148050"}],"status":"final","code":{"coding":[{"system":"http://purl.obolibrary.org/obo/omim.owl","code":"OMIM:148050","display":"KBG SYNDROME; KBGS"}],"text":"KBG SYNDROME; KBGS"},"subject":{"reference":"Patient/P.AnVIL-CMG-Broad-Orphan-Manton-WES-Su-MAN-1299-03-1"},"valueCodeableConcept":{"coding":[{"system":"http://snomed.info/sct","code":"373573001","display":"Clinical finding present (situation)"}],"text":"Phenotype Present"},"interpretation":[{"coding":[{"system":"http://terminology.hl7.org/CodeSystem/v3-ObservationInterpretation","code":"POS","display":"Positive"}],"text":"Present"}],"extension":[]}
{"resourceType":"Observation","id":"n-AnVIL-CMG-Broad-Orphan-Manton-WES-Su-MAN-1394-01-1-OMIM-310200","meta":{"profile":["http://fhir.ncpi-project-forge.io/StructureDefinition/ncpi-phenotype"]},"identifier":[{"system":"urn:ncpi:unique-string","value":"n-AnVIL-CMG-Broad-Orphan-Manton-WES-Su-MAN-1394-01-1-OMIM-310200"}],"status":"final","code":{"coding":[{"system":"http://purl.obolibrary.org/obo/omim.owl","code":"OMIM:310200","display":"Duchenne muscular dystrophy"}],"text":"Duchenne muscular dystrophy"},"subject":{"reference":"Patient/P.AnVIL-CMG-Broad-Orphan-Manton-WES-Su-MAN-1394-01-1"},"valueCodeableConcept":{"coding":[{"system":"http://snomed.info/sct","code":"373573001","display":"Clinical finding present (situation)"}],"text":"Phenotype Present"},"interpretation":[{"coding":[{"system":"http://terminology.hl7.org/CodeSystem/v3-ObservationInterpretation","code":"POS","display":"Positive"}],"text":"Present"}],"extension":[]}
{"resourceType":"Observation","id":"n-AnVIL-CMG-Broad-Orphan-Manton-WES-Su-MAN-1394-02-1-OMIM-310200","meta":{"profile":["http://fhir.ncpi-project-forge.io/StructureDefinition/ncpi-phenotype"]},"identifier":[{"system":"urn:ncpi:unique-string","value":"n-AnVIL-CMG-Broad-Orphan-Manton-WES-Su-MAN-1394-02-1-OMIM-310200"}],"status":"final","code":{"coding":[{"system":"http://purl.obolibrary.org/obo/omim.owl","code":"OMIM:310200","display":"Duchenne muscular dystrophy"}],"text":"Duchenne muscular dystrophy"},"subject":{"reference":"Patient/P.AnVIL-CMG-Broad-Orphan-Manton-WES-Su-MAN-1394-02-1"},"valueCodeableConcept":{"coding":[{"system":"http://snomed.info/sct","code":"373573001","display":"Clinical finding present (situation)"}],"text":"Phenotype Present"},"interpretation":[{"coding":[{"system":"http://terminology.hl7.org/CodeSystem/v3-ObservationInterpretation","code":"POS","display":"Positive"}],"text":"Present"}],"extension":[]}
{"resourceType":"Observation","id":"n-AnVIL-CMG-Broad-Orphan-Manton-WES-Su-MAN-1394-03-1-OMIM-310200","meta":{"profile":["http://fhir.ncpi-project-forge.io/StructureDefinition/ncpi-phenotype"]},"identifier":[{"system":"urn:ncpi:unique-string","value":"n-AnVIL-CMG-Broad-Orphan-Manton-WES-Su-MAN-1394-03-1-OMIM-310200"}],"status":"final","code":{"coding":[{"system":"http://purl.obolibrary.org/obo/omim.owl","code":"OMIM:310200","display":"Duchenne muscular dystrophy"}],"text":"Duchenne muscular dystrophy"},"subject":{"reference":"Patient/P.AnVIL-CMG-Broad-Orphan-Manton-WES-Su-MAN-1394-03-1"},"valueCodeableConcept":{"coding":[{"system":"http://snomed.info/sct","code":"373573001","display":"Clinical finding present (situation)"}],"text":"Phenotype Present"},"interpretation":[{"coding":[{"system":"http://terminology.hl7.org/CodeSystem/v3-ObservationInterpretation","code":"POS","display":"Positive"}],"text":"Present"}],"extension":[]}
{"resourceType":"Observation","id":"n-AnVIL-CMG-Broad-Orphan-Manton-WES-Su-MAN-1414-01-1-OMIM-300968","meta":{"profile":["http://fhir.ncpi-project-forge.io/StructureDefinition/ncpi-phenotype"]},"identifier":[{"system":"urn:ncpi:unique-string","value":"n-AnVIL-CMG-Broad-Orphan-Manton-WES-Su-MAN-1414-01-1-OMIM-300968"}],"status":"final","code":{"coding":[{"system":"http://purl.obolibrary.org/obo/omim.owl","code":"OMIM:300968","display":"MENTAL RETARDATION, X-LINKED 99, SYNDROMIC, FEMALE-RESTRICTED; MRXS99F"}],"text":"MENTAL RETARDATION, X-LINKED 99, SYNDROMIC, FEMALE-RESTRICTED; MRXS99F"},"subject":{"reference":"Patient/P.AnVIL-CMG-Broad-Orphan-Manton-WES-Su-MAN-1414-01-1"},"valueCodeableConcept":{"coding":[{"system":"http://snomed.info/sct","code":"373573001","display":"Clinical finding present (situation)"}],"text":"Phenotype Present"},"interpretation":[{"coding":[{"system":"http://terminology.hl7.org/CodeSystem/v3-ObservationInterpretation","code":"POS","display":"Positive"}],"text":"Present"}],"extension":[]}
{"resourceType":"Observation","id":"n-AnVIL-CMG-Broad-Orphan-Manton-WES-Su-MAN-1414-02-1-OMIM-300968","meta":{"profile":["http://fhir.ncpi-project-forge.io/StructureDefinition/ncpi-phenotype"]},"identifier":[{"system":"urn:ncpi:unique-string","value":"n-AnVIL-CMG-Broad-Orphan-Manton-WES-Su-MAN-1414-02-1-OMIM-300968"}],"status":"final","code":{"coding":[{"system":"http://purl.obolibrary.org/obo/omim.owl","code":"OMIM:300968","display":"MENTAL RETARDATION, X-LINKED 99, SYNDROMIC, FEMALE-RESTRICTED; MRXS99F"}],"text":"MENTAL RETARDATION, X-LINKED 99, SYNDROMIC, FEMALE-RESTRICTED; MRXS99F"},"subject":{"reference":"Patient/P.AnVIL-CMG-Broad-Orphan-Manton-WES-Su-MAN-1414-02-1"},"valueCodeableConcept":{"coding":[{"system":"http://snomed.info/sct","code":"373573001","display":"Clinical finding present (situation)"}],"text":"Phenotype Present"},"interpretation":[{"coding":[{"system":"http://terminology.hl7.org/CodeSystem/v3-ObservationInterpretation","code":"POS","display":"Positive"}],"text":"Present"}],"extension":[]}
{"resourceType":"Observation","id":"n-AnVIL-CMG-Broad-Orphan-Manton-WES-Su-MAN-1414-03-1-OMIM-300968","meta":{"profile":["http://fhir.ncpi-project-forge.io/StructureDefinition/ncpi-phenotype"]},"identifier":[{"system":"urn:ncpi:unique-string","value":"n-AnVIL-CMG-Broad-Orphan-Manton-WES-Su-MAN-1414-03-1-OMIM-300968"}],"status":"final","code":{"coding":[{"system":"http://purl.obolibrary.org/obo/omim.owl","code":"OMIM:300968","display":"MENTAL RETARDATION, X-LINKED 99, SYNDROMIC, FEMALE-RESTRICTED; MRXS99F"}],"text":"MENTAL RETARDATION, X-LINKED 99, SYNDROMIC, FEMALE-RESTRICTED; MRXS99F"},"subject":{"reference":"Patient/P.AnVIL-CMG-Broad-Orphan-Manton-WES-Su-MAN-1414-03-1"},"valueCodeableConcept":{"coding":[{"system":"http://snomed.info/sct","code":"373573001","display":"Clinical finding present (situation)"}],"text":"Phenotype Present"},"interpretation":[{"coding":[{"system":"http://terminology.hl7.org/CodeSystem/v3-ObservationInterpretation","code":"POS","display":"Positive"}],"text":"Present"}],"extension":[]}
{"resourceType":"Observation","id":"n-AnVIL-CMG-Broad-Orphan-Manton-WES-Su-MAN-1456-01-1-OMIM-610443","meta":{"profile":["http://fhir.ncpi-project-forge.io/StructureDefinition/ncpi-phenotype"]},"identifier":[{"system":"urn:ncpi:unique-string","value":"n-AnVIL-CMG-Broad-Orphan-Manton-WES-Su-MAN-1456-01-1-OMIM-610443"}],"status":"final","code":{"coding":[{"system":"http://purl.obolibrary.org/obo/omim.owl","code":"OMIM:610443","display":"KOOLEN-DE VRIES SYNDROME; KDVS"}],"text":"KOOLEN-DE VRIES SYNDROME; KDVS"},"subject":{"reference":"Patient/P.AnVIL-CMG-Broad-Orphan-Manton-WES-Su-MAN-1456-01-1"},"valueCodeableConcept":{"coding":[{"system":"http://snomed.info/sct","code":"373573001","display":"Clinical finding present (situation)"}],"text":"Phenotype Present"},"interpretation":[{"coding":[{"system":"http://terminology.hl7.org/CodeSystem/v3-ObservationInterpretation","code":"POS","display":"Positive"}],"text":"Present"}],"extension":[]}
{"resourceType":"Observation","id":"n-AnVIL-CMG-Broad-Orphan-Manton-WES-Su-MAN-1456-02-1-OMIM-610443","meta":{"profile":["http://fhir.ncpi-project-forge.io/StructureDefinition/ncpi-phenotype"]},"identifier":[{"system":"urn:ncpi:unique-string","value":"n-AnVIL-CMG-Broad-Orphan-Manton-WES-Su-MAN-1456-02-1-OMIM-610443"}],"status":"final","code":{"coding":[{"system":"http://purl.obolibrary.org/obo/omim.owl","code":"OMIM:610443","display":"KOOLEN-DE VRIES SYNDROME; KDVS"}],"text":"KOOLEN-DE VRIES SYNDROME; KDVS"},"subject":{"reference":"Patient/P.AnVIL-CMG-Broad-Orphan-Manton-WES-Su-MAN-1456-02-1"},"valueCodeableConcept":{"coding":[{"system":"http://snomed.info/sct","code":"373573001","display":"Clinical finding present (situation)"}],"text":"Phenotype Present"},"interpretation":[{"coding":[{"system":"http://terminology.hl7.org/CodeSystem/v3-ObservationInterpretation","code":"POS","display":"Positive"}],"text":"Present"}],"extension":[]}
{"resourceType":"Observation","id":"n-AnVIL-CMG-Broad-Orphan-Manton-WES-Su-MAN-1456-03-1-OMIM-610443","meta":{"profile":["http://fhir.ncpi-project-forge.io/StructureDefinition/ncpi-phenotype"]},"identifier":[{"system":"urn:ncpi:unique-string","value":"n-AnVIL-CMG-Broad-Orphan-Manton-WES-Su-MAN-1456-03-1-OMIM-610443"}],"status":"final","code":{"coding":[{"system":"http://purl.obolibrary.org/obo/omim.owl","code":"OMIM:610443","display":"KOOLEN-DE VRIES SYNDROME; KDVS"}],"text":"KOOLEN-DE VRIES SYNDROME; KDVS"},"subject":{"reference":"Patient/P.AnVIL-CMG-Broad-Orphan-Manton-WES-Su-MAN-1456-03-1"},"valueCodeableConcept":{"coding":[{"system":"http://snomed.info/sct","code":"373573001","display":"Clinical finding present (situation)"}],"text":"Phenotype Present"},"interpretation":[{"coding":[{"system":"http://terminology.hl7.org/CodeSystem/v3-ObservationInterpretation","code":"POS","display":"Positive"}],"text":"Present"}],"extension":[]}
