{"resourceType":"ResearchStudy","id":"AnVIL-CMG-Broad-Kidney-Hildebrandt-WGS","meta":{"profile":["http://hl7.org/fhir/StructureDefinition/ResearchStudy"]},"identifier":[{"system":"https://anvil.terra.bio/#workspaces/anvil-datastorage/","value":"AnVIL_CMG_Broad_Kidney_Hildebrandt_WGS"},{"system":"urn:ncpi:unique-string","value":"ResearchStudy|AnVIL_CMG_Broad_Kidney_Hildebrandt_WGS"},{"value":"AnVIL_CMG_Broad_Kidney_Hildebrandt_WGS"}],"extension":[{"url":"http://fhir.ncpi-project-forge.io/StructureDefinition/related-organization","extension":[{"url":"organization","valueReference":{"reference":"Organization/Organization.Broad"}}]},{"url":"http://fhir.ncpi-project-forge.io/StructureDefinition/display-name","valueString":"AnVIL_CMG_Broad_Kidney_Hildebrandt_WGS"}],"title":"AnVIL_CMG_Broad_Kidney_Hildebrandt_WGS","status":"completed","principalInvestigator":{"reference":"Practitioner/Practitioner.Friedhelm-Hildebrandt"}}
