{"resourceType":"Specimen","id":"Broad-Kidney-Hildebrandt-WGS-Sa-HIL-A4452-11-A","meta":{"profile":["http://hl7.org/fhir/StructureDefinition/Specimen"]},"identifier":[{"system":"https://anvil.terra.bio/#workspaces/anvil-datastorage/AnVIL_CMG_Broad_Kidney_Hildebrandt_WGS","value":"Broad_Kidney_Hildebrandt_WGS/Sa/HIL_A4452_11_A"},{"system":"urn:ncpi:unique-string","value":"Specimen|AnVIL_CMG_Broad_Kidney_Hildebrandt_WGS|Broad_Kidney_Hildebrandt_WGS/Sa/HIL_A4452_11_A"}],"subject":{"reference":"Patient/P.AnVIL-CMG-Broad-Kidney-Hildebrandt-WGS-Su-HIL-A4452-11-A"}}
{"resourceType":"Specimen","id":"Broad-Kidney-Hildebrandt-WGS-Sa-HIL-A4452-12-A","meta":{"profile":["http://hl7.org/fhir/StructureDefinition/Specimen"]},"identifier":[{"system":"https://anvil.terra.bio/#workspaces/anvil-datastorage/AnVIL_CMG_Broad_Kidney_Hildebrandt_WGS","value":"Broad_Kidney_Hildebrandt_WGS/Sa/HIL_A4452_12_A"},{"system":"urn:ncpi:unique-string","value":"Specimen|AnVIL_CMG_Broad_Kidney_Hildebrandt_WGS|Broad_Kidney_Hildebrandt_WGS/Sa/HIL_A4452_12_A"}],"subject":{"reference":"Patient/P.AnVIL-CMG-Broad-Kidney-Hildebrandt-WGS-Su-HIL-A4452-12-A"}}
{"resourceType":"Specimen","id":"Broad-Kidney-Hildebrandt-WGS-Sa-HIL-A4452-21-A","meta":{"profile":["http://hl7.org/fhir/StructureDefinition/Specimen"]},"identifier":[{"system":"https://anvil.terra.bio/#workspaces/anvil-datastorage/AnVIL_CMG_Broad_Kidney_Hildebrandt_WGS","value":"Broad_Kidney_Hildebrandt_WGS/Sa/HIL_A4452_21_A"},{"system":"urn:ncpi:unique-string","value":"Specimen|AnVIL_CMG_Broad_Kidney_Hildebrandt_WGS|Broad_Kidney_Hildebrandt_WGS/Sa/HIL_A4452_21_A"}],"subject":{"reference":"Patient/P.AnVIL-CMG-Broad-Kidney-Hildebrandt-WGS-Su-HIL-A4452-21-A"}}
{"resourceType":"Specimen","id":"Broad-Kidney-Hildebrandt-WGS-Sa-HIL-A4452-22-A","meta":{"profile":["http://hl7.org/fhir/StructureDefinition/Specimen"]},"identifier":[{"system":"https://anvil.terra.bio/#workspaces/anvil-datastorage/AnVIL_CMG_Broad_Kidney_Hildebrandt_WGS","value":"Broad_Kidney_Hildebrandt_WGS/Sa/HIL_A4452_22_A"},{"system":"urn:ncpi:unique-string","value":"Specimen|AnVIL_CMG_Broad_Kidney_Hildebrandt_WGS|Broad_Kidney_Hildebrandt_WGS/Sa/HIL_A4452_22_A"}],"subject":{"reference":"Patient/P.AnVIL-CMG-Broad-Kidney-Hildebrandt-WGS-Su-HIL-A4452-22-A"}}
{"resourceType":"Specimen","id":"Broad-Kidney-Hildebrandt-WGS-Sa-HIL-A4902-11-A","meta":{"profile":["http://hl7.org/fhir/StructureDefinition/Specimen"]},"identifier":[{"system":"https://anvil.terra.bio/#workspaces/anvil-datastorage/AnVIL_CMG_Broad_Kidney_Hildebrandt_WGS","value":"Broad_Kidney_Hildebrandt_WGS/Sa/HIL_A4902_11_A"},{"system":"urn:ncpi:unique-string","value":"Specimen|AnVIL_CMG_Broad_Kidney_Hildebrandt_WGS|Broad_Kidney_Hildebrandt_WGS/Sa/HIL_A4902_11_A"}],"subject":{"reference":"Patient/P.AnVIL-CMG-Broad-Kidney-Hildebrandt-WGS-Su-HIL-A4902-11-A"}}
{"resourceType":"Specimen","id":"Broad-Kidney-Hildebrandt-WGS-Sa-HIL-A4902-12-A","meta":{"profile":["http://hl7.org/fhir/StructureDefinition/Specimen"]},"identifier":[{"system":"https://anvil.terra.bio/#workspaces/anvil-datastorage/AnVIL_CMG_Broad_Kidney_Hildebrandt_WGS","value":"Broad_Kidney_Hildebrandt_WGS/Sa/HIL_A4902_12_A"},{"system":"urn:ncpi:unique-string","value":"Specimen|AnVIL_CMG_Broad_Kidney_Hildebrandt_WGS|Broad_Kidney_Hildebrandt_WGS/Sa/HIL_A4902_12_A"}],"subject":{"reference":"Patient/P.AnVIL-CMG-Broad-Kidney-Hildebrandt-WGS-Su-HIL-A4902-12-A"}}
{"resourceType":"Specimen","id":"Broad-Kidney-Hildebrandt-WGS-Sa-HIL-A4902-23-A","meta":{"profile":["http://hl7.org/fhir/StructureDefinition/Specimen"]},"identifier":[{"system":"https://anvil.terra.bio/#workspaces/anvil-datastorage/AnVIL_CMG_Broad_Kidney_Hildebrandt_WGS","value":"Broad_Kidney_Hildebrandt_WGS/Sa/HIL_A4902_23_A"},{"system":"urn:ncpi:unique-string","value":"Specimen|AnVIL_CMG_Broad_Kidney_Hildebrandt_WGS|Broad_Kidney_Hildebrandt_WGS/Sa/HIL_A4902_23_A"}],"subject":{"reference":"Patient/P.AnVIL-CMG-Broad-Kidney-Hildebrandt-WGS-Su-HIL-A4902-23-A"}}
{"resourceType":"Specimen","id":"Broad-Kidney-Hildebrandt-WGS-Sa-HIL-A4970-11-A","meta":{"profile":["http://hl7.org/fhir/StructureDefinition/Specimen"]},"identifier":[{"system":"https://anvil.terra.bio/#workspaces/anvil-datastorage/AnVIL_CMG_Broad_Kidney_Hildebrandt_WGS","value":"Broad_Kidney_Hildebrandt_WGS/Sa/HIL_A4970_11_A"},{"system":"urn:ncpi:unique-string","value":"Specimen|AnVIL_CMG_Broad_Kidney_Hildebrandt_WGS|Broad_Kidney_Hildebrandt_WGS/Sa/HIL_A4970_11_A"}],"subject":{"reference":"Patient/P.AnVIL-CMG-Broad-Kidney-Hildebrandt-WGS-Su-HIL-A4970-11-A"}}
{"resourceType":"Specimen","id":"Broad-Kidney-Hildebrandt-WGS-Sa-HIL-A4970-12-A","meta":{"profile":["http://hl7.org/fhir/StructureDefinition/Specimen"]},"identifier":[{"system":"https://anvil.terra.bio/#workspaces/anvil-datastorage/AnVIL_CMG_Broad_Kidney_Hildebrandt_WGS","value":"Broad_Kidney_Hildebrandt_WGS/Sa/HIL_A4970_12_A"},{"system":"urn:ncpi:unique-string","value":"Specimen|AnVIL_CMG_Broad_Kidney_Hildebrandt_WGS|Broad_Kidney_Hildebrandt_WGS/Sa/HIL_A4970_12_A"}],"subject":{"reference":"Patient/P.AnVIL-CMG-Broad-Kidney-Hildebrandt-WGS-Su-HIL-A4970-12-A"}}
{"resourceType":"Specimen","id":"Broad-Kidney-Hildebrandt-WGS-Sa-HIL-A4970-21-A","meta":{"profile":["http://hl7.org/fhir/StructureDefinition/Specimen"]},"identifier":[{"system":"https://anvil.terra.bio/#workspaces/anvil-datastorage/AnVIL_CMG_Broad_Kidney_Hildebrandt_WGS","value":"Broad_Kidney_Hildebrandt_WGS/Sa/HIL_A4970_21_A"},{"system":"urn:ncpi:unique-string","value":"Specimen|AnVIL_CMG_Broad_Kidney_Hildebrandt_WGS|Broad_Kidney_Hildebrandt_WGS/Sa/HIL_A4970_21_A"}],"subject":{"reference":"Patient/P.AnVIL-CMG-Broad-Kidney-Hildebrandt-WGS-Su-HIL-A4970-21-A"}}
{"resourceType":"Specimen","id":"Broad-Kidney-Hildebrandt-WGS-Sa-HIL-A517-11-A","meta":{"profile":["http://hl7.org/fhir/StructureDefinition/Specimen"]},"identifier":[{"system":"https://anvil.terra.bio/#workspaces/anvil-datastorage/AnVIL_CMG_Broad_Kidney_Hildebrandt_WGS","value":"Broad_Kidney_Hildebrandt_WGS/Sa/HIL_A517_11_A"},{"system":"urn:ncpi:unique-string","value":"Specimen|AnVIL_CMG_Broad_Kidney_Hildebrandt_WGS|Broad_Kidney_Hildebrandt_WGS/Sa/HIL_A517_11_A"}],"subject":{"reference":"Patient/P.AnVIL-CMG-Broad-Kidney-Hildebrandt-WGS-Su-HIL-A517-11-A"}}
{"resourceType":"Specimen","id":"Broad-Kidney-Hildebrandt-WGS-Sa-HIL-A517-12-A","meta":{"profile":["http://hl7.org/fhir/StructureDefinition/Specimen"]},"identifier":[{"system":"https://anvil.terra.bio/#workspaces/anvil-datastorage/AnVIL_CMG_Broad_Kidney_Hildebrandt_WGS","value":"Broad_Kidney_Hildebrandt_WGS/Sa/HIL_A517_12_A"},{"system":"urn:ncpi:unique-string","value":"Specimen|AnVIL_CMG_Broad_Kidney_Hildebrandt_WGS|Broad_Kidney_Hildebrandt_WGS/Sa/HIL_A517_12_A"}],"subject":{"reference":"Patient/P.AnVIL-CMG-Broad-Kidney-Hildebrandt-WGS-Su-HIL-A517-12-A"}}
{"resourceType":"Specimen","id":"Broad-Kidney-Hildebrandt-WGS-Sa-HIL-A517-21-A","meta":{"profile":["http://hl7.org/fhir/StructureDefinition/Specimen"]},"identifier":[{"system":"https://anvil.terra.bio/#workspaces/anvil-datastorage/AnVIL_CMG_Broad_Kidney_Hildebrandt_WGS","value":"Broad_Kidney_Hildebrandt_WGS/Sa/HIL_A517_21_A"},{"system":"urn:ncpi:unique-string","value":"Specimen|AnVIL_CMG_Broad_Kidney_Hildebrandt_WGS|Broad_Kidney_Hildebrandt_WGS/Sa/HIL_A517_21_A"}],"subject":{"reference":"Patient/P.AnVIL-CMG-Broad-Kidney-Hildebrandt-WGS-Su-HIL-A517-21-A"}}
{"resourceType":"Specimen","id":"Broad-Kidney-Hildebrandt-WGS-Sa-HIL-A517-22-A","meta":{"profile":["http://hl7.org/fhir/StructureDefinition/Specimen"]},"identifier":[{"system":"https://anvil.terra.bio/#workspaces/anvil-datastorage/AnVIL_CMG_Broad_Kidney_Hildebrandt_WGS","value":"Broad_Kidney_Hildebrandt_WGS/Sa/HIL_A517_22_A"},{"system":"urn:ncpi:unique-string","value":"Specimen|AnVIL_CMG_Broad_Kidney_Hildebrandt_WGS|Broad_Kidney_Hildebrandt_WGS/Sa/HIL_A517_22_A"}],"subject":{"reference":"Patient/P.AnVIL-CMG-Broad-Kidney-Hildebrandt-WGS-Su-HIL-A517-22-A"}}
{"resourceType":"Specimen","id":"Broad-Kidney-Hildebrandt-WGS-Sa-HIL-A5192-12-1","meta":{"profile":["http://hl7.org/fhir/StructureDefinition/Specimen"]},"identifier":[{"system":"https://anvil.terra.bio/#workspaces/anvil-datastorage/AnVIL_CMG_Broad_Kidney_Hildebrandt_WGS","value":"Broad_Kidney_Hildebrandt_WGS/Sa/HIL_A5192_12_1"},{"system":"urn:ncpi:unique-string","value":"Specimen|AnVIL_CMG_Broad_Kidney_Hildebrandt_WGS|Broad_Kidney_Hildebrandt_WGS/Sa/HIL_A5192_12_1"}],"subject":{"reference":"Patient/P.AnVIL-CMG-Broad-Kidney-Hildebrandt-WGS-Su-HIL-A5192-12-1"}}
{"resourceType":"Specimen","id":"Broad-Kidney-Hildebrandt-WGS-Sa-HIL-A5192-21-1","meta":{"profile":["http://hl7.org/fhir/StructureDefinition/Specimen"]},"identifier":[{"system":"https://anvil.terra.bio/#workspaces/anvil-datastorage/AnVIL_CMG_Broad_Kidney_Hildebrandt_WGS","value":"Broad_Kidney_Hildebrandt_WGS/Sa/HIL_A5192_21_1"},{"system":"urn:ncpi:unique-string","value":"Specimen|AnVIL_CMG_Broad_Kidney_Hildebrandt_WGS|Broad_Kidney_Hildebrandt_WGS/Sa/HIL_A5192_21_1"}],"subject":{"reference":"Patient/P.AnVIL-CMG-Broad-Kidney-Hildebrandt-WGS-Su-HIL-A5192-21-1"}}
{"resourceType":"Specimen","id":"Broad-Kidney-Hildebrandt-WGS-Sa-HIL-B1276-11-A","meta":{"profile":["http://hl7.org/fhir/StructureDefinition/Specimen"]},"identifier":[{"system":"https://anvil.terra.bio/#workspaces/anvil-datastorage/AnVIL_CMG_Broad_Kidney_Hildebrandt_WGS","value":"Broad_Kidney_Hildebrandt_WGS/Sa/HIL_B1276_11_A"},{"system":"urn:ncpi:unique-string","value":"Specimen|AnVIL_CMG_Broad_Kidney_Hildebrandt_WGS|Broad_Kidney_Hildebrandt_WGS/Sa/HIL_B1276_11_A"}],"subject":{"reference":"Patient/P.AnVIL-CMG-Broad-Kidney-Hildebrandt-WGS-Su-HIL-B1276-11-A"}}
{"resourceType":"Specimen","id":"Broad-Kidney-Hildebrandt-WGS-Sa-HIL-B1276-12-A","meta":{"profile":["http://hl7.org/fhir/StructureDefinition/Specimen"]},"identifier":[{"system":"https://anvil.terra.bio/#workspaces/anvil-datastorage/AnVIL_CMG_Broad_Kidney_Hildebrandt_WGS","value":"Broad_Kidney_Hildebrandt_WGS/Sa/HIL_B1276_12_A"},{"system":"urn:ncpi:unique-string","value":"Specimen|AnVIL_CMG_Broad_Kidney_Hildebrandt_WGS|Broad_Kidney_Hildebrandt_WGS/Sa/HIL_B1276_12_A"}],"subject":{"reference":"Patient/P.AnVIL-CMG-Broad-Kidney-Hildebrandt-WGS-Su-HIL-B1276-12-A"}}
{"resourceType":"Specimen","id":"Broad-Kidney-Hildebrandt-WGS-Sa-HIL-B1276-23-A","meta":{"profile":["http://hl7.org/fhir/StructureDefinition/Specimen"]},"identifier":[{"system":"https://anvil.terra.bio/#workspaces/anvil-datastorage/AnVIL_CMG_Broad_Kidney_Hildebrandt_WGS","value":"Broad_Kidney_Hildebrandt_WGS/Sa/HIL_B1276_23_A"},{"system":"urn:ncpi:unique-string","value":"Specimen|AnVIL_CMG_Broad_Kidney_Hildebrandt_WGS|Broad_Kidney_Hildebrandt_WGS/Sa/HIL_B1276_23_A"}],"subject":{"reference":"Patient/P.AnVIL-CMG-Broad-Kidney-Hildebrandt-WGS-Su-HIL-B1276-23-A"}}
{"resourceType":"Specimen","id":"Broad-Kidney-Hildebrandt-WGS-Sa-HIL-B1276-24-A","meta":{"profile":["http://hl7.org/fhir/StructureDefinition/Specimen"]},"identifier":[{"system":"https://anvil.terra.bio/#workspaces/anvil-datastorage/AnVIL_CMG_Broad_Kidney_Hildebrandt_WGS","value":"Broad_Kidney_Hildebrandt_WGS/Sa/HIL_B1276_24_A"},{"system":"urn:ncpi:unique-string","value":"Specimen|AnVIL_CMG_Broad_Kidney_Hildebrandt_WGS|Broad_Kidney_Hildebrandt_WGS/Sa/HIL_B1276_24_A"}],"subject":{"reference":"Patient/P.AnVIL-CMG-Broad-Kidney-Hildebrandt-WGS-Su-HIL-B1276-24-A"}}
{"resourceType":"Specimen","id":"Broad-Kidney-Hildebrandt-WGS-Sa-HIL-B718-11-A","meta":{"profile":["http://hl7.org/fhir/StructureDefinition/Specimen"]},"identifier":[{"system":"https://anvil.terra.bio/#workspaces/anvil-datastorage/AnVIL_CMG_Broad_Kidney_Hildebrandt_WGS","value":"Broad_Kidney_Hildebrandt_WGS/Sa/HIL_B718_11_A"},{"system":"urn:ncpi:unique-string","value":"Specimen|AnVIL_CMG_Broad_Kidney_Hildebrandt_WGS|Broad_Kidney_Hildebrandt_WGS/Sa/HIL_B718_11_A"}],"subject":{"reference":"Patient/P.AnVIL-CMG-Broad-Kidney-Hildebrandt-WGS-Su-HIL-B718-11-A"}}
{"resourceType":"Specimen","id":"Broad-Kidney-Hildebrandt-WGS-Sa-HIL-B718-12-A","meta":{"profile":["http://hl7.org/fhir/StructureDefinition/Specimen"]},"identifier":[{"system":"https://anvil.terra.bio/#workspaces/anvil-datastorage/AnVIL_CMG_Broad_Kidney_Hildebrandt_WGS","value":"Broad_Kidney_Hildebrandt_WGS/Sa/HIL_B718_12_A"},{"system":"urn:ncpi:unique-string","value":"Specimen|AnVIL_CMG_Broad_Kidney_Hildebrandt_WGS|Broad_Kidney_Hildebrandt_WGS/Sa/HIL_B718_12_A"}],"subject":{"reference":"Patient/P.AnVIL-CMG-Broad-Kidney-Hildebrandt-WGS-Su-HIL-B718-12-A"}}
{"resourceType":"Specimen","id":"Broad-Kidney-Hildebrandt-WGS-Sa-HIL-B718-21-A","meta":{"profile":["http://hl7.org/fhir/StructureDefinition/Specimen"]},"identifier":[{"system":"https://anvil.terra.bio/#workspaces/anvil-datastorage/AnVIL_CMG_Broad_Kidney_Hildebrandt_WGS","value":"Broad_Kidney_Hildebrandt_WGS/Sa/HIL_B718_21_A"},{"system":"urn:ncpi:unique-string","value":"Specimen|AnVIL_CMG_Broad_Kidney_Hildebrandt_WGS|Broad_Kidney_Hildebrandt_WGS/Sa/HIL_B718_21_A"}],"subject":{"reference":"Patient/P.AnVIL-CMG-Broad-Kidney-Hildebrandt-WGS-Su-HIL-B718-21-A"}}
{"resourceType":"Specimen","id":"Broad-Kidney-Hildebrandt-WGS-Sa-HIL-B718-22-A","meta":{"profile":["http://hl7.org/fhir/StructureDefinition/Specimen"]},"identifier":[{"system":"https://anvil.terra.bio/#workspaces/anvil-datastorage/AnVIL_CMG_Broad_Kidney_Hildebrandt_WGS","value":"Broad_Kidney_Hildebrandt_WGS/Sa/HIL_B718_22_A"},{"system":"urn:ncpi:unique-string","value":"Specimen|AnVIL_CMG_Broad_Kidney_Hildebrandt_WGS|Broad_Kidney_Hildebrandt_WGS/Sa/HIL_B718_22_A"}],"subject":{"reference":"Patient/P.AnVIL-CMG-Broad-Kidney-Hildebrandt-WGS-Su-HIL-B718-22-A"}}
{"resourceType":"Specimen","id":"Broad-Kidney-Hildebrandt-WGS-Sa-HIL-B783-11-A","meta":{"profile":["http://hl7.org/fhir/StructureDefinition/Specimen"]},"identifier":[{"system":"https://anvil.terra.bio/#workspaces/anvil-datastorage/AnVIL_CMG_Broad_Kidney_Hildebrandt_WGS","value":"Broad_Kidney_Hildebrandt_WGS/Sa/HIL_B783_11_A"},{"system":"urn:ncpi:unique-string","value":"Specimen|AnVIL_CMG_Broad_Kidney_Hildebrandt_WGS|Broad_Kidney_Hildebrandt_WGS/Sa/HIL_B783_11_A"}],"subject":{"reference":"Patient/P.AnVIL-CMG-Broad-Kidney-Hildebrandt-WGS-Su-HIL-B783-11-A"}}
{"resourceType":"Specimen","id":"Broad-Kidney-Hildebrandt-WGS-Sa-HIL-B783-12-A","meta":{"profile":["http://hl7.org/fhir/StructureDefinition/Specimen"]},"identifier":[{"system":"https://anvil.terra.bio/#workspaces/anvil-datastorage/AnVIL_CMG_Broad_Kidney_Hildebrandt_WGS","value":"Broad_Kidney_Hildebrandt_WGS/Sa/HIL_B783_12_A"},{"system":"urn:ncpi:unique-string","value":"Specimen|AnVIL_CMG_Broad_Kidney_Hildebrandt_WGS|Broad_Kidney_Hildebrandt_WGS/Sa/HIL_B783_12_A"}],"subject":{"reference":"Patient/P.AnVIL-CMG-Broad-Kidney-Hildebrandt-WGS-Su-HIL-B783-12-A"}}
{"resourceType":"Specimen","id":"Broad-Kidney-Hildebrandt-WGS-Sa-HIL-B783-21-A","meta":{"profile":["http://hl7.org/fhir/StructureDefinition/Specimen"]},"identifier":[{"system":"https://anvil.terra.bio/#workspaces/anvil-datastorage/AnVIL_CMG_Broad_Kidney_Hildebrandt_WGS","value":"Broad_Kidney_Hildebrandt_WGS/Sa/HIL_B783_21_A"},{"system":"urn:ncpi:unique-string","value":"Specimen|AnVIL_CMG_Broad_Kidney_Hildebrandt_WGS|Broad_Kidney_Hildebrandt_WGS/Sa/HIL_B783_21_A"}],"subject":{"reference":"Patient/P.AnVIL-CMG-Broad-Kidney-Hildebrandt-WGS-Su-HIL-B783-21-A"}}
