{"resourceType":"Task","id":"T.Broad-Kidney-Hildebrandt-WGS-Sa-HIL-A4452-11-A","status":"accepted","intent":"unknown","input":[{"type":{"coding":[{"code":"Specimen"}]},"valueReference":{"reference":"Specimen/Broad-Kidney-Hildebrandt-WGS-Sa-HIL-A4452-11-A"}}],"output":[]}
{"resourceType":"Task","id":"T.Broad-Kidney-Hildebrandt-WGS-Sa-HIL-A4452-12-A","status":"accepted","intent":"unknown","input":[{"type":{"coding":[{"code":"Specimen"}]},"valueReference":{"reference":"Specimen/Broad-Kidney-Hildebrandt-WGS-Sa-HIL-A4452-12-A"}}],"output":[]}
{"resourceType":"Task","id":"T.Broad-Kidney-Hildebrandt-WGS-Sa-HIL-A4452-21-A","status":"accepted","intent":"unknown","input":[{"type":{"coding":[{"code":"Specimen"}]},"valueReference":{"reference":"Specimen/Broad-Kidney-Hildebrandt-WGS-Sa-HIL-A4452-21-A"}}],"output":[]}
{"resourceType":"Task","id":"T.Broad-Kidney-Hildebrandt-WGS-Sa-HIL-A4452-22-A","status":"accepted","intent":"unknown","input":[{"type":{"coding":[{"code":"Specimen"}]},"valueReference":{"reference":"Specimen/Broad-Kidney-Hildebrandt-WGS-Sa-HIL-A4452-22-A"}}],"output":[]}
{"resourceType":"Task","id":"T.Broad-Kidney-Hildebrandt-WGS-Sa-HIL-A4902-11-A","status":"accepted","intent":"unknown","input":[{"type":{"coding":[{"code":"Specimen"}]},"valueReference":{"reference":"Specimen/Broad-Kidney-Hildebrandt-WGS-Sa-HIL-A4902-11-A"}}],"output":[]}
{"resourceType":"Task","id":"T.Broad-Kidney-Hildebrandt-WGS-Sa-HIL-A4902-12-A","status":"accepted","intent":"unknown","input":[{"type":{"coding":[{"code":"Specimen"}]},"valueReference":{"reference":"Specimen/Broad-Kidney-Hildebrandt-WGS-Sa-HIL-A4902-12-A"}}],"output":[]}
{"resourceType":"Task","id":"T.Broad-Kidney-Hildebrandt-WGS-Sa-HIL-A4902-23-A","status":"accepted","intent":"unknown","input":[{"type":{"coding":[{"code":"Specimen"}]},"valueReference":{"reference":"Specimen/Broad-Kidney-Hildebrandt-WGS-Sa-HIL-A4902-23-A"}}],"output":[]}
{"resourceType":"Task","id":"T.Broad-Kidney-Hildebrandt-WGS-Sa-HIL-A4970-11-A","status":"accepted","intent":"unknown","input":[{"type":{"coding":[{"code":"Specimen"}]},"valueReference":{"reference":"Specimen/Broad-Kidney-Hildebrandt-WGS-Sa-HIL-A4970-11-A"}}],"output":[]}
{"resourceType":"Task","id":"T.Broad-Kidney-Hildebrandt-WGS-Sa-HIL-A4970-12-A","status":"accepted","intent":"unknown","input":[{"type":{"coding":[{"code":"Specimen"}]},"valueReference":{"reference":"Specimen/Broad-Kidney-Hildebrandt-WGS-Sa-HIL-A4970-12-A"}}],"output":[]}
{"resourceType":"Task","id":"T.Broad-Kidney-Hildebrandt-WGS-Sa-HIL-A4970-21-A","status":"accepted","intent":"unknown","input":[{"type":{"coding":[{"code":"Specimen"}]},"valueReference":{"reference":"Specimen/Broad-Kidney-Hildebrandt-WGS-Sa-HIL-A4970-21-A"}}],"output":[]}
{"resourceType":"Task","id":"T.Broad-Kidney-Hildebrandt-WGS-Sa-HIL-A517-11-A","status":"accepted","intent":"unknown","input":[{"type":{"coding":[{"code":"Specimen"}]},"valueReference":{"reference":"Specimen/Broad-Kidney-Hildebrandt-WGS-Sa-HIL-A517-11-A"}}],"output":[]}
{"resourceType":"Task","id":"T.Broad-Kidney-Hildebrandt-WGS-Sa-HIL-A517-12-A","status":"accepted","intent":"unknown","input":[{"type":{"coding":[{"code":"Specimen"}]},"valueReference":{"reference":"Specimen/Broad-Kidney-Hildebrandt-WGS-Sa-HIL-A517-12-A"}}],"output":[]}
{"resourceType":"Task","id":"T.Broad-Kidney-Hildebrandt-WGS-Sa-HIL-A517-21-A","status":"accepted","intent":"unknown","input":[{"type":{"coding":[{"code":"Specimen"}]},"valueReference":{"reference":"Specimen/Broad-Kidney-Hildebrandt-WGS-Sa-HIL-A517-21-A"}}],"output":[]}
{"resourceType":"Task","id":"T.Broad-Kidney-Hildebrandt-WGS-Sa-HIL-A517-22-A","status":"accepted","intent":"unknown","input":[{"type":{"coding":[{"code":"Specimen"}]},"valueReference":{"reference":"Specimen/Broad-Kidney-Hildebrandt-WGS-Sa-HIL-A517-22-A"}}],"output":[]}
{"resourceType":"Task","id":"T.Broad-Kidney-Hildebrandt-WGS-Sa-HIL-A5192-12-1","status":"accepted","intent":"unknown","input":[{"type":{"coding":[{"code":"Specimen"}]},"valueReference":{"reference":"Specimen/Broad-Kidney-Hildebrandt-WGS-Sa-HIL-A5192-12-1"}}],"output":[]}
{"resourceType":"Task","id":"T.Broad-Kidney-Hildebrandt-WGS-Sa-HIL-A5192-21-1","status":"accepted","intent":"unknown","input":[{"type":{"coding":[{"code":"Specimen"}]},"valueReference":{"reference":"Specimen/Broad-Kidney-Hildebrandt-WGS-Sa-HIL-A5192-21-1"}}],"output":[]}
{"resourceType":"Task","id":"T.Broad-Kidney-Hildebrandt-WGS-Sa-HIL-B1276-11-A","status":"accepted","intent":"unknown","input":[{"type":{"coding":[{"code":"Specimen"}]},"valueReference":{"reference":"Specimen/Broad-Kidney-Hildebrandt-WGS-Sa-HIL-B1276-11-A"}}],"output":[]}
{"resourceType":"Task","id":"T.Broad-Kidney-Hildebrandt-WGS-Sa-HIL-B1276-12-A","status":"accepted","intent":"unknown","input":[{"type":{"coding":[{"code":"Specimen"}]},"valueReference":{"reference":"Specimen/Broad-Kidney-Hildebrandt-WGS-Sa-HIL-B1276-12-A"}}],"output":[]}
{"resourceType":"Task","id":"T.Broad-Kidney-Hildebrandt-WGS-Sa-HIL-B1276-23-A","status":"accepted","intent":"unknown","input":[{"type":{"coding":[{"code":"Specimen"}]},"valueReference":{"reference":"Specimen/Broad-Kidney-Hildebrandt-WGS-Sa-HIL-B1276-23-A"}}],"output":[]}
{"resourceType":"Task","id":"T.Broad-Kidney-Hildebrandt-WGS-Sa-HIL-B1276-24-A","status":"accepted","intent":"unknown","input":[{"type":{"coding":[{"code":"Specimen"}]},"valueReference":{"reference":"Specimen/Broad-Kidney-Hildebrandt-WGS-Sa-HIL-B1276-24-A"}}],"output":[]}
{"resourceType":"Task","id":"T.Broad-Kidney-Hildebrandt-WGS-Sa-HIL-B718-11-A","status":"accepted","intent":"unknown","input":[{"type":{"coding":[{"code":"Specimen"}]},"valueReference":{"reference":"Specimen/Broad-Kidney-Hildebrandt-WGS-Sa-HIL-B718-11-A"}}],"output":[]}
{"resourceType":"Task","id":"T.Broad-Kidney-Hildebrandt-WGS-Sa-HIL-B718-12-A","status":"accepted","intent":"unknown","input":[{"type":{"coding":[{"code":"Specimen"}]},"valueReference":{"reference":"Specimen/Broad-Kidney-Hildebrandt-WGS-Sa-HIL-B718-12-A"}}],"output":[]}
{"resourceType":"Task","id":"T.Broad-Kidney-Hildebrandt-WGS-Sa-HIL-B718-21-A","status":"accepted","intent":"unknown","input":[{"type":{"coding":[{"code":"Specimen"}]},"valueReference":{"reference":"Specimen/Broad-Kidney-Hildebrandt-WGS-Sa-HIL-B718-21-A"}}],"output":[]}
{"resourceType":"Task","id":"T.Broad-Kidney-Hildebrandt-WGS-Sa-HIL-B718-22-A","status":"accepted","intent":"unknown","input":[{"type":{"coding":[{"code":"Specimen"}]},"valueReference":{"reference":"Specimen/Broad-Kidney-Hildebrandt-WGS-Sa-HIL-B718-22-A"}}],"output":[]}
{"resourceType":"Task","id":"T.Broad-Kidney-Hildebrandt-WGS-Sa-HIL-B783-11-A","status":"accepted","intent":"unknown","input":[{"type":{"coding":[{"code":"Specimen"}]},"valueReference":{"reference":"Specimen/Broad-Kidney-Hildebrandt-WGS-Sa-HIL-B783-11-A"}}],"output":[]}
{"resourceType":"Task","id":"T.Broad-Kidney-Hildebrandt-WGS-Sa-HIL-B783-12-A","status":"accepted","intent":"unknown","input":[{"type":{"coding":[{"code":"Specimen"}]},"valueReference":{"reference":"Specimen/Broad-Kidney-Hildebrandt-WGS-Sa-HIL-B783-12-A"}}],"output":[]}
{"resourceType":"Task","id":"T.Broad-Kidney-Hildebrandt-WGS-Sa-HIL-B783-21-A","status":"accepted","intent":"unknown","input":[{"type":{"coding":[{"code":"Specimen"}]},"valueReference":{"reference":"Specimen/Broad-Kidney-Hildebrandt-WGS-Sa-HIL-B783-21-A"}}],"output":[]}
