{"resourceType":"Observation","id":"vation-AnVIL-CMG-Broad-Muscle-Kang-WES-Su-K0004-01-1-OMIM-253601","meta":{"profile":["http://fhir.ncpi-project-forge.io/StructureDefinition/ncpi-phenotype"]},"identifier":[{"system":"urn:ncpi:unique-string","value":"vation-AnVIL-CMG-Broad-Muscle-Kang-WES-Su-K0004-01-1-OMIM-253601"}],"status":"final","code":{"coding":[{"system":"http://purl.obolibrary.org/obo/omim.owl","code":"OMIM:253601","display":"MUSCULAR DYSTROPHY, LIMB-GIRDLE, AUTOSOMAL RECESSIVE 2; LGMDR2"}],"text":"MUSCULAR DYSTROPHY, LIMB-GIRDLE, AUTOSOMAL RECESSIVE 2; LGMDR2"},"subject":{"reference":"Patient/P.AnVIL-CMG-Broad-Muscle-Kang-WES-Su-K0004-01-1"},"valueCodeableConcept":{"coding":[{"system":"http://snomed.info/sct","code":"373573001","display":"Clinical finding present (situation)"}],"text":"Phenotype Present"},"interpretation":[{"coding":[{"system":"http://terminology.hl7.org/CodeSystem/v3-ObservationInterpretation","code":"POS","display":"Positive"}],"text":"Present"}],"extension":[]}
{"resourceType":"Observation","id":"rvation-AnVIL-CMG-Broad-Muscle-Kang-WES-Su-K1429-1-1-OMIM-618129","meta":{"profile":["http://fhir.ncpi-project-forge.io/StructureDefinition/ncpi-phenotype"]},"identifier":[{"system":"urn:ncpi:unique-string","value":"rvation-AnVIL-CMG-Broad-Muscle-Kang-WES-Su-K1429-1-1-OMIM-618129"}],"status":"final","code":{"coding":[{"system":"http://purl.obolibrary.org/obo/omim.owl","code":"OMIM:618129","display":"MUSCULAR DYSTROPHY, LIMB-GIRDLE, AUTOSOMAL DOMINANT 4; LGMDD4"}],"text":"MUSCULAR DYSTROPHY, LIMB-GIRDLE, AUTOSOMAL DOMINANT 4; LGMDD4"},"subject":{"reference":"Patient/P.AnVIL-CMG-Broad-Muscle-Kang-WES-Su-K1429-1-1"},"valueCodeableConcept":{"coding":[{"system":"http://snomed.info/sct","code":"373573001","display":"Clinical finding present (situation)"}],"text":"Phenotype Present"},"interpretation":[{"coding":[{"system":"http://terminology.hl7.org/CodeSystem/v3-ObservationInterpretation","code":"POS","display":"Positive"}],"text":"Present"}],"extension":[]}
{"resourceType":"Observation","id":"rvation-AnVIL-CMG-Broad-Muscle-Kang-WES-Su-K1429-2-1-OMIM-618129","meta":{"profile":["http://fhir.ncpi-project-forge.io/StructureDefinition/ncpi-phenotype"]},"identifier":[{"system":"urn:ncpi:unique-string","value":"rvation-AnVIL-CMG-Broad-Muscle-Kang-WES-Su-K1429-2-1-OMIM-618129"}],"status":"final","code":{"coding":[{"system":"http://purl.obolibrary.org/obo/omim.owl","code":"OMIM:618129","display":"MUSCULAR DYSTROPHY, LIMB-GIRDLE, AUTOSOMAL DOMINANT 4; LGMDD4"}],"text":"MUSCULAR DYSTROPHY, LIMB-GIRDLE, AUTOSOMAL DOMINANT 4; LGMDD4"},"subject":{"reference":"Patient/P.AnVIL-CMG-Broad-Muscle-Kang-WES-Su-K1429-2-1"},"valueCodeableConcept":{"coding":[{"system":"http://snomed.info/sct","code":"373573001","display":"Clinical finding present (situation)"}],"text":"Phenotype Present"},"interpretation":[{"coding":[{"system":"http://terminology.hl7.org/CodeSystem/v3-ObservationInterpretation","code":"POS","display":"Positive"}],"text":"Present"}],"extension":[]}
{"resourceType":"Observation","id":"rvation-AnVIL-CMG-Broad-Muscle-Kang-WES-Su-K1430-1-1-OMIM-608099","meta":{"profile":["http://fhir.ncpi-project-forge.io/StructureDefinition/ncpi-phenotype"]},"identifier":[{"system":"urn:ncpi:unique-string","value":"rvation-AnVIL-CMG-Broad-Muscle-Kang-WES-Su-K1430-1-1-OMIM-608099"}],"status":"final","code":{"coding":[{"system":"http://purl.obolibrary.org/obo/omim.owl","code":"OMIM:608099","display":"MUSCULAR DYSTROPHY, LIMB-GIRDLE, AUTOSOMAL RECESSIVE 3; LGMDR3"}],"text":"MUSCULAR DYSTROPHY, LIMB-GIRDLE, AUTOSOMAL RECESSIVE 3; LGMDR3"},"subject":{"reference":"Patient/P.AnVIL-CMG-Broad-Muscle-Kang-WES-Su-K1430-1-1"},"valueCodeableConcept":{"coding":[{"system":"http://snomed.info/sct","code":"373573001","display":"Clinical finding present (situation)"}],"text":"Phenotype Present"},"interpretation":[{"coding":[{"system":"http://terminology.hl7.org/CodeSystem/v3-ObservationInterpretation","code":"POS","display":"Positive"}],"text":"Present"}],"extension":[]}
{"resourceType":"Observation","id":"rvation-AnVIL-CMG-Broad-Muscle-Kang-WES-Su-K1430-2-1-OMIM-608099","meta":{"profile":["http://fhir.ncpi-project-forge.io/StructureDefinition/ncpi-phenotype"]},"identifier":[{"system":"urn:ncpi:unique-string","value":"rvation-AnVIL-CMG-Broad-Muscle-Kang-WES-Su-K1430-2-1-OMIM-608099"}],"status":"final","code":{"coding":[{"system":"http://purl.obolibrary.org/obo/omim.owl","code":"OMIM:608099","display":"MUSCULAR DYSTROPHY, LIMB-GIRDLE, AUTOSOMAL RECESSIVE 3; LGMDR3"}],"text":"MUSCULAR DYSTROPHY, LIMB-GIRDLE, AUTOSOMAL RECESSIVE 3; LGMDR3"},"subject":{"reference":"Patient/P.AnVIL-CMG-Broad-Muscle-Kang-WES-Su-K1430-2-1"},"valueCodeableConcept":{"coding":[{"system":"http://snomed.info/sct","code":"373573001","display":"Clinical finding present (situation)"}],"text":"Phenotype Present"},"interpretation":[{"coding":[{"system":"http://terminology.hl7.org/CodeSystem/v3-ObservationInterpretation","code":"POS","display":"Positive"}],"text":"Present"}],"extension":[]}
{"resourceType":"Observation","id":"rvation-AnVIL-CMG-Broad-Muscle-Kang-WES-Su-K1430-3-1-OMIM-608099","meta":{"profile":["http://fhir.ncpi-project-forge.io/StructureDefinition/ncpi-phenotype"]},"identifier":[{"system":"urn:ncpi:unique-string","value":"rvation-AnVIL-CMG-Broad-Muscle-Kang-WES-Su-K1430-3-1-OMIM-608099"}],"status":"final","code":{"coding":[{"system":"http://purl.obolibrary.org/obo/omim.owl","code":"OMIM:608099","display":"MUSCULAR DYSTROPHY, LIMB-GIRDLE, AUTOSOMAL RECESSIVE 3; LGMDR3"}],"text":"MUSCULAR DYSTROPHY, LIMB-GIRDLE, AUTOSOMAL RECESSIVE 3; LGMDR3"},"subject":{"reference":"Patient/P.AnVIL-CMG-Broad-Muscle-Kang-WES-Su-K1430-3-1"},"valueCodeableConcept":{"coding":[{"system":"http://snomed.info/sct","code":"373573001","display":"Clinical finding present (situation)"}],"text":"Phenotype Present"},"interpretation":[{"coding":[{"system":"http://terminology.hl7.org/CodeSystem/v3-ObservationInterpretation","code":"POS","display":"Positive"}],"text":"Present"}],"extension":[]}
{"resourceType":"Observation","id":"rvation-AnVIL-CMG-Broad-Muscle-Kang-WES-Su-K1430-4-1-OMIM-608099","meta":{"profile":["http://fhir.ncpi-project-forge.io/StructureDefinition/ncpi-phenotype"]},"identifier":[{"system":"urn:ncpi:unique-string","value":"rvation-AnVIL-CMG-Broad-Muscle-Kang-WES-Su-K1430-4-1-OMIM-608099"}],"status":"final","code":{"coding":[{"system":"http://purl.obolibrary.org/obo/omim.owl","code":"OMIM:608099","display":"MUSCULAR DYSTROPHY, LIMB-GIRDLE, AUTOSOMAL RECESSIVE 3; LGMDR3"}],"text":"MUSCULAR DYSTROPHY, LIMB-GIRDLE, AUTOSOMAL RECESSIVE 3; LGMDR3"},"subject":{"reference":"Patient/P.AnVIL-CMG-Broad-Muscle-Kang-WES-Su-K1430-4-1"},"valueCodeableConcept":{"coding":[{"system":"http://snomed.info/sct","code":"373573001","display":"Clinical finding present (situation)"}],"text":"Phenotype Present"},"interpretation":[{"coding":[{"system":"http://terminology.hl7.org/CodeSystem/v3-ObservationInterpretation","code":"POS","display":"Positive"}],"text":"Present"}],"extension":[]}
{"resourceType":"Observation","id":"vation-AnVIL-CMG-Broad-Muscle-Kang-WES-Su-K1431-1A-1-OMIM-608423","meta":{"profile":["http://fhir.ncpi-project-forge.io/StructureDefinition/ncpi-phenotype"]},"identifier":[{"system":"urn:ncpi:unique-string","value":"vation-AnVIL-CMG-Broad-Muscle-Kang-WES-Su-K1431-1A-1-OMIM-608423"}],"status":"final","code":{"coding":[{"system":"http://purl.obolibrary.org/obo/omim.owl","code":"OMIM:608423","display":"MUSCULAR DYSTROPHY, LIMB-GIRDLE, AUTOSOMAL DOMINANT 2; LGMDD2"}],"text":"MUSCULAR DYSTROPHY, LIMB-GIRDLE, AUTOSOMAL DOMINANT 2; LGMDD2"},"subject":{"reference":"Patient/P.AnVIL-CMG-Broad-Muscle-Kang-WES-Su-K1431-1A-1"},"valueCodeableConcept":{"coding":[{"system":"http://snomed.info/sct","code":"373573001","display":"Clinical finding present (situation)"}],"text":"Phenotype Present"},"interpretation":[{"coding":[{"system":"http://terminology.hl7.org/CodeSystem/v3-ObservationInterpretation","code":"POS","display":"Positive"}],"text":"Present"}],"extension":[]}
{"resourceType":"Observation","id":"rvation-AnVIL-CMG-Broad-Muscle-Kang-WES-Su-K1431-2-1-OMIM-608423","meta":{"profile":["http://fhir.ncpi-project-forge.io/StructureDefinition/ncpi-phenotype"]},"identifier":[{"system":"urn:ncpi:unique-string","value":"rvation-AnVIL-CMG-Broad-Muscle-Kang-WES-Su-K1431-2-1-OMIM-608423"}],"status":"final","code":{"coding":[{"system":"http://purl.obolibrary.org/obo/omim.owl","code":"OMIM:608423","display":"MUSCULAR DYSTROPHY, LIMB-GIRDLE, AUTOSOMAL DOMINANT 2; LGMDD2"}],"text":"MUSCULAR DYSTROPHY, LIMB-GIRDLE, AUTOSOMAL DOMINANT 2; LGMDD2"},"subject":{"reference":"Patient/P.AnVIL-CMG-Broad-Muscle-Kang-WES-Su-K1431-2-1"},"valueCodeableConcept":{"coding":[{"system":"http://snomed.info/sct","code":"373573001","display":"Clinical finding present (situation)"}],"text":"Phenotype Present"},"interpretation":[{"coding":[{"system":"http://terminology.hl7.org/CodeSystem/v3-ObservationInterpretation","code":"POS","display":"Positive"}],"text":"Present"}],"extension":[]}
{"resourceType":"Observation","id":"rvation-AnVIL-CMG-Broad-Muscle-Kang-WES-Su-K1431-3-1-OMIM-608423","meta":{"profile":["http://fhir.ncpi-project-forge.io/StructureDefinition/ncpi-phenotype"]},"identifier":[{"system":"urn:ncpi:unique-string","value":"rvation-AnVIL-CMG-Broad-Muscle-Kang-WES-Su-K1431-3-1-OMIM-608423"}],"status":"final","code":{"coding":[{"system":"http://purl.obolibrary.org/obo/omim.owl","code":"OMIM:608423","display":"MUSCULAR DYSTROPHY, LIMB-GIRDLE, AUTOSOMAL DOMINANT 2; LGMDD2"}],"text":"MUSCULAR DYSTROPHY, LIMB-GIRDLE, AUTOSOMAL DOMINANT 2; LGMDD2"},"subject":{"reference":"Patient/P.AnVIL-CMG-Broad-Muscle-Kang-WES-Su-K1431-3-1"},"valueCodeableConcept":{"coding":[{"system":"http://snomed.info/sct","code":"373573001","display":"Clinical finding present (situation)"}],"text":"Phenotype Present"},"interpretation":[{"coding":[{"system":"http://terminology.hl7.org/CodeSystem/v3-ObservationInterpretation","code":"POS","display":"Positive"}],"text":"Present"}],"extension":[]}
{"resourceType":"Observation","id":"ation-AnVIL-CMG-Broad-Muscle-Kang-WES-Su-KUN-K1109-1-OMIM-253700","meta":{"profile":["http://fhir.ncpi-project-forge.io/StructureDefinition/ncpi-phenotype"]},"identifier":[{"system":"urn:ncpi:unique-string","value":"ation-AnVIL-CMG-Broad-Muscle-Kang-WES-Su-KUN-K1109-1-OMIM-253700"}],"status":"final","code":{"coding":[{"system":"http://purl.obolibrary.org/obo/omim.owl","code":"OMIM:253700","display":"MUSCULAR DYSTROPHY, LIMB-GIRDLE, AUTOSOMAL RECESSIVE 5; LGMDR5"}],"text":"MUSCULAR DYSTROPHY, LIMB-GIRDLE, AUTOSOMAL RECESSIVE 5; LGMDR5"},"subject":{"reference":"Patient/P.AnVIL-CMG-Broad-Muscle-Kang-WES-Su-KUN-K1109-1"},"valueCodeableConcept":{"coding":[{"system":"http://snomed.info/sct","code":"373573001","display":"Clinical finding present (situation)"}],"text":"Phenotype Present"},"interpretation":[{"coding":[{"system":"http://terminology.hl7.org/CodeSystem/v3-ObservationInterpretation","code":"POS","display":"Positive"}],"text":"Present"}],"extension":[]}
