{"resourceType":"Patient","id":"P.AnVIL-CMG-Broad-Muscle-Kang-WES-Su-K0004-01-1","meta":{"profile":["http://hl7.org/fhir/StructureDefinition/Patient"]},"identifier":[{"system":"https://anvil.terra.bio/#workspaces/anvil-datastorage/AnVIL_CMG_Broad_Muscle_Kang_WES","value":"AnVIL_CMG_Broad_Muscle_Kang_WES/Su/K0004_01_1"},{"system":"urn:ncpi:unique-string","value":"Patient|AnVIL_CMG_Broad_Muscle_Kang_WES|AnVIL_CMG_Broad_Muscle_Kang_WES/Su/K0004_01_1"}]}
{"resourceType":"Patient","id":"P.AnVIL-CMG-Broad-Muscle-Kang-WES-Su-K0022-01-1","meta":{"profile":["http://hl7.org/fhir/StructureDefinition/Patient"]},"identifier":[{"system":"https://anvil.terra.bio/#workspaces/anvil-datastorage/AnVIL_CMG_Broad_Muscle_Kang_WES","value":"AnVIL_CMG_Broad_Muscle_Kang_WES/Su/K0022_01_1"},{"system":"urn:ncpi:unique-string","value":"Patient|AnVIL_CMG_Broad_Muscle_Kang_WES|AnVIL_CMG_Broad_Muscle_Kang_WES/Su/K0022_01_1"}]}
{"resourceType":"Patient","id":"P.AnVIL-CMG-Broad-Muscle-Kang-WES-Su-K0022-03-1","meta":{"profile":["http://hl7.org/fhir/StructureDefinition/Patient"]},"identifier":[{"system":"https://anvil.terra.bio/#workspaces/anvil-datastorage/AnVIL_CMG_Broad_Muscle_Kang_WES","value":"AnVIL_CMG_Broad_Muscle_Kang_WES/Su/K0022_03_1"},{"system":"urn:ncpi:unique-string","value":"Patient|AnVIL_CMG_Broad_Muscle_Kang_WES|AnVIL_CMG_Broad_Muscle_Kang_WES/Su/K0022_03_1"}]}
{"resourceType":"Patient","id":"P.AnVIL-CMG-Broad-Muscle-Kang-WES-Su-K0031-01-1","meta":{"profile":["http://hl7.org/fhir/StructureDefinition/Patient"]},"identifier":[{"system":"https://anvil.terra.bio/#workspaces/anvil-datastorage/AnVIL_CMG_Broad_Muscle_Kang_WES","value":"AnVIL_CMG_Broad_Muscle_Kang_WES/Su/K0031_01_1"},{"system":"urn:ncpi:unique-string","value":"Patient|AnVIL_CMG_Broad_Muscle_Kang_WES|AnVIL_CMG_Broad_Muscle_Kang_WES/Su/K0031_01_1"}]}
{"resourceType":"Patient","id":"P.AnVIL-CMG-Broad-Muscle-Kang-WES-Su-K0031-02-1","meta":{"profile":["http://hl7.org/fhir/StructureDefinition/Patient"]},"identifier":[{"system":"https://anvil.terra.bio/#workspaces/anvil-datastorage/AnVIL_CMG_Broad_Muscle_Kang_WES","value":"AnVIL_CMG_Broad_Muscle_Kang_WES/Su/K0031_02_1"},{"system":"urn:ncpi:unique-string","value":"Patient|AnVIL_CMG_Broad_Muscle_Kang_WES|AnVIL_CMG_Broad_Muscle_Kang_WES/Su/K0031_02_1"}]}
{"resourceType":"Patient","id":"P.AnVIL-CMG-Broad-Muscle-Kang-WES-Su-K0031-03-1","meta":{"profile":["http://hl7.org/fhir/StructureDefinition/Patient"]},"identifier":[{"system":"https://anvil.terra.bio/#workspaces/anvil-datastorage/AnVIL_CMG_Broad_Muscle_Kang_WES","value":"AnVIL_CMG_Broad_Muscle_Kang_WES/Su/K0031_03_1"},{"system":"urn:ncpi:unique-string","value":"Patient|AnVIL_CMG_Broad_Muscle_Kang_WES|AnVIL_CMG_Broad_Muscle_Kang_WES/Su/K0031_03_1"}]}
{"resourceType":"Patient","id":"P.AnVIL-CMG-Broad-Muscle-Kang-WES-Su-K0033-01-1","meta":{"profile":["http://hl7.org/fhir/StructureDefinition/Patient"]},"identifier":[{"system":"https://anvil.terra.bio/#workspaces/anvil-datastorage/AnVIL_CMG_Broad_Muscle_Kang_WES","value":"AnVIL_CMG_Broad_Muscle_Kang_WES/Su/K0033-01_1"},{"system":"urn:ncpi:unique-string","value":"Patient|AnVIL_CMG_Broad_Muscle_Kang_WES|AnVIL_CMG_Broad_Muscle_Kang_WES/Su/K0033-01_1"}]}
{"resourceType":"Patient","id":"P.AnVIL-CMG-Broad-Muscle-Kang-WES-Su-K0033-02-1","meta":{"profile":["http://hl7.org/fhir/StructureDefinition/Patient"]},"identifier":[{"system":"https://anvil.terra.bio/#workspaces/anvil-datastorage/AnVIL_CMG_Broad_Muscle_Kang_WES","value":"AnVIL_CMG_Broad_Muscle_Kang_WES/Su/K0033-02_1"},{"system":"urn:ncpi:unique-string","value":"Patient|AnVIL_CMG_Broad_Muscle_Kang_WES|AnVIL_CMG_Broad_Muscle_Kang_WES/Su/K0033-02_1"}]}
{"resourceType":"Patient","id":"P.AnVIL-CMG-Broad-Muscle-Kang-WES-Su-K0033-03-1","meta":{"profile":["http://hl7.org/fhir/StructureDefinition/Patient"]},"identifier":[{"system":"https://anvil.terra.bio/#workspaces/anvil-datastorage/AnVIL_CMG_Broad_Muscle_Kang_WES","value":"AnVIL_CMG_Broad_Muscle_Kang_WES/Su/K0033-03_1"},{"system":"urn:ncpi:unique-string","value":"Patient|AnVIL_CMG_Broad_Muscle_Kang_WES|AnVIL_CMG_Broad_Muscle_Kang_WES/Su/K0033-03_1"}]}
{"resourceType":"Patient","id":"P.AnVIL-CMG-Broad-Muscle-Kang-WES-Su-K1064-1A-1","meta":{"profile":["http://hl7.org/fhir/StructureDefinition/Patient"]},"identifier":[{"system":"https://anvil.terra.bio/#workspaces/anvil-datastorage/AnVIL_CMG_Broad_Muscle_Kang_WES","value":"AnVIL_CMG_Broad_Muscle_Kang_WES/Su/K1064-1A_1"},{"system":"urn:ncpi:unique-string","value":"Patient|AnVIL_CMG_Broad_Muscle_Kang_WES|AnVIL_CMG_Broad_Muscle_Kang_WES/Su/K1064-1A_1"}]}
{"resourceType":"Patient","id":"P.AnVIL-CMG-Broad-Muscle-Kang-WES-Su-K1064-2-1","meta":{"profile":["http://hl7.org/fhir/StructureDefinition/Patient"]},"identifier":[{"system":"https://anvil.terra.bio/#workspaces/anvil-datastorage/AnVIL_CMG_Broad_Muscle_Kang_WES","value":"AnVIL_CMG_Broad_Muscle_Kang_WES/Su/K1064-2_1"},{"system":"urn:ncpi:unique-string","value":"Patient|AnVIL_CMG_Broad_Muscle_Kang_WES|AnVIL_CMG_Broad_Muscle_Kang_WES/Su/K1064-2_1"}]}
{"resourceType":"Patient","id":"P.AnVIL-CMG-Broad-Muscle-Kang-WES-Su-K1064-3-1","meta":{"profile":["http://hl7.org/fhir/StructureDefinition/Patient"]},"identifier":[{"system":"https://anvil.terra.bio/#workspaces/anvil-datastorage/AnVIL_CMG_Broad_Muscle_Kang_WES","value":"AnVIL_CMG_Broad_Muscle_Kang_WES/Su/K1064-3_1"},{"system":"urn:ncpi:unique-string","value":"Patient|AnVIL_CMG_Broad_Muscle_Kang_WES|AnVIL_CMG_Broad_Muscle_Kang_WES/Su/K1064-3_1"}]}
{"resourceType":"Patient","id":"P.AnVIL-CMG-Broad-Muscle-Kang-WES-Su-K1088-1-1","meta":{"profile":["http://hl7.org/fhir/StructureDefinition/Patient"]},"identifier":[{"system":"https://anvil.terra.bio/#workspaces/anvil-datastorage/AnVIL_CMG_Broad_Muscle_Kang_WES","value":"AnVIL_CMG_Broad_Muscle_Kang_WES/Su/K1088-1_1"},{"system":"urn:ncpi:unique-string","value":"Patient|AnVIL_CMG_Broad_Muscle_Kang_WES|AnVIL_CMG_Broad_Muscle_Kang_WES/Su/K1088-1_1"}]}
{"resourceType":"Patient","id":"P.AnVIL-CMG-Broad-Muscle-Kang-WES-Su-K1425-2-1","meta":{"profile":["http://hl7.org/fhir/StructureDefinition/Patient"]},"identifier":[{"system":"https://anvil.terra.bio/#workspaces/anvil-datastorage/AnVIL_CMG_Broad_Muscle_Kang_WES","value":"AnVIL_CMG_Broad_Muscle_Kang_WES/Su/K1425-2_1"},{"system":"urn:ncpi:unique-string","value":"Patient|AnVIL_CMG_Broad_Muscle_Kang_WES|AnVIL_CMG_Broad_Muscle_Kang_WES/Su/K1425-2_1"}]}
{"resourceType":"Patient","id":"P.AnVIL-CMG-Broad-Muscle-Kang-WES-Su-K1429-1-1","meta":{"profile":["http://hl7.org/fhir/StructureDefinition/Patient"]},"identifier":[{"system":"https://anvil.terra.bio/#workspaces/anvil-datastorage/AnVIL_CMG_Broad_Muscle_Kang_WES","value":"AnVIL_CMG_Broad_Muscle_Kang_WES/Su/K1429-1_1"},{"system":"urn:ncpi:unique-string","value":"Patient|AnVIL_CMG_Broad_Muscle_Kang_WES|AnVIL_CMG_Broad_Muscle_Kang_WES/Su/K1429-1_1"}]}
{"resourceType":"Patient","id":"P.AnVIL-CMG-Broad-Muscle-Kang-WES-Su-K1429-2-1","meta":{"profile":["http://hl7.org/fhir/StructureDefinition/Patient"]},"identifier":[{"system":"https://anvil.terra.bio/#workspaces/anvil-datastorage/AnVIL_CMG_Broad_Muscle_Kang_WES","value":"AnVIL_CMG_Broad_Muscle_Kang_WES/Su/K1429-2_1"},{"system":"urn:ncpi:unique-string","value":"Patient|AnVIL_CMG_Broad_Muscle_Kang_WES|AnVIL_CMG_Broad_Muscle_Kang_WES/Su/K1429-2_1"}]}
{"resourceType":"Patient","id":"P.AnVIL-CMG-Broad-Muscle-Kang-WES-Su-K1430-1-1","meta":{"profile":["http://hl7.org/fhir/StructureDefinition/Patient"]},"identifier":[{"system":"https://anvil.terra.bio/#workspaces/anvil-datastorage/AnVIL_CMG_Broad_Muscle_Kang_WES","value":"AnVIL_CMG_Broad_Muscle_Kang_WES/Su/K1430-1_1"},{"system":"urn:ncpi:unique-string","value":"Patient|AnVIL_CMG_Broad_Muscle_Kang_WES|AnVIL_CMG_Broad_Muscle_Kang_WES/Su/K1430-1_1"}]}
{"resourceType":"Patient","id":"P.AnVIL-CMG-Broad-Muscle-Kang-WES-Su-K1430-2-1","meta":{"profile":["http://hl7.org/fhir/StructureDefinition/Patient"]},"identifier":[{"system":"https://anvil.terra.bio/#workspaces/anvil-datastorage/AnVIL_CMG_Broad_Muscle_Kang_WES","value":"AnVIL_CMG_Broad_Muscle_Kang_WES/Su/K1430-2_1"},{"system":"urn:ncpi:unique-string","value":"Patient|AnVIL_CMG_Broad_Muscle_Kang_WES|AnVIL_CMG_Broad_Muscle_Kang_WES/Su/K1430-2_1"}]}
{"resourceType":"Patient","id":"P.AnVIL-CMG-Broad-Muscle-Kang-WES-Su-K1430-3-1","meta":{"profile":["http://hl7.org/fhir/StructureDefinition/Patient"]},"identifier":[{"system":"https://anvil.terra.bio/#workspaces/anvil-datastorage/AnVIL_CMG_Broad_Muscle_Kang_WES","value":"AnVIL_CMG_Broad_Muscle_Kang_WES/Su/K1430-3_1"},{"system":"urn:ncpi:unique-string","value":"Patient|AnVIL_CMG_Broad_Muscle_Kang_WES|AnVIL_CMG_Broad_Muscle_Kang_WES/Su/K1430-3_1"}]}
{"resourceType":"Patient","id":"P.AnVIL-CMG-Broad-Muscle-Kang-WES-Su-K1430-4-1","meta":{"profile":["http://hl7.org/fhir/StructureDefinition/Patient"]},"identifier":[{"system":"https://anvil.terra.bio/#workspaces/anvil-datastorage/AnVIL_CMG_Broad_Muscle_Kang_WES","value":"AnVIL_CMG_Broad_Muscle_Kang_WES/Su/K1430-4_1"},{"system":"urn:ncpi:unique-string","value":"Patient|AnVIL_CMG_Broad_Muscle_Kang_WES|AnVIL_CMG_Broad_Muscle_Kang_WES/Su/K1430-4_1"}]}
{"resourceType":"Patient","id":"P.AnVIL-CMG-Broad-Muscle-Kang-WES-Su-K1431-1A-1","meta":{"profile":["http://hl7.org/fhir/StructureDefinition/Patient"]},"identifier":[{"system":"https://anvil.terra.bio/#workspaces/anvil-datastorage/AnVIL_CMG_Broad_Muscle_Kang_WES","value":"AnVIL_CMG_Broad_Muscle_Kang_WES/Su/K1431-1A_1"},{"system":"urn:ncpi:unique-string","value":"Patient|AnVIL_CMG_Broad_Muscle_Kang_WES|AnVIL_CMG_Broad_Muscle_Kang_WES/Su/K1431-1A_1"}]}
{"resourceType":"Patient","id":"P.AnVIL-CMG-Broad-Muscle-Kang-WES-Su-K1431-2-1","meta":{"profile":["http://hl7.org/fhir/StructureDefinition/Patient"]},"identifier":[{"system":"https://anvil.terra.bio/#workspaces/anvil-datastorage/AnVIL_CMG_Broad_Muscle_Kang_WES","value":"AnVIL_CMG_Broad_Muscle_Kang_WES/Su/K1431-2_1"},{"system":"urn:ncpi:unique-string","value":"Patient|AnVIL_CMG_Broad_Muscle_Kang_WES|AnVIL_CMG_Broad_Muscle_Kang_WES/Su/K1431-2_1"}]}
{"resourceType":"Patient","id":"P.AnVIL-CMG-Broad-Muscle-Kang-WES-Su-K1431-3-1","meta":{"profile":["http://hl7.org/fhir/StructureDefinition/Patient"]},"identifier":[{"system":"https://anvil.terra.bio/#workspaces/anvil-datastorage/AnVIL_CMG_Broad_Muscle_Kang_WES","value":"AnVIL_CMG_Broad_Muscle_Kang_WES/Su/K1431-3_1"},{"system":"urn:ncpi:unique-string","value":"Patient|AnVIL_CMG_Broad_Muscle_Kang_WES|AnVIL_CMG_Broad_Muscle_Kang_WES/Su/K1431-3_1"}]}
{"resourceType":"Patient","id":"P.AnVIL-CMG-Broad-Muscle-Kang-WES-Su-K1434-1-1","meta":{"profile":["http://hl7.org/fhir/StructureDefinition/Patient"]},"identifier":[{"system":"https://anvil.terra.bio/#workspaces/anvil-datastorage/AnVIL_CMG_Broad_Muscle_Kang_WES","value":"AnVIL_CMG_Broad_Muscle_Kang_WES/Su/K1434-1_1"},{"system":"urn:ncpi:unique-string","value":"Patient|AnVIL_CMG_Broad_Muscle_Kang_WES|AnVIL_CMG_Broad_Muscle_Kang_WES/Su/K1434-1_1"}]}
{"resourceType":"Patient","id":"P.AnVIL-CMG-Broad-Muscle-Kang-WES-Su-K1434-2-1","meta":{"profile":["http://hl7.org/fhir/StructureDefinition/Patient"]},"identifier":[{"system":"https://anvil.terra.bio/#workspaces/anvil-datastorage/AnVIL_CMG_Broad_Muscle_Kang_WES","value":"AnVIL_CMG_Broad_Muscle_Kang_WES/Su/K1434-2_1"},{"system":"urn:ncpi:unique-string","value":"Patient|AnVIL_CMG_Broad_Muscle_Kang_WES|AnVIL_CMG_Broad_Muscle_Kang_WES/Su/K1434-2_1"}]}
{"resourceType":"Patient","id":"P.AnVIL-CMG-Broad-Muscle-Kang-WES-Su-K1434-3-1","meta":{"profile":["http://hl7.org/fhir/StructureDefinition/Patient"]},"identifier":[{"system":"https://anvil.terra.bio/#workspaces/anvil-datastorage/AnVIL_CMG_Broad_Muscle_Kang_WES","value":"AnVIL_CMG_Broad_Muscle_Kang_WES/Su/K1434-3_1"},{"system":"urn:ncpi:unique-string","value":"Patient|AnVIL_CMG_Broad_Muscle_Kang_WES|AnVIL_CMG_Broad_Muscle_Kang_WES/Su/K1434-3_1"}]}
{"resourceType":"Patient","id":"P.AnVIL-CMG-Broad-Muscle-Kang-WES-Su-KUN-K1109-1","meta":{"profile":["http://hl7.org/fhir/StructureDefinition/Patient"]},"identifier":[{"system":"https://anvil.terra.bio/#workspaces/anvil-datastorage/AnVIL_CMG_Broad_Muscle_Kang_WES","value":"AnVIL_CMG_Broad_Muscle_Kang_WES/Su/KUN_K1109-1"},{"system":"urn:ncpi:unique-string","value":"Patient|AnVIL_CMG_Broad_Muscle_Kang_WES|AnVIL_CMG_Broad_Muscle_Kang_WES/Su/KUN_K1109-1"}]}
{"resourceType":"Patient","id":"P.AnVIL-CMG-Broad-Muscle-Kang-WES-Su-KUN-K1436-1B","meta":{"profile":["http://hl7.org/fhir/StructureDefinition/Patient"]},"identifier":[{"system":"https://anvil.terra.bio/#workspaces/anvil-datastorage/AnVIL_CMG_Broad_Muscle_Kang_WES","value":"AnVIL_CMG_Broad_Muscle_Kang_WES/Su/KUN_K1436-1B"},{"system":"urn:ncpi:unique-string","value":"Patient|AnVIL_CMG_Broad_Muscle_Kang_WES|AnVIL_CMG_Broad_Muscle_Kang_WES/Su/KUN_K1436-1B"}]}
{"resourceType":"Patient","id":"P.AnVIL-CMG-Broad-Muscle-Kang-WES-Su-KUN-K1436-3","meta":{"profile":["http://hl7.org/fhir/StructureDefinition/Patient"]},"identifier":[{"system":"https://anvil.terra.bio/#workspaces/anvil-datastorage/AnVIL_CMG_Broad_Muscle_Kang_WES","value":"AnVIL_CMG_Broad_Muscle_Kang_WES/Su/KUN_K1436-3"},{"system":"urn:ncpi:unique-string","value":"Patient|AnVIL_CMG_Broad_Muscle_Kang_WES|AnVIL_CMG_Broad_Muscle_Kang_WES/Su/KUN_K1436-3"}]}
{"resourceType":"Patient","id":"P.AnVIL-CMG-Broad-Muscle-Kang-WES-Su-KUN-K1438-1","meta":{"profile":["http://hl7.org/fhir/StructureDefinition/Patient"]},"identifier":[{"system":"https://anvil.terra.bio/#workspaces/anvil-datastorage/AnVIL_CMG_Broad_Muscle_Kang_WES","value":"AnVIL_CMG_Broad_Muscle_Kang_WES/Su/KUN_K1438-1"},{"system":"urn:ncpi:unique-string","value":"Patient|AnVIL_CMG_Broad_Muscle_Kang_WES|AnVIL_CMG_Broad_Muscle_Kang_WES/Su/KUN_K1438-1"}]}
{"resourceType":"Patient","id":"P.AnVIL-CMG-Broad-Muscle-Kang-WES-Su-KUN-K1438-2","meta":{"profile":["http://hl7.org/fhir/StructureDefinition/Patient"]},"identifier":[{"system":"https://anvil.terra.bio/#workspaces/anvil-datastorage/AnVIL_CMG_Broad_Muscle_Kang_WES","value":"AnVIL_CMG_Broad_Muscle_Kang_WES/Su/KUN_K1438-2"},{"system":"urn:ncpi:unique-string","value":"Patient|AnVIL_CMG_Broad_Muscle_Kang_WES|AnVIL_CMG_Broad_Muscle_Kang_WES/Su/KUN_K1438-2"}]}
{"resourceType":"Patient","id":"P.AnVIL-CMG-Broad-Muscle-Kang-WES-Su-KUN-K1438-3","meta":{"profile":["http://hl7.org/fhir/StructureDefinition/Patient"]},"identifier":[{"system":"https://anvil.terra.bio/#workspaces/anvil-datastorage/AnVIL_CMG_Broad_Muscle_Kang_WES","value":"AnVIL_CMG_Broad_Muscle_Kang_WES/Su/KUN_K1438-3"},{"system":"urn:ncpi:unique-string","value":"Patient|AnVIL_CMG_Broad_Muscle_Kang_WES|AnVIL_CMG_Broad_Muscle_Kang_WES/Su/KUN_K1438-3"}]}
{"resourceType":"Patient","id":"P.AnVIL-CMG-Broad-Muscle-Kang-WES-Su-KUN-K1439-1","meta":{"profile":["http://hl7.org/fhir/StructureDefinition/Patient"]},"identifier":[{"system":"https://anvil.terra.bio/#workspaces/anvil-datastorage/AnVIL_CMG_Broad_Muscle_Kang_WES","value":"AnVIL_CMG_Broad_Muscle_Kang_WES/Su/KUN_K1439-1"},{"system":"urn:ncpi:unique-string","value":"Patient|AnVIL_CMG_Broad_Muscle_Kang_WES|AnVIL_CMG_Broad_Muscle_Kang_WES/Su/KUN_K1439-1"}]}
{"resourceType":"Patient","id":"P.AnVIL-CMG-Broad-Muscle-Kang-WES-Su-KUN-K1439-2","meta":{"profile":["http://hl7.org/fhir/StructureDefinition/Patient"]},"identifier":[{"system":"https://anvil.terra.bio/#workspaces/anvil-datastorage/AnVIL_CMG_Broad_Muscle_Kang_WES","value":"AnVIL_CMG_Broad_Muscle_Kang_WES/Su/KUN_K1439-2"},{"system":"urn:ncpi:unique-string","value":"Patient|AnVIL_CMG_Broad_Muscle_Kang_WES|AnVIL_CMG_Broad_Muscle_Kang_WES/Su/KUN_K1439-2"}]}
{"resourceType":"Patient","id":"P.AnVIL-CMG-Broad-Muscle-Kang-WES-Su-KUN-K1439-3","meta":{"profile":["http://hl7.org/fhir/StructureDefinition/Patient"]},"identifier":[{"system":"https://anvil.terra.bio/#workspaces/anvil-datastorage/AnVIL_CMG_Broad_Muscle_Kang_WES","value":"AnVIL_CMG_Broad_Muscle_Kang_WES/Su/KUN_K1439-3"},{"system":"urn:ncpi:unique-string","value":"Patient|AnVIL_CMG_Broad_Muscle_Kang_WES|AnVIL_CMG_Broad_Muscle_Kang_WES/Su/KUN_K1439-3"}]}
{"resourceType":"Patient","id":"P.AnVIL-CMG-Broad-Muscle-Kang-WES-Su-KUN-K1440-1A","meta":{"profile":["http://hl7.org/fhir/StructureDefinition/Patient"]},"identifier":[{"system":"https://anvil.terra.bio/#workspaces/anvil-datastorage/AnVIL_CMG_Broad_Muscle_Kang_WES","value":"AnVIL_CMG_Broad_Muscle_Kang_WES/Su/KUN_K1440-1A"},{"system":"urn:ncpi:unique-string","value":"Patient|AnVIL_CMG_Broad_Muscle_Kang_WES|AnVIL_CMG_Broad_Muscle_Kang_WES/Su/KUN_K1440-1A"}]}
{"resourceType":"Patient","id":"P.AnVIL-CMG-Broad-Muscle-Kang-WES-Su-KUN-K1440-2","meta":{"profile":["http://hl7.org/fhir/StructureDefinition/Patient"]},"identifier":[{"system":"https://anvil.terra.bio/#workspaces/anvil-datastorage/AnVIL_CMG_Broad_Muscle_Kang_WES","value":"AnVIL_CMG_Broad_Muscle_Kang_WES/Su/KUN_K1440-2"},{"system":"urn:ncpi:unique-string","value":"Patient|AnVIL_CMG_Broad_Muscle_Kang_WES|AnVIL_CMG_Broad_Muscle_Kang_WES/Su/KUN_K1440-2"}]}
{"resourceType":"Patient","id":"P.AnVIL-CMG-Broad-Muscle-Kang-WES-Su-KUN-K1440-3","meta":{"profile":["http://hl7.org/fhir/StructureDefinition/Patient"]},"identifier":[{"system":"https://anvil.terra.bio/#workspaces/anvil-datastorage/AnVIL_CMG_Broad_Muscle_Kang_WES","value":"AnVIL_CMG_Broad_Muscle_Kang_WES/Su/KUN_K1440-3"},{"system":"urn:ncpi:unique-string","value":"Patient|AnVIL_CMG_Broad_Muscle_Kang_WES|AnVIL_CMG_Broad_Muscle_Kang_WES/Su/KUN_K1440-3"}]}
{"resourceType":"Patient","id":"P.AnVIL-CMG-Broad-Muscle-Kang-WES-Su-KUN-K1442-1","meta":{"profile":["http://hl7.org/fhir/StructureDefinition/Patient"]},"identifier":[{"system":"https://anvil.terra.bio/#workspaces/anvil-datastorage/AnVIL_CMG_Broad_Muscle_Kang_WES","value":"AnVIL_CMG_Broad_Muscle_Kang_WES/Su/KUN_K1442-1"},{"system":"urn:ncpi:unique-string","value":"Patient|AnVIL_CMG_Broad_Muscle_Kang_WES|AnVIL_CMG_Broad_Muscle_Kang_WES/Su/KUN_K1442-1"}]}
{"resourceType":"Patient","id":"P.AnVIL-CMG-Broad-Muscle-Kang-WES-Su-KUN-K1442-2","meta":{"profile":["http://hl7.org/fhir/StructureDefinition/Patient"]},"identifier":[{"system":"https://anvil.terra.bio/#workspaces/anvil-datastorage/AnVIL_CMG_Broad_Muscle_Kang_WES","value":"AnVIL_CMG_Broad_Muscle_Kang_WES/Su/KUN_K1442-2"},{"system":"urn:ncpi:unique-string","value":"Patient|AnVIL_CMG_Broad_Muscle_Kang_WES|AnVIL_CMG_Broad_Muscle_Kang_WES/Su/KUN_K1442-2"}]}
{"resourceType":"Patient","id":"P.AnVIL-CMG-Broad-Muscle-Kang-WES-Su-KUN-K1443-3","meta":{"profile":["http://hl7.org/fhir/StructureDefinition/Patient"]},"identifier":[{"system":"https://anvil.terra.bio/#workspaces/anvil-datastorage/AnVIL_CMG_Broad_Muscle_Kang_WES","value":"AnVIL_CMG_Broad_Muscle_Kang_WES/Su/KUN_K1443-3"},{"system":"urn:ncpi:unique-string","value":"Patient|AnVIL_CMG_Broad_Muscle_Kang_WES|AnVIL_CMG_Broad_Muscle_Kang_WES/Su/KUN_K1443-3"}]}
{"resourceType":"Patient","id":"P.AnVIL-CMG-Broad-Muscle-Kang-WES-Su-KUN-K1444-1A","meta":{"profile":["http://hl7.org/fhir/StructureDefinition/Patient"]},"identifier":[{"system":"https://anvil.terra.bio/#workspaces/anvil-datastorage/AnVIL_CMG_Broad_Muscle_Kang_WES","value":"AnVIL_CMG_Broad_Muscle_Kang_WES/Su/KUN_K1444-1A"},{"system":"urn:ncpi:unique-string","value":"Patient|AnVIL_CMG_Broad_Muscle_Kang_WES|AnVIL_CMG_Broad_Muscle_Kang_WES/Su/KUN_K1444-1A"}]}
{"resourceType":"Patient","id":"P.AnVIL-CMG-Broad-Muscle-Kang-WES-Su-KUN-K1444-4","meta":{"profile":["http://hl7.org/fhir/StructureDefinition/Patient"]},"identifier":[{"system":"https://anvil.terra.bio/#workspaces/anvil-datastorage/AnVIL_CMG_Broad_Muscle_Kang_WES","value":"AnVIL_CMG_Broad_Muscle_Kang_WES/Su/KUN_K1444-4"},{"system":"urn:ncpi:unique-string","value":"Patient|AnVIL_CMG_Broad_Muscle_Kang_WES|AnVIL_CMG_Broad_Muscle_Kang_WES/Su/KUN_K1444-4"}]}
{"resourceType":"Patient","id":"P.AnVIL-CMG-Broad-Muscle-Kang-WES-Su-KUN-K1445-1A","meta":{"profile":["http://hl7.org/fhir/StructureDefinition/Patient"]},"identifier":[{"system":"https://anvil.terra.bio/#workspaces/anvil-datastorage/AnVIL_CMG_Broad_Muscle_Kang_WES","value":"AnVIL_CMG_Broad_Muscle_Kang_WES/Su/KUN_K1445-1A"},{"system":"urn:ncpi:unique-string","value":"Patient|AnVIL_CMG_Broad_Muscle_Kang_WES|AnVIL_CMG_Broad_Muscle_Kang_WES/Su/KUN_K1445-1A"}]}
{"resourceType":"Patient","id":"P.AnVIL-CMG-Broad-Muscle-Kang-WES-Su-KUN-K1445-2","meta":{"profile":["http://hl7.org/fhir/StructureDefinition/Patient"]},"identifier":[{"system":"https://anvil.terra.bio/#workspaces/anvil-datastorage/AnVIL_CMG_Broad_Muscle_Kang_WES","value":"AnVIL_CMG_Broad_Muscle_Kang_WES/Su/KUN_K1445-2"},{"system":"urn:ncpi:unique-string","value":"Patient|AnVIL_CMG_Broad_Muscle_Kang_WES|AnVIL_CMG_Broad_Muscle_Kang_WES/Su/KUN_K1445-2"}]}
{"resourceType":"Patient","id":"P.AnVIL-CMG-Broad-Muscle-Kang-WES-Su-KUN-K1446-1A","meta":{"profile":["http://hl7.org/fhir/StructureDefinition/Patient"]},"identifier":[{"system":"https://anvil.terra.bio/#workspaces/anvil-datastorage/AnVIL_CMG_Broad_Muscle_Kang_WES","value":"AnVIL_CMG_Broad_Muscle_Kang_WES/Su/KUN_K1446-1A"},{"system":"urn:ncpi:unique-string","value":"Patient|AnVIL_CMG_Broad_Muscle_Kang_WES|AnVIL_CMG_Broad_Muscle_Kang_WES/Su/KUN_K1446-1A"}]}
{"resourceType":"Patient","id":"P.AnVIL-CMG-Broad-Muscle-Kang-WES-Su-KUN-K1446-2","meta":{"profile":["http://hl7.org/fhir/StructureDefinition/Patient"]},"identifier":[{"system":"https://anvil.terra.bio/#workspaces/anvil-datastorage/AnVIL_CMG_Broad_Muscle_Kang_WES","value":"AnVIL_CMG_Broad_Muscle_Kang_WES/Su/KUN_K1446-2"},{"system":"urn:ncpi:unique-string","value":"Patient|AnVIL_CMG_Broad_Muscle_Kang_WES|AnVIL_CMG_Broad_Muscle_Kang_WES/Su/KUN_K1446-2"}]}
{"resourceType":"Patient","id":"P.AnVIL-CMG-Broad-Muscle-Kang-WES-Su-KUN-K1446-3","meta":{"profile":["http://hl7.org/fhir/StructureDefinition/Patient"]},"identifier":[{"system":"https://anvil.terra.bio/#workspaces/anvil-datastorage/AnVIL_CMG_Broad_Muscle_Kang_WES","value":"AnVIL_CMG_Broad_Muscle_Kang_WES/Su/KUN_K1446-3"},{"system":"urn:ncpi:unique-string","value":"Patient|AnVIL_CMG_Broad_Muscle_Kang_WES|AnVIL_CMG_Broad_Muscle_Kang_WES/Su/KUN_K1446-3"}]}
{"resourceType":"Patient","id":"P.AnVIL-CMG-Broad-Muscle-Kang-WES-Su-KUN-K1448-1","meta":{"profile":["http://hl7.org/fhir/StructureDefinition/Patient"]},"identifier":[{"system":"https://anvil.terra.bio/#workspaces/anvil-datastorage/AnVIL_CMG_Broad_Muscle_Kang_WES","value":"AnVIL_CMG_Broad_Muscle_Kang_WES/Su/KUN_K1448-1"},{"system":"urn:ncpi:unique-string","value":"Patient|AnVIL_CMG_Broad_Muscle_Kang_WES|AnVIL_CMG_Broad_Muscle_Kang_WES/Su/KUN_K1448-1"}]}
