{"resourceType":"Patient","id":"P.AnVIL-CMG-Broad-Muscle-Kang-WGS-Su-Kang1181-14-2","meta":{"profile":["http://hl7.org/fhir/StructureDefinition/Patient"]},"identifier":[{"system":"https://anvil.terra.bio/#workspaces/anvil-datastorage/AnVIL_CMG_Broad_Muscle_Kang_WGS","value":"AnVIL_CMG_Broad_Muscle_Kang_WGS/Su/Kang1181-14-2"},{"system":"urn:ncpi:unique-string","value":"Patient|AnVIL_CMG_Broad_Muscle_Kang_WGS|AnVIL_CMG_Broad_Muscle_Kang_WGS/Su/Kang1181-14-2"}]}
{"resourceType":"Patient","id":"P.AnVIL-CMG-Broad-Muscle-Kang-WGS-Su-Kang1181-2-2","meta":{"profile":["http://hl7.org/fhir/StructureDefinition/Patient"]},"identifier":[{"system":"https://anvil.terra.bio/#workspaces/anvil-datastorage/AnVIL_CMG_Broad_Muscle_Kang_WGS","value":"AnVIL_CMG_Broad_Muscle_Kang_WGS/Su/Kang1181-2-2"},{"system":"urn:ncpi:unique-string","value":"Patient|AnVIL_CMG_Broad_Muscle_Kang_WGS|AnVIL_CMG_Broad_Muscle_Kang_WGS/Su/Kang1181-2-2"}]}
