{"resourceType":"Specimen","id":"Broad-Muscle-Kang-WGS-Sa-Kang1181-14-2","meta":{"profile":["http://hl7.org/fhir/StructureDefinition/Specimen"]},"identifier":[{"system":"https://anvil.terra.bio/#workspaces/anvil-datastorage/AnVIL_CMG_Broad_Muscle_Kang_WGS","value":"Broad_Muscle_Kang_WGS/Sa/Kang1181-14-2"},{"system":"urn:ncpi:unique-string","value":"Specimen|AnVIL_CMG_Broad_Muscle_Kang_WGS|Broad_Muscle_Kang_WGS/Sa/Kang1181-14-2"}],"subject":{"reference":"Patient/P.AnVIL-CMG-Broad-Muscle-Kang-WGS-Su-Kang1181-14-2"}}
{"resourceType":"Specimen","id":"Broad-Muscle-Kang-WGS-Sa-Kang1181-2-2","meta":{"profile":["http://hl7.org/fhir/StructureDefinition/Specimen"]},"identifier":[{"system":"https://anvil.terra.bio/#workspaces/anvil-datastorage/AnVIL_CMG_Broad_Muscle_Kang_WGS","value":"Broad_Muscle_Kang_WGS/Sa/Kang1181-2-2"},{"system":"urn:ncpi:unique-string","value":"Specimen|AnVIL_CMG_Broad_Muscle_Kang_WGS|Broad_Muscle_Kang_WGS/Sa/Kang1181-2-2"}],"subject":{"reference":"Patient/P.AnVIL-CMG-Broad-Muscle-Kang-WGS-Su-Kang1181-2-2"}}
