{"resourceType":"Task","id":"T.Broad-Muscle-Kang-WGS-Sa-Kang1181-14-2","status":"accepted","intent":"unknown","input":[{"type":{"coding":[{"code":"Specimen"}]},"valueReference":{"reference":"Specimen/Broad-Muscle-Kang-WGS-Sa-Kang1181-14-2"}}],"output":[]}
{"resourceType":"Task","id":"T.Broad-Muscle-Kang-WGS-Sa-Kang1181-2-2","status":"accepted","intent":"unknown","input":[{"type":{"coding":[{"code":"Specimen"}]},"valueReference":{"reference":"Specimen/Broad-Muscle-Kang-WGS-Sa-Kang1181-2-2"}}],"output":[]}
