{"resourceType":"Observation","id":"on-AnVIL-CMG-Broad-Muscle-Bonnemann-WGS-Su-B12-30DNA-OMIM-253600","meta":{"profile":["http://fhir.ncpi-project-forge.io/StructureDefinition/ncpi-phenotype"]},"identifier":[{"system":"urn:ncpi:unique-string","value":"on-AnVIL-CMG-Broad-Muscle-Bonnemann-WGS-Su-B12-30DNA-OMIM-253600"}],"status":"final","code":{"coding":[{"system":"http://purl.obolibrary.org/obo/omim.owl","code":"OMIM:253600","display":"MUSCULAR DYSTROPHY, LIMB-GIRDLE, AUTOSOMAL RECESSIVE 1; LGMDR1"}],"text":"MUSCULAR DYSTROPHY, LIMB-GIRDLE, AUTOSOMAL RECESSIVE 1; LGMDR1"},"subject":{"reference":"Patient/P.AnVIL-CMG-Broad-Muscle-Bonnemann-WGS-Su-B12-30DNA"},"valueCodeableConcept":{"coding":[{"system":"http://snomed.info/sct","code":"373573001","display":"Clinical finding present (situation)"}],"text":"Phenotype Present"},"interpretation":[{"coding":[{"system":"http://terminology.hl7.org/CodeSystem/v3-ObservationInterpretation","code":"POS","display":"Positive"}],"text":"Present"}],"extension":[]}
{"resourceType":"Observation","id":"nVIL-CMG-Broad-Muscle-Bonnemann-WGS-Su-BON-B09-25-D1-OMIM-310200","meta":{"profile":["http://fhir.ncpi-project-forge.io/StructureDefinition/ncpi-phenotype"]},"identifier":[{"system":"urn:ncpi:unique-string","value":"nVIL-CMG-Broad-Muscle-Bonnemann-WGS-Su-BON-B09-25-D1-OMIM-310200"}],"status":"final","code":{"coding":[{"system":"http://purl.obolibrary.org/obo/omim.owl","code":"OMIM:310200","display":"Duchenne muscular dystrophy"}],"text":"Duchenne muscular dystrophy"},"subject":{"reference":"Patient/P.AnVIL-CMG-Broad-Muscle-Bonnemann-WGS-Su-BON-B09-25-D1"},"valueCodeableConcept":{"coding":[{"system":"http://snomed.info/sct","code":"373573001","display":"Clinical finding present (situation)"}],"text":"Phenotype Present"},"interpretation":[{"coding":[{"system":"http://terminology.hl7.org/CodeSystem/v3-ObservationInterpretation","code":"POS","display":"Positive"}],"text":"Present"}],"extension":[]}
{"resourceType":"Observation","id":"IL-CMG-Broad-Muscle-Bonnemann-WGS-Su-BON-B09-27-1-D2-OMIM-617675","meta":{"profile":["http://fhir.ncpi-project-forge.io/StructureDefinition/ncpi-phenotype"]},"identifier":[{"system":"urn:ncpi:unique-string","value":"IL-CMG-Broad-Muscle-Bonnemann-WGS-Su-BON-B09-27-1-D2-OMIM-617675"}],"status":"final","code":{"coding":[{"system":"http://purl.obolibrary.org/obo/omim.owl","code":"OMIM:617675","display":"MYOPATHY, MITOCHONDRIAL, AND ATAXIA; MMYAT"}],"text":"MYOPATHY, MITOCHONDRIAL, AND ATAXIA; MMYAT"},"subject":{"reference":"Patient/P.AnVIL-CMG-Broad-Muscle-Bonnemann-WGS-Su-BON-B09-27-1-D2"},"valueCodeableConcept":{"coding":[{"system":"http://snomed.info/sct","code":"373573001","display":"Clinical finding present (situation)"}],"text":"Phenotype Present"},"interpretation":[{"coding":[{"system":"http://terminology.hl7.org/CodeSystem/v3-ObservationInterpretation","code":"POS","display":"Positive"}],"text":"Present"}],"extension":[]}
{"resourceType":"Observation","id":"IL-CMG-Broad-Muscle-Bonnemann-WGS-Su-BON-B09-27-2-D1-OMIM-617675","meta":{"profile":["http://fhir.ncpi-project-forge.io/StructureDefinition/ncpi-phenotype"]},"identifier":[{"system":"urn:ncpi:unique-string","value":"IL-CMG-Broad-Muscle-Bonnemann-WGS-Su-BON-B09-27-2-D1-OMIM-617675"}],"status":"final","code":{"coding":[{"system":"http://purl.obolibrary.org/obo/omim.owl","code":"OMIM:617675","display":"MYOPATHY, MITOCHONDRIAL, AND ATAXIA; MMYAT"}],"text":"MYOPATHY, MITOCHONDRIAL, AND ATAXIA; MMYAT"},"subject":{"reference":"Patient/P.AnVIL-CMG-Broad-Muscle-Bonnemann-WGS-Su-BON-B09-27-2-D1"},"valueCodeableConcept":{"coding":[{"system":"http://snomed.info/sct","code":"373573001","display":"Clinical finding present (situation)"}],"text":"Phenotype Present"},"interpretation":[{"coding":[{"system":"http://terminology.hl7.org/CodeSystem/v3-ObservationInterpretation","code":"POS","display":"Positive"}],"text":"Present"}],"extension":[]}
{"resourceType":"Observation","id":"IL-CMG-Broad-Muscle-Bonnemann-WGS-Su-BON-B09-27-3-D1-OMIM-617675","meta":{"profile":["http://fhir.ncpi-project-forge.io/StructureDefinition/ncpi-phenotype"]},"identifier":[{"system":"urn:ncpi:unique-string","value":"IL-CMG-Broad-Muscle-Bonnemann-WGS-Su-BON-B09-27-3-D1-OMIM-617675"}],"status":"final","code":{"coding":[{"system":"http://purl.obolibrary.org/obo/omim.owl","code":"OMIM:617675","display":"MYOPATHY, MITOCHONDRIAL, AND ATAXIA; MMYAT"}],"text":"MYOPATHY, MITOCHONDRIAL, AND ATAXIA; MMYAT"},"subject":{"reference":"Patient/P.AnVIL-CMG-Broad-Muscle-Bonnemann-WGS-Su-BON-B09-27-3-D1"},"valueCodeableConcept":{"coding":[{"system":"http://snomed.info/sct","code":"373573001","display":"Clinical finding present (situation)"}],"text":"Phenotype Present"},"interpretation":[{"coding":[{"system":"http://terminology.hl7.org/CodeSystem/v3-ObservationInterpretation","code":"POS","display":"Positive"}],"text":"Present"}],"extension":[]}
{"resourceType":"Observation","id":"IL-CMG-Broad-Muscle-Bonnemann-WGS-Su-BON-B11-25-1-D1-OMIM-611705","meta":{"profile":["http://fhir.ncpi-project-forge.io/StructureDefinition/ncpi-phenotype"]},"identifier":[{"system":"urn:ncpi:unique-string","value":"IL-CMG-Broad-Muscle-Bonnemann-WGS-Su-BON-B11-25-1-D1-OMIM-611705"}],"status":"final","code":{"coding":[{"system":"http://purl.obolibrary.org/obo/omim.owl","code":"OMIM:611705","display":"SALIH MYOPATHY; SALMY"}],"text":"SALIH MYOPATHY; SALMY"},"subject":{"reference":"Patient/P.AnVIL-CMG-Broad-Muscle-Bonnemann-WGS-Su-BON-B11-25-1-D1"},"valueCodeableConcept":{"coding":[{"system":"http://snomed.info/sct","code":"373573001","display":"Clinical finding present (situation)"}],"text":"Phenotype Present"},"interpretation":[{"coding":[{"system":"http://terminology.hl7.org/CodeSystem/v3-ObservationInterpretation","code":"POS","display":"Positive"}],"text":"Present"}],"extension":[]}
{"resourceType":"Observation","id":"IL-CMG-Broad-Muscle-Bonnemann-WGS-Su-BON-B13-52-1-D1-OMIM-607855","meta":{"profile":["http://fhir.ncpi-project-forge.io/StructureDefinition/ncpi-phenotype"]},"identifier":[{"system":"urn:ncpi:unique-string","value":"IL-CMG-Broad-Muscle-Bonnemann-WGS-Su-BON-B13-52-1-D1-OMIM-607855"}],"status":"final","code":{"coding":[{"system":"http://purl.obolibrary.org/obo/omim.owl","code":"OMIM:607855","display":"MUSCULAR DYSTROPHY, CONGENITAL MEROSIN-DEFICIENT, 1A; MDC1A"}],"text":"MUSCULAR DYSTROPHY, CONGENITAL MEROSIN-DEFICIENT, 1A; MDC1A"},"subject":{"reference":"Patient/P.AnVIL-CMG-Broad-Muscle-Bonnemann-WGS-Su-BON-B13-52-1-D1"},"valueCodeableConcept":{"coding":[{"system":"http://snomed.info/sct","code":"373573001","display":"Clinical finding present (situation)"}],"text":"Phenotype Present"},"interpretation":[{"coding":[{"system":"http://terminology.hl7.org/CodeSystem/v3-ObservationInterpretation","code":"POS","display":"Positive"}],"text":"Present"}],"extension":[]}
{"resourceType":"Observation","id":"AnVIL-CMG-Broad-Muscle-Bonnemann-WGS-Su-BON-B14-20-2-OMIM-254940","meta":{"profile":["http://fhir.ncpi-project-forge.io/StructureDefinition/ncpi-phenotype"]},"identifier":[{"system":"urn:ncpi:unique-string","value":"AnVIL-CMG-Broad-Muscle-Bonnemann-WGS-Su-BON-B14-20-2-OMIM-254940"}],"status":"final","code":{"coding":[{"system":"http://purl.obolibrary.org/obo/omim.owl","code":"OMIM:254940","display":"CAREY-FINEMAN-ZITER SYNDROME; CFZS"}],"text":"CAREY-FINEMAN-ZITER SYNDROME; CFZS"},"subject":{"reference":"Patient/P.AnVIL-CMG-Broad-Muscle-Bonnemann-WGS-Su-BON-B14-20-2"},"valueCodeableConcept":{"coding":[{"system":"http://snomed.info/sct","code":"373573001","display":"Clinical finding present (situation)"}],"text":"Phenotype Present"},"interpretation":[{"coding":[{"system":"http://terminology.hl7.org/CodeSystem/v3-ObservationInterpretation","code":"POS","display":"Positive"}],"text":"Present"}],"extension":[]}
{"resourceType":"Observation","id":"L-CMG-Broad-Muscle-Bonnemann-WGS-Su-BON-B14-163-1-D1-OMIM-615959","meta":{"profile":["http://fhir.ncpi-project-forge.io/StructureDefinition/ncpi-phenotype"]},"identifier":[{"system":"urn:ncpi:unique-string","value":"L-CMG-Broad-Muscle-Bonnemann-WGS-Su-BON-B14-163-1-D1-OMIM-615959"}],"status":"final","code":{"coding":[{"system":"http://purl.obolibrary.org/obo/omim.owl","code":"OMIM:615959","display":"MYOPATHY, CENTRONUCLEAR, 5; CNM5"}],"text":"MYOPATHY, CENTRONUCLEAR, 5; CNM5"},"subject":{"reference":"Patient/P.AnVIL-CMG-Broad-Muscle-Bonnemann-WGS-Su-BON-B14-163-1-D1"},"valueCodeableConcept":{"coding":[{"system":"http://snomed.info/sct","code":"373573001","display":"Clinical finding present (situation)"}],"text":"Phenotype Present"},"interpretation":[{"coding":[{"system":"http://terminology.hl7.org/CodeSystem/v3-ObservationInterpretation","code":"POS","display":"Positive"}],"text":"Present"}],"extension":[]}
{"resourceType":"Observation","id":"L-CMG-Broad-Muscle-Bonnemann-WGS-Su-BON-B14-163-3-D1-OMIM-615959","meta":{"profile":["http://fhir.ncpi-project-forge.io/StructureDefinition/ncpi-phenotype"]},"identifier":[{"system":"urn:ncpi:unique-string","value":"L-CMG-Broad-Muscle-Bonnemann-WGS-Su-BON-B14-163-3-D1-OMIM-615959"}],"status":"final","code":{"coding":[{"system":"http://purl.obolibrary.org/obo/omim.owl","code":"OMIM:615959","display":"MYOPATHY, CENTRONUCLEAR, 5; CNM5"}],"text":"MYOPATHY, CENTRONUCLEAR, 5; CNM5"},"subject":{"reference":"Patient/P.AnVIL-CMG-Broad-Muscle-Bonnemann-WGS-Su-BON-B14-163-3-D1"},"valueCodeableConcept":{"coding":[{"system":"http://snomed.info/sct","code":"373573001","display":"Clinical finding present (situation)"}],"text":"Phenotype Present"},"interpretation":[{"coding":[{"system":"http://terminology.hl7.org/CodeSystem/v3-ObservationInterpretation","code":"POS","display":"Positive"}],"text":"Present"}],"extension":[]}
{"resourceType":"Observation","id":"L-CMG-Broad-Muscle-Bonnemann-WGS-Su-BON-B14-163-4-D1-OMIM-615959","meta":{"profile":["http://fhir.ncpi-project-forge.io/StructureDefinition/ncpi-phenotype"]},"identifier":[{"system":"urn:ncpi:unique-string","value":"L-CMG-Broad-Muscle-Bonnemann-WGS-Su-BON-B14-163-4-D1-OMIM-615959"}],"status":"final","code":{"coding":[{"system":"http://purl.obolibrary.org/obo/omim.owl","code":"OMIM:615959","display":"MYOPATHY, CENTRONUCLEAR, 5; CNM5"}],"text":"MYOPATHY, CENTRONUCLEAR, 5; CNM5"},"subject":{"reference":"Patient/P.AnVIL-CMG-Broad-Muscle-Bonnemann-WGS-Su-BON-B14-163-4-D1"},"valueCodeableConcept":{"coding":[{"system":"http://snomed.info/sct","code":"373573001","display":"Clinical finding present (situation)"}],"text":"Phenotype Present"},"interpretation":[{"coding":[{"system":"http://terminology.hl7.org/CodeSystem/v3-ObservationInterpretation","code":"POS","display":"Positive"}],"text":"Present"}],"extension":[]}
{"resourceType":"Observation","id":"IL-CMG-Broad-Muscle-Bonnemann-WGS-Su-BON-B14-75-1-D1-OMIM-617193","meta":{"profile":["http://fhir.ncpi-project-forge.io/StructureDefinition/ncpi-phenotype"]},"identifier":[{"system":"urn:ncpi:unique-string","value":"IL-CMG-Broad-Muscle-Bonnemann-WGS-Su-BON-B14-75-1-D1-OMIM-617193"}],"status":"final","code":{"coding":[{"system":"http://purl.obolibrary.org/obo/omim.owl","code":"OMIM:617193","display":"ENCEPHALOPATHY, PROGRESSIVE, EARLY-ONSET, WITH BRAIN ATROPHY AND THIN CORPUS CALLOSUM; PEBAT"}],"text":"ENCEPHALOPATHY, PROGRESSIVE, EARLY-ONSET, WITH BRAIN ATROPHY AND THIN CORPUS CALLOSUM; PEBAT"},"subject":{"reference":"Patient/P.AnVIL-CMG-Broad-Muscle-Bonnemann-WGS-Su-BON-B14-75-1-D1"},"valueCodeableConcept":{"coding":[{"system":"http://snomed.info/sct","code":"373573001","display":"Clinical finding present (situation)"}],"text":"Phenotype Present"},"interpretation":[{"coding":[{"system":"http://terminology.hl7.org/CodeSystem/v3-ObservationInterpretation","code":"POS","display":"Positive"}],"text":"Present"}],"extension":[]}
{"resourceType":"Observation","id":"IL-CMG-Broad-Muscle-Bonnemann-WGS-Su-BON-B14-75-2-D1-OMIM-617193","meta":{"profile":["http://fhir.ncpi-project-forge.io/StructureDefinition/ncpi-phenotype"]},"identifier":[{"system":"urn:ncpi:unique-string","value":"IL-CMG-Broad-Muscle-Bonnemann-WGS-Su-BON-B14-75-2-D1-OMIM-617193"}],"status":"final","code":{"coding":[{"system":"http://purl.obolibrary.org/obo/omim.owl","code":"OMIM:617193","display":"ENCEPHALOPATHY, PROGRESSIVE, EARLY-ONSET, WITH BRAIN ATROPHY AND THIN CORPUS CALLOSUM; PEBAT"}],"text":"ENCEPHALOPATHY, PROGRESSIVE, EARLY-ONSET, WITH BRAIN ATROPHY AND THIN CORPUS CALLOSUM; PEBAT"},"subject":{"reference":"Patient/P.AnVIL-CMG-Broad-Muscle-Bonnemann-WGS-Su-BON-B14-75-2-D1"},"valueCodeableConcept":{"coding":[{"system":"http://snomed.info/sct","code":"373573001","display":"Clinical finding present (situation)"}],"text":"Phenotype Present"},"interpretation":[{"coding":[{"system":"http://terminology.hl7.org/CodeSystem/v3-ObservationInterpretation","code":"POS","display":"Positive"}],"text":"Present"}],"extension":[]}
{"resourceType":"Observation","id":"IL-CMG-Broad-Muscle-Bonnemann-WGS-Su-BON-B14-75-3-D1-OMIM-617193","meta":{"profile":["http://fhir.ncpi-project-forge.io/StructureDefinition/ncpi-phenotype"]},"identifier":[{"system":"urn:ncpi:unique-string","value":"IL-CMG-Broad-Muscle-Bonnemann-WGS-Su-BON-B14-75-3-D1-OMIM-617193"}],"status":"final","code":{"coding":[{"system":"http://purl.obolibrary.org/obo/omim.owl","code":"OMIM:617193","display":"ENCEPHALOPATHY, PROGRESSIVE, EARLY-ONSET, WITH BRAIN ATROPHY AND THIN CORPUS CALLOSUM; PEBAT"}],"text":"ENCEPHALOPATHY, PROGRESSIVE, EARLY-ONSET, WITH BRAIN ATROPHY AND THIN CORPUS CALLOSUM; PEBAT"},"subject":{"reference":"Patient/P.AnVIL-CMG-Broad-Muscle-Bonnemann-WGS-Su-BON-B14-75-3-D1"},"valueCodeableConcept":{"coding":[{"system":"http://snomed.info/sct","code":"373573001","display":"Clinical finding present (situation)"}],"text":"Phenotype Present"},"interpretation":[{"coding":[{"system":"http://terminology.hl7.org/CodeSystem/v3-ObservationInterpretation","code":"POS","display":"Positive"}],"text":"Present"}],"extension":[]}
{"resourceType":"Observation","id":"VIL-CMG-Broad-Muscle-Bonnemann-WGS-Su-BON-B15-15-1-1-OMIM-608807","meta":{"profile":["http://fhir.ncpi-project-forge.io/StructureDefinition/ncpi-phenotype"]},"identifier":[{"system":"urn:ncpi:unique-string","value":"VIL-CMG-Broad-Muscle-Bonnemann-WGS-Su-BON-B15-15-1-1-OMIM-608807"}],"status":"final","code":{"coding":[{"system":"http://purl.obolibrary.org/obo/omim.owl","code":"OMIM:608807","display":"MUSCULAR DYSTROPHY, LIMB-GIRDLE, AUTOSOMAL RECESSIVE 10; LGMDR10"}],"text":"MUSCULAR DYSTROPHY, LIMB-GIRDLE, AUTOSOMAL RECESSIVE 10; LGMDR10"},"subject":{"reference":"Patient/P.AnVIL-CMG-Broad-Muscle-Bonnemann-WGS-Su-BON-B15-15-1-1"},"valueCodeableConcept":{"coding":[{"system":"http://snomed.info/sct","code":"373573001","display":"Clinical finding present (situation)"}],"text":"Phenotype Present"},"interpretation":[{"coding":[{"system":"http://terminology.hl7.org/CodeSystem/v3-ObservationInterpretation","code":"POS","display":"Positive"}],"text":"Present"}],"extension":[]}
{"resourceType":"Observation","id":"VIL-CMG-Broad-Muscle-Bonnemann-WGS-Su-BON-B15-15-3-1-OMIM-608807","meta":{"profile":["http://fhir.ncpi-project-forge.io/StructureDefinition/ncpi-phenotype"]},"identifier":[{"system":"urn:ncpi:unique-string","value":"VIL-CMG-Broad-Muscle-Bonnemann-WGS-Su-BON-B15-15-3-1-OMIM-608807"}],"status":"final","code":{"coding":[{"system":"http://purl.obolibrary.org/obo/omim.owl","code":"OMIM:608807","display":"MUSCULAR DYSTROPHY, LIMB-GIRDLE, AUTOSOMAL RECESSIVE 10; LGMDR10"}],"text":"MUSCULAR DYSTROPHY, LIMB-GIRDLE, AUTOSOMAL RECESSIVE 10; LGMDR10"},"subject":{"reference":"Patient/P.AnVIL-CMG-Broad-Muscle-Bonnemann-WGS-Su-BON-B15-15-3-1"},"valueCodeableConcept":{"coding":[{"system":"http://snomed.info/sct","code":"373573001","display":"Clinical finding present (situation)"}],"text":"Phenotype Present"},"interpretation":[{"coding":[{"system":"http://terminology.hl7.org/CodeSystem/v3-ObservationInterpretation","code":"POS","display":"Positive"}],"text":"Present"}],"extension":[]}
{"resourceType":"Observation","id":"VIL-CMG-Broad-Muscle-Bonnemann-WGS-Su-BON-B15-15-4-1-OMIM-608807","meta":{"profile":["http://fhir.ncpi-project-forge.io/StructureDefinition/ncpi-phenotype"]},"identifier":[{"system":"urn:ncpi:unique-string","value":"VIL-CMG-Broad-Muscle-Bonnemann-WGS-Su-BON-B15-15-4-1-OMIM-608807"}],"status":"final","code":{"coding":[{"system":"http://purl.obolibrary.org/obo/omim.owl","code":"OMIM:608807","display":"MUSCULAR DYSTROPHY, LIMB-GIRDLE, AUTOSOMAL RECESSIVE 10; LGMDR10"}],"text":"MUSCULAR DYSTROPHY, LIMB-GIRDLE, AUTOSOMAL RECESSIVE 10; LGMDR10"},"subject":{"reference":"Patient/P.AnVIL-CMG-Broad-Muscle-Bonnemann-WGS-Su-BON-B15-15-4-1"},"valueCodeableConcept":{"coding":[{"system":"http://snomed.info/sct","code":"373573001","display":"Clinical finding present (situation)"}],"text":"Phenotype Present"},"interpretation":[{"coding":[{"system":"http://terminology.hl7.org/CodeSystem/v3-ObservationInterpretation","code":"POS","display":"Positive"}],"text":"Present"}],"extension":[]}
{"resourceType":"Observation","id":"VIL-CMG-Broad-Muscle-Bonnemann-WGS-Su-BON-B15-98-1-1-OMIM-255310","meta":{"profile":["http://fhir.ncpi-project-forge.io/StructureDefinition/ncpi-phenotype"]},"identifier":[{"system":"urn:ncpi:unique-string","value":"VIL-CMG-Broad-Muscle-Bonnemann-WGS-Su-BON-B15-98-1-1-OMIM-255310"}],"status":"final","code":{"coding":[{"system":"http://purl.obolibrary.org/obo/omim.owl","code":"OMIM:255310","display":"MYOPATHY, CONGENITAL, WITH FIBER-TYPE DISPROPORTION; CFTD"}],"text":"MYOPATHY, CONGENITAL, WITH FIBER-TYPE DISPROPORTION; CFTD"},"subject":{"reference":"Patient/P.AnVIL-CMG-Broad-Muscle-Bonnemann-WGS-Su-BON-B15-98-1-1"},"valueCodeableConcept":{"coding":[{"system":"http://snomed.info/sct","code":"373573001","display":"Clinical finding present (situation)"}],"text":"Phenotype Present"},"interpretation":[{"coding":[{"system":"http://terminology.hl7.org/CodeSystem/v3-ObservationInterpretation","code":"POS","display":"Positive"}],"text":"Present"}],"extension":[]}
{"resourceType":"Observation","id":"VIL-CMG-Broad-Muscle-Bonnemann-WGS-Su-BON-B15-98-2-1-OMIM-255310","meta":{"profile":["http://fhir.ncpi-project-forge.io/StructureDefinition/ncpi-phenotype"]},"identifier":[{"system":"urn:ncpi:unique-string","value":"VIL-CMG-Broad-Muscle-Bonnemann-WGS-Su-BON-B15-98-2-1-OMIM-255310"}],"status":"final","code":{"coding":[{"system":"http://purl.obolibrary.org/obo/omim.owl","code":"OMIM:255310","display":"MYOPATHY, CONGENITAL, WITH FIBER-TYPE DISPROPORTION; CFTD"}],"text":"MYOPATHY, CONGENITAL, WITH FIBER-TYPE DISPROPORTION; CFTD"},"subject":{"reference":"Patient/P.AnVIL-CMG-Broad-Muscle-Bonnemann-WGS-Su-BON-B15-98-2-1"},"valueCodeableConcept":{"coding":[{"system":"http://snomed.info/sct","code":"373573001","display":"Clinical finding present (situation)"}],"text":"Phenotype Present"},"interpretation":[{"coding":[{"system":"http://terminology.hl7.org/CodeSystem/v3-ObservationInterpretation","code":"POS","display":"Positive"}],"text":"Present"}],"extension":[]}
{"resourceType":"Observation","id":"VIL-CMG-Broad-Muscle-Bonnemann-WGS-Su-BON-B15-98-3-1-OMIM-255310","meta":{"profile":["http://fhir.ncpi-project-forge.io/StructureDefinition/ncpi-phenotype"]},"identifier":[{"system":"urn:ncpi:unique-string","value":"VIL-CMG-Broad-Muscle-Bonnemann-WGS-Su-BON-B15-98-3-1-OMIM-255310"}],"status":"final","code":{"coding":[{"system":"http://purl.obolibrary.org/obo/omim.owl","code":"OMIM:255310","display":"MYOPATHY, CONGENITAL, WITH FIBER-TYPE DISPROPORTION; CFTD"}],"text":"MYOPATHY, CONGENITAL, WITH FIBER-TYPE DISPROPORTION; CFTD"},"subject":{"reference":"Patient/P.AnVIL-CMG-Broad-Muscle-Bonnemann-WGS-Su-BON-B15-98-3-1"},"valueCodeableConcept":{"coding":[{"system":"http://snomed.info/sct","code":"373573001","display":"Clinical finding present (situation)"}],"text":"Phenotype Present"},"interpretation":[{"coding":[{"system":"http://terminology.hl7.org/CodeSystem/v3-ObservationInterpretation","code":"POS","display":"Positive"}],"text":"Present"}],"extension":[]}
{"resourceType":"Observation","id":"VIL-CMG-Broad-Muscle-Bonnemann-WGS-Su-BON-B16-57-1-1-OMIM-608358","meta":{"profile":["http://fhir.ncpi-project-forge.io/StructureDefinition/ncpi-phenotype"]},"identifier":[{"system":"urn:ncpi:unique-string","value":"VIL-CMG-Broad-Muscle-Bonnemann-WGS-Su-BON-B16-57-1-1-OMIM-608358"}],"status":"final","code":{"coding":[{"system":"http://purl.obolibrary.org/obo/omim.owl","code":"OMIM:608358","display":"MYOPATHY, MYOSIN STORAGE, AUTOSOMAL DOMINANT; MSMA"}],"text":"MYOPATHY, MYOSIN STORAGE, AUTOSOMAL DOMINANT; MSMA"},"subject":{"reference":"Patient/P.AnVIL-CMG-Broad-Muscle-Bonnemann-WGS-Su-BON-B16-57-1-1"},"valueCodeableConcept":{"coding":[{"system":"http://snomed.info/sct","code":"373573001","display":"Clinical finding present (situation)"}],"text":"Phenotype Present"},"interpretation":[{"coding":[{"system":"http://terminology.hl7.org/CodeSystem/v3-ObservationInterpretation","code":"POS","display":"Positive"}],"text":"Present"}],"extension":[]}
{"resourceType":"Observation","id":"VIL-CMG-Broad-Muscle-Bonnemann-WGS-Su-BON-B16-57-2-1-OMIM-608358","meta":{"profile":["http://fhir.ncpi-project-forge.io/StructureDefinition/ncpi-phenotype"]},"identifier":[{"system":"urn:ncpi:unique-string","value":"VIL-CMG-Broad-Muscle-Bonnemann-WGS-Su-BON-B16-57-2-1-OMIM-608358"}],"status":"final","code":{"coding":[{"system":"http://purl.obolibrary.org/obo/omim.owl","code":"OMIM:608358","display":"MYOPATHY, MYOSIN STORAGE, AUTOSOMAL DOMINANT; MSMA"}],"text":"MYOPATHY, MYOSIN STORAGE, AUTOSOMAL DOMINANT; MSMA"},"subject":{"reference":"Patient/P.AnVIL-CMG-Broad-Muscle-Bonnemann-WGS-Su-BON-B16-57-2-1"},"valueCodeableConcept":{"coding":[{"system":"http://snomed.info/sct","code":"373573001","display":"Clinical finding present (situation)"}],"text":"Phenotype Present"},"interpretation":[{"coding":[{"system":"http://terminology.hl7.org/CodeSystem/v3-ObservationInterpretation","code":"POS","display":"Positive"}],"text":"Present"}],"extension":[]}
{"resourceType":"Observation","id":"VIL-CMG-Broad-Muscle-Bonnemann-WGS-Su-BON-B16-57-3-1-OMIM-608358","meta":{"profile":["http://fhir.ncpi-project-forge.io/StructureDefinition/ncpi-phenotype"]},"identifier":[{"system":"urn:ncpi:unique-string","value":"VIL-CMG-Broad-Muscle-Bonnemann-WGS-Su-BON-B16-57-3-1-OMIM-608358"}],"status":"final","code":{"coding":[{"system":"http://purl.obolibrary.org/obo/omim.owl","code":"OMIM:608358","display":"MYOPATHY, MYOSIN STORAGE, AUTOSOMAL DOMINANT; MSMA"}],"text":"MYOPATHY, MYOSIN STORAGE, AUTOSOMAL DOMINANT; MSMA"},"subject":{"reference":"Patient/P.AnVIL-CMG-Broad-Muscle-Bonnemann-WGS-Su-BON-B16-57-3-1"},"valueCodeableConcept":{"coding":[{"system":"http://snomed.info/sct","code":"373573001","display":"Clinical finding present (situation)"}],"text":"Phenotype Present"},"interpretation":[{"coding":[{"system":"http://terminology.hl7.org/CodeSystem/v3-ObservationInterpretation","code":"POS","display":"Positive"}],"text":"Present"}],"extension":[]}
{"resourceType":"Observation","id":"VIL-CMG-Broad-Muscle-Bonnemann-WGS-Su-BON-B17-36-1-1-OMIM-616155","meta":{"profile":["http://fhir.ncpi-project-forge.io/StructureDefinition/ncpi-phenotype"]},"identifier":[{"system":"urn:ncpi:unique-string","value":"VIL-CMG-Broad-Muscle-Bonnemann-WGS-Su-BON-B17-36-1-1-OMIM-616155"}],"status":"final","code":{"coding":[{"system":"http://purl.obolibrary.org/obo/omim.owl","code":"OMIM:616155","display":"CHARCOT-MARIE-TOOTH DISEASE, AXONAL, TYPE 2S; CMT2S"}],"text":"CHARCOT-MARIE-TOOTH DISEASE, AXONAL, TYPE 2S; CMT2S"},"subject":{"reference":"Patient/P.AnVIL-CMG-Broad-Muscle-Bonnemann-WGS-Su-BON-B17-36-1-1"},"valueCodeableConcept":{"coding":[{"system":"http://snomed.info/sct","code":"373573001","display":"Clinical finding present (situation)"}],"text":"Phenotype Present"},"interpretation":[{"coding":[{"system":"http://terminology.hl7.org/CodeSystem/v3-ObservationInterpretation","code":"POS","display":"Positive"}],"text":"Present"}],"extension":[]}
{"resourceType":"Observation","id":"VIL-CMG-Broad-Muscle-Bonnemann-WGS-Su-BON-B17-36-2-1-OMIM-616155","meta":{"profile":["http://fhir.ncpi-project-forge.io/StructureDefinition/ncpi-phenotype"]},"identifier":[{"system":"urn:ncpi:unique-string","value":"VIL-CMG-Broad-Muscle-Bonnemann-WGS-Su-BON-B17-36-2-1-OMIM-616155"}],"status":"final","code":{"coding":[{"system":"http://purl.obolibrary.org/obo/omim.owl","code":"OMIM:616155","display":"CHARCOT-MARIE-TOOTH DISEASE, AXONAL, TYPE 2S; CMT2S"}],"text":"CHARCOT-MARIE-TOOTH DISEASE, AXONAL, TYPE 2S; CMT2S"},"subject":{"reference":"Patient/P.AnVIL-CMG-Broad-Muscle-Bonnemann-WGS-Su-BON-B17-36-2-1"},"valueCodeableConcept":{"coding":[{"system":"http://snomed.info/sct","code":"373573001","display":"Clinical finding present (situation)"}],"text":"Phenotype Present"},"interpretation":[{"coding":[{"system":"http://terminology.hl7.org/CodeSystem/v3-ObservationInterpretation","code":"POS","display":"Positive"}],"text":"Present"}],"extension":[]}
{"resourceType":"Observation","id":"VIL-CMG-Broad-Muscle-Bonnemann-WGS-Su-BON-B17-36-3-1-OMIM-616155","meta":{"profile":["http://fhir.ncpi-project-forge.io/StructureDefinition/ncpi-phenotype"]},"identifier":[{"system":"urn:ncpi:unique-string","value":"VIL-CMG-Broad-Muscle-Bonnemann-WGS-Su-BON-B17-36-3-1-OMIM-616155"}],"status":"final","code":{"coding":[{"system":"http://purl.obolibrary.org/obo/omim.owl","code":"OMIM:616155","display":"CHARCOT-MARIE-TOOTH DISEASE, AXONAL, TYPE 2S; CMT2S"}],"text":"CHARCOT-MARIE-TOOTH DISEASE, AXONAL, TYPE 2S; CMT2S"},"subject":{"reference":"Patient/P.AnVIL-CMG-Broad-Muscle-Bonnemann-WGS-Su-BON-B17-36-3-1"},"valueCodeableConcept":{"coding":[{"system":"http://snomed.info/sct","code":"373573001","display":"Clinical finding present (situation)"}],"text":"Phenotype Present"},"interpretation":[{"coding":[{"system":"http://terminology.hl7.org/CodeSystem/v3-ObservationInterpretation","code":"POS","display":"Positive"}],"text":"Present"}],"extension":[]}
{"resourceType":"Observation","id":"VIL-CMG-Broad-Muscle-Bonnemann-WGS-Su-BON-UC219-1-D2-OMIM-617675","meta":{"profile":["http://fhir.ncpi-project-forge.io/StructureDefinition/ncpi-phenotype"]},"identifier":[{"system":"urn:ncpi:unique-string","value":"VIL-CMG-Broad-Muscle-Bonnemann-WGS-Su-BON-UC219-1-D2-OMIM-617675"}],"status":"final","code":{"coding":[{"system":"http://purl.obolibrary.org/obo/omim.owl","code":"OMIM:617675","display":"MYOPATHY, MITOCHONDRIAL, AND ATAXIA; MMYAT"}],"text":"MYOPATHY, MITOCHONDRIAL, AND ATAXIA; MMYAT"},"subject":{"reference":"Patient/P.AnVIL-CMG-Broad-Muscle-Bonnemann-WGS-Su-BON-UC219-1-D2"},"valueCodeableConcept":{"coding":[{"system":"http://snomed.info/sct","code":"373573001","display":"Clinical finding present (situation)"}],"text":"Phenotype Present"},"interpretation":[{"coding":[{"system":"http://terminology.hl7.org/CodeSystem/v3-ObservationInterpretation","code":"POS","display":"Positive"}],"text":"Present"}],"extension":[]}
{"resourceType":"Observation","id":"VIL-CMG-Broad-Muscle-Bonnemann-WGS-Su-BON-UC219-4-D1-OMIM-617675","meta":{"profile":["http://fhir.ncpi-project-forge.io/StructureDefinition/ncpi-phenotype"]},"identifier":[{"system":"urn:ncpi:unique-string","value":"VIL-CMG-Broad-Muscle-Bonnemann-WGS-Su-BON-UC219-4-D1-OMIM-617675"}],"status":"final","code":{"coding":[{"system":"http://purl.obolibrary.org/obo/omim.owl","code":"OMIM:617675","display":"MYOPATHY, MITOCHONDRIAL, AND ATAXIA; MMYAT"}],"text":"MYOPATHY, MITOCHONDRIAL, AND ATAXIA; MMYAT"},"subject":{"reference":"Patient/P.AnVIL-CMG-Broad-Muscle-Bonnemann-WGS-Su-BON-UC219-4-D1"},"valueCodeableConcept":{"coding":[{"system":"http://snomed.info/sct","code":"373573001","display":"Clinical finding present (situation)"}],"text":"Phenotype Present"},"interpretation":[{"coding":[{"system":"http://terminology.hl7.org/CodeSystem/v3-ObservationInterpretation","code":"POS","display":"Positive"}],"text":"Present"}],"extension":[]}
{"resourceType":"Observation","id":"VIL-CMG-Broad-Muscle-Bonnemann-WGS-Su-BON-UC219-5-D1-OMIM-617675","meta":{"profile":["http://fhir.ncpi-project-forge.io/StructureDefinition/ncpi-phenotype"]},"identifier":[{"system":"urn:ncpi:unique-string","value":"VIL-CMG-Broad-Muscle-Bonnemann-WGS-Su-BON-UC219-5-D1-OMIM-617675"}],"status":"final","code":{"coding":[{"system":"http://purl.obolibrary.org/obo/omim.owl","code":"OMIM:617675","display":"MYOPATHY, MITOCHONDRIAL, AND ATAXIA; MMYAT"}],"text":"MYOPATHY, MITOCHONDRIAL, AND ATAXIA; MMYAT"},"subject":{"reference":"Patient/P.AnVIL-CMG-Broad-Muscle-Bonnemann-WGS-Su-BON-UC219-5-D1"},"valueCodeableConcept":{"coding":[{"system":"http://snomed.info/sct","code":"373573001","display":"Clinical finding present (situation)"}],"text":"Phenotype Present"},"interpretation":[{"coding":[{"system":"http://terminology.hl7.org/CodeSystem/v3-ObservationInterpretation","code":"POS","display":"Positive"}],"text":"Present"}],"extension":[]}
{"resourceType":"Observation","id":"nVIL-CMG-Broad-Muscle-Bonnemann-WGS-Su-BON-UC499-1-1-OMIM-617675","meta":{"profile":["http://fhir.ncpi-project-forge.io/StructureDefinition/ncpi-phenotype"]},"identifier":[{"system":"urn:ncpi:unique-string","value":"nVIL-CMG-Broad-Muscle-Bonnemann-WGS-Su-BON-UC499-1-1-OMIM-617675"}],"status":"final","code":{"coding":[{"system":"http://purl.obolibrary.org/obo/omim.owl","code":"OMIM:617675","display":"MYOPATHY, MITOCHONDRIAL, AND ATAXIA; MMYAT"}],"text":"MYOPATHY, MITOCHONDRIAL, AND ATAXIA; MMYAT"},"subject":{"reference":"Patient/P.AnVIL-CMG-Broad-Muscle-Bonnemann-WGS-Su-BON-UC499-1-1"},"valueCodeableConcept":{"coding":[{"system":"http://snomed.info/sct","code":"373573001","display":"Clinical finding present (situation)"}],"text":"Phenotype Present"},"interpretation":[{"coding":[{"system":"http://terminology.hl7.org/CodeSystem/v3-ObservationInterpretation","code":"POS","display":"Positive"}],"text":"Present"}],"extension":[]}
{"resourceType":"Observation","id":"nVIL-CMG-Broad-Muscle-Bonnemann-WGS-Su-BON-UC499-3-1-OMIM-617675","meta":{"profile":["http://fhir.ncpi-project-forge.io/StructureDefinition/ncpi-phenotype"]},"identifier":[{"system":"urn:ncpi:unique-string","value":"nVIL-CMG-Broad-Muscle-Bonnemann-WGS-Su-BON-UC499-3-1-OMIM-617675"}],"status":"final","code":{"coding":[{"system":"http://purl.obolibrary.org/obo/omim.owl","code":"OMIM:617675","display":"MYOPATHY, MITOCHONDRIAL, AND ATAXIA; MMYAT"}],"text":"MYOPATHY, MITOCHONDRIAL, AND ATAXIA; MMYAT"},"subject":{"reference":"Patient/P.AnVIL-CMG-Broad-Muscle-Bonnemann-WGS-Su-BON-UC499-3-1"},"valueCodeableConcept":{"coding":[{"system":"http://snomed.info/sct","code":"373573001","display":"Clinical finding present (situation)"}],"text":"Phenotype Present"},"interpretation":[{"coding":[{"system":"http://terminology.hl7.org/CodeSystem/v3-ObservationInterpretation","code":"POS","display":"Positive"}],"text":"Present"}],"extension":[]}
{"resourceType":"Observation","id":"nVIL-CMG-Broad-Muscle-Bonnemann-WGS-Su-BON-UC499-4-1-OMIM-617675","meta":{"profile":["http://fhir.ncpi-project-forge.io/StructureDefinition/ncpi-phenotype"]},"identifier":[{"system":"urn:ncpi:unique-string","value":"nVIL-CMG-Broad-Muscle-Bonnemann-WGS-Su-BON-UC499-4-1-OMIM-617675"}],"status":"final","code":{"coding":[{"system":"http://purl.obolibrary.org/obo/omim.owl","code":"OMIM:617675","display":"MYOPATHY, MITOCHONDRIAL, AND ATAXIA; MMYAT"}],"text":"MYOPATHY, MITOCHONDRIAL, AND ATAXIA; MMYAT"},"subject":{"reference":"Patient/P.AnVIL-CMG-Broad-Muscle-Bonnemann-WGS-Su-BON-UC499-4-1"},"valueCodeableConcept":{"coding":[{"system":"http://snomed.info/sct","code":"373573001","display":"Clinical finding present (situation)"}],"text":"Phenotype Present"},"interpretation":[{"coding":[{"system":"http://terminology.hl7.org/CodeSystem/v3-ObservationInterpretation","code":"POS","display":"Positive"}],"text":"Present"}],"extension":[]}
