{"resourceType":"ResearchSubject","id":"P.AnVIL-CMG-Broad-Muscle-Bonnemann-WGS-Su-B12-30DNA","meta":{"profile":["http://hl7.org/fhir/StructureDefinition/ResearchSubject"]},"identifier":[{"system":"https://anvil.terra.bio/#workspaces/anvil-datastorage/AnVIL_CMG_Broad_Muscle_Bonnemann_WGS","value":"AnVIL_CMG_Broad_Muscle_Bonnemann_WGS/Su/B12-30DNA"},{"system":"urn:ncpi:unique-string","value":"P.AnVIL-CMG-Broad-Muscle-Bonnemann-WGS-Su-B12-30DNA"}],"status":"off-study","study":{"reference":"ResearchStudy/AnVIL-CMG-Broad-Muscle-Bonnemann-WGS"},"individual":{"reference":"Patient/P.AnVIL-CMG-Broad-Muscle-Bonnemann-WGS-Su-B12-30DNA"}}
{"resourceType":"ResearchSubject","id":"P.AnVIL-CMG-Broad-Muscle-Bonnemann-WGS-Su-B14-07DNA","meta":{"profile":["http://hl7.org/fhir/StructureDefinition/ResearchSubject"]},"identifier":[{"system":"https://anvil.terra.bio/#workspaces/anvil-datastorage/AnVIL_CMG_Broad_Muscle_Bonnemann_WGS","value":"AnVIL_CMG_Broad_Muscle_Bonnemann_WGS/Su/B14-07DNA"},{"system":"urn:ncpi:unique-string","value":"P.AnVIL-CMG-Broad-Muscle-Bonnemann-WGS-Su-B14-07DNA"}],"status":"off-study","study":{"reference":"ResearchStudy/AnVIL-CMG-Broad-Muscle-Bonnemann-WGS"},"individual":{"reference":"Patient/P.AnVIL-CMG-Broad-Muscle-Bonnemann-WGS-Su-B14-07DNA"}}
{"resourceType":"ResearchSubject","id":"P.AnVIL-CMG-Broad-Muscle-Bonnemann-WGS-Su-BON-B09-25-D1","meta":{"profile":["http://hl7.org/fhir/StructureDefinition/ResearchSubject"]},"identifier":[{"system":"https://anvil.terra.bio/#workspaces/anvil-datastorage/AnVIL_CMG_Broad_Muscle_Bonnemann_WGS","value":"AnVIL_CMG_Broad_Muscle_Bonnemann_WGS/Su/BON_B09_25_D1"},{"system":"urn:ncpi:unique-string","value":"P.AnVIL-CMG-Broad-Muscle-Bonnemann-WGS-Su-BON-B09-25-D1"}],"status":"off-study","study":{"reference":"ResearchStudy/AnVIL-CMG-Broad-Muscle-Bonnemann-WGS"},"individual":{"reference":"Patient/P.AnVIL-CMG-Broad-Muscle-Bonnemann-WGS-Su-BON-B09-25-D1"}}
{"resourceType":"ResearchSubject","id":"P.AnVIL-CMG-Broad-Muscle-Bonnemann-WGS-Su-BON-B09-27-1-D2","meta":{"profile":["http://hl7.org/fhir/StructureDefinition/ResearchSubject"]},"identifier":[{"system":"https://anvil.terra.bio/#workspaces/anvil-datastorage/AnVIL_CMG_Broad_Muscle_Bonnemann_WGS","value":"AnVIL_CMG_Broad_Muscle_Bonnemann_WGS/Su/BON_B09_27_1_D2"},{"system":"urn:ncpi:unique-string","value":"P.AnVIL-CMG-Broad-Muscle-Bonnemann-WGS-Su-BON-B09-27-1-D2"}],"status":"off-study","study":{"reference":"ResearchStudy/AnVIL-CMG-Broad-Muscle-Bonnemann-WGS"},"individual":{"reference":"Patient/P.AnVIL-CMG-Broad-Muscle-Bonnemann-WGS-Su-BON-B09-27-1-D2"}}
{"resourceType":"ResearchSubject","id":"P.AnVIL-CMG-Broad-Muscle-Bonnemann-WGS-Su-BON-B09-27-2-D1","meta":{"profile":["http://hl7.org/fhir/StructureDefinition/ResearchSubject"]},"identifier":[{"system":"https://anvil.terra.bio/#workspaces/anvil-datastorage/AnVIL_CMG_Broad_Muscle_Bonnemann_WGS","value":"AnVIL_CMG_Broad_Muscle_Bonnemann_WGS/Su/BON_B09_27_2_D1"},{"system":"urn:ncpi:unique-string","value":"P.AnVIL-CMG-Broad-Muscle-Bonnemann-WGS-Su-BON-B09-27-2-D1"}],"status":"off-study","study":{"reference":"ResearchStudy/AnVIL-CMG-Broad-Muscle-Bonnemann-WGS"},"individual":{"reference":"Patient/P.AnVIL-CMG-Broad-Muscle-Bonnemann-WGS-Su-BON-B09-27-2-D1"}}
{"resourceType":"ResearchSubject","id":"P.AnVIL-CMG-Broad-Muscle-Bonnemann-WGS-Su-BON-B09-27-3-D1","meta":{"profile":["http://hl7.org/fhir/StructureDefinition/ResearchSubject"]},"identifier":[{"system":"https://anvil.terra.bio/#workspaces/anvil-datastorage/AnVIL_CMG_Broad_Muscle_Bonnemann_WGS","value":"AnVIL_CMG_Broad_Muscle_Bonnemann_WGS/Su/BON_B09_27_3_D1"},{"system":"urn:ncpi:unique-string","value":"P.AnVIL-CMG-Broad-Muscle-Bonnemann-WGS-Su-BON-B09-27-3-D1"}],"status":"off-study","study":{"reference":"ResearchStudy/AnVIL-CMG-Broad-Muscle-Bonnemann-WGS"},"individual":{"reference":"Patient/P.AnVIL-CMG-Broad-Muscle-Bonnemann-WGS-Su-BON-B09-27-3-D1"}}
{"resourceType":"ResearchSubject","id":"P.AnVIL-CMG-Broad-Muscle-Bonnemann-WGS-Su-BON-B10-02-1-D1","meta":{"profile":["http://hl7.org/fhir/StructureDefinition/ResearchSubject"]},"identifier":[{"system":"https://anvil.terra.bio/#workspaces/anvil-datastorage/AnVIL_CMG_Broad_Muscle_Bonnemann_WGS","value":"AnVIL_CMG_Broad_Muscle_Bonnemann_WGS/Su/BON_B10_02_1_D1"},{"system":"urn:ncpi:unique-string","value":"P.AnVIL-CMG-Broad-Muscle-Bonnemann-WGS-Su-BON-B10-02-1-D1"}],"status":"off-study","study":{"reference":"ResearchStudy/AnVIL-CMG-Broad-Muscle-Bonnemann-WGS"},"individual":{"reference":"Patient/P.AnVIL-CMG-Broad-Muscle-Bonnemann-WGS-Su-BON-B10-02-1-D1"}}
{"resourceType":"ResearchSubject","id":"P.AnVIL-CMG-Broad-Muscle-Bonnemann-WGS-Su-BON-B11-25-1-D1","meta":{"profile":["http://hl7.org/fhir/StructureDefinition/ResearchSubject"]},"identifier":[{"system":"https://anvil.terra.bio/#workspaces/anvil-datastorage/AnVIL_CMG_Broad_Muscle_Bonnemann_WGS","value":"AnVIL_CMG_Broad_Muscle_Bonnemann_WGS/Su/BON_B11_25_1_D1"},{"system":"urn:ncpi:unique-string","value":"P.AnVIL-CMG-Broad-Muscle-Bonnemann-WGS-Su-BON-B11-25-1-D1"}],"status":"off-study","study":{"reference":"ResearchStudy/AnVIL-CMG-Broad-Muscle-Bonnemann-WGS"},"individual":{"reference":"Patient/P.AnVIL-CMG-Broad-Muscle-Bonnemann-WGS-Su-BON-B11-25-1-D1"}}
{"resourceType":"ResearchSubject","id":"P.AnVIL-CMG-Broad-Muscle-Bonnemann-WGS-Su-BON-B12-71-1-1","meta":{"profile":["http://hl7.org/fhir/StructureDefinition/ResearchSubject"]},"identifier":[{"system":"https://anvil.terra.bio/#workspaces/anvil-datastorage/AnVIL_CMG_Broad_Muscle_Bonnemann_WGS","value":"AnVIL_CMG_Broad_Muscle_Bonnemann_WGS/Su/BON_B12-71_1_1"},{"system":"urn:ncpi:unique-string","value":"P.AnVIL-CMG-Broad-Muscle-Bonnemann-WGS-Su-BON-B12-71-1-1"}],"status":"off-study","study":{"reference":"ResearchStudy/AnVIL-CMG-Broad-Muscle-Bonnemann-WGS"},"individual":{"reference":"Patient/P.AnVIL-CMG-Broad-Muscle-Bonnemann-WGS-Su-BON-B12-71-1-1"}}
{"resourceType":"ResearchSubject","id":"P.AnVIL-CMG-Broad-Muscle-Bonnemann-WGS-Su-BON-B12-71-2-1","meta":{"profile":["http://hl7.org/fhir/StructureDefinition/ResearchSubject"]},"identifier":[{"system":"https://anvil.terra.bio/#workspaces/anvil-datastorage/AnVIL_CMG_Broad_Muscle_Bonnemann_WGS","value":"AnVIL_CMG_Broad_Muscle_Bonnemann_WGS/Su/BON_B12-71_2_1"},{"system":"urn:ncpi:unique-string","value":"P.AnVIL-CMG-Broad-Muscle-Bonnemann-WGS-Su-BON-B12-71-2-1"}],"status":"off-study","study":{"reference":"ResearchStudy/AnVIL-CMG-Broad-Muscle-Bonnemann-WGS"},"individual":{"reference":"Patient/P.AnVIL-CMG-Broad-Muscle-Bonnemann-WGS-Su-BON-B12-71-2-1"}}
{"resourceType":"ResearchSubject","id":"P.AnVIL-CMG-Broad-Muscle-Bonnemann-WGS-Su-BON-B12-71-3-1","meta":{"profile":["http://hl7.org/fhir/StructureDefinition/ResearchSubject"]},"identifier":[{"system":"https://anvil.terra.bio/#workspaces/anvil-datastorage/AnVIL_CMG_Broad_Muscle_Bonnemann_WGS","value":"AnVIL_CMG_Broad_Muscle_Bonnemann_WGS/Su/BON_B12-71_3_1"},{"system":"urn:ncpi:unique-string","value":"P.AnVIL-CMG-Broad-Muscle-Bonnemann-WGS-Su-BON-B12-71-3-1"}],"status":"off-study","study":{"reference":"ResearchStudy/AnVIL-CMG-Broad-Muscle-Bonnemann-WGS"},"individual":{"reference":"Patient/P.AnVIL-CMG-Broad-Muscle-Bonnemann-WGS-Su-BON-B12-71-3-1"}}
{"resourceType":"ResearchSubject","id":"P.AnVIL-CMG-Broad-Muscle-Bonnemann-WGS-Su-BON-B12-71-4-1","meta":{"profile":["http://hl7.org/fhir/StructureDefinition/ResearchSubject"]},"identifier":[{"system":"https://anvil.terra.bio/#workspaces/anvil-datastorage/AnVIL_CMG_Broad_Muscle_Bonnemann_WGS","value":"AnVIL_CMG_Broad_Muscle_Bonnemann_WGS/Su/BON_B12-71_4_1"},{"system":"urn:ncpi:unique-string","value":"P.AnVIL-CMG-Broad-Muscle-Bonnemann-WGS-Su-BON-B12-71-4-1"}],"status":"off-study","study":{"reference":"ResearchStudy/AnVIL-CMG-Broad-Muscle-Bonnemann-WGS"},"individual":{"reference":"Patient/P.AnVIL-CMG-Broad-Muscle-Bonnemann-WGS-Su-BON-B12-71-4-1"}}
{"resourceType":"ResearchSubject","id":"P.AnVIL-CMG-Broad-Muscle-Bonnemann-WGS-Su-BON-B12-74-1-D2","meta":{"profile":["http://hl7.org/fhir/StructureDefinition/ResearchSubject"]},"identifier":[{"system":"https://anvil.terra.bio/#workspaces/anvil-datastorage/AnVIL_CMG_Broad_Muscle_Bonnemann_WGS","value":"AnVIL_CMG_Broad_Muscle_Bonnemann_WGS/Su/BON_B12_74_1_D2"},{"system":"urn:ncpi:unique-string","value":"P.AnVIL-CMG-Broad-Muscle-Bonnemann-WGS-Su-BON-B12-74-1-D2"}],"status":"off-study","study":{"reference":"ResearchStudy/AnVIL-CMG-Broad-Muscle-Bonnemann-WGS"},"individual":{"reference":"Patient/P.AnVIL-CMG-Broad-Muscle-Bonnemann-WGS-Su-BON-B12-74-1-D2"}}
{"resourceType":"ResearchSubject","id":"P.AnVIL-CMG-Broad-Muscle-Bonnemann-WGS-Su-BON-B12-74-2-D1","meta":{"profile":["http://hl7.org/fhir/StructureDefinition/ResearchSubject"]},"identifier":[{"system":"https://anvil.terra.bio/#workspaces/anvil-datastorage/AnVIL_CMG_Broad_Muscle_Bonnemann_WGS","value":"AnVIL_CMG_Broad_Muscle_Bonnemann_WGS/Su/BON_B12_74_2_D1"},{"system":"urn:ncpi:unique-string","value":"P.AnVIL-CMG-Broad-Muscle-Bonnemann-WGS-Su-BON-B12-74-2-D1"}],"status":"off-study","study":{"reference":"ResearchStudy/AnVIL-CMG-Broad-Muscle-Bonnemann-WGS"},"individual":{"reference":"Patient/P.AnVIL-CMG-Broad-Muscle-Bonnemann-WGS-Su-BON-B12-74-2-D1"}}
{"resourceType":"ResearchSubject","id":"P.AnVIL-CMG-Broad-Muscle-Bonnemann-WGS-Su-BON-B12-74-3-D1","meta":{"profile":["http://hl7.org/fhir/StructureDefinition/ResearchSubject"]},"identifier":[{"system":"https://anvil.terra.bio/#workspaces/anvil-datastorage/AnVIL_CMG_Broad_Muscle_Bonnemann_WGS","value":"AnVIL_CMG_Broad_Muscle_Bonnemann_WGS/Su/BON_B12_74_3_D1"},{"system":"urn:ncpi:unique-string","value":"P.AnVIL-CMG-Broad-Muscle-Bonnemann-WGS-Su-BON-B12-74-3-D1"}],"status":"off-study","study":{"reference":"ResearchStudy/AnVIL-CMG-Broad-Muscle-Bonnemann-WGS"},"individual":{"reference":"Patient/P.AnVIL-CMG-Broad-Muscle-Bonnemann-WGS-Su-BON-B12-74-3-D1"}}
{"resourceType":"ResearchSubject","id":"P.AnVIL-CMG-Broad-Muscle-Bonnemann-WGS-Su-BON-B13-55-1-1","meta":{"profile":["http://hl7.org/fhir/StructureDefinition/ResearchSubject"]},"identifier":[{"system":"https://anvil.terra.bio/#workspaces/anvil-datastorage/AnVIL_CMG_Broad_Muscle_Bonnemann_WGS","value":"AnVIL_CMG_Broad_Muscle_Bonnemann_WGS/Su/BON_B13-55_1_1"},{"system":"urn:ncpi:unique-string","value":"P.AnVIL-CMG-Broad-Muscle-Bonnemann-WGS-Su-BON-B13-55-1-1"}],"status":"off-study","study":{"reference":"ResearchStudy/AnVIL-CMG-Broad-Muscle-Bonnemann-WGS"},"individual":{"reference":"Patient/P.AnVIL-CMG-Broad-Muscle-Bonnemann-WGS-Su-BON-B13-55-1-1"}}
{"resourceType":"ResearchSubject","id":"P.AnVIL-CMG-Broad-Muscle-Bonnemann-WGS-Su-BON-B13-55-2-1","meta":{"profile":["http://hl7.org/fhir/StructureDefinition/ResearchSubject"]},"identifier":[{"system":"https://anvil.terra.bio/#workspaces/anvil-datastorage/AnVIL_CMG_Broad_Muscle_Bonnemann_WGS","value":"AnVIL_CMG_Broad_Muscle_Bonnemann_WGS/Su/BON_B13-55_2_1"},{"system":"urn:ncpi:unique-string","value":"P.AnVIL-CMG-Broad-Muscle-Bonnemann-WGS-Su-BON-B13-55-2-1"}],"status":"off-study","study":{"reference":"ResearchStudy/AnVIL-CMG-Broad-Muscle-Bonnemann-WGS"},"individual":{"reference":"Patient/P.AnVIL-CMG-Broad-Muscle-Bonnemann-WGS-Su-BON-B13-55-2-1"}}
{"resourceType":"ResearchSubject","id":"P.AnVIL-CMG-Broad-Muscle-Bonnemann-WGS-Su-BON-B13-55-3-1","meta":{"profile":["http://hl7.org/fhir/StructureDefinition/ResearchSubject"]},"identifier":[{"system":"https://anvil.terra.bio/#workspaces/anvil-datastorage/AnVIL_CMG_Broad_Muscle_Bonnemann_WGS","value":"AnVIL_CMG_Broad_Muscle_Bonnemann_WGS/Su/BON_B13-55_3_1"},{"system":"urn:ncpi:unique-string","value":"P.AnVIL-CMG-Broad-Muscle-Bonnemann-WGS-Su-BON-B13-55-3-1"}],"status":"off-study","study":{"reference":"ResearchStudy/AnVIL-CMG-Broad-Muscle-Bonnemann-WGS"},"individual":{"reference":"Patient/P.AnVIL-CMG-Broad-Muscle-Bonnemann-WGS-Su-BON-B13-55-3-1"}}
{"resourceType":"ResearchSubject","id":"P.AnVIL-CMG-Broad-Muscle-Bonnemann-WGS-Su-BON-B13-07-1-D1","meta":{"profile":["http://hl7.org/fhir/StructureDefinition/ResearchSubject"]},"identifier":[{"system":"https://anvil.terra.bio/#workspaces/anvil-datastorage/AnVIL_CMG_Broad_Muscle_Bonnemann_WGS","value":"AnVIL_CMG_Broad_Muscle_Bonnemann_WGS/Su/BON_B13_07_1_D1"},{"system":"urn:ncpi:unique-string","value":"P.AnVIL-CMG-Broad-Muscle-Bonnemann-WGS-Su-BON-B13-07-1-D1"}],"status":"off-study","study":{"reference":"ResearchStudy/AnVIL-CMG-Broad-Muscle-Bonnemann-WGS"},"individual":{"reference":"Patient/P.AnVIL-CMG-Broad-Muscle-Bonnemann-WGS-Su-BON-B13-07-1-D1"}}
{"resourceType":"ResearchSubject","id":"P.AnVIL-CMG-Broad-Muscle-Bonnemann-WGS-Su-BON-B13-52-1-D1","meta":{"profile":["http://hl7.org/fhir/StructureDefinition/ResearchSubject"]},"identifier":[{"system":"https://anvil.terra.bio/#workspaces/anvil-datastorage/AnVIL_CMG_Broad_Muscle_Bonnemann_WGS","value":"AnVIL_CMG_Broad_Muscle_Bonnemann_WGS/Su/BON_B13_52_1_D1"},{"system":"urn:ncpi:unique-string","value":"P.AnVIL-CMG-Broad-Muscle-Bonnemann-WGS-Su-BON-B13-52-1-D1"}],"status":"off-study","study":{"reference":"ResearchStudy/AnVIL-CMG-Broad-Muscle-Bonnemann-WGS"},"individual":{"reference":"Patient/P.AnVIL-CMG-Broad-Muscle-Bonnemann-WGS-Su-BON-B13-52-1-D1"}}
{"resourceType":"ResearchSubject","id":"P.AnVIL-CMG-Broad-Muscle-Bonnemann-WGS-Su-BON-B14-20-2","meta":{"profile":["http://hl7.org/fhir/StructureDefinition/ResearchSubject"]},"identifier":[{"system":"https://anvil.terra.bio/#workspaces/anvil-datastorage/AnVIL_CMG_Broad_Muscle_Bonnemann_WGS","value":"AnVIL_CMG_Broad_Muscle_Bonnemann_WGS/Su/BON_B14-20_2"},{"system":"urn:ncpi:unique-string","value":"P.AnVIL-CMG-Broad-Muscle-Bonnemann-WGS-Su-BON-B14-20-2"}],"status":"off-study","study":{"reference":"ResearchStudy/AnVIL-CMG-Broad-Muscle-Bonnemann-WGS"},"individual":{"reference":"Patient/P.AnVIL-CMG-Broad-Muscle-Bonnemann-WGS-Su-BON-B14-20-2"}}
{"resourceType":"ResearchSubject","id":"P.AnVIL-CMG-Broad-Muscle-Bonnemann-WGS-Su-BON-B14-51-1-1","meta":{"profile":["http://hl7.org/fhir/StructureDefinition/ResearchSubject"]},"identifier":[{"system":"https://anvil.terra.bio/#workspaces/anvil-datastorage/AnVIL_CMG_Broad_Muscle_Bonnemann_WGS","value":"AnVIL_CMG_Broad_Muscle_Bonnemann_WGS/Su/BON_B14-51_1_1"},{"system":"urn:ncpi:unique-string","value":"P.AnVIL-CMG-Broad-Muscle-Bonnemann-WGS-Su-BON-B14-51-1-1"}],"status":"off-study","study":{"reference":"ResearchStudy/AnVIL-CMG-Broad-Muscle-Bonnemann-WGS"},"individual":{"reference":"Patient/P.AnVIL-CMG-Broad-Muscle-Bonnemann-WGS-Su-BON-B14-51-1-1"}}
{"resourceType":"ResearchSubject","id":"P.AnVIL-CMG-Broad-Muscle-Bonnemann-WGS-Su-BON-B14-51-2-1","meta":{"profile":["http://hl7.org/fhir/StructureDefinition/ResearchSubject"]},"identifier":[{"system":"https://anvil.terra.bio/#workspaces/anvil-datastorage/AnVIL_CMG_Broad_Muscle_Bonnemann_WGS","value":"AnVIL_CMG_Broad_Muscle_Bonnemann_WGS/Su/BON_B14-51_2_1"},{"system":"urn:ncpi:unique-string","value":"P.AnVIL-CMG-Broad-Muscle-Bonnemann-WGS-Su-BON-B14-51-2-1"}],"status":"off-study","study":{"reference":"ResearchStudy/AnVIL-CMG-Broad-Muscle-Bonnemann-WGS"},"individual":{"reference":"Patient/P.AnVIL-CMG-Broad-Muscle-Bonnemann-WGS-Su-BON-B14-51-2-1"}}
{"resourceType":"ResearchSubject","id":"P.AnVIL-CMG-Broad-Muscle-Bonnemann-WGS-Su-BON-B14-51-3-1","meta":{"profile":["http://hl7.org/fhir/StructureDefinition/ResearchSubject"]},"identifier":[{"system":"https://anvil.terra.bio/#workspaces/anvil-datastorage/AnVIL_CMG_Broad_Muscle_Bonnemann_WGS","value":"AnVIL_CMG_Broad_Muscle_Bonnemann_WGS/Su/BON_B14-51_3_1"},{"system":"urn:ncpi:unique-string","value":"P.AnVIL-CMG-Broad-Muscle-Bonnemann-WGS-Su-BON-B14-51-3-1"}],"status":"off-study","study":{"reference":"ResearchStudy/AnVIL-CMG-Broad-Muscle-Bonnemann-WGS"},"individual":{"reference":"Patient/P.AnVIL-CMG-Broad-Muscle-Bonnemann-WGS-Su-BON-B14-51-3-1"}}
{"resourceType":"ResearchSubject","id":"P.AnVIL-CMG-Broad-Muscle-Bonnemann-WGS-Su-BON-B14-70-1-1","meta":{"profile":["http://hl7.org/fhir/StructureDefinition/ResearchSubject"]},"identifier":[{"system":"https://anvil.terra.bio/#workspaces/anvil-datastorage/AnVIL_CMG_Broad_Muscle_Bonnemann_WGS","value":"AnVIL_CMG_Broad_Muscle_Bonnemann_WGS/Su/BON_B14-70_1_1"},{"system":"urn:ncpi:unique-string","value":"P.AnVIL-CMG-Broad-Muscle-Bonnemann-WGS-Su-BON-B14-70-1-1"}],"status":"off-study","study":{"reference":"ResearchStudy/AnVIL-CMG-Broad-Muscle-Bonnemann-WGS"},"individual":{"reference":"Patient/P.AnVIL-CMG-Broad-Muscle-Bonnemann-WGS-Su-BON-B14-70-1-1"}}
{"resourceType":"ResearchSubject","id":"P.AnVIL-CMG-Broad-Muscle-Bonnemann-WGS-Su-BON-B14-70-2-1","meta":{"profile":["http://hl7.org/fhir/StructureDefinition/ResearchSubject"]},"identifier":[{"system":"https://anvil.terra.bio/#workspaces/anvil-datastorage/AnVIL_CMG_Broad_Muscle_Bonnemann_WGS","value":"AnVIL_CMG_Broad_Muscle_Bonnemann_WGS/Su/BON_B14-70_2_1"},{"system":"urn:ncpi:unique-string","value":"P.AnVIL-CMG-Broad-Muscle-Bonnemann-WGS-Su-BON-B14-70-2-1"}],"status":"off-study","study":{"reference":"ResearchStudy/AnVIL-CMG-Broad-Muscle-Bonnemann-WGS"},"individual":{"reference":"Patient/P.AnVIL-CMG-Broad-Muscle-Bonnemann-WGS-Su-BON-B14-70-2-1"}}
{"resourceType":"ResearchSubject","id":"P.AnVIL-CMG-Broad-Muscle-Bonnemann-WGS-Su-BON-B14-70-3-1","meta":{"profile":["http://hl7.org/fhir/StructureDefinition/ResearchSubject"]},"identifier":[{"system":"https://anvil.terra.bio/#workspaces/anvil-datastorage/AnVIL_CMG_Broad_Muscle_Bonnemann_WGS","value":"AnVIL_CMG_Broad_Muscle_Bonnemann_WGS/Su/BON_B14-70_3_1"},{"system":"urn:ncpi:unique-string","value":"P.AnVIL-CMG-Broad-Muscle-Bonnemann-WGS-Su-BON-B14-70-3-1"}],"status":"off-study","study":{"reference":"ResearchStudy/AnVIL-CMG-Broad-Muscle-Bonnemann-WGS"},"individual":{"reference":"Patient/P.AnVIL-CMG-Broad-Muscle-Bonnemann-WGS-Su-BON-B14-70-3-1"}}
{"resourceType":"ResearchSubject","id":"P.AnVIL-CMG-Broad-Muscle-Bonnemann-WGS-Su-BON-B14-117-1-D1","meta":{"profile":["http://hl7.org/fhir/StructureDefinition/ResearchSubject"]},"identifier":[{"system":"https://anvil.terra.bio/#workspaces/anvil-datastorage/AnVIL_CMG_Broad_Muscle_Bonnemann_WGS","value":"AnVIL_CMG_Broad_Muscle_Bonnemann_WGS/Su/BON_B14_117_1_D1"},{"system":"urn:ncpi:unique-string","value":"P.AnVIL-CMG-Broad-Muscle-Bonnemann-WGS-Su-BON-B14-117-1-D1"}],"status":"off-study","study":{"reference":"ResearchStudy/AnVIL-CMG-Broad-Muscle-Bonnemann-WGS"},"individual":{"reference":"Patient/P.AnVIL-CMG-Broad-Muscle-Bonnemann-WGS-Su-BON-B14-117-1-D1"}}
{"resourceType":"ResearchSubject","id":"P.AnVIL-CMG-Broad-Muscle-Bonnemann-WGS-Su-BON-B14-163-1-D1","meta":{"profile":["http://hl7.org/fhir/StructureDefinition/ResearchSubject"]},"identifier":[{"system":"https://anvil.terra.bio/#workspaces/anvil-datastorage/AnVIL_CMG_Broad_Muscle_Bonnemann_WGS","value":"AnVIL_CMG_Broad_Muscle_Bonnemann_WGS/Su/BON_B14_163_1_D1"},{"system":"urn:ncpi:unique-string","value":"P.AnVIL-CMG-Broad-Muscle-Bonnemann-WGS-Su-BON-B14-163-1-D1"}],"status":"off-study","study":{"reference":"ResearchStudy/AnVIL-CMG-Broad-Muscle-Bonnemann-WGS"},"individual":{"reference":"Patient/P.AnVIL-CMG-Broad-Muscle-Bonnemann-WGS-Su-BON-B14-163-1-D1"}}
{"resourceType":"ResearchSubject","id":"P.AnVIL-CMG-Broad-Muscle-Bonnemann-WGS-Su-BON-B14-163-3-D1","meta":{"profile":["http://hl7.org/fhir/StructureDefinition/ResearchSubject"]},"identifier":[{"system":"https://anvil.terra.bio/#workspaces/anvil-datastorage/AnVIL_CMG_Broad_Muscle_Bonnemann_WGS","value":"AnVIL_CMG_Broad_Muscle_Bonnemann_WGS/Su/BON_B14_163_3_D1"},{"system":"urn:ncpi:unique-string","value":"P.AnVIL-CMG-Broad-Muscle-Bonnemann-WGS-Su-BON-B14-163-3-D1"}],"status":"off-study","study":{"reference":"ResearchStudy/AnVIL-CMG-Broad-Muscle-Bonnemann-WGS"},"individual":{"reference":"Patient/P.AnVIL-CMG-Broad-Muscle-Bonnemann-WGS-Su-BON-B14-163-3-D1"}}
{"resourceType":"ResearchSubject","id":"P.AnVIL-CMG-Broad-Muscle-Bonnemann-WGS-Su-BON-B14-163-4-D1","meta":{"profile":["http://hl7.org/fhir/StructureDefinition/ResearchSubject"]},"identifier":[{"system":"https://anvil.terra.bio/#workspaces/anvil-datastorage/AnVIL_CMG_Broad_Muscle_Bonnemann_WGS","value":"AnVIL_CMG_Broad_Muscle_Bonnemann_WGS/Su/BON_B14_163_4_D1"},{"system":"urn:ncpi:unique-string","value":"P.AnVIL-CMG-Broad-Muscle-Bonnemann-WGS-Su-BON-B14-163-4-D1"}],"status":"off-study","study":{"reference":"ResearchStudy/AnVIL-CMG-Broad-Muscle-Bonnemann-WGS"},"individual":{"reference":"Patient/P.AnVIL-CMG-Broad-Muscle-Bonnemann-WGS-Su-BON-B14-163-4-D1"}}
{"resourceType":"ResearchSubject","id":"P.AnVIL-CMG-Broad-Muscle-Bonnemann-WGS-Su-BON-B14-48-1-D2","meta":{"profile":["http://hl7.org/fhir/StructureDefinition/ResearchSubject"]},"identifier":[{"system":"https://anvil.terra.bio/#workspaces/anvil-datastorage/AnVIL_CMG_Broad_Muscle_Bonnemann_WGS","value":"AnVIL_CMG_Broad_Muscle_Bonnemann_WGS/Su/BON_B14_48_1_D2"},{"system":"urn:ncpi:unique-string","value":"P.AnVIL-CMG-Broad-Muscle-Bonnemann-WGS-Su-BON-B14-48-1-D2"}],"status":"off-study","study":{"reference":"ResearchStudy/AnVIL-CMG-Broad-Muscle-Bonnemann-WGS"},"individual":{"reference":"Patient/P.AnVIL-CMG-Broad-Muscle-Bonnemann-WGS-Su-BON-B14-48-1-D2"}}
{"resourceType":"ResearchSubject","id":"P.AnVIL-CMG-Broad-Muscle-Bonnemann-WGS-Su-BON-B14-60-1-D1","meta":{"profile":["http://hl7.org/fhir/StructureDefinition/ResearchSubject"]},"identifier":[{"system":"https://anvil.terra.bio/#workspaces/anvil-datastorage/AnVIL_CMG_Broad_Muscle_Bonnemann_WGS","value":"AnVIL_CMG_Broad_Muscle_Bonnemann_WGS/Su/BON_B14_60_1_D1"},{"system":"urn:ncpi:unique-string","value":"P.AnVIL-CMG-Broad-Muscle-Bonnemann-WGS-Su-BON-B14-60-1-D1"}],"status":"off-study","study":{"reference":"ResearchStudy/AnVIL-CMG-Broad-Muscle-Bonnemann-WGS"},"individual":{"reference":"Patient/P.AnVIL-CMG-Broad-Muscle-Bonnemann-WGS-Su-BON-B14-60-1-D1"}}
{"resourceType":"ResearchSubject","id":"P.AnVIL-CMG-Broad-Muscle-Bonnemann-WGS-Su-BON-B14-60-2-D1","meta":{"profile":["http://hl7.org/fhir/StructureDefinition/ResearchSubject"]},"identifier":[{"system":"https://anvil.terra.bio/#workspaces/anvil-datastorage/AnVIL_CMG_Broad_Muscle_Bonnemann_WGS","value":"AnVIL_CMG_Broad_Muscle_Bonnemann_WGS/Su/BON_B14_60_2_D1"},{"system":"urn:ncpi:unique-string","value":"P.AnVIL-CMG-Broad-Muscle-Bonnemann-WGS-Su-BON-B14-60-2-D1"}],"status":"off-study","study":{"reference":"ResearchStudy/AnVIL-CMG-Broad-Muscle-Bonnemann-WGS"},"individual":{"reference":"Patient/P.AnVIL-CMG-Broad-Muscle-Bonnemann-WGS-Su-BON-B14-60-2-D1"}}
{"resourceType":"ResearchSubject","id":"P.AnVIL-CMG-Broad-Muscle-Bonnemann-WGS-Su-BON-B14-60-3-D1","meta":{"profile":["http://hl7.org/fhir/StructureDefinition/ResearchSubject"]},"identifier":[{"system":"https://anvil.terra.bio/#workspaces/anvil-datastorage/AnVIL_CMG_Broad_Muscle_Bonnemann_WGS","value":"AnVIL_CMG_Broad_Muscle_Bonnemann_WGS/Su/BON_B14_60_3_D1"},{"system":"urn:ncpi:unique-string","value":"P.AnVIL-CMG-Broad-Muscle-Bonnemann-WGS-Su-BON-B14-60-3-D1"}],"status":"off-study","study":{"reference":"ResearchStudy/AnVIL-CMG-Broad-Muscle-Bonnemann-WGS"},"individual":{"reference":"Patient/P.AnVIL-CMG-Broad-Muscle-Bonnemann-WGS-Su-BON-B14-60-3-D1"}}
{"resourceType":"ResearchSubject","id":"P.AnVIL-CMG-Broad-Muscle-Bonnemann-WGS-Su-BON-B14-71-1-D1","meta":{"profile":["http://hl7.org/fhir/StructureDefinition/ResearchSubject"]},"identifier":[{"system":"https://anvil.terra.bio/#workspaces/anvil-datastorage/AnVIL_CMG_Broad_Muscle_Bonnemann_WGS","value":"AnVIL_CMG_Broad_Muscle_Bonnemann_WGS/Su/BON_B14_71_1_D1"},{"system":"urn:ncpi:unique-string","value":"P.AnVIL-CMG-Broad-Muscle-Bonnemann-WGS-Su-BON-B14-71-1-D1"}],"status":"off-study","study":{"reference":"ResearchStudy/AnVIL-CMG-Broad-Muscle-Bonnemann-WGS"},"individual":{"reference":"Patient/P.AnVIL-CMG-Broad-Muscle-Bonnemann-WGS-Su-BON-B14-71-1-D1"}}
{"resourceType":"ResearchSubject","id":"P.AnVIL-CMG-Broad-Muscle-Bonnemann-WGS-Su-BON-B14-71-2-D2","meta":{"profile":["http://hl7.org/fhir/StructureDefinition/ResearchSubject"]},"identifier":[{"system":"https://anvil.terra.bio/#workspaces/anvil-datastorage/AnVIL_CMG_Broad_Muscle_Bonnemann_WGS","value":"AnVIL_CMG_Broad_Muscle_Bonnemann_WGS/Su/BON_B14_71_2_D2"},{"system":"urn:ncpi:unique-string","value":"P.AnVIL-CMG-Broad-Muscle-Bonnemann-WGS-Su-BON-B14-71-2-D2"}],"status":"off-study","study":{"reference":"ResearchStudy/AnVIL-CMG-Broad-Muscle-Bonnemann-WGS"},"individual":{"reference":"Patient/P.AnVIL-CMG-Broad-Muscle-Bonnemann-WGS-Su-BON-B14-71-2-D2"}}
{"resourceType":"ResearchSubject","id":"P.AnVIL-CMG-Broad-Muscle-Bonnemann-WGS-Su-BON-B14-71-3-D1","meta":{"profile":["http://hl7.org/fhir/StructureDefinition/ResearchSubject"]},"identifier":[{"system":"https://anvil.terra.bio/#workspaces/anvil-datastorage/AnVIL_CMG_Broad_Muscle_Bonnemann_WGS","value":"AnVIL_CMG_Broad_Muscle_Bonnemann_WGS/Su/BON_B14_71_3_D1"},{"system":"urn:ncpi:unique-string","value":"P.AnVIL-CMG-Broad-Muscle-Bonnemann-WGS-Su-BON-B14-71-3-D1"}],"status":"off-study","study":{"reference":"ResearchStudy/AnVIL-CMG-Broad-Muscle-Bonnemann-WGS"},"individual":{"reference":"Patient/P.AnVIL-CMG-Broad-Muscle-Bonnemann-WGS-Su-BON-B14-71-3-D1"}}
{"resourceType":"ResearchSubject","id":"P.AnVIL-CMG-Broad-Muscle-Bonnemann-WGS-Su-BON-B14-71-4-D1","meta":{"profile":["http://hl7.org/fhir/StructureDefinition/ResearchSubject"]},"identifier":[{"system":"https://anvil.terra.bio/#workspaces/anvil-datastorage/AnVIL_CMG_Broad_Muscle_Bonnemann_WGS","value":"AnVIL_CMG_Broad_Muscle_Bonnemann_WGS/Su/BON_B14_71_4_D1"},{"system":"urn:ncpi:unique-string","value":"P.AnVIL-CMG-Broad-Muscle-Bonnemann-WGS-Su-BON-B14-71-4-D1"}],"status":"off-study","study":{"reference":"ResearchStudy/AnVIL-CMG-Broad-Muscle-Bonnemann-WGS"},"individual":{"reference":"Patient/P.AnVIL-CMG-Broad-Muscle-Bonnemann-WGS-Su-BON-B14-71-4-D1"}}
{"resourceType":"ResearchSubject","id":"P.AnVIL-CMG-Broad-Muscle-Bonnemann-WGS-Su-BON-B14-75-1-D1","meta":{"profile":["http://hl7.org/fhir/StructureDefinition/ResearchSubject"]},"identifier":[{"system":"https://anvil.terra.bio/#workspaces/anvil-datastorage/AnVIL_CMG_Broad_Muscle_Bonnemann_WGS","value":"AnVIL_CMG_Broad_Muscle_Bonnemann_WGS/Su/BON_B14_75_1_D1"},{"system":"urn:ncpi:unique-string","value":"P.AnVIL-CMG-Broad-Muscle-Bonnemann-WGS-Su-BON-B14-75-1-D1"}],"status":"off-study","study":{"reference":"ResearchStudy/AnVIL-CMG-Broad-Muscle-Bonnemann-WGS"},"individual":{"reference":"Patient/P.AnVIL-CMG-Broad-Muscle-Bonnemann-WGS-Su-BON-B14-75-1-D1"}}
{"resourceType":"ResearchSubject","id":"P.AnVIL-CMG-Broad-Muscle-Bonnemann-WGS-Su-BON-B14-75-2-D1","meta":{"profile":["http://hl7.org/fhir/StructureDefinition/ResearchSubject"]},"identifier":[{"system":"https://anvil.terra.bio/#workspaces/anvil-datastorage/AnVIL_CMG_Broad_Muscle_Bonnemann_WGS","value":"AnVIL_CMG_Broad_Muscle_Bonnemann_WGS/Su/BON_B14_75_2_D1"},{"system":"urn:ncpi:unique-string","value":"P.AnVIL-CMG-Broad-Muscle-Bonnemann-WGS-Su-BON-B14-75-2-D1"}],"status":"off-study","study":{"reference":"ResearchStudy/AnVIL-CMG-Broad-Muscle-Bonnemann-WGS"},"individual":{"reference":"Patient/P.AnVIL-CMG-Broad-Muscle-Bonnemann-WGS-Su-BON-B14-75-2-D1"}}
{"resourceType":"ResearchSubject","id":"P.AnVIL-CMG-Broad-Muscle-Bonnemann-WGS-Su-BON-B14-75-3-D1","meta":{"profile":["http://hl7.org/fhir/StructureDefinition/ResearchSubject"]},"identifier":[{"system":"https://anvil.terra.bio/#workspaces/anvil-datastorage/AnVIL_CMG_Broad_Muscle_Bonnemann_WGS","value":"AnVIL_CMG_Broad_Muscle_Bonnemann_WGS/Su/BON_B14_75_3_D1"},{"system":"urn:ncpi:unique-string","value":"P.AnVIL-CMG-Broad-Muscle-Bonnemann-WGS-Su-BON-B14-75-3-D1"}],"status":"off-study","study":{"reference":"ResearchStudy/AnVIL-CMG-Broad-Muscle-Bonnemann-WGS"},"individual":{"reference":"Patient/P.AnVIL-CMG-Broad-Muscle-Bonnemann-WGS-Su-BON-B14-75-3-D1"}}
{"resourceType":"ResearchSubject","id":"P.AnVIL-CMG-Broad-Muscle-Bonnemann-WGS-Su-BON-B15-125-1-1","meta":{"profile":["http://hl7.org/fhir/StructureDefinition/ResearchSubject"]},"identifier":[{"system":"https://anvil.terra.bio/#workspaces/anvil-datastorage/AnVIL_CMG_Broad_Muscle_Bonnemann_WGS","value":"AnVIL_CMG_Broad_Muscle_Bonnemann_WGS/Su/BON_B15-125_1_1"},{"system":"urn:ncpi:unique-string","value":"P.AnVIL-CMG-Broad-Muscle-Bonnemann-WGS-Su-BON-B15-125-1-1"}],"status":"off-study","study":{"reference":"ResearchStudy/AnVIL-CMG-Broad-Muscle-Bonnemann-WGS"},"individual":{"reference":"Patient/P.AnVIL-CMG-Broad-Muscle-Bonnemann-WGS-Su-BON-B15-125-1-1"}}
{"resourceType":"ResearchSubject","id":"P.AnVIL-CMG-Broad-Muscle-Bonnemann-WGS-Su-BON-B15-125-2-1","meta":{"profile":["http://hl7.org/fhir/StructureDefinition/ResearchSubject"]},"identifier":[{"system":"https://anvil.terra.bio/#workspaces/anvil-datastorage/AnVIL_CMG_Broad_Muscle_Bonnemann_WGS","value":"AnVIL_CMG_Broad_Muscle_Bonnemann_WGS/Su/BON_B15-125_2_1"},{"system":"urn:ncpi:unique-string","value":"P.AnVIL-CMG-Broad-Muscle-Bonnemann-WGS-Su-BON-B15-125-2-1"}],"status":"off-study","study":{"reference":"ResearchStudy/AnVIL-CMG-Broad-Muscle-Bonnemann-WGS"},"individual":{"reference":"Patient/P.AnVIL-CMG-Broad-Muscle-Bonnemann-WGS-Su-BON-B15-125-2-1"}}
{"resourceType":"ResearchSubject","id":"P.AnVIL-CMG-Broad-Muscle-Bonnemann-WGS-Su-BON-B15-125-3-1","meta":{"profile":["http://hl7.org/fhir/StructureDefinition/ResearchSubject"]},"identifier":[{"system":"https://anvil.terra.bio/#workspaces/anvil-datastorage/AnVIL_CMG_Broad_Muscle_Bonnemann_WGS","value":"AnVIL_CMG_Broad_Muscle_Bonnemann_WGS/Su/BON_B15-125_3_1"},{"system":"urn:ncpi:unique-string","value":"P.AnVIL-CMG-Broad-Muscle-Bonnemann-WGS-Su-BON-B15-125-3-1"}],"status":"off-study","study":{"reference":"ResearchStudy/AnVIL-CMG-Broad-Muscle-Bonnemann-WGS"},"individual":{"reference":"Patient/P.AnVIL-CMG-Broad-Muscle-Bonnemann-WGS-Su-BON-B15-125-3-1"}}
{"resourceType":"ResearchSubject","id":"P.AnVIL-CMG-Broad-Muscle-Bonnemann-WGS-Su-BON-B15-15-1-1","meta":{"profile":["http://hl7.org/fhir/StructureDefinition/ResearchSubject"]},"identifier":[{"system":"https://anvil.terra.bio/#workspaces/anvil-datastorage/AnVIL_CMG_Broad_Muscle_Bonnemann_WGS","value":"AnVIL_CMG_Broad_Muscle_Bonnemann_WGS/Su/BON_B15-15_1_1"},{"system":"urn:ncpi:unique-string","value":"P.AnVIL-CMG-Broad-Muscle-Bonnemann-WGS-Su-BON-B15-15-1-1"}],"status":"off-study","study":{"reference":"ResearchStudy/AnVIL-CMG-Broad-Muscle-Bonnemann-WGS"},"individual":{"reference":"Patient/P.AnVIL-CMG-Broad-Muscle-Bonnemann-WGS-Su-BON-B15-15-1-1"}}
{"resourceType":"ResearchSubject","id":"P.AnVIL-CMG-Broad-Muscle-Bonnemann-WGS-Su-BON-B15-15-3-1","meta":{"profile":["http://hl7.org/fhir/StructureDefinition/ResearchSubject"]},"identifier":[{"system":"https://anvil.terra.bio/#workspaces/anvil-datastorage/AnVIL_CMG_Broad_Muscle_Bonnemann_WGS","value":"AnVIL_CMG_Broad_Muscle_Bonnemann_WGS/Su/BON_B15-15_3_1"},{"system":"urn:ncpi:unique-string","value":"P.AnVIL-CMG-Broad-Muscle-Bonnemann-WGS-Su-BON-B15-15-3-1"}],"status":"off-study","study":{"reference":"ResearchStudy/AnVIL-CMG-Broad-Muscle-Bonnemann-WGS"},"individual":{"reference":"Patient/P.AnVIL-CMG-Broad-Muscle-Bonnemann-WGS-Su-BON-B15-15-3-1"}}
{"resourceType":"ResearchSubject","id":"P.AnVIL-CMG-Broad-Muscle-Bonnemann-WGS-Su-BON-B15-15-4-1","meta":{"profile":["http://hl7.org/fhir/StructureDefinition/ResearchSubject"]},"identifier":[{"system":"https://anvil.terra.bio/#workspaces/anvil-datastorage/AnVIL_CMG_Broad_Muscle_Bonnemann_WGS","value":"AnVIL_CMG_Broad_Muscle_Bonnemann_WGS/Su/BON_B15-15_4_1"},{"system":"urn:ncpi:unique-string","value":"P.AnVIL-CMG-Broad-Muscle-Bonnemann-WGS-Su-BON-B15-15-4-1"}],"status":"off-study","study":{"reference":"ResearchStudy/AnVIL-CMG-Broad-Muscle-Bonnemann-WGS"},"individual":{"reference":"Patient/P.AnVIL-CMG-Broad-Muscle-Bonnemann-WGS-Su-BON-B15-15-4-1"}}
{"resourceType":"ResearchSubject","id":"P.AnVIL-CMG-Broad-Muscle-Bonnemann-WGS-Su-BON-B15-76-1-1","meta":{"profile":["http://hl7.org/fhir/StructureDefinition/ResearchSubject"]},"identifier":[{"system":"https://anvil.terra.bio/#workspaces/anvil-datastorage/AnVIL_CMG_Broad_Muscle_Bonnemann_WGS","value":"AnVIL_CMG_Broad_Muscle_Bonnemann_WGS/Su/BON_B15-76_1_1"},{"system":"urn:ncpi:unique-string","value":"P.AnVIL-CMG-Broad-Muscle-Bonnemann-WGS-Su-BON-B15-76-1-1"}],"status":"off-study","study":{"reference":"ResearchStudy/AnVIL-CMG-Broad-Muscle-Bonnemann-WGS"},"individual":{"reference":"Patient/P.AnVIL-CMG-Broad-Muscle-Bonnemann-WGS-Su-BON-B15-76-1-1"}}
{"resourceType":"ResearchSubject","id":"P.AnVIL-CMG-Broad-Muscle-Bonnemann-WGS-Su-BON-B15-76-2-1","meta":{"profile":["http://hl7.org/fhir/StructureDefinition/ResearchSubject"]},"identifier":[{"system":"https://anvil.terra.bio/#workspaces/anvil-datastorage/AnVIL_CMG_Broad_Muscle_Bonnemann_WGS","value":"AnVIL_CMG_Broad_Muscle_Bonnemann_WGS/Su/BON_B15-76_2_1"},{"system":"urn:ncpi:unique-string","value":"P.AnVIL-CMG-Broad-Muscle-Bonnemann-WGS-Su-BON-B15-76-2-1"}],"status":"off-study","study":{"reference":"ResearchStudy/AnVIL-CMG-Broad-Muscle-Bonnemann-WGS"},"individual":{"reference":"Patient/P.AnVIL-CMG-Broad-Muscle-Bonnemann-WGS-Su-BON-B15-76-2-1"}}
{"resourceType":"ResearchSubject","id":"P.AnVIL-CMG-Broad-Muscle-Bonnemann-WGS-Su-BON-B15-76-3-1","meta":{"profile":["http://hl7.org/fhir/StructureDefinition/ResearchSubject"]},"identifier":[{"system":"https://anvil.terra.bio/#workspaces/anvil-datastorage/AnVIL_CMG_Broad_Muscle_Bonnemann_WGS","value":"AnVIL_CMG_Broad_Muscle_Bonnemann_WGS/Su/BON_B15-76_3_1"},{"system":"urn:ncpi:unique-string","value":"P.AnVIL-CMG-Broad-Muscle-Bonnemann-WGS-Su-BON-B15-76-3-1"}],"status":"off-study","study":{"reference":"ResearchStudy/AnVIL-CMG-Broad-Muscle-Bonnemann-WGS"},"individual":{"reference":"Patient/P.AnVIL-CMG-Broad-Muscle-Bonnemann-WGS-Su-BON-B15-76-3-1"}}
{"resourceType":"ResearchSubject","id":"P.AnVIL-CMG-Broad-Muscle-Bonnemann-WGS-Su-BON-B15-76-4-1","meta":{"profile":["http://hl7.org/fhir/StructureDefinition/ResearchSubject"]},"identifier":[{"system":"https://anvil.terra.bio/#workspaces/anvil-datastorage/AnVIL_CMG_Broad_Muscle_Bonnemann_WGS","value":"AnVIL_CMG_Broad_Muscle_Bonnemann_WGS/Su/BON_B15-76_4_1"},{"system":"urn:ncpi:unique-string","value":"P.AnVIL-CMG-Broad-Muscle-Bonnemann-WGS-Su-BON-B15-76-4-1"}],"status":"off-study","study":{"reference":"ResearchStudy/AnVIL-CMG-Broad-Muscle-Bonnemann-WGS"},"individual":{"reference":"Patient/P.AnVIL-CMG-Broad-Muscle-Bonnemann-WGS-Su-BON-B15-76-4-1"}}
{"resourceType":"ResearchSubject","id":"P.AnVIL-CMG-Broad-Muscle-Bonnemann-WGS-Su-BON-B15-98-1-1","meta":{"profile":["http://hl7.org/fhir/StructureDefinition/ResearchSubject"]},"identifier":[{"system":"https://anvil.terra.bio/#workspaces/anvil-datastorage/AnVIL_CMG_Broad_Muscle_Bonnemann_WGS","value":"AnVIL_CMG_Broad_Muscle_Bonnemann_WGS/Su/BON_B15-98_1_1"},{"system":"urn:ncpi:unique-string","value":"P.AnVIL-CMG-Broad-Muscle-Bonnemann-WGS-Su-BON-B15-98-1-1"}],"status":"off-study","study":{"reference":"ResearchStudy/AnVIL-CMG-Broad-Muscle-Bonnemann-WGS"},"individual":{"reference":"Patient/P.AnVIL-CMG-Broad-Muscle-Bonnemann-WGS-Su-BON-B15-98-1-1"}}
{"resourceType":"ResearchSubject","id":"P.AnVIL-CMG-Broad-Muscle-Bonnemann-WGS-Su-BON-B15-98-2-1","meta":{"profile":["http://hl7.org/fhir/StructureDefinition/ResearchSubject"]},"identifier":[{"system":"https://anvil.terra.bio/#workspaces/anvil-datastorage/AnVIL_CMG_Broad_Muscle_Bonnemann_WGS","value":"AnVIL_CMG_Broad_Muscle_Bonnemann_WGS/Su/BON_B15-98_2_1"},{"system":"urn:ncpi:unique-string","value":"P.AnVIL-CMG-Broad-Muscle-Bonnemann-WGS-Su-BON-B15-98-2-1"}],"status":"off-study","study":{"reference":"ResearchStudy/AnVIL-CMG-Broad-Muscle-Bonnemann-WGS"},"individual":{"reference":"Patient/P.AnVIL-CMG-Broad-Muscle-Bonnemann-WGS-Su-BON-B15-98-2-1"}}
{"resourceType":"ResearchSubject","id":"P.AnVIL-CMG-Broad-Muscle-Bonnemann-WGS-Su-BON-B15-98-3-1","meta":{"profile":["http://hl7.org/fhir/StructureDefinition/ResearchSubject"]},"identifier":[{"system":"https://anvil.terra.bio/#workspaces/anvil-datastorage/AnVIL_CMG_Broad_Muscle_Bonnemann_WGS","value":"AnVIL_CMG_Broad_Muscle_Bonnemann_WGS/Su/BON_B15-98_3_1"},{"system":"urn:ncpi:unique-string","value":"P.AnVIL-CMG-Broad-Muscle-Bonnemann-WGS-Su-BON-B15-98-3-1"}],"status":"off-study","study":{"reference":"ResearchStudy/AnVIL-CMG-Broad-Muscle-Bonnemann-WGS"},"individual":{"reference":"Patient/P.AnVIL-CMG-Broad-Muscle-Bonnemann-WGS-Su-BON-B15-98-3-1"}}
{"resourceType":"ResearchSubject","id":"P.AnVIL-CMG-Broad-Muscle-Bonnemann-WGS-Su-BON-B16-19-2","meta":{"profile":["http://hl7.org/fhir/StructureDefinition/ResearchSubject"]},"identifier":[{"system":"https://anvil.terra.bio/#workspaces/anvil-datastorage/AnVIL_CMG_Broad_Muscle_Bonnemann_WGS","value":"AnVIL_CMG_Broad_Muscle_Bonnemann_WGS/Su/BON_B16-19_2"},{"system":"urn:ncpi:unique-string","value":"P.AnVIL-CMG-Broad-Muscle-Bonnemann-WGS-Su-BON-B16-19-2"}],"status":"off-study","study":{"reference":"ResearchStudy/AnVIL-CMG-Broad-Muscle-Bonnemann-WGS"},"individual":{"reference":"Patient/P.AnVIL-CMG-Broad-Muscle-Bonnemann-WGS-Su-BON-B16-19-2"}}
{"resourceType":"ResearchSubject","id":"P.AnVIL-CMG-Broad-Muscle-Bonnemann-WGS-Su-BON-B16-48-1-1","meta":{"profile":["http://hl7.org/fhir/StructureDefinition/ResearchSubject"]},"identifier":[{"system":"https://anvil.terra.bio/#workspaces/anvil-datastorage/AnVIL_CMG_Broad_Muscle_Bonnemann_WGS","value":"AnVIL_CMG_Broad_Muscle_Bonnemann_WGS/Su/BON_B16-48_1_1"},{"system":"urn:ncpi:unique-string","value":"P.AnVIL-CMG-Broad-Muscle-Bonnemann-WGS-Su-BON-B16-48-1-1"}],"status":"off-study","study":{"reference":"ResearchStudy/AnVIL-CMG-Broad-Muscle-Bonnemann-WGS"},"individual":{"reference":"Patient/P.AnVIL-CMG-Broad-Muscle-Bonnemann-WGS-Su-BON-B16-48-1-1"}}
{"resourceType":"ResearchSubject","id":"P.AnVIL-CMG-Broad-Muscle-Bonnemann-WGS-Su-BON-B16-48-3-1","meta":{"profile":["http://hl7.org/fhir/StructureDefinition/ResearchSubject"]},"identifier":[{"system":"https://anvil.terra.bio/#workspaces/anvil-datastorage/AnVIL_CMG_Broad_Muscle_Bonnemann_WGS","value":"AnVIL_CMG_Broad_Muscle_Bonnemann_WGS/Su/BON_B16-48_3_1"},{"system":"urn:ncpi:unique-string","value":"P.AnVIL-CMG-Broad-Muscle-Bonnemann-WGS-Su-BON-B16-48-3-1"}],"status":"off-study","study":{"reference":"ResearchStudy/AnVIL-CMG-Broad-Muscle-Bonnemann-WGS"},"individual":{"reference":"Patient/P.AnVIL-CMG-Broad-Muscle-Bonnemann-WGS-Su-BON-B16-48-3-1"}}
{"resourceType":"ResearchSubject","id":"P.AnVIL-CMG-Broad-Muscle-Bonnemann-WGS-Su-BON-B16-48-4-1","meta":{"profile":["http://hl7.org/fhir/StructureDefinition/ResearchSubject"]},"identifier":[{"system":"https://anvil.terra.bio/#workspaces/anvil-datastorage/AnVIL_CMG_Broad_Muscle_Bonnemann_WGS","value":"AnVIL_CMG_Broad_Muscle_Bonnemann_WGS/Su/BON_B16-48_4_1"},{"system":"urn:ncpi:unique-string","value":"P.AnVIL-CMG-Broad-Muscle-Bonnemann-WGS-Su-BON-B16-48-4-1"}],"status":"off-study","study":{"reference":"ResearchStudy/AnVIL-CMG-Broad-Muscle-Bonnemann-WGS"},"individual":{"reference":"Patient/P.AnVIL-CMG-Broad-Muscle-Bonnemann-WGS-Su-BON-B16-48-4-1"}}
{"resourceType":"ResearchSubject","id":"P.AnVIL-CMG-Broad-Muscle-Bonnemann-WGS-Su-BON-B16-50-1-1","meta":{"profile":["http://hl7.org/fhir/StructureDefinition/ResearchSubject"]},"identifier":[{"system":"https://anvil.terra.bio/#workspaces/anvil-datastorage/AnVIL_CMG_Broad_Muscle_Bonnemann_WGS","value":"AnVIL_CMG_Broad_Muscle_Bonnemann_WGS/Su/BON_B16-50_1_1"},{"system":"urn:ncpi:unique-string","value":"P.AnVIL-CMG-Broad-Muscle-Bonnemann-WGS-Su-BON-B16-50-1-1"}],"status":"off-study","study":{"reference":"ResearchStudy/AnVIL-CMG-Broad-Muscle-Bonnemann-WGS"},"individual":{"reference":"Patient/P.AnVIL-CMG-Broad-Muscle-Bonnemann-WGS-Su-BON-B16-50-1-1"}}
{"resourceType":"ResearchSubject","id":"P.AnVIL-CMG-Broad-Muscle-Bonnemann-WGS-Su-BON-B16-50-2-1","meta":{"profile":["http://hl7.org/fhir/StructureDefinition/ResearchSubject"]},"identifier":[{"system":"https://anvil.terra.bio/#workspaces/anvil-datastorage/AnVIL_CMG_Broad_Muscle_Bonnemann_WGS","value":"AnVIL_CMG_Broad_Muscle_Bonnemann_WGS/Su/BON_B16-50_2_1"},{"system":"urn:ncpi:unique-string","value":"P.AnVIL-CMG-Broad-Muscle-Bonnemann-WGS-Su-BON-B16-50-2-1"}],"status":"off-study","study":{"reference":"ResearchStudy/AnVIL-CMG-Broad-Muscle-Bonnemann-WGS"},"individual":{"reference":"Patient/P.AnVIL-CMG-Broad-Muscle-Bonnemann-WGS-Su-BON-B16-50-2-1"}}
{"resourceType":"ResearchSubject","id":"P.AnVIL-CMG-Broad-Muscle-Bonnemann-WGS-Su-BON-B16-50-3-1","meta":{"profile":["http://hl7.org/fhir/StructureDefinition/ResearchSubject"]},"identifier":[{"system":"https://anvil.terra.bio/#workspaces/anvil-datastorage/AnVIL_CMG_Broad_Muscle_Bonnemann_WGS","value":"AnVIL_CMG_Broad_Muscle_Bonnemann_WGS/Su/BON_B16-50_3_1"},{"system":"urn:ncpi:unique-string","value":"P.AnVIL-CMG-Broad-Muscle-Bonnemann-WGS-Su-BON-B16-50-3-1"}],"status":"off-study","study":{"reference":"ResearchStudy/AnVIL-CMG-Broad-Muscle-Bonnemann-WGS"},"individual":{"reference":"Patient/P.AnVIL-CMG-Broad-Muscle-Bonnemann-WGS-Su-BON-B16-50-3-1"}}
{"resourceType":"ResearchSubject","id":"P.AnVIL-CMG-Broad-Muscle-Bonnemann-WGS-Su-BON-B16-57-1-1","meta":{"profile":["http://hl7.org/fhir/StructureDefinition/ResearchSubject"]},"identifier":[{"system":"https://anvil.terra.bio/#workspaces/anvil-datastorage/AnVIL_CMG_Broad_Muscle_Bonnemann_WGS","value":"AnVIL_CMG_Broad_Muscle_Bonnemann_WGS/Su/BON_B16-57_1_1"},{"system":"urn:ncpi:unique-string","value":"P.AnVIL-CMG-Broad-Muscle-Bonnemann-WGS-Su-BON-B16-57-1-1"}],"status":"off-study","study":{"reference":"ResearchStudy/AnVIL-CMG-Broad-Muscle-Bonnemann-WGS"},"individual":{"reference":"Patient/P.AnVIL-CMG-Broad-Muscle-Bonnemann-WGS-Su-BON-B16-57-1-1"}}
{"resourceType":"ResearchSubject","id":"P.AnVIL-CMG-Broad-Muscle-Bonnemann-WGS-Su-BON-B16-57-2-1","meta":{"profile":["http://hl7.org/fhir/StructureDefinition/ResearchSubject"]},"identifier":[{"system":"https://anvil.terra.bio/#workspaces/anvil-datastorage/AnVIL_CMG_Broad_Muscle_Bonnemann_WGS","value":"AnVIL_CMG_Broad_Muscle_Bonnemann_WGS/Su/BON_B16-57_2_1"},{"system":"urn:ncpi:unique-string","value":"P.AnVIL-CMG-Broad-Muscle-Bonnemann-WGS-Su-BON-B16-57-2-1"}],"status":"off-study","study":{"reference":"ResearchStudy/AnVIL-CMG-Broad-Muscle-Bonnemann-WGS"},"individual":{"reference":"Patient/P.AnVIL-CMG-Broad-Muscle-Bonnemann-WGS-Su-BON-B16-57-2-1"}}
{"resourceType":"ResearchSubject","id":"P.AnVIL-CMG-Broad-Muscle-Bonnemann-WGS-Su-BON-B16-57-3-1","meta":{"profile":["http://hl7.org/fhir/StructureDefinition/ResearchSubject"]},"identifier":[{"system":"https://anvil.terra.bio/#workspaces/anvil-datastorage/AnVIL_CMG_Broad_Muscle_Bonnemann_WGS","value":"AnVIL_CMG_Broad_Muscle_Bonnemann_WGS/Su/BON_B16-57_3_1"},{"system":"urn:ncpi:unique-string","value":"P.AnVIL-CMG-Broad-Muscle-Bonnemann-WGS-Su-BON-B16-57-3-1"}],"status":"off-study","study":{"reference":"ResearchStudy/AnVIL-CMG-Broad-Muscle-Bonnemann-WGS"},"individual":{"reference":"Patient/P.AnVIL-CMG-Broad-Muscle-Bonnemann-WGS-Su-BON-B16-57-3-1"}}
{"resourceType":"ResearchSubject","id":"P.AnVIL-CMG-Broad-Muscle-Bonnemann-WGS-Su-BON-B16-102-1-1","meta":{"profile":["http://hl7.org/fhir/StructureDefinition/ResearchSubject"]},"identifier":[{"system":"https://anvil.terra.bio/#workspaces/anvil-datastorage/AnVIL_CMG_Broad_Muscle_Bonnemann_WGS","value":"AnVIL_CMG_Broad_Muscle_Bonnemann_WGS/Su/BON_B16_102_1_1"},{"system":"urn:ncpi:unique-string","value":"P.AnVIL-CMG-Broad-Muscle-Bonnemann-WGS-Su-BON-B16-102-1-1"}],"status":"off-study","study":{"reference":"ResearchStudy/AnVIL-CMG-Broad-Muscle-Bonnemann-WGS"},"individual":{"reference":"Patient/P.AnVIL-CMG-Broad-Muscle-Bonnemann-WGS-Su-BON-B16-102-1-1"}}
{"resourceType":"ResearchSubject","id":"P.AnVIL-CMG-Broad-Muscle-Bonnemann-WGS-Su-BON-B16-102-2-1","meta":{"profile":["http://hl7.org/fhir/StructureDefinition/ResearchSubject"]},"identifier":[{"system":"https://anvil.terra.bio/#workspaces/anvil-datastorage/AnVIL_CMG_Broad_Muscle_Bonnemann_WGS","value":"AnVIL_CMG_Broad_Muscle_Bonnemann_WGS/Su/BON_B16_102_2_1"},{"system":"urn:ncpi:unique-string","value":"P.AnVIL-CMG-Broad-Muscle-Bonnemann-WGS-Su-BON-B16-102-2-1"}],"status":"off-study","study":{"reference":"ResearchStudy/AnVIL-CMG-Broad-Muscle-Bonnemann-WGS"},"individual":{"reference":"Patient/P.AnVIL-CMG-Broad-Muscle-Bonnemann-WGS-Su-BON-B16-102-2-1"}}
{"resourceType":"ResearchSubject","id":"P.AnVIL-CMG-Broad-Muscle-Bonnemann-WGS-Su-BON-B16-102-3-1","meta":{"profile":["http://hl7.org/fhir/StructureDefinition/ResearchSubject"]},"identifier":[{"system":"https://anvil.terra.bio/#workspaces/anvil-datastorage/AnVIL_CMG_Broad_Muscle_Bonnemann_WGS","value":"AnVIL_CMG_Broad_Muscle_Bonnemann_WGS/Su/BON_B16_102_3_1"},{"system":"urn:ncpi:unique-string","value":"P.AnVIL-CMG-Broad-Muscle-Bonnemann-WGS-Su-BON-B16-102-3-1"}],"status":"off-study","study":{"reference":"ResearchStudy/AnVIL-CMG-Broad-Muscle-Bonnemann-WGS"},"individual":{"reference":"Patient/P.AnVIL-CMG-Broad-Muscle-Bonnemann-WGS-Su-BON-B16-102-3-1"}}
{"resourceType":"ResearchSubject","id":"P.AnVIL-CMG-Broad-Muscle-Bonnemann-WGS-Su-BON-B16-105-1-1","meta":{"profile":["http://hl7.org/fhir/StructureDefinition/ResearchSubject"]},"identifier":[{"system":"https://anvil.terra.bio/#workspaces/anvil-datastorage/AnVIL_CMG_Broad_Muscle_Bonnemann_WGS","value":"AnVIL_CMG_Broad_Muscle_Bonnemann_WGS/Su/BON_B16_105_1_1"},{"system":"urn:ncpi:unique-string","value":"P.AnVIL-CMG-Broad-Muscle-Bonnemann-WGS-Su-BON-B16-105-1-1"}],"status":"off-study","study":{"reference":"ResearchStudy/AnVIL-CMG-Broad-Muscle-Bonnemann-WGS"},"individual":{"reference":"Patient/P.AnVIL-CMG-Broad-Muscle-Bonnemann-WGS-Su-BON-B16-105-1-1"}}
{"resourceType":"ResearchSubject","id":"P.AnVIL-CMG-Broad-Muscle-Bonnemann-WGS-Su-BON-B16-105-2-1","meta":{"profile":["http://hl7.org/fhir/StructureDefinition/ResearchSubject"]},"identifier":[{"system":"https://anvil.terra.bio/#workspaces/anvil-datastorage/AnVIL_CMG_Broad_Muscle_Bonnemann_WGS","value":"AnVIL_CMG_Broad_Muscle_Bonnemann_WGS/Su/BON_B16_105_2_1"},{"system":"urn:ncpi:unique-string","value":"P.AnVIL-CMG-Broad-Muscle-Bonnemann-WGS-Su-BON-B16-105-2-1"}],"status":"off-study","study":{"reference":"ResearchStudy/AnVIL-CMG-Broad-Muscle-Bonnemann-WGS"},"individual":{"reference":"Patient/P.AnVIL-CMG-Broad-Muscle-Bonnemann-WGS-Su-BON-B16-105-2-1"}}
{"resourceType":"ResearchSubject","id":"P.AnVIL-CMG-Broad-Muscle-Bonnemann-WGS-Su-BON-B16-105-3-1","meta":{"profile":["http://hl7.org/fhir/StructureDefinition/ResearchSubject"]},"identifier":[{"system":"https://anvil.terra.bio/#workspaces/anvil-datastorage/AnVIL_CMG_Broad_Muscle_Bonnemann_WGS","value":"AnVIL_CMG_Broad_Muscle_Bonnemann_WGS/Su/BON_B16_105_3_1"},{"system":"urn:ncpi:unique-string","value":"P.AnVIL-CMG-Broad-Muscle-Bonnemann-WGS-Su-BON-B16-105-3-1"}],"status":"off-study","study":{"reference":"ResearchStudy/AnVIL-CMG-Broad-Muscle-Bonnemann-WGS"},"individual":{"reference":"Patient/P.AnVIL-CMG-Broad-Muscle-Bonnemann-WGS-Su-BON-B16-105-3-1"}}
{"resourceType":"ResearchSubject","id":"P.AnVIL-CMG-Broad-Muscle-Bonnemann-WGS-Su-BON-B17-01-1-1","meta":{"profile":["http://hl7.org/fhir/StructureDefinition/ResearchSubject"]},"identifier":[{"system":"https://anvil.terra.bio/#workspaces/anvil-datastorage/AnVIL_CMG_Broad_Muscle_Bonnemann_WGS","value":"AnVIL_CMG_Broad_Muscle_Bonnemann_WGS/Su/BON_B17-01_1_1"},{"system":"urn:ncpi:unique-string","value":"P.AnVIL-CMG-Broad-Muscle-Bonnemann-WGS-Su-BON-B17-01-1-1"}],"status":"off-study","study":{"reference":"ResearchStudy/AnVIL-CMG-Broad-Muscle-Bonnemann-WGS"},"individual":{"reference":"Patient/P.AnVIL-CMG-Broad-Muscle-Bonnemann-WGS-Su-BON-B17-01-1-1"}}
{"resourceType":"ResearchSubject","id":"P.AnVIL-CMG-Broad-Muscle-Bonnemann-WGS-Su-BON-B17-01-2-1","meta":{"profile":["http://hl7.org/fhir/StructureDefinition/ResearchSubject"]},"identifier":[{"system":"https://anvil.terra.bio/#workspaces/anvil-datastorage/AnVIL_CMG_Broad_Muscle_Bonnemann_WGS","value":"AnVIL_CMG_Broad_Muscle_Bonnemann_WGS/Su/BON_B17-01_2_1"},{"system":"urn:ncpi:unique-string","value":"P.AnVIL-CMG-Broad-Muscle-Bonnemann-WGS-Su-BON-B17-01-2-1"}],"status":"off-study","study":{"reference":"ResearchStudy/AnVIL-CMG-Broad-Muscle-Bonnemann-WGS"},"individual":{"reference":"Patient/P.AnVIL-CMG-Broad-Muscle-Bonnemann-WGS-Su-BON-B17-01-2-1"}}
{"resourceType":"ResearchSubject","id":"P.AnVIL-CMG-Broad-Muscle-Bonnemann-WGS-Su-BON-B17-01-3-2","meta":{"profile":["http://hl7.org/fhir/StructureDefinition/ResearchSubject"]},"identifier":[{"system":"https://anvil.terra.bio/#workspaces/anvil-datastorage/AnVIL_CMG_Broad_Muscle_Bonnemann_WGS","value":"AnVIL_CMG_Broad_Muscle_Bonnemann_WGS/Su/BON_B17-01_3_2"},{"system":"urn:ncpi:unique-string","value":"P.AnVIL-CMG-Broad-Muscle-Bonnemann-WGS-Su-BON-B17-01-3-2"}],"status":"off-study","study":{"reference":"ResearchStudy/AnVIL-CMG-Broad-Muscle-Bonnemann-WGS"},"individual":{"reference":"Patient/P.AnVIL-CMG-Broad-Muscle-Bonnemann-WGS-Su-BON-B17-01-3-2"}}
{"resourceType":"ResearchSubject","id":"P.AnVIL-CMG-Broad-Muscle-Bonnemann-WGS-Su-BON-B17-23-1-1","meta":{"profile":["http://hl7.org/fhir/StructureDefinition/ResearchSubject"]},"identifier":[{"system":"https://anvil.terra.bio/#workspaces/anvil-datastorage/AnVIL_CMG_Broad_Muscle_Bonnemann_WGS","value":"AnVIL_CMG_Broad_Muscle_Bonnemann_WGS/Su/BON_B17-23_1_1"},{"system":"urn:ncpi:unique-string","value":"P.AnVIL-CMG-Broad-Muscle-Bonnemann-WGS-Su-BON-B17-23-1-1"}],"status":"off-study","study":{"reference":"ResearchStudy/AnVIL-CMG-Broad-Muscle-Bonnemann-WGS"},"individual":{"reference":"Patient/P.AnVIL-CMG-Broad-Muscle-Bonnemann-WGS-Su-BON-B17-23-1-1"}}
{"resourceType":"ResearchSubject","id":"P.AnVIL-CMG-Broad-Muscle-Bonnemann-WGS-Su-BON-B17-23-2-1","meta":{"profile":["http://hl7.org/fhir/StructureDefinition/ResearchSubject"]},"identifier":[{"system":"https://anvil.terra.bio/#workspaces/anvil-datastorage/AnVIL_CMG_Broad_Muscle_Bonnemann_WGS","value":"AnVIL_CMG_Broad_Muscle_Bonnemann_WGS/Su/BON_B17-23_2_1"},{"system":"urn:ncpi:unique-string","value":"P.AnVIL-CMG-Broad-Muscle-Bonnemann-WGS-Su-BON-B17-23-2-1"}],"status":"off-study","study":{"reference":"ResearchStudy/AnVIL-CMG-Broad-Muscle-Bonnemann-WGS"},"individual":{"reference":"Patient/P.AnVIL-CMG-Broad-Muscle-Bonnemann-WGS-Su-BON-B17-23-2-1"}}
{"resourceType":"ResearchSubject","id":"P.AnVIL-CMG-Broad-Muscle-Bonnemann-WGS-Su-BON-B17-23-3-1","meta":{"profile":["http://hl7.org/fhir/StructureDefinition/ResearchSubject"]},"identifier":[{"system":"https://anvil.terra.bio/#workspaces/anvil-datastorage/AnVIL_CMG_Broad_Muscle_Bonnemann_WGS","value":"AnVIL_CMG_Broad_Muscle_Bonnemann_WGS/Su/BON_B17-23_3_1"},{"system":"urn:ncpi:unique-string","value":"P.AnVIL-CMG-Broad-Muscle-Bonnemann-WGS-Su-BON-B17-23-3-1"}],"status":"off-study","study":{"reference":"ResearchStudy/AnVIL-CMG-Broad-Muscle-Bonnemann-WGS"},"individual":{"reference":"Patient/P.AnVIL-CMG-Broad-Muscle-Bonnemann-WGS-Su-BON-B17-23-3-1"}}
{"resourceType":"ResearchSubject","id":"P.AnVIL-CMG-Broad-Muscle-Bonnemann-WGS-Su-BON-B17-28-1-1","meta":{"profile":["http://hl7.org/fhir/StructureDefinition/ResearchSubject"]},"identifier":[{"system":"https://anvil.terra.bio/#workspaces/anvil-datastorage/AnVIL_CMG_Broad_Muscle_Bonnemann_WGS","value":"AnVIL_CMG_Broad_Muscle_Bonnemann_WGS/Su/BON_B17-28_1_1"},{"system":"urn:ncpi:unique-string","value":"P.AnVIL-CMG-Broad-Muscle-Bonnemann-WGS-Su-BON-B17-28-1-1"}],"status":"off-study","study":{"reference":"ResearchStudy/AnVIL-CMG-Broad-Muscle-Bonnemann-WGS"},"individual":{"reference":"Patient/P.AnVIL-CMG-Broad-Muscle-Bonnemann-WGS-Su-BON-B17-28-1-1"}}
{"resourceType":"ResearchSubject","id":"P.AnVIL-CMG-Broad-Muscle-Bonnemann-WGS-Su-BON-B17-28-2-1","meta":{"profile":["http://hl7.org/fhir/StructureDefinition/ResearchSubject"]},"identifier":[{"system":"https://anvil.terra.bio/#workspaces/anvil-datastorage/AnVIL_CMG_Broad_Muscle_Bonnemann_WGS","value":"AnVIL_CMG_Broad_Muscle_Bonnemann_WGS/Su/BON_B17-28_2_1"},{"system":"urn:ncpi:unique-string","value":"P.AnVIL-CMG-Broad-Muscle-Bonnemann-WGS-Su-BON-B17-28-2-1"}],"status":"off-study","study":{"reference":"ResearchStudy/AnVIL-CMG-Broad-Muscle-Bonnemann-WGS"},"individual":{"reference":"Patient/P.AnVIL-CMG-Broad-Muscle-Bonnemann-WGS-Su-BON-B17-28-2-1"}}
{"resourceType":"ResearchSubject","id":"P.AnVIL-CMG-Broad-Muscle-Bonnemann-WGS-Su-BON-B17-28-3-1","meta":{"profile":["http://hl7.org/fhir/StructureDefinition/ResearchSubject"]},"identifier":[{"system":"https://anvil.terra.bio/#workspaces/anvil-datastorage/AnVIL_CMG_Broad_Muscle_Bonnemann_WGS","value":"AnVIL_CMG_Broad_Muscle_Bonnemann_WGS/Su/BON_B17-28_3_1"},{"system":"urn:ncpi:unique-string","value":"P.AnVIL-CMG-Broad-Muscle-Bonnemann-WGS-Su-BON-B17-28-3-1"}],"status":"off-study","study":{"reference":"ResearchStudy/AnVIL-CMG-Broad-Muscle-Bonnemann-WGS"},"individual":{"reference":"Patient/P.AnVIL-CMG-Broad-Muscle-Bonnemann-WGS-Su-BON-B17-28-3-1"}}
{"resourceType":"ResearchSubject","id":"P.AnVIL-CMG-Broad-Muscle-Bonnemann-WGS-Su-BON-B17-36-1-1","meta":{"profile":["http://hl7.org/fhir/StructureDefinition/ResearchSubject"]},"identifier":[{"system":"https://anvil.terra.bio/#workspaces/anvil-datastorage/AnVIL_CMG_Broad_Muscle_Bonnemann_WGS","value":"AnVIL_CMG_Broad_Muscle_Bonnemann_WGS/Su/BON_B17-36_1_1"},{"system":"urn:ncpi:unique-string","value":"P.AnVIL-CMG-Broad-Muscle-Bonnemann-WGS-Su-BON-B17-36-1-1"}],"status":"off-study","study":{"reference":"ResearchStudy/AnVIL-CMG-Broad-Muscle-Bonnemann-WGS"},"individual":{"reference":"Patient/P.AnVIL-CMG-Broad-Muscle-Bonnemann-WGS-Su-BON-B17-36-1-1"}}
{"resourceType":"ResearchSubject","id":"P.AnVIL-CMG-Broad-Muscle-Bonnemann-WGS-Su-BON-B17-36-2-1","meta":{"profile":["http://hl7.org/fhir/StructureDefinition/ResearchSubject"]},"identifier":[{"system":"https://anvil.terra.bio/#workspaces/anvil-datastorage/AnVIL_CMG_Broad_Muscle_Bonnemann_WGS","value":"AnVIL_CMG_Broad_Muscle_Bonnemann_WGS/Su/BON_B17-36_2_1"},{"system":"urn:ncpi:unique-string","value":"P.AnVIL-CMG-Broad-Muscle-Bonnemann-WGS-Su-BON-B17-36-2-1"}],"status":"off-study","study":{"reference":"ResearchStudy/AnVIL-CMG-Broad-Muscle-Bonnemann-WGS"},"individual":{"reference":"Patient/P.AnVIL-CMG-Broad-Muscle-Bonnemann-WGS-Su-BON-B17-36-2-1"}}
{"resourceType":"ResearchSubject","id":"P.AnVIL-CMG-Broad-Muscle-Bonnemann-WGS-Su-BON-B17-36-3-1","meta":{"profile":["http://hl7.org/fhir/StructureDefinition/ResearchSubject"]},"identifier":[{"system":"https://anvil.terra.bio/#workspaces/anvil-datastorage/AnVIL_CMG_Broad_Muscle_Bonnemann_WGS","value":"AnVIL_CMG_Broad_Muscle_Bonnemann_WGS/Su/BON_B17-36_3_1"},{"system":"urn:ncpi:unique-string","value":"P.AnVIL-CMG-Broad-Muscle-Bonnemann-WGS-Su-BON-B17-36-3-1"}],"status":"off-study","study":{"reference":"ResearchStudy/AnVIL-CMG-Broad-Muscle-Bonnemann-WGS"},"individual":{"reference":"Patient/P.AnVIL-CMG-Broad-Muscle-Bonnemann-WGS-Su-BON-B17-36-3-1"}}
{"resourceType":"ResearchSubject","id":"P.AnVIL-CMG-Broad-Muscle-Bonnemann-WGS-Su-BON-B17-59-1-1","meta":{"profile":["http://hl7.org/fhir/StructureDefinition/ResearchSubject"]},"identifier":[{"system":"https://anvil.terra.bio/#workspaces/anvil-datastorage/AnVIL_CMG_Broad_Muscle_Bonnemann_WGS","value":"AnVIL_CMG_Broad_Muscle_Bonnemann_WGS/Su/BON_B17-59_1_1"},{"system":"urn:ncpi:unique-string","value":"P.AnVIL-CMG-Broad-Muscle-Bonnemann-WGS-Su-BON-B17-59-1-1"}],"status":"off-study","study":{"reference":"ResearchStudy/AnVIL-CMG-Broad-Muscle-Bonnemann-WGS"},"individual":{"reference":"Patient/P.AnVIL-CMG-Broad-Muscle-Bonnemann-WGS-Su-BON-B17-59-1-1"}}
{"resourceType":"ResearchSubject","id":"P.AnVIL-CMG-Broad-Muscle-Bonnemann-WGS-Su-BON-B17-59-2-1","meta":{"profile":["http://hl7.org/fhir/StructureDefinition/ResearchSubject"]},"identifier":[{"system":"https://anvil.terra.bio/#workspaces/anvil-datastorage/AnVIL_CMG_Broad_Muscle_Bonnemann_WGS","value":"AnVIL_CMG_Broad_Muscle_Bonnemann_WGS/Su/BON_B17-59_2_1"},{"system":"urn:ncpi:unique-string","value":"P.AnVIL-CMG-Broad-Muscle-Bonnemann-WGS-Su-BON-B17-59-2-1"}],"status":"off-study","study":{"reference":"ResearchStudy/AnVIL-CMG-Broad-Muscle-Bonnemann-WGS"},"individual":{"reference":"Patient/P.AnVIL-CMG-Broad-Muscle-Bonnemann-WGS-Su-BON-B17-59-2-1"}}
{"resourceType":"ResearchSubject","id":"P.AnVIL-CMG-Broad-Muscle-Bonnemann-WGS-Su-BON-B17-59-3-1","meta":{"profile":["http://hl7.org/fhir/StructureDefinition/ResearchSubject"]},"identifier":[{"system":"https://anvil.terra.bio/#workspaces/anvil-datastorage/AnVIL_CMG_Broad_Muscle_Bonnemann_WGS","value":"AnVIL_CMG_Broad_Muscle_Bonnemann_WGS/Su/BON_B17-59_3_1"},{"system":"urn:ncpi:unique-string","value":"P.AnVIL-CMG-Broad-Muscle-Bonnemann-WGS-Su-BON-B17-59-3-1"}],"status":"off-study","study":{"reference":"ResearchStudy/AnVIL-CMG-Broad-Muscle-Bonnemann-WGS"},"individual":{"reference":"Patient/P.AnVIL-CMG-Broad-Muscle-Bonnemann-WGS-Su-BON-B17-59-3-1"}}
{"resourceType":"ResearchSubject","id":"P.AnVIL-CMG-Broad-Muscle-Bonnemann-WGS-Su-BON-UC219-1-D2","meta":{"profile":["http://hl7.org/fhir/StructureDefinition/ResearchSubject"]},"identifier":[{"system":"https://anvil.terra.bio/#workspaces/anvil-datastorage/AnVIL_CMG_Broad_Muscle_Bonnemann_WGS","value":"AnVIL_CMG_Broad_Muscle_Bonnemann_WGS/Su/BON_UC219_1_D2"},{"system":"urn:ncpi:unique-string","value":"P.AnVIL-CMG-Broad-Muscle-Bonnemann-WGS-Su-BON-UC219-1-D2"}],"status":"off-study","study":{"reference":"ResearchStudy/AnVIL-CMG-Broad-Muscle-Bonnemann-WGS"},"individual":{"reference":"Patient/P.AnVIL-CMG-Broad-Muscle-Bonnemann-WGS-Su-BON-UC219-1-D2"}}
{"resourceType":"ResearchSubject","id":"P.AnVIL-CMG-Broad-Muscle-Bonnemann-WGS-Su-BON-UC219-4-D1","meta":{"profile":["http://hl7.org/fhir/StructureDefinition/ResearchSubject"]},"identifier":[{"system":"https://anvil.terra.bio/#workspaces/anvil-datastorage/AnVIL_CMG_Broad_Muscle_Bonnemann_WGS","value":"AnVIL_CMG_Broad_Muscle_Bonnemann_WGS/Su/BON_UC219_4_D1"},{"system":"urn:ncpi:unique-string","value":"P.AnVIL-CMG-Broad-Muscle-Bonnemann-WGS-Su-BON-UC219-4-D1"}],"status":"off-study","study":{"reference":"ResearchStudy/AnVIL-CMG-Broad-Muscle-Bonnemann-WGS"},"individual":{"reference":"Patient/P.AnVIL-CMG-Broad-Muscle-Bonnemann-WGS-Su-BON-UC219-4-D1"}}
{"resourceType":"ResearchSubject","id":"P.AnVIL-CMG-Broad-Muscle-Bonnemann-WGS-Su-BON-UC219-5-D1","meta":{"profile":["http://hl7.org/fhir/StructureDefinition/ResearchSubject"]},"identifier":[{"system":"https://anvil.terra.bio/#workspaces/anvil-datastorage/AnVIL_CMG_Broad_Muscle_Bonnemann_WGS","value":"AnVIL_CMG_Broad_Muscle_Bonnemann_WGS/Su/BON_UC219_5_D1"},{"system":"urn:ncpi:unique-string","value":"P.AnVIL-CMG-Broad-Muscle-Bonnemann-WGS-Su-BON-UC219-5-D1"}],"status":"off-study","study":{"reference":"ResearchStudy/AnVIL-CMG-Broad-Muscle-Bonnemann-WGS"},"individual":{"reference":"Patient/P.AnVIL-CMG-Broad-Muscle-Bonnemann-WGS-Su-BON-UC219-5-D1"}}
{"resourceType":"ResearchSubject","id":"P.AnVIL-CMG-Broad-Muscle-Bonnemann-WGS-Su-BON-UC223-1-D1","meta":{"profile":["http://hl7.org/fhir/StructureDefinition/ResearchSubject"]},"identifier":[{"system":"https://anvil.terra.bio/#workspaces/anvil-datastorage/AnVIL_CMG_Broad_Muscle_Bonnemann_WGS","value":"AnVIL_CMG_Broad_Muscle_Bonnemann_WGS/Su/BON_UC223_1_D1"},{"system":"urn:ncpi:unique-string","value":"P.AnVIL-CMG-Broad-Muscle-Bonnemann-WGS-Su-BON-UC223-1-D1"}],"status":"off-study","study":{"reference":"ResearchStudy/AnVIL-CMG-Broad-Muscle-Bonnemann-WGS"},"individual":{"reference":"Patient/P.AnVIL-CMG-Broad-Muscle-Bonnemann-WGS-Su-BON-UC223-1-D1"}}
{"resourceType":"ResearchSubject","id":"P.AnVIL-CMG-Broad-Muscle-Bonnemann-WGS-Su-BON-UC499-1-1","meta":{"profile":["http://hl7.org/fhir/StructureDefinition/ResearchSubject"]},"identifier":[{"system":"https://anvil.terra.bio/#workspaces/anvil-datastorage/AnVIL_CMG_Broad_Muscle_Bonnemann_WGS","value":"AnVIL_CMG_Broad_Muscle_Bonnemann_WGS/Su/BON_UC499_1_1"},{"system":"urn:ncpi:unique-string","value":"P.AnVIL-CMG-Broad-Muscle-Bonnemann-WGS-Su-BON-UC499-1-1"}],"status":"off-study","study":{"reference":"ResearchStudy/AnVIL-CMG-Broad-Muscle-Bonnemann-WGS"},"individual":{"reference":"Patient/P.AnVIL-CMG-Broad-Muscle-Bonnemann-WGS-Su-BON-UC499-1-1"}}
{"resourceType":"ResearchSubject","id":"P.AnVIL-CMG-Broad-Muscle-Bonnemann-WGS-Su-BON-UC499-3-1","meta":{"profile":["http://hl7.org/fhir/StructureDefinition/ResearchSubject"]},"identifier":[{"system":"https://anvil.terra.bio/#workspaces/anvil-datastorage/AnVIL_CMG_Broad_Muscle_Bonnemann_WGS","value":"AnVIL_CMG_Broad_Muscle_Bonnemann_WGS/Su/BON_UC499_3_1"},{"system":"urn:ncpi:unique-string","value":"P.AnVIL-CMG-Broad-Muscle-Bonnemann-WGS-Su-BON-UC499-3-1"}],"status":"off-study","study":{"reference":"ResearchStudy/AnVIL-CMG-Broad-Muscle-Bonnemann-WGS"},"individual":{"reference":"Patient/P.AnVIL-CMG-Broad-Muscle-Bonnemann-WGS-Su-BON-UC499-3-1"}}
{"resourceType":"ResearchSubject","id":"P.AnVIL-CMG-Broad-Muscle-Bonnemann-WGS-Su-BON-UC499-4-1","meta":{"profile":["http://hl7.org/fhir/StructureDefinition/ResearchSubject"]},"identifier":[{"system":"https://anvil.terra.bio/#workspaces/anvil-datastorage/AnVIL_CMG_Broad_Muscle_Bonnemann_WGS","value":"AnVIL_CMG_Broad_Muscle_Bonnemann_WGS/Su/BON_UC499_4_1"},{"system":"urn:ncpi:unique-string","value":"P.AnVIL-CMG-Broad-Muscle-Bonnemann-WGS-Su-BON-UC499-4-1"}],"status":"off-study","study":{"reference":"ResearchStudy/AnVIL-CMG-Broad-Muscle-Bonnemann-WGS"},"individual":{"reference":"Patient/P.AnVIL-CMG-Broad-Muscle-Bonnemann-WGS-Su-BON-UC499-4-1"}}
{"resourceType":"ResearchSubject","id":"P.AnVIL-CMG-Broad-Muscle-Bonnemann-WGS-Su-BON-UC84-1-D1","meta":{"profile":["http://hl7.org/fhir/StructureDefinition/ResearchSubject"]},"identifier":[{"system":"https://anvil.terra.bio/#workspaces/anvil-datastorage/AnVIL_CMG_Broad_Muscle_Bonnemann_WGS","value":"AnVIL_CMG_Broad_Muscle_Bonnemann_WGS/Su/BON_UC84_1_D1"},{"system":"urn:ncpi:unique-string","value":"P.AnVIL-CMG-Broad-Muscle-Bonnemann-WGS-Su-BON-UC84-1-D1"}],"status":"off-study","study":{"reference":"ResearchStudy/AnVIL-CMG-Broad-Muscle-Bonnemann-WGS"},"individual":{"reference":"Patient/P.AnVIL-CMG-Broad-Muscle-Bonnemann-WGS-Su-BON-UC84-1-D1"}}
