{"resourceType":"ResearchStudy","id":"AnVIL-CMG-Broad-Muscle-Bonnemann-WGS","meta":{"profile":["http://hl7.org/fhir/StructureDefinition/ResearchStudy"]},"identifier":[{"system":"https://anvil.terra.bio/#workspaces/anvil-datastorage/","value":"AnVIL_CMG_Broad_Muscle_Bonnemann_WGS"},{"system":"urn:ncpi:unique-string","value":"ResearchStudy|AnVIL_CMG_Broad_Muscle_Bonnemann_WGS"},{"value":"AnVIL_CMG_Broad_Muscle_Bonnemann_WGS"}],"extension":[{"url":"http://fhir.ncpi-project-forge.io/StructureDefinition/related-organization","extension":[{"url":"organization","valueReference":{"reference":"Organization/Organization.Broad"}}]},{"url":"http://fhir.ncpi-project-forge.io/StructureDefinition/display-name","valueString":"AnVIL_CMG_Broad_Muscle_Bonnemann_WGS"}],"title":"AnVIL_CMG_Broad_Muscle_Bonnemann_WGS","status":"completed","principalInvestigator":{"reference":"Practitioner/Practitioner.Carsten-Bonnemann"}}
