{"resourceType":"Task","id":"T.Broad-Muscle-Bonnemann-WGS-Sa-B12-30DNA","status":"accepted","intent":"unknown","input":[{"type":{"coding":[{"code":"Specimen"}]},"valueReference":{"reference":"Specimen/Broad-Muscle-Bonnemann-WGS-Sa-B12-30DNA"}}],"output":[]}
{"resourceType":"Task","id":"T.Broad-Muscle-Bonnemann-WGS-Sa-B14-07DNA","status":"accepted","intent":"unknown","input":[{"type":{"coding":[{"code":"Specimen"}]},"valueReference":{"reference":"Specimen/Broad-Muscle-Bonnemann-WGS-Sa-B14-07DNA"}}],"output":[]}
{"resourceType":"Task","id":"T.Broad-Muscle-Bonnemann-WGS-Sa-BON-B09-25-D1","status":"accepted","intent":"unknown","input":[{"type":{"coding":[{"code":"Specimen"}]},"valueReference":{"reference":"Specimen/Broad-Muscle-Bonnemann-WGS-Sa-BON-B09-25-D1"}}],"output":[]}
{"resourceType":"Task","id":"T.Broad-Muscle-Bonnemann-WGS-Sa-BON-B09-27-1-D2","status":"accepted","intent":"unknown","input":[{"type":{"coding":[{"code":"Specimen"}]},"valueReference":{"reference":"Specimen/Broad-Muscle-Bonnemann-WGS-Sa-BON-B09-27-1-D2"}}],"output":[]}
{"resourceType":"Task","id":"T.Broad-Muscle-Bonnemann-WGS-Sa-BON-B09-27-2-D1","status":"accepted","intent":"unknown","input":[{"type":{"coding":[{"code":"Specimen"}]},"valueReference":{"reference":"Specimen/Broad-Muscle-Bonnemann-WGS-Sa-BON-B09-27-2-D1"}}],"output":[]}
{"resourceType":"Task","id":"T.Broad-Muscle-Bonnemann-WGS-Sa-BON-B09-27-3-D1","status":"accepted","intent":"unknown","input":[{"type":{"coding":[{"code":"Specimen"}]},"valueReference":{"reference":"Specimen/Broad-Muscle-Bonnemann-WGS-Sa-BON-B09-27-3-D1"}}],"output":[]}
{"resourceType":"Task","id":"T.Broad-Muscle-Bonnemann-WGS-Sa-BON-B10-02-1-D1","status":"accepted","intent":"unknown","input":[{"type":{"coding":[{"code":"Specimen"}]},"valueReference":{"reference":"Specimen/Broad-Muscle-Bonnemann-WGS-Sa-BON-B10-02-1-D1"}}],"output":[]}
{"resourceType":"Task","id":"T.Broad-Muscle-Bonnemann-WGS-Sa-BON-B11-25-1-D1","status":"accepted","intent":"unknown","input":[{"type":{"coding":[{"code":"Specimen"}]},"valueReference":{"reference":"Specimen/Broad-Muscle-Bonnemann-WGS-Sa-BON-B11-25-1-D1"}}],"output":[]}
{"resourceType":"Task","id":"T.Broad-Muscle-Bonnemann-WGS-Sa-BON-B12-71-1-1","status":"accepted","intent":"unknown","input":[{"type":{"coding":[{"code":"Specimen"}]},"valueReference":{"reference":"Specimen/Broad-Muscle-Bonnemann-WGS-Sa-BON-B12-71-1-1"}}],"output":[]}
{"resourceType":"Task","id":"T.Broad-Muscle-Bonnemann-WGS-Sa-BON-B12-71-2-1","status":"accepted","intent":"unknown","input":[{"type":{"coding":[{"code":"Specimen"}]},"valueReference":{"reference":"Specimen/Broad-Muscle-Bonnemann-WGS-Sa-BON-B12-71-2-1"}}],"output":[]}
{"resourceType":"Task","id":"T.Broad-Muscle-Bonnemann-WGS-Sa-BON-B12-71-3-1","status":"accepted","intent":"unknown","input":[{"type":{"coding":[{"code":"Specimen"}]},"valueReference":{"reference":"Specimen/Broad-Muscle-Bonnemann-WGS-Sa-BON-B12-71-3-1"}}],"output":[]}
{"resourceType":"Task","id":"T.Broad-Muscle-Bonnemann-WGS-Sa-BON-B12-71-4-1","status":"accepted","intent":"unknown","input":[{"type":{"coding":[{"code":"Specimen"}]},"valueReference":{"reference":"Specimen/Broad-Muscle-Bonnemann-WGS-Sa-BON-B12-71-4-1"}}],"output":[]}
{"resourceType":"Task","id":"T.Broad-Muscle-Bonnemann-WGS-Sa-BON-B12-74-1-D2","status":"accepted","intent":"unknown","input":[{"type":{"coding":[{"code":"Specimen"}]},"valueReference":{"reference":"Specimen/Broad-Muscle-Bonnemann-WGS-Sa-BON-B12-74-1-D2"}}],"output":[]}
{"resourceType":"Task","id":"T.Broad-Muscle-Bonnemann-WGS-Sa-BON-B12-74-2-D1","status":"accepted","intent":"unknown","input":[{"type":{"coding":[{"code":"Specimen"}]},"valueReference":{"reference":"Specimen/Broad-Muscle-Bonnemann-WGS-Sa-BON-B12-74-2-D1"}}],"output":[]}
{"resourceType":"Task","id":"T.Broad-Muscle-Bonnemann-WGS-Sa-BON-B12-74-3-D1","status":"accepted","intent":"unknown","input":[{"type":{"coding":[{"code":"Specimen"}]},"valueReference":{"reference":"Specimen/Broad-Muscle-Bonnemann-WGS-Sa-BON-B12-74-3-D1"}}],"output":[]}
{"resourceType":"Task","id":"T.Broad-Muscle-Bonnemann-WGS-Sa-BON-B13-55-1-1","status":"accepted","intent":"unknown","input":[{"type":{"coding":[{"code":"Specimen"}]},"valueReference":{"reference":"Specimen/Broad-Muscle-Bonnemann-WGS-Sa-BON-B13-55-1-1"}}],"output":[]}
{"resourceType":"Task","id":"T.Broad-Muscle-Bonnemann-WGS-Sa-BON-B13-55-2-1","status":"accepted","intent":"unknown","input":[{"type":{"coding":[{"code":"Specimen"}]},"valueReference":{"reference":"Specimen/Broad-Muscle-Bonnemann-WGS-Sa-BON-B13-55-2-1"}}],"output":[]}
{"resourceType":"Task","id":"T.Broad-Muscle-Bonnemann-WGS-Sa-BON-B13-55-3-1","status":"accepted","intent":"unknown","input":[{"type":{"coding":[{"code":"Specimen"}]},"valueReference":{"reference":"Specimen/Broad-Muscle-Bonnemann-WGS-Sa-BON-B13-55-3-1"}}],"output":[]}
{"resourceType":"Task","id":"T.Broad-Muscle-Bonnemann-WGS-Sa-BON-B13-07-1-D1","status":"accepted","intent":"unknown","input":[{"type":{"coding":[{"code":"Specimen"}]},"valueReference":{"reference":"Specimen/Broad-Muscle-Bonnemann-WGS-Sa-BON-B13-07-1-D1"}}],"output":[]}
{"resourceType":"Task","id":"T.Broad-Muscle-Bonnemann-WGS-Sa-BON-B13-52-1-D1","status":"accepted","intent":"unknown","input":[{"type":{"coding":[{"code":"Specimen"}]},"valueReference":{"reference":"Specimen/Broad-Muscle-Bonnemann-WGS-Sa-BON-B13-52-1-D1"}}],"output":[]}
{"resourceType":"Task","id":"T.Broad-Muscle-Bonnemann-WGS-Sa-BON-B14-20-2","status":"accepted","intent":"unknown","input":[{"type":{"coding":[{"code":"Specimen"}]},"valueReference":{"reference":"Specimen/Broad-Muscle-Bonnemann-WGS-Sa-BON-B14-20-2"}}],"output":[]}
{"resourceType":"Task","id":"T.Broad-Muscle-Bonnemann-WGS-Sa-BON-B14-51-1-1","status":"accepted","intent":"unknown","input":[{"type":{"coding":[{"code":"Specimen"}]},"valueReference":{"reference":"Specimen/Broad-Muscle-Bonnemann-WGS-Sa-BON-B14-51-1-1"}}],"output":[]}
{"resourceType":"Task","id":"T.Broad-Muscle-Bonnemann-WGS-Sa-BON-B14-51-2-1","status":"accepted","intent":"unknown","input":[{"type":{"coding":[{"code":"Specimen"}]},"valueReference":{"reference":"Specimen/Broad-Muscle-Bonnemann-WGS-Sa-BON-B14-51-2-1"}}],"output":[]}
{"resourceType":"Task","id":"T.Broad-Muscle-Bonnemann-WGS-Sa-BON-B14-51-3-1","status":"accepted","intent":"unknown","input":[{"type":{"coding":[{"code":"Specimen"}]},"valueReference":{"reference":"Specimen/Broad-Muscle-Bonnemann-WGS-Sa-BON-B14-51-3-1"}}],"output":[]}
{"resourceType":"Task","id":"T.Broad-Muscle-Bonnemann-WGS-Sa-BON-B14-70-1-1","status":"accepted","intent":"unknown","input":[{"type":{"coding":[{"code":"Specimen"}]},"valueReference":{"reference":"Specimen/Broad-Muscle-Bonnemann-WGS-Sa-BON-B14-70-1-1"}}],"output":[]}
{"resourceType":"Task","id":"T.Broad-Muscle-Bonnemann-WGS-Sa-BON-B14-70-2-1","status":"accepted","intent":"unknown","input":[{"type":{"coding":[{"code":"Specimen"}]},"valueReference":{"reference":"Specimen/Broad-Muscle-Bonnemann-WGS-Sa-BON-B14-70-2-1"}}],"output":[]}
{"resourceType":"Task","id":"T.Broad-Muscle-Bonnemann-WGS-Sa-BON-B14-70-3-1","status":"accepted","intent":"unknown","input":[{"type":{"coding":[{"code":"Specimen"}]},"valueReference":{"reference":"Specimen/Broad-Muscle-Bonnemann-WGS-Sa-BON-B14-70-3-1"}}],"output":[]}
{"resourceType":"Task","id":"T.Broad-Muscle-Bonnemann-WGS-Sa-BON-B14-117-1-D1","status":"accepted","intent":"unknown","input":[{"type":{"coding":[{"code":"Specimen"}]},"valueReference":{"reference":"Specimen/Broad-Muscle-Bonnemann-WGS-Sa-BON-B14-117-1-D1"}}],"output":[]}
{"resourceType":"Task","id":"T.Broad-Muscle-Bonnemann-WGS-Sa-BON-B14-163-1-D1","status":"accepted","intent":"unknown","input":[{"type":{"coding":[{"code":"Specimen"}]},"valueReference":{"reference":"Specimen/Broad-Muscle-Bonnemann-WGS-Sa-BON-B14-163-1-D1"}}],"output":[]}
{"resourceType":"Task","id":"T.Broad-Muscle-Bonnemann-WGS-Sa-BON-B14-163-3-D1","status":"accepted","intent":"unknown","input":[{"type":{"coding":[{"code":"Specimen"}]},"valueReference":{"reference":"Specimen/Broad-Muscle-Bonnemann-WGS-Sa-BON-B14-163-3-D1"}}],"output":[]}
{"resourceType":"Task","id":"T.Broad-Muscle-Bonnemann-WGS-Sa-BON-B14-163-4-D1","status":"accepted","intent":"unknown","input":[{"type":{"coding":[{"code":"Specimen"}]},"valueReference":{"reference":"Specimen/Broad-Muscle-Bonnemann-WGS-Sa-BON-B14-163-4-D1"}}],"output":[]}
{"resourceType":"Task","id":"T.Broad-Muscle-Bonnemann-WGS-Sa-BON-B14-48-1-D2","status":"accepted","intent":"unknown","input":[{"type":{"coding":[{"code":"Specimen"}]},"valueReference":{"reference":"Specimen/Broad-Muscle-Bonnemann-WGS-Sa-BON-B14-48-1-D2"}}],"output":[]}
{"resourceType":"Task","id":"T.Broad-Muscle-Bonnemann-WGS-Sa-BON-B14-60-1-D1","status":"accepted","intent":"unknown","input":[{"type":{"coding":[{"code":"Specimen"}]},"valueReference":{"reference":"Specimen/Broad-Muscle-Bonnemann-WGS-Sa-BON-B14-60-1-D1"}}],"output":[]}
{"resourceType":"Task","id":"T.Broad-Muscle-Bonnemann-WGS-Sa-BON-B14-60-2-D1","status":"accepted","intent":"unknown","input":[{"type":{"coding":[{"code":"Specimen"}]},"valueReference":{"reference":"Specimen/Broad-Muscle-Bonnemann-WGS-Sa-BON-B14-60-2-D1"}}],"output":[]}
{"resourceType":"Task","id":"T.Broad-Muscle-Bonnemann-WGS-Sa-BON-B14-60-3-D1","status":"accepted","intent":"unknown","input":[{"type":{"coding":[{"code":"Specimen"}]},"valueReference":{"reference":"Specimen/Broad-Muscle-Bonnemann-WGS-Sa-BON-B14-60-3-D1"}}],"output":[]}
{"resourceType":"Task","id":"T.Broad-Muscle-Bonnemann-WGS-Sa-BON-B14-71-1-D1","status":"accepted","intent":"unknown","input":[{"type":{"coding":[{"code":"Specimen"}]},"valueReference":{"reference":"Specimen/Broad-Muscle-Bonnemann-WGS-Sa-BON-B14-71-1-D1"}}],"output":[]}
{"resourceType":"Task","id":"T.Broad-Muscle-Bonnemann-WGS-Sa-BON-B14-71-2-D2","status":"accepted","intent":"unknown","input":[{"type":{"coding":[{"code":"Specimen"}]},"valueReference":{"reference":"Specimen/Broad-Muscle-Bonnemann-WGS-Sa-BON-B14-71-2-D2"}}],"output":[]}
{"resourceType":"Task","id":"T.Broad-Muscle-Bonnemann-WGS-Sa-BON-B14-71-3-D1","status":"accepted","intent":"unknown","input":[{"type":{"coding":[{"code":"Specimen"}]},"valueReference":{"reference":"Specimen/Broad-Muscle-Bonnemann-WGS-Sa-BON-B14-71-3-D1"}}],"output":[]}
{"resourceType":"Task","id":"T.Broad-Muscle-Bonnemann-WGS-Sa-BON-B14-71-4-D1","status":"accepted","intent":"unknown","input":[{"type":{"coding":[{"code":"Specimen"}]},"valueReference":{"reference":"Specimen/Broad-Muscle-Bonnemann-WGS-Sa-BON-B14-71-4-D1"}}],"output":[]}
{"resourceType":"Task","id":"T.Broad-Muscle-Bonnemann-WGS-Sa-BON-B14-75-1-D1","status":"accepted","intent":"unknown","input":[{"type":{"coding":[{"code":"Specimen"}]},"valueReference":{"reference":"Specimen/Broad-Muscle-Bonnemann-WGS-Sa-BON-B14-75-1-D1"}}],"output":[]}
{"resourceType":"Task","id":"T.Broad-Muscle-Bonnemann-WGS-Sa-BON-B14-75-2-D1","status":"accepted","intent":"unknown","input":[{"type":{"coding":[{"code":"Specimen"}]},"valueReference":{"reference":"Specimen/Broad-Muscle-Bonnemann-WGS-Sa-BON-B14-75-2-D1"}}],"output":[]}
{"resourceType":"Task","id":"T.Broad-Muscle-Bonnemann-WGS-Sa-BON-B14-75-3-D1","status":"accepted","intent":"unknown","input":[{"type":{"coding":[{"code":"Specimen"}]},"valueReference":{"reference":"Specimen/Broad-Muscle-Bonnemann-WGS-Sa-BON-B14-75-3-D1"}}],"output":[]}
{"resourceType":"Task","id":"T.Broad-Muscle-Bonnemann-WGS-Sa-BON-B15-125-1-1","status":"accepted","intent":"unknown","input":[{"type":{"coding":[{"code":"Specimen"}]},"valueReference":{"reference":"Specimen/Broad-Muscle-Bonnemann-WGS-Sa-BON-B15-125-1-1"}}],"output":[]}
{"resourceType":"Task","id":"T.Broad-Muscle-Bonnemann-WGS-Sa-BON-B15-125-2-1","status":"accepted","intent":"unknown","input":[{"type":{"coding":[{"code":"Specimen"}]},"valueReference":{"reference":"Specimen/Broad-Muscle-Bonnemann-WGS-Sa-BON-B15-125-2-1"}}],"output":[]}
{"resourceType":"Task","id":"T.Broad-Muscle-Bonnemann-WGS-Sa-BON-B15-125-3-1","status":"accepted","intent":"unknown","input":[{"type":{"coding":[{"code":"Specimen"}]},"valueReference":{"reference":"Specimen/Broad-Muscle-Bonnemann-WGS-Sa-BON-B15-125-3-1"}}],"output":[]}
{"resourceType":"Task","id":"T.Broad-Muscle-Bonnemann-WGS-Sa-BON-B15-15-1-1","status":"accepted","intent":"unknown","input":[{"type":{"coding":[{"code":"Specimen"}]},"valueReference":{"reference":"Specimen/Broad-Muscle-Bonnemann-WGS-Sa-BON-B15-15-1-1"}}],"output":[]}
{"resourceType":"Task","id":"T.Broad-Muscle-Bonnemann-WGS-Sa-BON-B15-15-3-1","status":"accepted","intent":"unknown","input":[{"type":{"coding":[{"code":"Specimen"}]},"valueReference":{"reference":"Specimen/Broad-Muscle-Bonnemann-WGS-Sa-BON-B15-15-3-1"}}],"output":[]}
{"resourceType":"Task","id":"T.Broad-Muscle-Bonnemann-WGS-Sa-BON-B15-15-4-1","status":"accepted","intent":"unknown","input":[{"type":{"coding":[{"code":"Specimen"}]},"valueReference":{"reference":"Specimen/Broad-Muscle-Bonnemann-WGS-Sa-BON-B15-15-4-1"}}],"output":[]}
{"resourceType":"Task","id":"T.Broad-Muscle-Bonnemann-WGS-Sa-BON-B15-76-1-1","status":"accepted","intent":"unknown","input":[{"type":{"coding":[{"code":"Specimen"}]},"valueReference":{"reference":"Specimen/Broad-Muscle-Bonnemann-WGS-Sa-BON-B15-76-1-1"}}],"output":[]}
{"resourceType":"Task","id":"T.Broad-Muscle-Bonnemann-WGS-Sa-BON-B15-76-2-1","status":"accepted","intent":"unknown","input":[{"type":{"coding":[{"code":"Specimen"}]},"valueReference":{"reference":"Specimen/Broad-Muscle-Bonnemann-WGS-Sa-BON-B15-76-2-1"}}],"output":[]}
{"resourceType":"Task","id":"T.Broad-Muscle-Bonnemann-WGS-Sa-BON-B15-76-3-1","status":"accepted","intent":"unknown","input":[{"type":{"coding":[{"code":"Specimen"}]},"valueReference":{"reference":"Specimen/Broad-Muscle-Bonnemann-WGS-Sa-BON-B15-76-3-1"}}],"output":[]}
{"resourceType":"Task","id":"T.Broad-Muscle-Bonnemann-WGS-Sa-BON-B15-76-4-1","status":"accepted","intent":"unknown","input":[{"type":{"coding":[{"code":"Specimen"}]},"valueReference":{"reference":"Specimen/Broad-Muscle-Bonnemann-WGS-Sa-BON-B15-76-4-1"}}],"output":[]}
{"resourceType":"Task","id":"T.Broad-Muscle-Bonnemann-WGS-Sa-BON-B15-98-1-1","status":"accepted","intent":"unknown","input":[{"type":{"coding":[{"code":"Specimen"}]},"valueReference":{"reference":"Specimen/Broad-Muscle-Bonnemann-WGS-Sa-BON-B15-98-1-1"}}],"output":[]}
{"resourceType":"Task","id":"T.Broad-Muscle-Bonnemann-WGS-Sa-BON-B15-98-2-1","status":"accepted","intent":"unknown","input":[{"type":{"coding":[{"code":"Specimen"}]},"valueReference":{"reference":"Specimen/Broad-Muscle-Bonnemann-WGS-Sa-BON-B15-98-2-1"}}],"output":[]}
{"resourceType":"Task","id":"T.Broad-Muscle-Bonnemann-WGS-Sa-BON-B15-98-3-1","status":"accepted","intent":"unknown","input":[{"type":{"coding":[{"code":"Specimen"}]},"valueReference":{"reference":"Specimen/Broad-Muscle-Bonnemann-WGS-Sa-BON-B15-98-3-1"}}],"output":[]}
{"resourceType":"Task","id":"T.Broad-Muscle-Bonnemann-WGS-Sa-BON-B16-19-2","status":"accepted","intent":"unknown","input":[{"type":{"coding":[{"code":"Specimen"}]},"valueReference":{"reference":"Specimen/Broad-Muscle-Bonnemann-WGS-Sa-BON-B16-19-2"}}],"output":[]}
{"resourceType":"Task","id":"T.Broad-Muscle-Bonnemann-WGS-Sa-BON-B16-48-1-1","status":"accepted","intent":"unknown","input":[{"type":{"coding":[{"code":"Specimen"}]},"valueReference":{"reference":"Specimen/Broad-Muscle-Bonnemann-WGS-Sa-BON-B16-48-1-1"}}],"output":[]}
{"resourceType":"Task","id":"T.Broad-Muscle-Bonnemann-WGS-Sa-BON-B16-48-3-1","status":"accepted","intent":"unknown","input":[{"type":{"coding":[{"code":"Specimen"}]},"valueReference":{"reference":"Specimen/Broad-Muscle-Bonnemann-WGS-Sa-BON-B16-48-3-1"}}],"output":[]}
{"resourceType":"Task","id":"T.Broad-Muscle-Bonnemann-WGS-Sa-BON-B16-48-4-1","status":"accepted","intent":"unknown","input":[{"type":{"coding":[{"code":"Specimen"}]},"valueReference":{"reference":"Specimen/Broad-Muscle-Bonnemann-WGS-Sa-BON-B16-48-4-1"}}],"output":[]}
{"resourceType":"Task","id":"T.Broad-Muscle-Bonnemann-WGS-Sa-BON-B16-50-1-1","status":"accepted","intent":"unknown","input":[{"type":{"coding":[{"code":"Specimen"}]},"valueReference":{"reference":"Specimen/Broad-Muscle-Bonnemann-WGS-Sa-BON-B16-50-1-1"}}],"output":[]}
{"resourceType":"Task","id":"T.Broad-Muscle-Bonnemann-WGS-Sa-BON-B16-50-2-1","status":"accepted","intent":"unknown","input":[{"type":{"coding":[{"code":"Specimen"}]},"valueReference":{"reference":"Specimen/Broad-Muscle-Bonnemann-WGS-Sa-BON-B16-50-2-1"}}],"output":[]}
{"resourceType":"Task","id":"T.Broad-Muscle-Bonnemann-WGS-Sa-BON-B16-50-3-1","status":"accepted","intent":"unknown","input":[{"type":{"coding":[{"code":"Specimen"}]},"valueReference":{"reference":"Specimen/Broad-Muscle-Bonnemann-WGS-Sa-BON-B16-50-3-1"}}],"output":[]}
{"resourceType":"Task","id":"T.Broad-Muscle-Bonnemann-WGS-Sa-BON-B16-57-1-1","status":"accepted","intent":"unknown","input":[{"type":{"coding":[{"code":"Specimen"}]},"valueReference":{"reference":"Specimen/Broad-Muscle-Bonnemann-WGS-Sa-BON-B16-57-1-1"}}],"output":[]}
{"resourceType":"Task","id":"T.Broad-Muscle-Bonnemann-WGS-Sa-BON-B16-57-2-1","status":"accepted","intent":"unknown","input":[{"type":{"coding":[{"code":"Specimen"}]},"valueReference":{"reference":"Specimen/Broad-Muscle-Bonnemann-WGS-Sa-BON-B16-57-2-1"}}],"output":[]}
{"resourceType":"Task","id":"T.Broad-Muscle-Bonnemann-WGS-Sa-BON-B16-57-3-1","status":"accepted","intent":"unknown","input":[{"type":{"coding":[{"code":"Specimen"}]},"valueReference":{"reference":"Specimen/Broad-Muscle-Bonnemann-WGS-Sa-BON-B16-57-3-1"}}],"output":[]}
{"resourceType":"Task","id":"T.Broad-Muscle-Bonnemann-WGS-Sa-BON-B16-102-1-1","status":"accepted","intent":"unknown","input":[{"type":{"coding":[{"code":"Specimen"}]},"valueReference":{"reference":"Specimen/Broad-Muscle-Bonnemann-WGS-Sa-BON-B16-102-1-1"}}],"output":[]}
{"resourceType":"Task","id":"T.Broad-Muscle-Bonnemann-WGS-Sa-BON-B16-102-2-1","status":"accepted","intent":"unknown","input":[{"type":{"coding":[{"code":"Specimen"}]},"valueReference":{"reference":"Specimen/Broad-Muscle-Bonnemann-WGS-Sa-BON-B16-102-2-1"}}],"output":[]}
{"resourceType":"Task","id":"T.Broad-Muscle-Bonnemann-WGS-Sa-BON-B16-102-3-1","status":"accepted","intent":"unknown","input":[{"type":{"coding":[{"code":"Specimen"}]},"valueReference":{"reference":"Specimen/Broad-Muscle-Bonnemann-WGS-Sa-BON-B16-102-3-1"}}],"output":[]}
{"resourceType":"Task","id":"T.Broad-Muscle-Bonnemann-WGS-Sa-BON-B16-105-1-1","status":"accepted","intent":"unknown","input":[{"type":{"coding":[{"code":"Specimen"}]},"valueReference":{"reference":"Specimen/Broad-Muscle-Bonnemann-WGS-Sa-BON-B16-105-1-1"}}],"output":[]}
{"resourceType":"Task","id":"T.Broad-Muscle-Bonnemann-WGS-Sa-BON-B16-105-2-1","status":"accepted","intent":"unknown","input":[{"type":{"coding":[{"code":"Specimen"}]},"valueReference":{"reference":"Specimen/Broad-Muscle-Bonnemann-WGS-Sa-BON-B16-105-2-1"}}],"output":[]}
{"resourceType":"Task","id":"T.Broad-Muscle-Bonnemann-WGS-Sa-BON-B16-105-3-1","status":"accepted","intent":"unknown","input":[{"type":{"coding":[{"code":"Specimen"}]},"valueReference":{"reference":"Specimen/Broad-Muscle-Bonnemann-WGS-Sa-BON-B16-105-3-1"}}],"output":[]}
{"resourceType":"Task","id":"T.Broad-Muscle-Bonnemann-WGS-Sa-BON-B17-01-1-1","status":"accepted","intent":"unknown","input":[{"type":{"coding":[{"code":"Specimen"}]},"valueReference":{"reference":"Specimen/Broad-Muscle-Bonnemann-WGS-Sa-BON-B17-01-1-1"}}],"output":[]}
{"resourceType":"Task","id":"T.Broad-Muscle-Bonnemann-WGS-Sa-BON-B17-01-2-1","status":"accepted","intent":"unknown","input":[{"type":{"coding":[{"code":"Specimen"}]},"valueReference":{"reference":"Specimen/Broad-Muscle-Bonnemann-WGS-Sa-BON-B17-01-2-1"}}],"output":[]}
{"resourceType":"Task","id":"T.Broad-Muscle-Bonnemann-WGS-Sa-BON-B17-01-3-2","status":"accepted","intent":"unknown","input":[{"type":{"coding":[{"code":"Specimen"}]},"valueReference":{"reference":"Specimen/Broad-Muscle-Bonnemann-WGS-Sa-BON-B17-01-3-2"}}],"output":[]}
{"resourceType":"Task","id":"T.Broad-Muscle-Bonnemann-WGS-Sa-BON-B17-23-1-1","status":"accepted","intent":"unknown","input":[{"type":{"coding":[{"code":"Specimen"}]},"valueReference":{"reference":"Specimen/Broad-Muscle-Bonnemann-WGS-Sa-BON-B17-23-1-1"}}],"output":[]}
{"resourceType":"Task","id":"T.Broad-Muscle-Bonnemann-WGS-Sa-BON-B17-23-2-1","status":"accepted","intent":"unknown","input":[{"type":{"coding":[{"code":"Specimen"}]},"valueReference":{"reference":"Specimen/Broad-Muscle-Bonnemann-WGS-Sa-BON-B17-23-2-1"}}],"output":[]}
{"resourceType":"Task","id":"T.Broad-Muscle-Bonnemann-WGS-Sa-BON-B17-23-3-1","status":"accepted","intent":"unknown","input":[{"type":{"coding":[{"code":"Specimen"}]},"valueReference":{"reference":"Specimen/Broad-Muscle-Bonnemann-WGS-Sa-BON-B17-23-3-1"}}],"output":[]}
{"resourceType":"Task","id":"T.Broad-Muscle-Bonnemann-WGS-Sa-BON-B17-28-1-1","status":"accepted","intent":"unknown","input":[{"type":{"coding":[{"code":"Specimen"}]},"valueReference":{"reference":"Specimen/Broad-Muscle-Bonnemann-WGS-Sa-BON-B17-28-1-1"}}],"output":[]}
{"resourceType":"Task","id":"T.Broad-Muscle-Bonnemann-WGS-Sa-BON-B17-28-2-1","status":"accepted","intent":"unknown","input":[{"type":{"coding":[{"code":"Specimen"}]},"valueReference":{"reference":"Specimen/Broad-Muscle-Bonnemann-WGS-Sa-BON-B17-28-2-1"}}],"output":[]}
{"resourceType":"Task","id":"T.Broad-Muscle-Bonnemann-WGS-Sa-BON-B17-28-3-1","status":"accepted","intent":"unknown","input":[{"type":{"coding":[{"code":"Specimen"}]},"valueReference":{"reference":"Specimen/Broad-Muscle-Bonnemann-WGS-Sa-BON-B17-28-3-1"}}],"output":[]}
{"resourceType":"Task","id":"T.Broad-Muscle-Bonnemann-WGS-Sa-BON-B17-36-1-1","status":"accepted","intent":"unknown","input":[{"type":{"coding":[{"code":"Specimen"}]},"valueReference":{"reference":"Specimen/Broad-Muscle-Bonnemann-WGS-Sa-BON-B17-36-1-1"}}],"output":[]}
{"resourceType":"Task","id":"T.Broad-Muscle-Bonnemann-WGS-Sa-BON-B17-36-2-1","status":"accepted","intent":"unknown","input":[{"type":{"coding":[{"code":"Specimen"}]},"valueReference":{"reference":"Specimen/Broad-Muscle-Bonnemann-WGS-Sa-BON-B17-36-2-1"}}],"output":[]}
{"resourceType":"Task","id":"T.Broad-Muscle-Bonnemann-WGS-Sa-BON-B17-36-3-1","status":"accepted","intent":"unknown","input":[{"type":{"coding":[{"code":"Specimen"}]},"valueReference":{"reference":"Specimen/Broad-Muscle-Bonnemann-WGS-Sa-BON-B17-36-3-1"}}],"output":[]}
{"resourceType":"Task","id":"T.Broad-Muscle-Bonnemann-WGS-Sa-BON-B17-59-1-1","status":"accepted","intent":"unknown","input":[{"type":{"coding":[{"code":"Specimen"}]},"valueReference":{"reference":"Specimen/Broad-Muscle-Bonnemann-WGS-Sa-BON-B17-59-1-1"}}],"output":[]}
{"resourceType":"Task","id":"T.Broad-Muscle-Bonnemann-WGS-Sa-BON-B17-59-2-1","status":"accepted","intent":"unknown","input":[{"type":{"coding":[{"code":"Specimen"}]},"valueReference":{"reference":"Specimen/Broad-Muscle-Bonnemann-WGS-Sa-BON-B17-59-2-1"}}],"output":[]}
{"resourceType":"Task","id":"T.Broad-Muscle-Bonnemann-WGS-Sa-BON-B17-59-3-1","status":"accepted","intent":"unknown","input":[{"type":{"coding":[{"code":"Specimen"}]},"valueReference":{"reference":"Specimen/Broad-Muscle-Bonnemann-WGS-Sa-BON-B17-59-3-1"}}],"output":[]}
{"resourceType":"Task","id":"T.Broad-Muscle-Bonnemann-WGS-Sa-BON-UC219-1-D2","status":"accepted","intent":"unknown","input":[{"type":{"coding":[{"code":"Specimen"}]},"valueReference":{"reference":"Specimen/Broad-Muscle-Bonnemann-WGS-Sa-BON-UC219-1-D2"}}],"output":[]}
{"resourceType":"Task","id":"T.Broad-Muscle-Bonnemann-WGS-Sa-BON-UC219-4-D1","status":"accepted","intent":"unknown","input":[{"type":{"coding":[{"code":"Specimen"}]},"valueReference":{"reference":"Specimen/Broad-Muscle-Bonnemann-WGS-Sa-BON-UC219-4-D1"}}],"output":[]}
{"resourceType":"Task","id":"T.Broad-Muscle-Bonnemann-WGS-Sa-BON-UC219-5-D1","status":"accepted","intent":"unknown","input":[{"type":{"coding":[{"code":"Specimen"}]},"valueReference":{"reference":"Specimen/Broad-Muscle-Bonnemann-WGS-Sa-BON-UC219-5-D1"}}],"output":[]}
{"resourceType":"Task","id":"T.Broad-Muscle-Bonnemann-WGS-Sa-BON-UC223-1-D1","status":"accepted","intent":"unknown","input":[{"type":{"coding":[{"code":"Specimen"}]},"valueReference":{"reference":"Specimen/Broad-Muscle-Bonnemann-WGS-Sa-BON-UC223-1-D1"}}],"output":[]}
{"resourceType":"Task","id":"T.Broad-Muscle-Bonnemann-WGS-Sa-BON-UC499-1-1","status":"accepted","intent":"unknown","input":[{"type":{"coding":[{"code":"Specimen"}]},"valueReference":{"reference":"Specimen/Broad-Muscle-Bonnemann-WGS-Sa-BON-UC499-1-1"}}],"output":[]}
{"resourceType":"Task","id":"T.Broad-Muscle-Bonnemann-WGS-Sa-BON-UC499-3-1","status":"accepted","intent":"unknown","input":[{"type":{"coding":[{"code":"Specimen"}]},"valueReference":{"reference":"Specimen/Broad-Muscle-Bonnemann-WGS-Sa-BON-UC499-3-1"}}],"output":[]}
{"resourceType":"Task","id":"T.Broad-Muscle-Bonnemann-WGS-Sa-BON-UC499-4-1","status":"accepted","intent":"unknown","input":[{"type":{"coding":[{"code":"Specimen"}]},"valueReference":{"reference":"Specimen/Broad-Muscle-Bonnemann-WGS-Sa-BON-UC499-4-1"}}],"output":[]}
{"resourceType":"Task","id":"T.Broad-Muscle-Bonnemann-WGS-Sa-BON-UC84-1-D1","status":"accepted","intent":"unknown","input":[{"type":{"coding":[{"code":"Specimen"}]},"valueReference":{"reference":"Specimen/Broad-Muscle-Bonnemann-WGS-Sa-BON-UC84-1-D1"}}],"output":[]}
