{"resourceType":"Observation","id":"d-Muscle-Ravenscroft-WES-Su-UWA-FAM12-8004-D12-824-1-OMIM-108120","meta":{"profile":["http://fhir.ncpi-project-forge.io/StructureDefinition/ncpi-phenotype"]},"identifier":[{"system":"urn:ncpi:unique-string","value":"d-Muscle-Ravenscroft-WES-Su-UWA-FAM12-8004-D12-824-1-OMIM-108120"}],"status":"final","code":{"coding":[{"system":"http://purl.obolibrary.org/obo/omim.owl","code":"OMIM:108120","display":"ARTHROGRYPOSIS, DISTAL, TYPE 1A; DA1A"}],"text":"ARTHROGRYPOSIS, DISTAL, TYPE 1A; DA1A"},"subject":{"reference":"Patient/VIL-CMG-Broad-Muscle-Ravenscroft-WES-Su-UWA-FAM12-8004-D12-824-1"},"valueCodeableConcept":{"coding":[{"system":"http://snomed.info/sct","code":"373573001","display":"Clinical finding present (situation)"}],"text":"Phenotype Present"},"interpretation":[{"coding":[{"system":"http://terminology.hl7.org/CodeSystem/v3-ObservationInterpretation","code":"POS","display":"Positive"}],"text":"Present"}],"extension":[]}
{"resourceType":"Observation","id":"d-Muscle-Ravenscroft-WES-Su-UWA-FAM12-8004-D12-825-1-OMIM-108120","meta":{"profile":["http://fhir.ncpi-project-forge.io/StructureDefinition/ncpi-phenotype"]},"identifier":[{"system":"urn:ncpi:unique-string","value":"d-Muscle-Ravenscroft-WES-Su-UWA-FAM12-8004-D12-825-1-OMIM-108120"}],"status":"final","code":{"coding":[{"system":"http://purl.obolibrary.org/obo/omim.owl","code":"OMIM:108120","display":"ARTHROGRYPOSIS, DISTAL, TYPE 1A; DA1A"}],"text":"ARTHROGRYPOSIS, DISTAL, TYPE 1A; DA1A"},"subject":{"reference":"Patient/VIL-CMG-Broad-Muscle-Ravenscroft-WES-Su-UWA-FAM12-8004-D12-825-1"},"valueCodeableConcept":{"coding":[{"system":"http://snomed.info/sct","code":"373573001","display":"Clinical finding present (situation)"}],"text":"Phenotype Present"},"interpretation":[{"coding":[{"system":"http://terminology.hl7.org/CodeSystem/v3-ObservationInterpretation","code":"POS","display":"Positive"}],"text":"Present"}],"extension":[]}
{"resourceType":"Observation","id":"d-Muscle-Ravenscroft-WES-Su-UWA-FAM12-8004-D12-830-1-OMIM-108120","meta":{"profile":["http://fhir.ncpi-project-forge.io/StructureDefinition/ncpi-phenotype"]},"identifier":[{"system":"urn:ncpi:unique-string","value":"d-Muscle-Ravenscroft-WES-Su-UWA-FAM12-8004-D12-830-1-OMIM-108120"}],"status":"final","code":{"coding":[{"system":"http://purl.obolibrary.org/obo/omim.owl","code":"OMIM:108120","display":"ARTHROGRYPOSIS, DISTAL, TYPE 1A; DA1A"}],"text":"ARTHROGRYPOSIS, DISTAL, TYPE 1A; DA1A"},"subject":{"reference":"Patient/VIL-CMG-Broad-Muscle-Ravenscroft-WES-Su-UWA-FAM12-8004-D12-830-1"},"valueCodeableConcept":{"coding":[{"system":"http://snomed.info/sct","code":"373573001","display":"Clinical finding present (situation)"}],"text":"Phenotype Present"},"interpretation":[{"coding":[{"system":"http://terminology.hl7.org/CodeSystem/v3-ObservationInterpretation","code":"POS","display":"Positive"}],"text":"Present"}],"extension":[]}
{"resourceType":"Observation","id":"-Muscle-Ravenscroft-WES-Su-UWA-FAM13-8132-D17-1146-1-OMIM-611705","meta":{"profile":["http://fhir.ncpi-project-forge.io/StructureDefinition/ncpi-phenotype"]},"identifier":[{"system":"urn:ncpi:unique-string","value":"-Muscle-Ravenscroft-WES-Su-UWA-FAM13-8132-D17-1146-1-OMIM-611705"}],"status":"final","code":{"coding":[{"system":"http://purl.obolibrary.org/obo/omim.owl","code":"OMIM:611705","display":"SALIH MYOPATHY; SALMY"}],"text":"SALIH MYOPATHY; SALMY"},"subject":{"reference":"Patient/IL-CMG-Broad-Muscle-Ravenscroft-WES-Su-UWA-FAM13-8132-D17-1146-1"},"valueCodeableConcept":{"coding":[{"system":"http://snomed.info/sct","code":"373573001","display":"Clinical finding present (situation)"}],"text":"Phenotype Present"},"interpretation":[{"coding":[{"system":"http://terminology.hl7.org/CodeSystem/v3-ObservationInterpretation","code":"POS","display":"Positive"}],"text":"Present"}],"extension":[]}
{"resourceType":"Observation","id":"-Muscle-Ravenscroft-WES-Su-UWA-FAM13-8132-D17-1147-1-OMIM-611705","meta":{"profile":["http://fhir.ncpi-project-forge.io/StructureDefinition/ncpi-phenotype"]},"identifier":[{"system":"urn:ncpi:unique-string","value":"-Muscle-Ravenscroft-WES-Su-UWA-FAM13-8132-D17-1147-1-OMIM-611705"}],"status":"final","code":{"coding":[{"system":"http://purl.obolibrary.org/obo/omim.owl","code":"OMIM:611705","display":"SALIH MYOPATHY; SALMY"}],"text":"SALIH MYOPATHY; SALMY"},"subject":{"reference":"Patient/IL-CMG-Broad-Muscle-Ravenscroft-WES-Su-UWA-FAM13-8132-D17-1147-1"},"valueCodeableConcept":{"coding":[{"system":"http://snomed.info/sct","code":"373573001","display":"Clinical finding present (situation)"}],"text":"Phenotype Present"},"interpretation":[{"coding":[{"system":"http://terminology.hl7.org/CodeSystem/v3-ObservationInterpretation","code":"POS","display":"Positive"}],"text":"Present"}],"extension":[]}
{"resourceType":"Observation","id":"-Muscle-Ravenscroft-WES-Su-UWA-FAM13-8132-D17-1148-1-OMIM-611705","meta":{"profile":["http://fhir.ncpi-project-forge.io/StructureDefinition/ncpi-phenotype"]},"identifier":[{"system":"urn:ncpi:unique-string","value":"-Muscle-Ravenscroft-WES-Su-UWA-FAM13-8132-D17-1148-1-OMIM-611705"}],"status":"final","code":{"coding":[{"system":"http://purl.obolibrary.org/obo/omim.owl","code":"OMIM:611705","display":"SALIH MYOPATHY; SALMY"}],"text":"SALIH MYOPATHY; SALMY"},"subject":{"reference":"Patient/IL-CMG-Broad-Muscle-Ravenscroft-WES-Su-UWA-FAM13-8132-D17-1148-1"},"valueCodeableConcept":{"coding":[{"system":"http://snomed.info/sct","code":"373573001","display":"Clinical finding present (situation)"}],"text":"Phenotype Present"},"interpretation":[{"coding":[{"system":"http://terminology.hl7.org/CodeSystem/v3-ObservationInterpretation","code":"POS","display":"Positive"}],"text":"Present"}],"extension":[]}
{"resourceType":"Observation","id":"-Muscle-Ravenscroft-WES-Su-UWA-FAM13-8132-D17-1149-1-OMIM-611705","meta":{"profile":["http://fhir.ncpi-project-forge.io/StructureDefinition/ncpi-phenotype"]},"identifier":[{"system":"urn:ncpi:unique-string","value":"-Muscle-Ravenscroft-WES-Su-UWA-FAM13-8132-D17-1149-1-OMIM-611705"}],"status":"final","code":{"coding":[{"system":"http://purl.obolibrary.org/obo/omim.owl","code":"OMIM:611705","display":"SALIH MYOPATHY; SALMY"}],"text":"SALIH MYOPATHY; SALMY"},"subject":{"reference":"Patient/IL-CMG-Broad-Muscle-Ravenscroft-WES-Su-UWA-FAM13-8132-D17-1149-1"},"valueCodeableConcept":{"coding":[{"system":"http://snomed.info/sct","code":"373573001","display":"Clinical finding present (situation)"}],"text":"Phenotype Present"},"interpretation":[{"coding":[{"system":"http://terminology.hl7.org/CodeSystem/v3-ObservationInterpretation","code":"POS","display":"Positive"}],"text":"Present"}],"extension":[]}
{"resourceType":"Observation","id":"Broad-Muscle-Ravenscroft-WES-Su-UWA-FAM20-D15-1149-1-OMIM-616471","meta":{"profile":["http://fhir.ncpi-project-forge.io/StructureDefinition/ncpi-phenotype"]},"identifier":[{"system":"urn:ncpi:unique-string","value":"Broad-Muscle-Ravenscroft-WES-Su-UWA-FAM20-D15-1149-1-OMIM-616471"}],"status":"final","code":{"coding":[{"system":"http://purl.obolibrary.org/obo/omim.owl","code":"OMIM:616471","display":"BETHLEM MYOPATHY 2; BTHLM2"}],"text":"BETHLEM MYOPATHY 2; BTHLM2"},"subject":{"reference":"Patient/P.AnVIL-CMG-Broad-Muscle-Ravenscroft-WES-Su-UWA-FAM20-D15-1149-1"},"valueCodeableConcept":{"coding":[{"system":"http://snomed.info/sct","code":"373573001","display":"Clinical finding present (situation)"}],"text":"Phenotype Present"},"interpretation":[{"coding":[{"system":"http://terminology.hl7.org/CodeSystem/v3-ObservationInterpretation","code":"POS","display":"Positive"}],"text":"Present"}],"extension":[]}
{"resourceType":"Observation","id":"Broad-Muscle-Ravenscroft-WES-Su-UWA-FAM20-D17-1220-1-OMIM-616471","meta":{"profile":["http://fhir.ncpi-project-forge.io/StructureDefinition/ncpi-phenotype"]},"identifier":[{"system":"urn:ncpi:unique-string","value":"Broad-Muscle-Ravenscroft-WES-Su-UWA-FAM20-D17-1220-1-OMIM-616471"}],"status":"final","code":{"coding":[{"system":"http://purl.obolibrary.org/obo/omim.owl","code":"OMIM:616471","display":"BETHLEM MYOPATHY 2; BTHLM2"}],"text":"BETHLEM MYOPATHY 2; BTHLM2"},"subject":{"reference":"Patient/P.AnVIL-CMG-Broad-Muscle-Ravenscroft-WES-Su-UWA-FAM20-D17-1220-1"},"valueCodeableConcept":{"coding":[{"system":"http://snomed.info/sct","code":"373573001","display":"Clinical finding present (situation)"}],"text":"Phenotype Present"},"interpretation":[{"coding":[{"system":"http://terminology.hl7.org/CodeSystem/v3-ObservationInterpretation","code":"POS","display":"Positive"}],"text":"Present"}],"extension":[]}
{"resourceType":"Observation","id":"Broad-Muscle-Ravenscroft-WES-Su-UWA-FAM20-D17-1222-1-OMIM-616471","meta":{"profile":["http://fhir.ncpi-project-forge.io/StructureDefinition/ncpi-phenotype"]},"identifier":[{"system":"urn:ncpi:unique-string","value":"Broad-Muscle-Ravenscroft-WES-Su-UWA-FAM20-D17-1222-1-OMIM-616471"}],"status":"final","code":{"coding":[{"system":"http://purl.obolibrary.org/obo/omim.owl","code":"OMIM:616471","display":"BETHLEM MYOPATHY 2; BTHLM2"}],"text":"BETHLEM MYOPATHY 2; BTHLM2"},"subject":{"reference":"Patient/P.AnVIL-CMG-Broad-Muscle-Ravenscroft-WES-Su-UWA-FAM20-D17-1222-1"},"valueCodeableConcept":{"coding":[{"system":"http://snomed.info/sct","code":"373573001","display":"Clinical finding present (situation)"}],"text":"Phenotype Present"},"interpretation":[{"coding":[{"system":"http://terminology.hl7.org/CodeSystem/v3-ObservationInterpretation","code":"POS","display":"Positive"}],"text":"Present"}],"extension":[]}
