{"resourceType":"ResearchStudy","id":"AnVIL-CMG-Broad-Muscle-Ravenscroft-WES","meta":{"profile":["http://hl7.org/fhir/StructureDefinition/ResearchStudy"]},"identifier":[{"system":"https://anvil.terra.bio/#workspaces/anvil-datastorage/","value":"AnVIL_CMG_Broad_Muscle_Ravenscroft_WES"},{"system":"urn:ncpi:unique-string","value":"ResearchStudy|AnVIL_CMG_Broad_Muscle_Ravenscroft_WES"},{"value":"AnVIL_CMG_Broad_Muscle_Ravenscroft_WES"}],"extension":[{"url":"http://fhir.ncpi-project-forge.io/StructureDefinition/related-organization","extension":[{"url":"organization","valueReference":{"reference":"Organization/Organization.Broad"}}]},{"url":"http://fhir.ncpi-project-forge.io/StructureDefinition/display-name","valueString":"AnVIL_CMG_Broad_Muscle_Ravenscroft_WES"}],"title":"AnVIL_CMG_Broad_Muscle_Ravenscroft_WES","status":"completed","principalInvestigator":{"reference":"Practitioner/Practitioner.Nigel-Laing"}}
