{"resourceType":"Specimen","id":"Broad-Muscle-Ravenscroft-WES-Sa-UWA-FAM12-8004-D12-824-1","meta":{"profile":["http://hl7.org/fhir/StructureDefinition/Specimen"]},"identifier":[{"system":"https://anvil.terra.bio/#workspaces/anvil-datastorage/AnVIL_CMG_Broad_Muscle_Ravenscroft_WES","value":"Broad_Muscle_Ravenscroft_WES/Sa/UWA_FAM12_8004_D12-824_1"},{"system":"urn:ncpi:unique-string","value":"Specimen|AnVIL_CMG_Broad_Muscle_Ravenscroft_WES|Broad_Muscle_Ravenscroft_WES/Sa/UWA_FAM12_8004_D12-824_1"}],"subject":{"reference":"Patient/VIL-CMG-Broad-Muscle-Ravenscroft-WES-Su-UWA-FAM12-8004-D12-824-1"}}
{"resourceType":"Specimen","id":"Broad-Muscle-Ravenscroft-WES-Sa-UWA-FAM12-8004-D12-825-1","meta":{"profile":["http://hl7.org/fhir/StructureDefinition/Specimen"]},"identifier":[{"system":"https://anvil.terra.bio/#workspaces/anvil-datastorage/AnVIL_CMG_Broad_Muscle_Ravenscroft_WES","value":"Broad_Muscle_Ravenscroft_WES/Sa/UWA_FAM12_8004_D12-825_1"},{"system":"urn:ncpi:unique-string","value":"Specimen|AnVIL_CMG_Broad_Muscle_Ravenscroft_WES|Broad_Muscle_Ravenscroft_WES/Sa/UWA_FAM12_8004_D12-825_1"}],"subject":{"reference":"Patient/VIL-CMG-Broad-Muscle-Ravenscroft-WES-Su-UWA-FAM12-8004-D12-825-1"}}
{"resourceType":"Specimen","id":"Broad-Muscle-Ravenscroft-WES-Sa-UWA-FAM12-8004-D12-830-1","meta":{"profile":["http://hl7.org/fhir/StructureDefinition/Specimen"]},"identifier":[{"system":"https://anvil.terra.bio/#workspaces/anvil-datastorage/AnVIL_CMG_Broad_Muscle_Ravenscroft_WES","value":"Broad_Muscle_Ravenscroft_WES/Sa/UWA_FAM12_8004_D12-830_1"},{"system":"urn:ncpi:unique-string","value":"Specimen|AnVIL_CMG_Broad_Muscle_Ravenscroft_WES|Broad_Muscle_Ravenscroft_WES/Sa/UWA_FAM12_8004_D12-830_1"}],"subject":{"reference":"Patient/VIL-CMG-Broad-Muscle-Ravenscroft-WES-Su-UWA-FAM12-8004-D12-830-1"}}
{"resourceType":"Specimen","id":"Broad-Muscle-Ravenscroft-WES-Sa-UWA-FAM13-8132-D17-1146-1","meta":{"profile":["http://hl7.org/fhir/StructureDefinition/Specimen"]},"identifier":[{"system":"https://anvil.terra.bio/#workspaces/anvil-datastorage/AnVIL_CMG_Broad_Muscle_Ravenscroft_WES","value":"Broad_Muscle_Ravenscroft_WES/Sa/UWA_FAM13_8132_D17-1146_1"},{"system":"urn:ncpi:unique-string","value":"Specimen|AnVIL_CMG_Broad_Muscle_Ravenscroft_WES|Broad_Muscle_Ravenscroft_WES/Sa/UWA_FAM13_8132_D17-1146_1"}],"subject":{"reference":"Patient/IL-CMG-Broad-Muscle-Ravenscroft-WES-Su-UWA-FAM13-8132-D17-1146-1"}}
{"resourceType":"Specimen","id":"Broad-Muscle-Ravenscroft-WES-Sa-UWA-FAM13-8132-D17-1147-1","meta":{"profile":["http://hl7.org/fhir/StructureDefinition/Specimen"]},"identifier":[{"system":"https://anvil.terra.bio/#workspaces/anvil-datastorage/AnVIL_CMG_Broad_Muscle_Ravenscroft_WES","value":"Broad_Muscle_Ravenscroft_WES/Sa/UWA_FAM13_8132_D17-1147_1"},{"system":"urn:ncpi:unique-string","value":"Specimen|AnVIL_CMG_Broad_Muscle_Ravenscroft_WES|Broad_Muscle_Ravenscroft_WES/Sa/UWA_FAM13_8132_D17-1147_1"}],"subject":{"reference":"Patient/IL-CMG-Broad-Muscle-Ravenscroft-WES-Su-UWA-FAM13-8132-D17-1147-1"}}
{"resourceType":"Specimen","id":"Broad-Muscle-Ravenscroft-WES-Sa-UWA-FAM13-8132-D17-1148-1","meta":{"profile":["http://hl7.org/fhir/StructureDefinition/Specimen"]},"identifier":[{"system":"https://anvil.terra.bio/#workspaces/anvil-datastorage/AnVIL_CMG_Broad_Muscle_Ravenscroft_WES","value":"Broad_Muscle_Ravenscroft_WES/Sa/UWA_FAM13_8132_D17-1148_1"},{"system":"urn:ncpi:unique-string","value":"Specimen|AnVIL_CMG_Broad_Muscle_Ravenscroft_WES|Broad_Muscle_Ravenscroft_WES/Sa/UWA_FAM13_8132_D17-1148_1"}],"subject":{"reference":"Patient/IL-CMG-Broad-Muscle-Ravenscroft-WES-Su-UWA-FAM13-8132-D17-1148-1"}}
{"resourceType":"Specimen","id":"Broad-Muscle-Ravenscroft-WES-Sa-UWA-FAM13-8132-D17-1149-1","meta":{"profile":["http://hl7.org/fhir/StructureDefinition/Specimen"]},"identifier":[{"system":"https://anvil.terra.bio/#workspaces/anvil-datastorage/AnVIL_CMG_Broad_Muscle_Ravenscroft_WES","value":"Broad_Muscle_Ravenscroft_WES/Sa/UWA_FAM13_8132_D17-1149_1"},{"system":"urn:ncpi:unique-string","value":"Specimen|AnVIL_CMG_Broad_Muscle_Ravenscroft_WES|Broad_Muscle_Ravenscroft_WES/Sa/UWA_FAM13_8132_D17-1149_1"}],"subject":{"reference":"Patient/IL-CMG-Broad-Muscle-Ravenscroft-WES-Su-UWA-FAM13-8132-D17-1149-1"}}
{"resourceType":"Specimen","id":"Broad-Muscle-Ravenscroft-WES-Sa-UWA-FAM14-12096-D17-0224-1","meta":{"profile":["http://hl7.org/fhir/StructureDefinition/Specimen"]},"identifier":[{"system":"https://anvil.terra.bio/#workspaces/anvil-datastorage/AnVIL_CMG_Broad_Muscle_Ravenscroft_WES","value":"Broad_Muscle_Ravenscroft_WES/Sa/UWA_FAM14_12096_D17-0224_1"},{"system":"urn:ncpi:unique-string","value":"Specimen|AnVIL_CMG_Broad_Muscle_Ravenscroft_WES|Broad_Muscle_Ravenscroft_WES/Sa/UWA_FAM14_12096_D17-0224_1"}],"subject":{"reference":"Patient/L-CMG-Broad-Muscle-Ravenscroft-WES-Su-UWA-FAM14-12096-D17-0224-1"}}
{"resourceType":"Specimen","id":"Broad-Muscle-Ravenscroft-WES-Sa-UWA-FAM14-12096-D17-0236-1","meta":{"profile":["http://hl7.org/fhir/StructureDefinition/Specimen"]},"identifier":[{"system":"https://anvil.terra.bio/#workspaces/anvil-datastorage/AnVIL_CMG_Broad_Muscle_Ravenscroft_WES","value":"Broad_Muscle_Ravenscroft_WES/Sa/UWA_FAM14_12096_D17-0236_1"},{"system":"urn:ncpi:unique-string","value":"Specimen|AnVIL_CMG_Broad_Muscle_Ravenscroft_WES|Broad_Muscle_Ravenscroft_WES/Sa/UWA_FAM14_12096_D17-0236_1"}],"subject":{"reference":"Patient/L-CMG-Broad-Muscle-Ravenscroft-WES-Su-UWA-FAM14-12096-D17-0236-1"}}
{"resourceType":"Specimen","id":"Broad-Muscle-Ravenscroft-WES-Sa-UWA-FAM14-12096-D17-0476-1","meta":{"profile":["http://hl7.org/fhir/StructureDefinition/Specimen"]},"identifier":[{"system":"https://anvil.terra.bio/#workspaces/anvil-datastorage/AnVIL_CMG_Broad_Muscle_Ravenscroft_WES","value":"Broad_Muscle_Ravenscroft_WES/Sa/UWA_FAM14_12096_D17-0476_1"},{"system":"urn:ncpi:unique-string","value":"Specimen|AnVIL_CMG_Broad_Muscle_Ravenscroft_WES|Broad_Muscle_Ravenscroft_WES/Sa/UWA_FAM14_12096_D17-0476_1"}],"subject":{"reference":"Patient/L-CMG-Broad-Muscle-Ravenscroft-WES-Su-UWA-FAM14-12096-D17-0476-1"}}
{"resourceType":"Specimen","id":"Broad-Muscle-Ravenscroft-WES-Sa-UWA-FAM15-11685-D16-0548-1","meta":{"profile":["http://hl7.org/fhir/StructureDefinition/Specimen"]},"identifier":[{"system":"https://anvil.terra.bio/#workspaces/anvil-datastorage/AnVIL_CMG_Broad_Muscle_Ravenscroft_WES","value":"Broad_Muscle_Ravenscroft_WES/Sa/UWA_FAM15_11685_D16-0548_1"},{"system":"urn:ncpi:unique-string","value":"Specimen|AnVIL_CMG_Broad_Muscle_Ravenscroft_WES|Broad_Muscle_Ravenscroft_WES/Sa/UWA_FAM15_11685_D16-0548_1"}],"subject":{"reference":"Patient/L-CMG-Broad-Muscle-Ravenscroft-WES-Su-UWA-FAM15-11685-D16-0548-1"}}
{"resourceType":"Specimen","id":"Broad-Muscle-Ravenscroft-WES-Sa-UWA-FAM15-11685-D16-0550-1","meta":{"profile":["http://hl7.org/fhir/StructureDefinition/Specimen"]},"identifier":[{"system":"https://anvil.terra.bio/#workspaces/anvil-datastorage/AnVIL_CMG_Broad_Muscle_Ravenscroft_WES","value":"Broad_Muscle_Ravenscroft_WES/Sa/UWA_FAM15_11685_D16-0550_1"},{"system":"urn:ncpi:unique-string","value":"Specimen|AnVIL_CMG_Broad_Muscle_Ravenscroft_WES|Broad_Muscle_Ravenscroft_WES/Sa/UWA_FAM15_11685_D16-0550_1"}],"subject":{"reference":"Patient/L-CMG-Broad-Muscle-Ravenscroft-WES-Su-UWA-FAM15-11685-D16-0550-1"}}
{"resourceType":"Specimen","id":"Broad-Muscle-Ravenscroft-WES-Sa-UWA-FAM15-11685-D16-1573-1","meta":{"profile":["http://hl7.org/fhir/StructureDefinition/Specimen"]},"identifier":[{"system":"https://anvil.terra.bio/#workspaces/anvil-datastorage/AnVIL_CMG_Broad_Muscle_Ravenscroft_WES","value":"Broad_Muscle_Ravenscroft_WES/Sa/UWA_FAM15_11685_D16-1573_1"},{"system":"urn:ncpi:unique-string","value":"Specimen|AnVIL_CMG_Broad_Muscle_Ravenscroft_WES|Broad_Muscle_Ravenscroft_WES/Sa/UWA_FAM15_11685_D16-1573_1"}],"subject":{"reference":"Patient/L-CMG-Broad-Muscle-Ravenscroft-WES-Su-UWA-FAM15-11685-D16-1573-1"}}
{"resourceType":"Specimen","id":"Broad-Muscle-Ravenscroft-WES-Sa-UWA-FAM15-11685-D16-1574-1","meta":{"profile":["http://hl7.org/fhir/StructureDefinition/Specimen"]},"identifier":[{"system":"https://anvil.terra.bio/#workspaces/anvil-datastorage/AnVIL_CMG_Broad_Muscle_Ravenscroft_WES","value":"Broad_Muscle_Ravenscroft_WES/Sa/UWA_FAM15_11685_D16-1574_1"},{"system":"urn:ncpi:unique-string","value":"Specimen|AnVIL_CMG_Broad_Muscle_Ravenscroft_WES|Broad_Muscle_Ravenscroft_WES/Sa/UWA_FAM15_11685_D16-1574_1"}],"subject":{"reference":"Patient/L-CMG-Broad-Muscle-Ravenscroft-WES-Su-UWA-FAM15-11685-D16-1574-1"}}
{"resourceType":"Specimen","id":"Broad-Muscle-Ravenscroft-WES-Sa-UWA-FAM16-11005-D15-1251-1","meta":{"profile":["http://hl7.org/fhir/StructureDefinition/Specimen"]},"identifier":[{"system":"https://anvil.terra.bio/#workspaces/anvil-datastorage/AnVIL_CMG_Broad_Muscle_Ravenscroft_WES","value":"Broad_Muscle_Ravenscroft_WES/Sa/UWA_FAM16_11005_D15-1251_1"},{"system":"urn:ncpi:unique-string","value":"Specimen|AnVIL_CMG_Broad_Muscle_Ravenscroft_WES|Broad_Muscle_Ravenscroft_WES/Sa/UWA_FAM16_11005_D15-1251_1"}],"subject":{"reference":"Patient/L-CMG-Broad-Muscle-Ravenscroft-WES-Su-UWA-FAM16-11005-D15-1251-1"}}
{"resourceType":"Specimen","id":"Broad-Muscle-Ravenscroft-WES-Sa-UWA-FAM16-11005-D17-0982-1","meta":{"profile":["http://hl7.org/fhir/StructureDefinition/Specimen"]},"identifier":[{"system":"https://anvil.terra.bio/#workspaces/anvil-datastorage/AnVIL_CMG_Broad_Muscle_Ravenscroft_WES","value":"Broad_Muscle_Ravenscroft_WES/Sa/UWA_FAM16_11005_D17-0982_1"},{"system":"urn:ncpi:unique-string","value":"Specimen|AnVIL_CMG_Broad_Muscle_Ravenscroft_WES|Broad_Muscle_Ravenscroft_WES/Sa/UWA_FAM16_11005_D17-0982_1"}],"subject":{"reference":"Patient/L-CMG-Broad-Muscle-Ravenscroft-WES-Su-UWA-FAM16-11005-D17-0982-1"}}
{"resourceType":"Specimen","id":"Broad-Muscle-Ravenscroft-WES-Sa-UWA-FAM16-11005-D17-0983-1","meta":{"profile":["http://hl7.org/fhir/StructureDefinition/Specimen"]},"identifier":[{"system":"https://anvil.terra.bio/#workspaces/anvil-datastorage/AnVIL_CMG_Broad_Muscle_Ravenscroft_WES","value":"Broad_Muscle_Ravenscroft_WES/Sa/UWA_FAM16_11005_D17-0983_1"},{"system":"urn:ncpi:unique-string","value":"Specimen|AnVIL_CMG_Broad_Muscle_Ravenscroft_WES|Broad_Muscle_Ravenscroft_WES/Sa/UWA_FAM16_11005_D17-0983_1"}],"subject":{"reference":"Patient/L-CMG-Broad-Muscle-Ravenscroft-WES-Su-UWA-FAM16-11005-D17-0983-1"}}
{"resourceType":"Specimen","id":"Broad-Muscle-Ravenscroft-WES-Sa-UWA-FAM19-D16-1936-1","meta":{"profile":["http://hl7.org/fhir/StructureDefinition/Specimen"]},"identifier":[{"system":"https://anvil.terra.bio/#workspaces/anvil-datastorage/AnVIL_CMG_Broad_Muscle_Ravenscroft_WES","value":"Broad_Muscle_Ravenscroft_WES/Sa/UWA_FAM19_D16-1936_1"},{"system":"urn:ncpi:unique-string","value":"Specimen|AnVIL_CMG_Broad_Muscle_Ravenscroft_WES|Broad_Muscle_Ravenscroft_WES/Sa/UWA_FAM19_D16-1936_1"}],"subject":{"reference":"Patient/P.AnVIL-CMG-Broad-Muscle-Ravenscroft-WES-Su-UWA-FAM19-D16-1936-1"}}
{"resourceType":"Specimen","id":"Broad-Muscle-Ravenscroft-WES-Sa-UWA-FAM19-D16-1937-1","meta":{"profile":["http://hl7.org/fhir/StructureDefinition/Specimen"]},"identifier":[{"system":"https://anvil.terra.bio/#workspaces/anvil-datastorage/AnVIL_CMG_Broad_Muscle_Ravenscroft_WES","value":"Broad_Muscle_Ravenscroft_WES/Sa/UWA_FAM19_D16-1937_1"},{"system":"urn:ncpi:unique-string","value":"Specimen|AnVIL_CMG_Broad_Muscle_Ravenscroft_WES|Broad_Muscle_Ravenscroft_WES/Sa/UWA_FAM19_D16-1937_1"}],"subject":{"reference":"Patient/P.AnVIL-CMG-Broad-Muscle-Ravenscroft-WES-Su-UWA-FAM19-D16-1937-1"}}
{"resourceType":"Specimen","id":"Broad-Muscle-Ravenscroft-WES-Sa-UWA-FAM19-D16-1938-1","meta":{"profile":["http://hl7.org/fhir/StructureDefinition/Specimen"]},"identifier":[{"system":"https://anvil.terra.bio/#workspaces/anvil-datastorage/AnVIL_CMG_Broad_Muscle_Ravenscroft_WES","value":"Broad_Muscle_Ravenscroft_WES/Sa/UWA_FAM19_D16-1938_1"},{"system":"urn:ncpi:unique-string","value":"Specimen|AnVIL_CMG_Broad_Muscle_Ravenscroft_WES|Broad_Muscle_Ravenscroft_WES/Sa/UWA_FAM19_D16-1938_1"}],"subject":{"reference":"Patient/P.AnVIL-CMG-Broad-Muscle-Ravenscroft-WES-Su-UWA-FAM19-D16-1938-1"}}
{"resourceType":"Specimen","id":"Broad-Muscle-Ravenscroft-WES-Sa-UWA-FAM20-D15-1149-1","meta":{"profile":["http://hl7.org/fhir/StructureDefinition/Specimen"]},"identifier":[{"system":"https://anvil.terra.bio/#workspaces/anvil-datastorage/AnVIL_CMG_Broad_Muscle_Ravenscroft_WES","value":"Broad_Muscle_Ravenscroft_WES/Sa/UWA_FAM20_D15-1149_1"},{"system":"urn:ncpi:unique-string","value":"Specimen|AnVIL_CMG_Broad_Muscle_Ravenscroft_WES|Broad_Muscle_Ravenscroft_WES/Sa/UWA_FAM20_D15-1149_1"}],"subject":{"reference":"Patient/P.AnVIL-CMG-Broad-Muscle-Ravenscroft-WES-Su-UWA-FAM20-D15-1149-1"}}
{"resourceType":"Specimen","id":"Broad-Muscle-Ravenscroft-WES-Sa-UWA-FAM20-D17-1220-1","meta":{"profile":["http://hl7.org/fhir/StructureDefinition/Specimen"]},"identifier":[{"system":"https://anvil.terra.bio/#workspaces/anvil-datastorage/AnVIL_CMG_Broad_Muscle_Ravenscroft_WES","value":"Broad_Muscle_Ravenscroft_WES/Sa/UWA_FAM20_D17-1220_1"},{"system":"urn:ncpi:unique-string","value":"Specimen|AnVIL_CMG_Broad_Muscle_Ravenscroft_WES|Broad_Muscle_Ravenscroft_WES/Sa/UWA_FAM20_D17-1220_1"}],"subject":{"reference":"Patient/P.AnVIL-CMG-Broad-Muscle-Ravenscroft-WES-Su-UWA-FAM20-D17-1220-1"}}
{"resourceType":"Specimen","id":"Broad-Muscle-Ravenscroft-WES-Sa-UWA-FAM20-D17-1222-1","meta":{"profile":["http://hl7.org/fhir/StructureDefinition/Specimen"]},"identifier":[{"system":"https://anvil.terra.bio/#workspaces/anvil-datastorage/AnVIL_CMG_Broad_Muscle_Ravenscroft_WES","value":"Broad_Muscle_Ravenscroft_WES/Sa/UWA_FAM20_D17-1222_1"},{"system":"urn:ncpi:unique-string","value":"Specimen|AnVIL_CMG_Broad_Muscle_Ravenscroft_WES|Broad_Muscle_Ravenscroft_WES/Sa/UWA_FAM20_D17-1222_1"}],"subject":{"reference":"Patient/P.AnVIL-CMG-Broad-Muscle-Ravenscroft-WES-Su-UWA-FAM20-D17-1222-1"}}
{"resourceType":"Specimen","id":"Broad-Muscle-Ravenscroft-WES-Sa-UWA-FAM21-D16-1940-1","meta":{"profile":["http://hl7.org/fhir/StructureDefinition/Specimen"]},"identifier":[{"system":"https://anvil.terra.bio/#workspaces/anvil-datastorage/AnVIL_CMG_Broad_Muscle_Ravenscroft_WES","value":"Broad_Muscle_Ravenscroft_WES/Sa/UWA_FAM21_D16-1940_1"},{"system":"urn:ncpi:unique-string","value":"Specimen|AnVIL_CMG_Broad_Muscle_Ravenscroft_WES|Broad_Muscle_Ravenscroft_WES/Sa/UWA_FAM21_D16-1940_1"}],"subject":{"reference":"Patient/P.AnVIL-CMG-Broad-Muscle-Ravenscroft-WES-Su-UWA-FAM21-D16-1940-1"}}
{"resourceType":"Specimen","id":"Broad-Muscle-Ravenscroft-WES-Sa-UWA-FAM21-D16-1941-1","meta":{"profile":["http://hl7.org/fhir/StructureDefinition/Specimen"]},"identifier":[{"system":"https://anvil.terra.bio/#workspaces/anvil-datastorage/AnVIL_CMG_Broad_Muscle_Ravenscroft_WES","value":"Broad_Muscle_Ravenscroft_WES/Sa/UWA_FAM21_D16-1941_1"},{"system":"urn:ncpi:unique-string","value":"Specimen|AnVIL_CMG_Broad_Muscle_Ravenscroft_WES|Broad_Muscle_Ravenscroft_WES/Sa/UWA_FAM21_D16-1941_1"}],"subject":{"reference":"Patient/P.AnVIL-CMG-Broad-Muscle-Ravenscroft-WES-Su-UWA-FAM21-D16-1941-1"}}
{"resourceType":"Specimen","id":"Broad-Muscle-Ravenscroft-WES-Sa-UWA-FAM21-D16-1942-1","meta":{"profile":["http://hl7.org/fhir/StructureDefinition/Specimen"]},"identifier":[{"system":"https://anvil.terra.bio/#workspaces/anvil-datastorage/AnVIL_CMG_Broad_Muscle_Ravenscroft_WES","value":"Broad_Muscle_Ravenscroft_WES/Sa/UWA_FAM21_D16-1942_1"},{"system":"urn:ncpi:unique-string","value":"Specimen|AnVIL_CMG_Broad_Muscle_Ravenscroft_WES|Broad_Muscle_Ravenscroft_WES/Sa/UWA_FAM21_D16-1942_1"}],"subject":{"reference":"Patient/P.AnVIL-CMG-Broad-Muscle-Ravenscroft-WES-Su-UWA-FAM21-D16-1942-1"}}
{"resourceType":"Specimen","id":"Broad-Muscle-Ravenscroft-WES-Sa-UWA-FAM22-D14-0565-1","meta":{"profile":["http://hl7.org/fhir/StructureDefinition/Specimen"]},"identifier":[{"system":"https://anvil.terra.bio/#workspaces/anvil-datastorage/AnVIL_CMG_Broad_Muscle_Ravenscroft_WES","value":"Broad_Muscle_Ravenscroft_WES/Sa/UWA_FAM22_D14-0565_1"},{"system":"urn:ncpi:unique-string","value":"Specimen|AnVIL_CMG_Broad_Muscle_Ravenscroft_WES|Broad_Muscle_Ravenscroft_WES/Sa/UWA_FAM22_D14-0565_1"}],"subject":{"reference":"Patient/P.AnVIL-CMG-Broad-Muscle-Ravenscroft-WES-Su-UWA-FAM22-D14-0565-1"}}
{"resourceType":"Specimen","id":"Broad-Muscle-Ravenscroft-WES-Sa-UWA-FAM22-D15-1583-1","meta":{"profile":["http://hl7.org/fhir/StructureDefinition/Specimen"]},"identifier":[{"system":"https://anvil.terra.bio/#workspaces/anvil-datastorage/AnVIL_CMG_Broad_Muscle_Ravenscroft_WES","value":"Broad_Muscle_Ravenscroft_WES/Sa/UWA_FAM22_D15-1583_1"},{"system":"urn:ncpi:unique-string","value":"Specimen|AnVIL_CMG_Broad_Muscle_Ravenscroft_WES|Broad_Muscle_Ravenscroft_WES/Sa/UWA_FAM22_D15-1583_1"}],"subject":{"reference":"Patient/P.AnVIL-CMG-Broad-Muscle-Ravenscroft-WES-Su-UWA-FAM22-D15-1583-1"}}
{"resourceType":"Specimen","id":"Broad-Muscle-Ravenscroft-WES-Sa-UWA-FAM22-D15-1586-1","meta":{"profile":["http://hl7.org/fhir/StructureDefinition/Specimen"]},"identifier":[{"system":"https://anvil.terra.bio/#workspaces/anvil-datastorage/AnVIL_CMG_Broad_Muscle_Ravenscroft_WES","value":"Broad_Muscle_Ravenscroft_WES/Sa/UWA_FAM22_D15-1586_1"},{"system":"urn:ncpi:unique-string","value":"Specimen|AnVIL_CMG_Broad_Muscle_Ravenscroft_WES|Broad_Muscle_Ravenscroft_WES/Sa/UWA_FAM22_D15-1586_1"}],"subject":{"reference":"Patient/P.AnVIL-CMG-Broad-Muscle-Ravenscroft-WES-Su-UWA-FAM22-D15-1586-1"}}
{"resourceType":"Specimen","id":"Broad-Muscle-Ravenscroft-WES-Sa-UWA-FAM23-D15-1576-1","meta":{"profile":["http://hl7.org/fhir/StructureDefinition/Specimen"]},"identifier":[{"system":"https://anvil.terra.bio/#workspaces/anvil-datastorage/AnVIL_CMG_Broad_Muscle_Ravenscroft_WES","value":"Broad_Muscle_Ravenscroft_WES/Sa/UWA_FAM23_D15-1576_1"},{"system":"urn:ncpi:unique-string","value":"Specimen|AnVIL_CMG_Broad_Muscle_Ravenscroft_WES|Broad_Muscle_Ravenscroft_WES/Sa/UWA_FAM23_D15-1576_1"}],"subject":{"reference":"Patient/P.AnVIL-CMG-Broad-Muscle-Ravenscroft-WES-Su-UWA-FAM23-D15-1576-1"}}
{"resourceType":"Specimen","id":"Broad-Muscle-Ravenscroft-WES-Sa-UWA-FAM23-D15-1577-1","meta":{"profile":["http://hl7.org/fhir/StructureDefinition/Specimen"]},"identifier":[{"system":"https://anvil.terra.bio/#workspaces/anvil-datastorage/AnVIL_CMG_Broad_Muscle_Ravenscroft_WES","value":"Broad_Muscle_Ravenscroft_WES/Sa/UWA_FAM23_D15-1577_1"},{"system":"urn:ncpi:unique-string","value":"Specimen|AnVIL_CMG_Broad_Muscle_Ravenscroft_WES|Broad_Muscle_Ravenscroft_WES/Sa/UWA_FAM23_D15-1577_1"}],"subject":{"reference":"Patient/P.AnVIL-CMG-Broad-Muscle-Ravenscroft-WES-Su-UWA-FAM23-D15-1577-1"}}
{"resourceType":"Specimen","id":"Broad-Muscle-Ravenscroft-WES-Sa-UWA-FAM23-D15-1578-1","meta":{"profile":["http://hl7.org/fhir/StructureDefinition/Specimen"]},"identifier":[{"system":"https://anvil.terra.bio/#workspaces/anvil-datastorage/AnVIL_CMG_Broad_Muscle_Ravenscroft_WES","value":"Broad_Muscle_Ravenscroft_WES/Sa/UWA_FAM23_D15-1578_1"},{"system":"urn:ncpi:unique-string","value":"Specimen|AnVIL_CMG_Broad_Muscle_Ravenscroft_WES|Broad_Muscle_Ravenscroft_WES/Sa/UWA_FAM23_D15-1578_1"}],"subject":{"reference":"Patient/P.AnVIL-CMG-Broad-Muscle-Ravenscroft-WES-Su-UWA-FAM23-D15-1578-1"}}
{"resourceType":"Specimen","id":"Broad-Muscle-Ravenscroft-WES-Sa-UWA-FAM24-D17-0504-1","meta":{"profile":["http://hl7.org/fhir/StructureDefinition/Specimen"]},"identifier":[{"system":"https://anvil.terra.bio/#workspaces/anvil-datastorage/AnVIL_CMG_Broad_Muscle_Ravenscroft_WES","value":"Broad_Muscle_Ravenscroft_WES/Sa/UWA_FAM24_D17-0504_1"},{"system":"urn:ncpi:unique-string","value":"Specimen|AnVIL_CMG_Broad_Muscle_Ravenscroft_WES|Broad_Muscle_Ravenscroft_WES/Sa/UWA_FAM24_D17-0504_1"}],"subject":{"reference":"Patient/P.AnVIL-CMG-Broad-Muscle-Ravenscroft-WES-Su-UWA-FAM24-D17-0504-1"}}
{"resourceType":"Specimen","id":"Broad-Muscle-Ravenscroft-WES-Sa-UWA-FAM24-D17-0510-1","meta":{"profile":["http://hl7.org/fhir/StructureDefinition/Specimen"]},"identifier":[{"system":"https://anvil.terra.bio/#workspaces/anvil-datastorage/AnVIL_CMG_Broad_Muscle_Ravenscroft_WES","value":"Broad_Muscle_Ravenscroft_WES/Sa/UWA_FAM24_D17-0510_1"},{"system":"urn:ncpi:unique-string","value":"Specimen|AnVIL_CMG_Broad_Muscle_Ravenscroft_WES|Broad_Muscle_Ravenscroft_WES/Sa/UWA_FAM24_D17-0510_1"}],"subject":{"reference":"Patient/P.AnVIL-CMG-Broad-Muscle-Ravenscroft-WES-Su-UWA-FAM24-D17-0510-1"}}
{"resourceType":"Specimen","id":"Broad-Muscle-Ravenscroft-WES-Sa-UWA-FAM24-D17-0513-1","meta":{"profile":["http://hl7.org/fhir/StructureDefinition/Specimen"]},"identifier":[{"system":"https://anvil.terra.bio/#workspaces/anvil-datastorage/AnVIL_CMG_Broad_Muscle_Ravenscroft_WES","value":"Broad_Muscle_Ravenscroft_WES/Sa/UWA_FAM24_D17-0513_1"},{"system":"urn:ncpi:unique-string","value":"Specimen|AnVIL_CMG_Broad_Muscle_Ravenscroft_WES|Broad_Muscle_Ravenscroft_WES/Sa/UWA_FAM24_D17-0513_1"}],"subject":{"reference":"Patient/P.AnVIL-CMG-Broad-Muscle-Ravenscroft-WES-Su-UWA-FAM24-D17-0513-1"}}
