{"resourceType":"Observation","id":"IL-CMG-Broad-Orphan-VCGS-White-WGS-Su-VCGS-FAM42-132-OMIM-618225","meta":{"profile":["http://fhir.ncpi-project-forge.io/StructureDefinition/ncpi-phenotype"]},"identifier":[{"system":"urn:ncpi:unique-string","value":"IL-CMG-Broad-Orphan-VCGS-White-WGS-Su-VCGS-FAM42-132-OMIM-618225"}],"status":"final","code":{"coding":[{"system":"http://purl.obolibrary.org/obo/omim.owl","code":"OMIM:618225","display":"MITOCHONDRIAL COMPLEX I DEFICIENCY, NUCLEAR TYPE 4; MC1DN4"}],"text":"MITOCHONDRIAL COMPLEX I DEFICIENCY, NUCLEAR TYPE 4; MC1DN4"},"subject":{"reference":"Patient/P.AnVIL-CMG-Broad-Orphan-VCGS-White-WGS-Su-VCGS-FAM42-132"},"valueCodeableConcept":{"coding":[{"system":"http://snomed.info/sct","code":"373573001","display":"Clinical finding present (situation)"}],"text":"Phenotype Present"},"interpretation":[{"coding":[{"system":"http://terminology.hl7.org/CodeSystem/v3-ObservationInterpretation","code":"POS","display":"Positive"}],"text":"Present"}],"extension":[]}
{"resourceType":"Observation","id":"IL-CMG-Broad-Orphan-VCGS-White-WGS-Su-VCGS-FAM42-133-OMIM-618225","meta":{"profile":["http://fhir.ncpi-project-forge.io/StructureDefinition/ncpi-phenotype"]},"identifier":[{"system":"urn:ncpi:unique-string","value":"IL-CMG-Broad-Orphan-VCGS-White-WGS-Su-VCGS-FAM42-133-OMIM-618225"}],"status":"final","code":{"coding":[{"system":"http://purl.obolibrary.org/obo/omim.owl","code":"OMIM:618225","display":"MITOCHONDRIAL COMPLEX I DEFICIENCY, NUCLEAR TYPE 4; MC1DN4"}],"text":"MITOCHONDRIAL COMPLEX I DEFICIENCY, NUCLEAR TYPE 4; MC1DN4"},"subject":{"reference":"Patient/P.AnVIL-CMG-Broad-Orphan-VCGS-White-WGS-Su-VCGS-FAM42-133"},"valueCodeableConcept":{"coding":[{"system":"http://snomed.info/sct","code":"373573001","display":"Clinical finding present (situation)"}],"text":"Phenotype Present"},"interpretation":[{"coding":[{"system":"http://terminology.hl7.org/CodeSystem/v3-ObservationInterpretation","code":"POS","display":"Positive"}],"text":"Present"}],"extension":[]}
{"resourceType":"Observation","id":"IL-CMG-Broad-Orphan-VCGS-White-WGS-Su-VCGS-FAM42-134-OMIM-618225","meta":{"profile":["http://fhir.ncpi-project-forge.io/StructureDefinition/ncpi-phenotype"]},"identifier":[{"system":"urn:ncpi:unique-string","value":"IL-CMG-Broad-Orphan-VCGS-White-WGS-Su-VCGS-FAM42-134-OMIM-618225"}],"status":"final","code":{"coding":[{"system":"http://purl.obolibrary.org/obo/omim.owl","code":"OMIM:618225","display":"MITOCHONDRIAL COMPLEX I DEFICIENCY, NUCLEAR TYPE 4; MC1DN4"}],"text":"MITOCHONDRIAL COMPLEX I DEFICIENCY, NUCLEAR TYPE 4; MC1DN4"},"subject":{"reference":"Patient/P.AnVIL-CMG-Broad-Orphan-VCGS-White-WGS-Su-VCGS-FAM42-134"},"valueCodeableConcept":{"coding":[{"system":"http://snomed.info/sct","code":"373573001","display":"Clinical finding present (situation)"}],"text":"Phenotype Present"},"interpretation":[{"coding":[{"system":"http://terminology.hl7.org/CodeSystem/v3-ObservationInterpretation","code":"POS","display":"Positive"}],"text":"Present"}],"extension":[]}
