{"resourceType":"Patient","id":"P.AnVIL-CMG-Broad-Orphan-VCGS-White-WGS-Su-VCGS-FAM11-32","meta":{"profile":["http://hl7.org/fhir/StructureDefinition/Patient"]},"identifier":[{"system":"https://anvil.terra.bio/#workspaces/anvil-datastorage/AnVIL_CMG_Broad_Orphan_VCGS-White_WGS","value":"AnVIL_CMG_Broad_Orphan_VCGS-White_WGS/Su/VCGS_FAM11_32"},{"system":"urn:ncpi:unique-string","value":"Patient|AnVIL_CMG_Broad_Orphan_VCGS-White_WGS|AnVIL_CMG_Broad_Orphan_VCGS-White_WGS/Su/VCGS_FAM11_32"}]}
{"resourceType":"Patient","id":"P.AnVIL-CMG-Broad-Orphan-VCGS-White-WGS-Su-VCGS-FAM11-33","meta":{"profile":["http://hl7.org/fhir/StructureDefinition/Patient"]},"identifier":[{"system":"https://anvil.terra.bio/#workspaces/anvil-datastorage/AnVIL_CMG_Broad_Orphan_VCGS-White_WGS","value":"AnVIL_CMG_Broad_Orphan_VCGS-White_WGS/Su/VCGS_FAM11_33"},{"system":"urn:ncpi:unique-string","value":"Patient|AnVIL_CMG_Broad_Orphan_VCGS-White_WGS|AnVIL_CMG_Broad_Orphan_VCGS-White_WGS/Su/VCGS_FAM11_33"}]}
{"resourceType":"Patient","id":"P.AnVIL-CMG-Broad-Orphan-VCGS-White-WGS-Su-VCGS-FAM11-34","meta":{"profile":["http://hl7.org/fhir/StructureDefinition/Patient"]},"identifier":[{"system":"https://anvil.terra.bio/#workspaces/anvil-datastorage/AnVIL_CMG_Broad_Orphan_VCGS-White_WGS","value":"AnVIL_CMG_Broad_Orphan_VCGS-White_WGS/Su/VCGS_FAM11_34"},{"system":"urn:ncpi:unique-string","value":"Patient|AnVIL_CMG_Broad_Orphan_VCGS-White_WGS|AnVIL_CMG_Broad_Orphan_VCGS-White_WGS/Su/VCGS_FAM11_34"}]}
{"resourceType":"Patient","id":"P.AnVIL-CMG-Broad-Orphan-VCGS-White-WGS-Su-VCGS-FAM12-36","meta":{"profile":["http://hl7.org/fhir/StructureDefinition/Patient"]},"identifier":[{"system":"https://anvil.terra.bio/#workspaces/anvil-datastorage/AnVIL_CMG_Broad_Orphan_VCGS-White_WGS","value":"AnVIL_CMG_Broad_Orphan_VCGS-White_WGS/Su/VCGS_FAM12_36"},{"system":"urn:ncpi:unique-string","value":"Patient|AnVIL_CMG_Broad_Orphan_VCGS-White_WGS|AnVIL_CMG_Broad_Orphan_VCGS-White_WGS/Su/VCGS_FAM12_36"}]}
{"resourceType":"Patient","id":"P.AnVIL-CMG-Broad-Orphan-VCGS-White-WGS-Su-VCGS-FAM12-37","meta":{"profile":["http://hl7.org/fhir/StructureDefinition/Patient"]},"identifier":[{"system":"https://anvil.terra.bio/#workspaces/anvil-datastorage/AnVIL_CMG_Broad_Orphan_VCGS-White_WGS","value":"AnVIL_CMG_Broad_Orphan_VCGS-White_WGS/Su/VCGS_FAM12_37"},{"system":"urn:ncpi:unique-string","value":"Patient|AnVIL_CMG_Broad_Orphan_VCGS-White_WGS|AnVIL_CMG_Broad_Orphan_VCGS-White_WGS/Su/VCGS_FAM12_37"}]}
{"resourceType":"Patient","id":"P.AnVIL-CMG-Broad-Orphan-VCGS-White-WGS-Su-VCGS-FAM12-38","meta":{"profile":["http://hl7.org/fhir/StructureDefinition/Patient"]},"identifier":[{"system":"https://anvil.terra.bio/#workspaces/anvil-datastorage/AnVIL_CMG_Broad_Orphan_VCGS-White_WGS","value":"AnVIL_CMG_Broad_Orphan_VCGS-White_WGS/Su/VCGS_FAM12_38"},{"system":"urn:ncpi:unique-string","value":"Patient|AnVIL_CMG_Broad_Orphan_VCGS-White_WGS|AnVIL_CMG_Broad_Orphan_VCGS-White_WGS/Su/VCGS_FAM12_38"}]}
{"resourceType":"Patient","id":"P.AnVIL-CMG-Broad-Orphan-VCGS-White-WGS-Su-VCGS-FAM147-459","meta":{"profile":["http://hl7.org/fhir/StructureDefinition/Patient"]},"identifier":[{"system":"https://anvil.terra.bio/#workspaces/anvil-datastorage/AnVIL_CMG_Broad_Orphan_VCGS-White_WGS","value":"AnVIL_CMG_Broad_Orphan_VCGS-White_WGS/Su/VCGS_FAM147_459"},{"system":"urn:ncpi:unique-string","value":"Patient|AnVIL_CMG_Broad_Orphan_VCGS-White_WGS|AnVIL_CMG_Broad_Orphan_VCGS-White_WGS/Su/VCGS_FAM147_459"}]}
{"resourceType":"Patient","id":"P.AnVIL-CMG-Broad-Orphan-VCGS-White-WGS-Su-VCGS-FAM147-460","meta":{"profile":["http://hl7.org/fhir/StructureDefinition/Patient"]},"identifier":[{"system":"https://anvil.terra.bio/#workspaces/anvil-datastorage/AnVIL_CMG_Broad_Orphan_VCGS-White_WGS","value":"AnVIL_CMG_Broad_Orphan_VCGS-White_WGS/Su/VCGS_FAM147_460"},{"system":"urn:ncpi:unique-string","value":"Patient|AnVIL_CMG_Broad_Orphan_VCGS-White_WGS|AnVIL_CMG_Broad_Orphan_VCGS-White_WGS/Su/VCGS_FAM147_460"}]}
{"resourceType":"Patient","id":"P.AnVIL-CMG-Broad-Orphan-VCGS-White-WGS-Su-VCGS-FAM147-461","meta":{"profile":["http://hl7.org/fhir/StructureDefinition/Patient"]},"identifier":[{"system":"https://anvil.terra.bio/#workspaces/anvil-datastorage/AnVIL_CMG_Broad_Orphan_VCGS-White_WGS","value":"AnVIL_CMG_Broad_Orphan_VCGS-White_WGS/Su/VCGS_FAM147_461"},{"system":"urn:ncpi:unique-string","value":"Patient|AnVIL_CMG_Broad_Orphan_VCGS-White_WGS|AnVIL_CMG_Broad_Orphan_VCGS-White_WGS/Su/VCGS_FAM147_461"}]}
{"resourceType":"Patient","id":"P.AnVIL-CMG-Broad-Orphan-VCGS-White-WGS-Su-VCGS-FAM148-462","meta":{"profile":["http://hl7.org/fhir/StructureDefinition/Patient"]},"identifier":[{"system":"https://anvil.terra.bio/#workspaces/anvil-datastorage/AnVIL_CMG_Broad_Orphan_VCGS-White_WGS","value":"AnVIL_CMG_Broad_Orphan_VCGS-White_WGS/Su/VCGS_FAM148_462"},{"system":"urn:ncpi:unique-string","value":"Patient|AnVIL_CMG_Broad_Orphan_VCGS-White_WGS|AnVIL_CMG_Broad_Orphan_VCGS-White_WGS/Su/VCGS_FAM148_462"}]}
{"resourceType":"Patient","id":"P.AnVIL-CMG-Broad-Orphan-VCGS-White-WGS-Su-VCGS-FAM148-463","meta":{"profile":["http://hl7.org/fhir/StructureDefinition/Patient"]},"identifier":[{"system":"https://anvil.terra.bio/#workspaces/anvil-datastorage/AnVIL_CMG_Broad_Orphan_VCGS-White_WGS","value":"AnVIL_CMG_Broad_Orphan_VCGS-White_WGS/Su/VCGS_FAM148_463"},{"system":"urn:ncpi:unique-string","value":"Patient|AnVIL_CMG_Broad_Orphan_VCGS-White_WGS|AnVIL_CMG_Broad_Orphan_VCGS-White_WGS/Su/VCGS_FAM148_463"}]}
{"resourceType":"Patient","id":"P.AnVIL-CMG-Broad-Orphan-VCGS-White-WGS-Su-VCGS-FAM148-464","meta":{"profile":["http://hl7.org/fhir/StructureDefinition/Patient"]},"identifier":[{"system":"https://anvil.terra.bio/#workspaces/anvil-datastorage/AnVIL_CMG_Broad_Orphan_VCGS-White_WGS","value":"AnVIL_CMG_Broad_Orphan_VCGS-White_WGS/Su/VCGS_FAM148_464"},{"system":"urn:ncpi:unique-string","value":"Patient|AnVIL_CMG_Broad_Orphan_VCGS-White_WGS|AnVIL_CMG_Broad_Orphan_VCGS-White_WGS/Su/VCGS_FAM148_464"}]}
{"resourceType":"Patient","id":"P.AnVIL-CMG-Broad-Orphan-VCGS-White-WGS-Su-VCGS-FAM149-465","meta":{"profile":["http://hl7.org/fhir/StructureDefinition/Patient"]},"identifier":[{"system":"https://anvil.terra.bio/#workspaces/anvil-datastorage/AnVIL_CMG_Broad_Orphan_VCGS-White_WGS","value":"AnVIL_CMG_Broad_Orphan_VCGS-White_WGS/Su/VCGS_FAM149_465"},{"system":"urn:ncpi:unique-string","value":"Patient|AnVIL_CMG_Broad_Orphan_VCGS-White_WGS|AnVIL_CMG_Broad_Orphan_VCGS-White_WGS/Su/VCGS_FAM149_465"}]}
{"resourceType":"Patient","id":"P.AnVIL-CMG-Broad-Orphan-VCGS-White-WGS-Su-VCGS-FAM149-466","meta":{"profile":["http://hl7.org/fhir/StructureDefinition/Patient"]},"identifier":[{"system":"https://anvil.terra.bio/#workspaces/anvil-datastorage/AnVIL_CMG_Broad_Orphan_VCGS-White_WGS","value":"AnVIL_CMG_Broad_Orphan_VCGS-White_WGS/Su/VCGS_FAM149_466"},{"system":"urn:ncpi:unique-string","value":"Patient|AnVIL_CMG_Broad_Orphan_VCGS-White_WGS|AnVIL_CMG_Broad_Orphan_VCGS-White_WGS/Su/VCGS_FAM149_466"}]}
{"resourceType":"Patient","id":"P.AnVIL-CMG-Broad-Orphan-VCGS-White-WGS-Su-VCGS-FAM149-467","meta":{"profile":["http://hl7.org/fhir/StructureDefinition/Patient"]},"identifier":[{"system":"https://anvil.terra.bio/#workspaces/anvil-datastorage/AnVIL_CMG_Broad_Orphan_VCGS-White_WGS","value":"AnVIL_CMG_Broad_Orphan_VCGS-White_WGS/Su/VCGS_FAM149_467"},{"system":"urn:ncpi:unique-string","value":"Patient|AnVIL_CMG_Broad_Orphan_VCGS-White_WGS|AnVIL_CMG_Broad_Orphan_VCGS-White_WGS/Su/VCGS_FAM149_467"}]}
{"resourceType":"Patient","id":"P.AnVIL-CMG-Broad-Orphan-VCGS-White-WGS-Su-VCGS-FAM150-468","meta":{"profile":["http://hl7.org/fhir/StructureDefinition/Patient"]},"identifier":[{"system":"https://anvil.terra.bio/#workspaces/anvil-datastorage/AnVIL_CMG_Broad_Orphan_VCGS-White_WGS","value":"AnVIL_CMG_Broad_Orphan_VCGS-White_WGS/Su/VCGS_FAM150_468"},{"system":"urn:ncpi:unique-string","value":"Patient|AnVIL_CMG_Broad_Orphan_VCGS-White_WGS|AnVIL_CMG_Broad_Orphan_VCGS-White_WGS/Su/VCGS_FAM150_468"}]}
{"resourceType":"Patient","id":"P.AnVIL-CMG-Broad-Orphan-VCGS-White-WGS-Su-VCGS-FAM150-469","meta":{"profile":["http://hl7.org/fhir/StructureDefinition/Patient"]},"identifier":[{"system":"https://anvil.terra.bio/#workspaces/anvil-datastorage/AnVIL_CMG_Broad_Orphan_VCGS-White_WGS","value":"AnVIL_CMG_Broad_Orphan_VCGS-White_WGS/Su/VCGS_FAM150_469"},{"system":"urn:ncpi:unique-string","value":"Patient|AnVIL_CMG_Broad_Orphan_VCGS-White_WGS|AnVIL_CMG_Broad_Orphan_VCGS-White_WGS/Su/VCGS_FAM150_469"}]}
{"resourceType":"Patient","id":"P.AnVIL-CMG-Broad-Orphan-VCGS-White-WGS-Su-VCGS-FAM150-470","meta":{"profile":["http://hl7.org/fhir/StructureDefinition/Patient"]},"identifier":[{"system":"https://anvil.terra.bio/#workspaces/anvil-datastorage/AnVIL_CMG_Broad_Orphan_VCGS-White_WGS","value":"AnVIL_CMG_Broad_Orphan_VCGS-White_WGS/Su/VCGS_FAM150_470"},{"system":"urn:ncpi:unique-string","value":"Patient|AnVIL_CMG_Broad_Orphan_VCGS-White_WGS|AnVIL_CMG_Broad_Orphan_VCGS-White_WGS/Su/VCGS_FAM150_470"}]}
{"resourceType":"Patient","id":"P.AnVIL-CMG-Broad-Orphan-VCGS-White-WGS-Su-VCGS-FAM1-1","meta":{"profile":["http://hl7.org/fhir/StructureDefinition/Patient"]},"identifier":[{"system":"https://anvil.terra.bio/#workspaces/anvil-datastorage/AnVIL_CMG_Broad_Orphan_VCGS-White_WGS","value":"AnVIL_CMG_Broad_Orphan_VCGS-White_WGS/Su/VCGS_FAM1_1"},{"system":"urn:ncpi:unique-string","value":"Patient|AnVIL_CMG_Broad_Orphan_VCGS-White_WGS|AnVIL_CMG_Broad_Orphan_VCGS-White_WGS/Su/VCGS_FAM1_1"}]}
{"resourceType":"Patient","id":"P.AnVIL-CMG-Broad-Orphan-VCGS-White-WGS-Su-VCGS-FAM1-2","meta":{"profile":["http://hl7.org/fhir/StructureDefinition/Patient"]},"identifier":[{"system":"https://anvil.terra.bio/#workspaces/anvil-datastorage/AnVIL_CMG_Broad_Orphan_VCGS-White_WGS","value":"AnVIL_CMG_Broad_Orphan_VCGS-White_WGS/Su/VCGS_FAM1_2"},{"system":"urn:ncpi:unique-string","value":"Patient|AnVIL_CMG_Broad_Orphan_VCGS-White_WGS|AnVIL_CMG_Broad_Orphan_VCGS-White_WGS/Su/VCGS_FAM1_2"}]}
{"resourceType":"Patient","id":"P.AnVIL-CMG-Broad-Orphan-VCGS-White-WGS-Su-VCGS-FAM1-3","meta":{"profile":["http://hl7.org/fhir/StructureDefinition/Patient"]},"identifier":[{"system":"https://anvil.terra.bio/#workspaces/anvil-datastorage/AnVIL_CMG_Broad_Orphan_VCGS-White_WGS","value":"AnVIL_CMG_Broad_Orphan_VCGS-White_WGS/Su/VCGS_FAM1_3"},{"system":"urn:ncpi:unique-string","value":"Patient|AnVIL_CMG_Broad_Orphan_VCGS-White_WGS|AnVIL_CMG_Broad_Orphan_VCGS-White_WGS/Su/VCGS_FAM1_3"}]}
{"resourceType":"Patient","id":"P.AnVIL-CMG-Broad-Orphan-VCGS-White-WGS-Su-VCGS-FAM22-69","meta":{"profile":["http://hl7.org/fhir/StructureDefinition/Patient"]},"identifier":[{"system":"https://anvil.terra.bio/#workspaces/anvil-datastorage/AnVIL_CMG_Broad_Orphan_VCGS-White_WGS","value":"AnVIL_CMG_Broad_Orphan_VCGS-White_WGS/Su/VCGS_FAM22_69"},{"system":"urn:ncpi:unique-string","value":"Patient|AnVIL_CMG_Broad_Orphan_VCGS-White_WGS|AnVIL_CMG_Broad_Orphan_VCGS-White_WGS/Su/VCGS_FAM22_69"}]}
{"resourceType":"Patient","id":"P.AnVIL-CMG-Broad-Orphan-VCGS-White-WGS-Su-VCGS-FAM22-70","meta":{"profile":["http://hl7.org/fhir/StructureDefinition/Patient"]},"identifier":[{"system":"https://anvil.terra.bio/#workspaces/anvil-datastorage/AnVIL_CMG_Broad_Orphan_VCGS-White_WGS","value":"AnVIL_CMG_Broad_Orphan_VCGS-White_WGS/Su/VCGS_FAM22_70"},{"system":"urn:ncpi:unique-string","value":"Patient|AnVIL_CMG_Broad_Orphan_VCGS-White_WGS|AnVIL_CMG_Broad_Orphan_VCGS-White_WGS/Su/VCGS_FAM22_70"}]}
{"resourceType":"Patient","id":"P.AnVIL-CMG-Broad-Orphan-VCGS-White-WGS-Su-VCGS-FAM22-71","meta":{"profile":["http://hl7.org/fhir/StructureDefinition/Patient"]},"identifier":[{"system":"https://anvil.terra.bio/#workspaces/anvil-datastorage/AnVIL_CMG_Broad_Orphan_VCGS-White_WGS","value":"AnVIL_CMG_Broad_Orphan_VCGS-White_WGS/Su/VCGS_FAM22_71"},{"system":"urn:ncpi:unique-string","value":"Patient|AnVIL_CMG_Broad_Orphan_VCGS-White_WGS|AnVIL_CMG_Broad_Orphan_VCGS-White_WGS/Su/VCGS_FAM22_71"}]}
{"resourceType":"Patient","id":"P.AnVIL-CMG-Broad-Orphan-VCGS-White-WGS-Su-VCGS-FAM24-75","meta":{"profile":["http://hl7.org/fhir/StructureDefinition/Patient"]},"identifier":[{"system":"https://anvil.terra.bio/#workspaces/anvil-datastorage/AnVIL_CMG_Broad_Orphan_VCGS-White_WGS","value":"AnVIL_CMG_Broad_Orphan_VCGS-White_WGS/Su/VCGS_FAM24_75"},{"system":"urn:ncpi:unique-string","value":"Patient|AnVIL_CMG_Broad_Orphan_VCGS-White_WGS|AnVIL_CMG_Broad_Orphan_VCGS-White_WGS/Su/VCGS_FAM24_75"}]}
{"resourceType":"Patient","id":"P.AnVIL-CMG-Broad-Orphan-VCGS-White-WGS-Su-VCGS-FAM24-76","meta":{"profile":["http://hl7.org/fhir/StructureDefinition/Patient"]},"identifier":[{"system":"https://anvil.terra.bio/#workspaces/anvil-datastorage/AnVIL_CMG_Broad_Orphan_VCGS-White_WGS","value":"AnVIL_CMG_Broad_Orphan_VCGS-White_WGS/Su/VCGS_FAM24_76"},{"system":"urn:ncpi:unique-string","value":"Patient|AnVIL_CMG_Broad_Orphan_VCGS-White_WGS|AnVIL_CMG_Broad_Orphan_VCGS-White_WGS/Su/VCGS_FAM24_76"}]}
{"resourceType":"Patient","id":"P.AnVIL-CMG-Broad-Orphan-VCGS-White-WGS-Su-VCGS-FAM24-77","meta":{"profile":["http://hl7.org/fhir/StructureDefinition/Patient"]},"identifier":[{"system":"https://anvil.terra.bio/#workspaces/anvil-datastorage/AnVIL_CMG_Broad_Orphan_VCGS-White_WGS","value":"AnVIL_CMG_Broad_Orphan_VCGS-White_WGS/Su/VCGS_FAM24_77"},{"system":"urn:ncpi:unique-string","value":"Patient|AnVIL_CMG_Broad_Orphan_VCGS-White_WGS|AnVIL_CMG_Broad_Orphan_VCGS-White_WGS/Su/VCGS_FAM24_77"}]}
{"resourceType":"Patient","id":"P.AnVIL-CMG-Broad-Orphan-VCGS-White-WGS-Su-VCGS-FAM26-81","meta":{"profile":["http://hl7.org/fhir/StructureDefinition/Patient"]},"identifier":[{"system":"https://anvil.terra.bio/#workspaces/anvil-datastorage/AnVIL_CMG_Broad_Orphan_VCGS-White_WGS","value":"AnVIL_CMG_Broad_Orphan_VCGS-White_WGS/Su/VCGS_FAM26_81"},{"system":"urn:ncpi:unique-string","value":"Patient|AnVIL_CMG_Broad_Orphan_VCGS-White_WGS|AnVIL_CMG_Broad_Orphan_VCGS-White_WGS/Su/VCGS_FAM26_81"}]}
{"resourceType":"Patient","id":"P.AnVIL-CMG-Broad-Orphan-VCGS-White-WGS-Su-VCGS-FAM26-82","meta":{"profile":["http://hl7.org/fhir/StructureDefinition/Patient"]},"identifier":[{"system":"https://anvil.terra.bio/#workspaces/anvil-datastorage/AnVIL_CMG_Broad_Orphan_VCGS-White_WGS","value":"AnVIL_CMG_Broad_Orphan_VCGS-White_WGS/Su/VCGS_FAM26_82"},{"system":"urn:ncpi:unique-string","value":"Patient|AnVIL_CMG_Broad_Orphan_VCGS-White_WGS|AnVIL_CMG_Broad_Orphan_VCGS-White_WGS/Su/VCGS_FAM26_82"}]}
{"resourceType":"Patient","id":"P.AnVIL-CMG-Broad-Orphan-VCGS-White-WGS-Su-VCGS-FAM26-83","meta":{"profile":["http://hl7.org/fhir/StructureDefinition/Patient"]},"identifier":[{"system":"https://anvil.terra.bio/#workspaces/anvil-datastorage/AnVIL_CMG_Broad_Orphan_VCGS-White_WGS","value":"AnVIL_CMG_Broad_Orphan_VCGS-White_WGS/Su/VCGS_FAM26_83"},{"system":"urn:ncpi:unique-string","value":"Patient|AnVIL_CMG_Broad_Orphan_VCGS-White_WGS|AnVIL_CMG_Broad_Orphan_VCGS-White_WGS/Su/VCGS_FAM26_83"}]}
{"resourceType":"Patient","id":"P.AnVIL-CMG-Broad-Orphan-VCGS-White-WGS-Su-VCGS-FAM27-84","meta":{"profile":["http://hl7.org/fhir/StructureDefinition/Patient"]},"identifier":[{"system":"https://anvil.terra.bio/#workspaces/anvil-datastorage/AnVIL_CMG_Broad_Orphan_VCGS-White_WGS","value":"AnVIL_CMG_Broad_Orphan_VCGS-White_WGS/Su/VCGS_FAM27_84"},{"system":"urn:ncpi:unique-string","value":"Patient|AnVIL_CMG_Broad_Orphan_VCGS-White_WGS|AnVIL_CMG_Broad_Orphan_VCGS-White_WGS/Su/VCGS_FAM27_84"}]}
{"resourceType":"Patient","id":"P.AnVIL-CMG-Broad-Orphan-VCGS-White-WGS-Su-VCGS-FAM27-85","meta":{"profile":["http://hl7.org/fhir/StructureDefinition/Patient"]},"identifier":[{"system":"https://anvil.terra.bio/#workspaces/anvil-datastorage/AnVIL_CMG_Broad_Orphan_VCGS-White_WGS","value":"AnVIL_CMG_Broad_Orphan_VCGS-White_WGS/Su/VCGS_FAM27_85"},{"system":"urn:ncpi:unique-string","value":"Patient|AnVIL_CMG_Broad_Orphan_VCGS-White_WGS|AnVIL_CMG_Broad_Orphan_VCGS-White_WGS/Su/VCGS_FAM27_85"}]}
{"resourceType":"Patient","id":"P.AnVIL-CMG-Broad-Orphan-VCGS-White-WGS-Su-VCGS-FAM27-86","meta":{"profile":["http://hl7.org/fhir/StructureDefinition/Patient"]},"identifier":[{"system":"https://anvil.terra.bio/#workspaces/anvil-datastorage/AnVIL_CMG_Broad_Orphan_VCGS-White_WGS","value":"AnVIL_CMG_Broad_Orphan_VCGS-White_WGS/Su/VCGS_FAM27_86"},{"system":"urn:ncpi:unique-string","value":"Patient|AnVIL_CMG_Broad_Orphan_VCGS-White_WGS|AnVIL_CMG_Broad_Orphan_VCGS-White_WGS/Su/VCGS_FAM27_86"}]}
{"resourceType":"Patient","id":"P.AnVIL-CMG-Broad-Orphan-VCGS-White-WGS-Su-VCGS-FAM29-90","meta":{"profile":["http://hl7.org/fhir/StructureDefinition/Patient"]},"identifier":[{"system":"https://anvil.terra.bio/#workspaces/anvil-datastorage/AnVIL_CMG_Broad_Orphan_VCGS-White_WGS","value":"AnVIL_CMG_Broad_Orphan_VCGS-White_WGS/Su/VCGS_FAM29_90"},{"system":"urn:ncpi:unique-string","value":"Patient|AnVIL_CMG_Broad_Orphan_VCGS-White_WGS|AnVIL_CMG_Broad_Orphan_VCGS-White_WGS/Su/VCGS_FAM29_90"}]}
{"resourceType":"Patient","id":"P.AnVIL-CMG-Broad-Orphan-VCGS-White-WGS-Su-VCGS-FAM29-91","meta":{"profile":["http://hl7.org/fhir/StructureDefinition/Patient"]},"identifier":[{"system":"https://anvil.terra.bio/#workspaces/anvil-datastorage/AnVIL_CMG_Broad_Orphan_VCGS-White_WGS","value":"AnVIL_CMG_Broad_Orphan_VCGS-White_WGS/Su/VCGS_FAM29_91"},{"system":"urn:ncpi:unique-string","value":"Patient|AnVIL_CMG_Broad_Orphan_VCGS-White_WGS|AnVIL_CMG_Broad_Orphan_VCGS-White_WGS/Su/VCGS_FAM29_91"}]}
{"resourceType":"Patient","id":"P.AnVIL-CMG-Broad-Orphan-VCGS-White-WGS-Su-VCGS-FAM29-92","meta":{"profile":["http://hl7.org/fhir/StructureDefinition/Patient"]},"identifier":[{"system":"https://anvil.terra.bio/#workspaces/anvil-datastorage/AnVIL_CMG_Broad_Orphan_VCGS-White_WGS","value":"AnVIL_CMG_Broad_Orphan_VCGS-White_WGS/Su/VCGS_FAM29_92"},{"system":"urn:ncpi:unique-string","value":"Patient|AnVIL_CMG_Broad_Orphan_VCGS-White_WGS|AnVIL_CMG_Broad_Orphan_VCGS-White_WGS/Su/VCGS_FAM29_92"}]}
{"resourceType":"Patient","id":"P.AnVIL-CMG-Broad-Orphan-VCGS-White-WGS-Su-VCGS-FAM29-93","meta":{"profile":["http://hl7.org/fhir/StructureDefinition/Patient"]},"identifier":[{"system":"https://anvil.terra.bio/#workspaces/anvil-datastorage/AnVIL_CMG_Broad_Orphan_VCGS-White_WGS","value":"AnVIL_CMG_Broad_Orphan_VCGS-White_WGS/Su/VCGS_FAM29_93"},{"system":"urn:ncpi:unique-string","value":"Patient|AnVIL_CMG_Broad_Orphan_VCGS-White_WGS|AnVIL_CMG_Broad_Orphan_VCGS-White_WGS/Su/VCGS_FAM29_93"}]}
{"resourceType":"Patient","id":"P.AnVIL-CMG-Broad-Orphan-VCGS-White-WGS-Su-VCGS-FAM31-97","meta":{"profile":["http://hl7.org/fhir/StructureDefinition/Patient"]},"identifier":[{"system":"https://anvil.terra.bio/#workspaces/anvil-datastorage/AnVIL_CMG_Broad_Orphan_VCGS-White_WGS","value":"AnVIL_CMG_Broad_Orphan_VCGS-White_WGS/Su/VCGS_FAM31_97"},{"system":"urn:ncpi:unique-string","value":"Patient|AnVIL_CMG_Broad_Orphan_VCGS-White_WGS|AnVIL_CMG_Broad_Orphan_VCGS-White_WGS/Su/VCGS_FAM31_97"}]}
{"resourceType":"Patient","id":"P.AnVIL-CMG-Broad-Orphan-VCGS-White-WGS-Su-VCGS-FAM31-98","meta":{"profile":["http://hl7.org/fhir/StructureDefinition/Patient"]},"identifier":[{"system":"https://anvil.terra.bio/#workspaces/anvil-datastorage/AnVIL_CMG_Broad_Orphan_VCGS-White_WGS","value":"AnVIL_CMG_Broad_Orphan_VCGS-White_WGS/Su/VCGS_FAM31_98"},{"system":"urn:ncpi:unique-string","value":"Patient|AnVIL_CMG_Broad_Orphan_VCGS-White_WGS|AnVIL_CMG_Broad_Orphan_VCGS-White_WGS/Su/VCGS_FAM31_98"}]}
{"resourceType":"Patient","id":"P.AnVIL-CMG-Broad-Orphan-VCGS-White-WGS-Su-VCGS-FAM31-99","meta":{"profile":["http://hl7.org/fhir/StructureDefinition/Patient"]},"identifier":[{"system":"https://anvil.terra.bio/#workspaces/anvil-datastorage/AnVIL_CMG_Broad_Orphan_VCGS-White_WGS","value":"AnVIL_CMG_Broad_Orphan_VCGS-White_WGS/Su/VCGS_FAM31_99"},{"system":"urn:ncpi:unique-string","value":"Patient|AnVIL_CMG_Broad_Orphan_VCGS-White_WGS|AnVIL_CMG_Broad_Orphan_VCGS-White_WGS/Su/VCGS_FAM31_99"}]}
{"resourceType":"Patient","id":"P.AnVIL-CMG-Broad-Orphan-VCGS-White-WGS-Su-VCGS-FAM39-123","meta":{"profile":["http://hl7.org/fhir/StructureDefinition/Patient"]},"identifier":[{"system":"https://anvil.terra.bio/#workspaces/anvil-datastorage/AnVIL_CMG_Broad_Orphan_VCGS-White_WGS","value":"AnVIL_CMG_Broad_Orphan_VCGS-White_WGS/Su/VCGS_FAM39_123"},{"system":"urn:ncpi:unique-string","value":"Patient|AnVIL_CMG_Broad_Orphan_VCGS-White_WGS|AnVIL_CMG_Broad_Orphan_VCGS-White_WGS/Su/VCGS_FAM39_123"}]}
{"resourceType":"Patient","id":"P.AnVIL-CMG-Broad-Orphan-VCGS-White-WGS-Su-VCGS-FAM39-124-3","meta":{"profile":["http://hl7.org/fhir/StructureDefinition/Patient"]},"identifier":[{"system":"https://anvil.terra.bio/#workspaces/anvil-datastorage/AnVIL_CMG_Broad_Orphan_VCGS-White_WGS","value":"AnVIL_CMG_Broad_Orphan_VCGS-White_WGS/Su/VCGS_FAM39_124_3"},{"system":"urn:ncpi:unique-string","value":"Patient|AnVIL_CMG_Broad_Orphan_VCGS-White_WGS|AnVIL_CMG_Broad_Orphan_VCGS-White_WGS/Su/VCGS_FAM39_124_3"}]}
{"resourceType":"Patient","id":"P.AnVIL-CMG-Broad-Orphan-VCGS-White-WGS-Su-VCGS-FAM39-125","meta":{"profile":["http://hl7.org/fhir/StructureDefinition/Patient"]},"identifier":[{"system":"https://anvil.terra.bio/#workspaces/anvil-datastorage/AnVIL_CMG_Broad_Orphan_VCGS-White_WGS","value":"AnVIL_CMG_Broad_Orphan_VCGS-White_WGS/Su/VCGS_FAM39_125"},{"system":"urn:ncpi:unique-string","value":"Patient|AnVIL_CMG_Broad_Orphan_VCGS-White_WGS|AnVIL_CMG_Broad_Orphan_VCGS-White_WGS/Su/VCGS_FAM39_125"}]}
{"resourceType":"Patient","id":"P.AnVIL-CMG-Broad-Orphan-VCGS-White-WGS-Su-VCGS-FAM3-7","meta":{"profile":["http://hl7.org/fhir/StructureDefinition/Patient"]},"identifier":[{"system":"https://anvil.terra.bio/#workspaces/anvil-datastorage/AnVIL_CMG_Broad_Orphan_VCGS-White_WGS","value":"AnVIL_CMG_Broad_Orphan_VCGS-White_WGS/Su/VCGS_FAM3_7"},{"system":"urn:ncpi:unique-string","value":"Patient|AnVIL_CMG_Broad_Orphan_VCGS-White_WGS|AnVIL_CMG_Broad_Orphan_VCGS-White_WGS/Su/VCGS_FAM3_7"}]}
{"resourceType":"Patient","id":"P.AnVIL-CMG-Broad-Orphan-VCGS-White-WGS-Su-VCGS-FAM3-8","meta":{"profile":["http://hl7.org/fhir/StructureDefinition/Patient"]},"identifier":[{"system":"https://anvil.terra.bio/#workspaces/anvil-datastorage/AnVIL_CMG_Broad_Orphan_VCGS-White_WGS","value":"AnVIL_CMG_Broad_Orphan_VCGS-White_WGS/Su/VCGS_FAM3_8"},{"system":"urn:ncpi:unique-string","value":"Patient|AnVIL_CMG_Broad_Orphan_VCGS-White_WGS|AnVIL_CMG_Broad_Orphan_VCGS-White_WGS/Su/VCGS_FAM3_8"}]}
{"resourceType":"Patient","id":"P.AnVIL-CMG-Broad-Orphan-VCGS-White-WGS-Su-VCGS-FAM3-9","meta":{"profile":["http://hl7.org/fhir/StructureDefinition/Patient"]},"identifier":[{"system":"https://anvil.terra.bio/#workspaces/anvil-datastorage/AnVIL_CMG_Broad_Orphan_VCGS-White_WGS","value":"AnVIL_CMG_Broad_Orphan_VCGS-White_WGS/Su/VCGS_FAM3_9"},{"system":"urn:ncpi:unique-string","value":"Patient|AnVIL_CMG_Broad_Orphan_VCGS-White_WGS|AnVIL_CMG_Broad_Orphan_VCGS-White_WGS/Su/VCGS_FAM3_9"}]}
{"resourceType":"Patient","id":"P.AnVIL-CMG-Broad-Orphan-VCGS-White-WGS-Su-VCGS-FAM41-129-2","meta":{"profile":["http://hl7.org/fhir/StructureDefinition/Patient"]},"identifier":[{"system":"https://anvil.terra.bio/#workspaces/anvil-datastorage/AnVIL_CMG_Broad_Orphan_VCGS-White_WGS","value":"AnVIL_CMG_Broad_Orphan_VCGS-White_WGS/Su/VCGS_FAM41_129_2"},{"system":"urn:ncpi:unique-string","value":"Patient|AnVIL_CMG_Broad_Orphan_VCGS-White_WGS|AnVIL_CMG_Broad_Orphan_VCGS-White_WGS/Su/VCGS_FAM41_129_2"}]}
{"resourceType":"Patient","id":"P.AnVIL-CMG-Broad-Orphan-VCGS-White-WGS-Su-VCGS-FAM41-130","meta":{"profile":["http://hl7.org/fhir/StructureDefinition/Patient"]},"identifier":[{"system":"https://anvil.terra.bio/#workspaces/anvil-datastorage/AnVIL_CMG_Broad_Orphan_VCGS-White_WGS","value":"AnVIL_CMG_Broad_Orphan_VCGS-White_WGS/Su/VCGS_FAM41_130"},{"system":"urn:ncpi:unique-string","value":"Patient|AnVIL_CMG_Broad_Orphan_VCGS-White_WGS|AnVIL_CMG_Broad_Orphan_VCGS-White_WGS/Su/VCGS_FAM41_130"}]}
{"resourceType":"Patient","id":"P.AnVIL-CMG-Broad-Orphan-VCGS-White-WGS-Su-VCGS-FAM41-131","meta":{"profile":["http://hl7.org/fhir/StructureDefinition/Patient"]},"identifier":[{"system":"https://anvil.terra.bio/#workspaces/anvil-datastorage/AnVIL_CMG_Broad_Orphan_VCGS-White_WGS","value":"AnVIL_CMG_Broad_Orphan_VCGS-White_WGS/Su/VCGS_FAM41_131"},{"system":"urn:ncpi:unique-string","value":"Patient|AnVIL_CMG_Broad_Orphan_VCGS-White_WGS|AnVIL_CMG_Broad_Orphan_VCGS-White_WGS/Su/VCGS_FAM41_131"}]}
{"resourceType":"Patient","id":"P.AnVIL-CMG-Broad-Orphan-VCGS-White-WGS-Su-VCGS-FAM42-132","meta":{"profile":["http://hl7.org/fhir/StructureDefinition/Patient"]},"identifier":[{"system":"https://anvil.terra.bio/#workspaces/anvil-datastorage/AnVIL_CMG_Broad_Orphan_VCGS-White_WGS","value":"AnVIL_CMG_Broad_Orphan_VCGS-White_WGS/Su/VCGS_FAM42_132"},{"system":"urn:ncpi:unique-string","value":"Patient|AnVIL_CMG_Broad_Orphan_VCGS-White_WGS|AnVIL_CMG_Broad_Orphan_VCGS-White_WGS/Su/VCGS_FAM42_132"}]}
{"resourceType":"Patient","id":"P.AnVIL-CMG-Broad-Orphan-VCGS-White-WGS-Su-VCGS-FAM42-133","meta":{"profile":["http://hl7.org/fhir/StructureDefinition/Patient"]},"identifier":[{"system":"https://anvil.terra.bio/#workspaces/anvil-datastorage/AnVIL_CMG_Broad_Orphan_VCGS-White_WGS","value":"AnVIL_CMG_Broad_Orphan_VCGS-White_WGS/Su/VCGS_FAM42_133"},{"system":"urn:ncpi:unique-string","value":"Patient|AnVIL_CMG_Broad_Orphan_VCGS-White_WGS|AnVIL_CMG_Broad_Orphan_VCGS-White_WGS/Su/VCGS_FAM42_133"}]}
{"resourceType":"Patient","id":"P.AnVIL-CMG-Broad-Orphan-VCGS-White-WGS-Su-VCGS-FAM42-134","meta":{"profile":["http://hl7.org/fhir/StructureDefinition/Patient"]},"identifier":[{"system":"https://anvil.terra.bio/#workspaces/anvil-datastorage/AnVIL_CMG_Broad_Orphan_VCGS-White_WGS","value":"AnVIL_CMG_Broad_Orphan_VCGS-White_WGS/Su/VCGS_FAM42_134"},{"system":"urn:ncpi:unique-string","value":"Patient|AnVIL_CMG_Broad_Orphan_VCGS-White_WGS|AnVIL_CMG_Broad_Orphan_VCGS-White_WGS/Su/VCGS_FAM42_134"}]}
{"resourceType":"Patient","id":"P.AnVIL-CMG-Broad-Orphan-VCGS-White-WGS-Su-VCGS-FAM4-10","meta":{"profile":["http://hl7.org/fhir/StructureDefinition/Patient"]},"identifier":[{"system":"https://anvil.terra.bio/#workspaces/anvil-datastorage/AnVIL_CMG_Broad_Orphan_VCGS-White_WGS","value":"AnVIL_CMG_Broad_Orphan_VCGS-White_WGS/Su/VCGS_FAM4_10"},{"system":"urn:ncpi:unique-string","value":"Patient|AnVIL_CMG_Broad_Orphan_VCGS-White_WGS|AnVIL_CMG_Broad_Orphan_VCGS-White_WGS/Su/VCGS_FAM4_10"}]}
{"resourceType":"Patient","id":"P.AnVIL-CMG-Broad-Orphan-VCGS-White-WGS-Su-VCGS-FAM4-11","meta":{"profile":["http://hl7.org/fhir/StructureDefinition/Patient"]},"identifier":[{"system":"https://anvil.terra.bio/#workspaces/anvil-datastorage/AnVIL_CMG_Broad_Orphan_VCGS-White_WGS","value":"AnVIL_CMG_Broad_Orphan_VCGS-White_WGS/Su/VCGS_FAM4_11"},{"system":"urn:ncpi:unique-string","value":"Patient|AnVIL_CMG_Broad_Orphan_VCGS-White_WGS|AnVIL_CMG_Broad_Orphan_VCGS-White_WGS/Su/VCGS_FAM4_11"}]}
{"resourceType":"Patient","id":"P.AnVIL-CMG-Broad-Orphan-VCGS-White-WGS-Su-VCGS-FAM4-12","meta":{"profile":["http://hl7.org/fhir/StructureDefinition/Patient"]},"identifier":[{"system":"https://anvil.terra.bio/#workspaces/anvil-datastorage/AnVIL_CMG_Broad_Orphan_VCGS-White_WGS","value":"AnVIL_CMG_Broad_Orphan_VCGS-White_WGS/Su/VCGS_FAM4_12"},{"system":"urn:ncpi:unique-string","value":"Patient|AnVIL_CMG_Broad_Orphan_VCGS-White_WGS|AnVIL_CMG_Broad_Orphan_VCGS-White_WGS/Su/VCGS_FAM4_12"}]}
{"resourceType":"Patient","id":"P.AnVIL-CMG-Broad-Orphan-VCGS-White-WGS-Su-VCGS-FAM4-13","meta":{"profile":["http://hl7.org/fhir/StructureDefinition/Patient"]},"identifier":[{"system":"https://anvil.terra.bio/#workspaces/anvil-datastorage/AnVIL_CMG_Broad_Orphan_VCGS-White_WGS","value":"AnVIL_CMG_Broad_Orphan_VCGS-White_WGS/Su/VCGS_FAM4_13"},{"system":"urn:ncpi:unique-string","value":"Patient|AnVIL_CMG_Broad_Orphan_VCGS-White_WGS|AnVIL_CMG_Broad_Orphan_VCGS-White_WGS/Su/VCGS_FAM4_13"}]}
{"resourceType":"Patient","id":"P.AnVIL-CMG-Broad-Orphan-VCGS-White-WGS-Su-VCGS-FAM52-162-2","meta":{"profile":["http://hl7.org/fhir/StructureDefinition/Patient"]},"identifier":[{"system":"https://anvil.terra.bio/#workspaces/anvil-datastorage/AnVIL_CMG_Broad_Orphan_VCGS-White_WGS","value":"AnVIL_CMG_Broad_Orphan_VCGS-White_WGS/Su/VCGS_FAM52_162_2"},{"system":"urn:ncpi:unique-string","value":"Patient|AnVIL_CMG_Broad_Orphan_VCGS-White_WGS|AnVIL_CMG_Broad_Orphan_VCGS-White_WGS/Su/VCGS_FAM52_162_2"}]}
{"resourceType":"Patient","id":"P.AnVIL-CMG-Broad-Orphan-VCGS-White-WGS-Su-VCGS-FAM52-163-2","meta":{"profile":["http://hl7.org/fhir/StructureDefinition/Patient"]},"identifier":[{"system":"https://anvil.terra.bio/#workspaces/anvil-datastorage/AnVIL_CMG_Broad_Orphan_VCGS-White_WGS","value":"AnVIL_CMG_Broad_Orphan_VCGS-White_WGS/Su/VCGS_FAM52_163_2"},{"system":"urn:ncpi:unique-string","value":"Patient|AnVIL_CMG_Broad_Orphan_VCGS-White_WGS|AnVIL_CMG_Broad_Orphan_VCGS-White_WGS/Su/VCGS_FAM52_163_2"}]}
{"resourceType":"Patient","id":"P.AnVIL-CMG-Broad-Orphan-VCGS-White-WGS-Su-VCGS-FAM52-164-2","meta":{"profile":["http://hl7.org/fhir/StructureDefinition/Patient"]},"identifier":[{"system":"https://anvil.terra.bio/#workspaces/anvil-datastorage/AnVIL_CMG_Broad_Orphan_VCGS-White_WGS","value":"AnVIL_CMG_Broad_Orphan_VCGS-White_WGS/Su/VCGS_FAM52_164_2"},{"system":"urn:ncpi:unique-string","value":"Patient|AnVIL_CMG_Broad_Orphan_VCGS-White_WGS|AnVIL_CMG_Broad_Orphan_VCGS-White_WGS/Su/VCGS_FAM52_164_2"}]}
{"resourceType":"Patient","id":"P.AnVIL-CMG-Broad-Orphan-VCGS-White-WGS-Su-VCGS-FAM61-190","meta":{"profile":["http://hl7.org/fhir/StructureDefinition/Patient"]},"identifier":[{"system":"https://anvil.terra.bio/#workspaces/anvil-datastorage/AnVIL_CMG_Broad_Orphan_VCGS-White_WGS","value":"AnVIL_CMG_Broad_Orphan_VCGS-White_WGS/Su/VCGS_FAM61_190"},{"system":"urn:ncpi:unique-string","value":"Patient|AnVIL_CMG_Broad_Orphan_VCGS-White_WGS|AnVIL_CMG_Broad_Orphan_VCGS-White_WGS/Su/VCGS_FAM61_190"}]}
{"resourceType":"Patient","id":"P.AnVIL-CMG-Broad-Orphan-VCGS-White-WGS-Su-VCGS-FAM61-191","meta":{"profile":["http://hl7.org/fhir/StructureDefinition/Patient"]},"identifier":[{"system":"https://anvil.terra.bio/#workspaces/anvil-datastorage/AnVIL_CMG_Broad_Orphan_VCGS-White_WGS","value":"AnVIL_CMG_Broad_Orphan_VCGS-White_WGS/Su/VCGS_FAM61_191"},{"system":"urn:ncpi:unique-string","value":"Patient|AnVIL_CMG_Broad_Orphan_VCGS-White_WGS|AnVIL_CMG_Broad_Orphan_VCGS-White_WGS/Su/VCGS_FAM61_191"}]}
{"resourceType":"Patient","id":"P.AnVIL-CMG-Broad-Orphan-VCGS-White-WGS-Su-VCGS-FAM61-192","meta":{"profile":["http://hl7.org/fhir/StructureDefinition/Patient"]},"identifier":[{"system":"https://anvil.terra.bio/#workspaces/anvil-datastorage/AnVIL_CMG_Broad_Orphan_VCGS-White_WGS","value":"AnVIL_CMG_Broad_Orphan_VCGS-White_WGS/Su/VCGS_FAM61_192"},{"system":"urn:ncpi:unique-string","value":"Patient|AnVIL_CMG_Broad_Orphan_VCGS-White_WGS|AnVIL_CMG_Broad_Orphan_VCGS-White_WGS/Su/VCGS_FAM61_192"}]}
{"resourceType":"Patient","id":"P.AnVIL-CMG-Broad-Orphan-VCGS-White-WGS-Su-VCGS-FAM61-388","meta":{"profile":["http://hl7.org/fhir/StructureDefinition/Patient"]},"identifier":[{"system":"https://anvil.terra.bio/#workspaces/anvil-datastorage/AnVIL_CMG_Broad_Orphan_VCGS-White_WGS","value":"AnVIL_CMG_Broad_Orphan_VCGS-White_WGS/Su/VCGS_FAM61_388"},{"system":"urn:ncpi:unique-string","value":"Patient|AnVIL_CMG_Broad_Orphan_VCGS-White_WGS|AnVIL_CMG_Broad_Orphan_VCGS-White_WGS/Su/VCGS_FAM61_388"}]}
{"resourceType":"Patient","id":"P.AnVIL-CMG-Broad-Orphan-VCGS-White-WGS-Su-VCGS-FAM67-209","meta":{"profile":["http://hl7.org/fhir/StructureDefinition/Patient"]},"identifier":[{"system":"https://anvil.terra.bio/#workspaces/anvil-datastorage/AnVIL_CMG_Broad_Orphan_VCGS-White_WGS","value":"AnVIL_CMG_Broad_Orphan_VCGS-White_WGS/Su/VCGS_FAM67_209"},{"system":"urn:ncpi:unique-string","value":"Patient|AnVIL_CMG_Broad_Orphan_VCGS-White_WGS|AnVIL_CMG_Broad_Orphan_VCGS-White_WGS/Su/VCGS_FAM67_209"}]}
{"resourceType":"Patient","id":"P.AnVIL-CMG-Broad-Orphan-VCGS-White-WGS-Su-VCGS-FAM67-210","meta":{"profile":["http://hl7.org/fhir/StructureDefinition/Patient"]},"identifier":[{"system":"https://anvil.terra.bio/#workspaces/anvil-datastorage/AnVIL_CMG_Broad_Orphan_VCGS-White_WGS","value":"AnVIL_CMG_Broad_Orphan_VCGS-White_WGS/Su/VCGS_FAM67_210"},{"system":"urn:ncpi:unique-string","value":"Patient|AnVIL_CMG_Broad_Orphan_VCGS-White_WGS|AnVIL_CMG_Broad_Orphan_VCGS-White_WGS/Su/VCGS_FAM67_210"}]}
{"resourceType":"Patient","id":"P.AnVIL-CMG-Broad-Orphan-VCGS-White-WGS-Su-VCGS-FAM67-211","meta":{"profile":["http://hl7.org/fhir/StructureDefinition/Patient"]},"identifier":[{"system":"https://anvil.terra.bio/#workspaces/anvil-datastorage/AnVIL_CMG_Broad_Orphan_VCGS-White_WGS","value":"AnVIL_CMG_Broad_Orphan_VCGS-White_WGS/Su/VCGS_FAM67_211"},{"system":"urn:ncpi:unique-string","value":"Patient|AnVIL_CMG_Broad_Orphan_VCGS-White_WGS|AnVIL_CMG_Broad_Orphan_VCGS-White_WGS/Su/VCGS_FAM67_211"}]}
