{"resourceType":"Specimen","id":"Broad-Orphan-VCGS-White-WGS-Sa-VCGS-FAM11-32","meta":{"profile":["http://hl7.org/fhir/StructureDefinition/Specimen"]},"identifier":[{"system":"https://anvil.terra.bio/#workspaces/anvil-datastorage/AnVIL_CMG_Broad_Orphan_VCGS-White_WGS","value":"Broad_Orphan_VCGS-White_WGS/Sa/VCGS_FAM11_32"},{"system":"urn:ncpi:unique-string","value":"Specimen|AnVIL_CMG_Broad_Orphan_VCGS-White_WGS|Broad_Orphan_VCGS-White_WGS/Sa/VCGS_FAM11_32"}],"subject":{"reference":"Patient/P.AnVIL-CMG-Broad-Orphan-VCGS-White-WGS-Su-VCGS-FAM11-32"}}
{"resourceType":"Specimen","id":"Broad-Orphan-VCGS-White-WGS-Sa-VCGS-FAM11-33","meta":{"profile":["http://hl7.org/fhir/StructureDefinition/Specimen"]},"identifier":[{"system":"https://anvil.terra.bio/#workspaces/anvil-datastorage/AnVIL_CMG_Broad_Orphan_VCGS-White_WGS","value":"Broad_Orphan_VCGS-White_WGS/Sa/VCGS_FAM11_33"},{"system":"urn:ncpi:unique-string","value":"Specimen|AnVIL_CMG_Broad_Orphan_VCGS-White_WGS|Broad_Orphan_VCGS-White_WGS/Sa/VCGS_FAM11_33"}],"subject":{"reference":"Patient/P.AnVIL-CMG-Broad-Orphan-VCGS-White-WGS-Su-VCGS-FAM11-33"}}
{"resourceType":"Specimen","id":"Broad-Orphan-VCGS-White-WGS-Sa-VCGS-FAM11-34","meta":{"profile":["http://hl7.org/fhir/StructureDefinition/Specimen"]},"identifier":[{"system":"https://anvil.terra.bio/#workspaces/anvil-datastorage/AnVIL_CMG_Broad_Orphan_VCGS-White_WGS","value":"Broad_Orphan_VCGS-White_WGS/Sa/VCGS_FAM11_34"},{"system":"urn:ncpi:unique-string","value":"Specimen|AnVIL_CMG_Broad_Orphan_VCGS-White_WGS|Broad_Orphan_VCGS-White_WGS/Sa/VCGS_FAM11_34"}],"subject":{"reference":"Patient/P.AnVIL-CMG-Broad-Orphan-VCGS-White-WGS-Su-VCGS-FAM11-34"}}
{"resourceType":"Specimen","id":"Broad-Orphan-VCGS-White-WGS-Sa-VCGS-FAM12-36","meta":{"profile":["http://hl7.org/fhir/StructureDefinition/Specimen"]},"identifier":[{"system":"https://anvil.terra.bio/#workspaces/anvil-datastorage/AnVIL_CMG_Broad_Orphan_VCGS-White_WGS","value":"Broad_Orphan_VCGS-White_WGS/Sa/VCGS_FAM12_36"},{"system":"urn:ncpi:unique-string","value":"Specimen|AnVIL_CMG_Broad_Orphan_VCGS-White_WGS|Broad_Orphan_VCGS-White_WGS/Sa/VCGS_FAM12_36"}],"subject":{"reference":"Patient/P.AnVIL-CMG-Broad-Orphan-VCGS-White-WGS-Su-VCGS-FAM12-36"}}
{"resourceType":"Specimen","id":"Broad-Orphan-VCGS-White-WGS-Sa-VCGS-FAM12-37","meta":{"profile":["http://hl7.org/fhir/StructureDefinition/Specimen"]},"identifier":[{"system":"https://anvil.terra.bio/#workspaces/anvil-datastorage/AnVIL_CMG_Broad_Orphan_VCGS-White_WGS","value":"Broad_Orphan_VCGS-White_WGS/Sa/VCGS_FAM12_37"},{"system":"urn:ncpi:unique-string","value":"Specimen|AnVIL_CMG_Broad_Orphan_VCGS-White_WGS|Broad_Orphan_VCGS-White_WGS/Sa/VCGS_FAM12_37"}],"subject":{"reference":"Patient/P.AnVIL-CMG-Broad-Orphan-VCGS-White-WGS-Su-VCGS-FAM12-37"}}
{"resourceType":"Specimen","id":"Broad-Orphan-VCGS-White-WGS-Sa-VCGS-FAM12-38","meta":{"profile":["http://hl7.org/fhir/StructureDefinition/Specimen"]},"identifier":[{"system":"https://anvil.terra.bio/#workspaces/anvil-datastorage/AnVIL_CMG_Broad_Orphan_VCGS-White_WGS","value":"Broad_Orphan_VCGS-White_WGS/Sa/VCGS_FAM12_38"},{"system":"urn:ncpi:unique-string","value":"Specimen|AnVIL_CMG_Broad_Orphan_VCGS-White_WGS|Broad_Orphan_VCGS-White_WGS/Sa/VCGS_FAM12_38"}],"subject":{"reference":"Patient/P.AnVIL-CMG-Broad-Orphan-VCGS-White-WGS-Su-VCGS-FAM12-38"}}
{"resourceType":"Specimen","id":"Broad-Orphan-VCGS-White-WGS-Sa-VCGS-FAM147-459","meta":{"profile":["http://hl7.org/fhir/StructureDefinition/Specimen"]},"identifier":[{"system":"https://anvil.terra.bio/#workspaces/anvil-datastorage/AnVIL_CMG_Broad_Orphan_VCGS-White_WGS","value":"Broad_Orphan_VCGS-White_WGS/Sa/VCGS_FAM147_459"},{"system":"urn:ncpi:unique-string","value":"Specimen|AnVIL_CMG_Broad_Orphan_VCGS-White_WGS|Broad_Orphan_VCGS-White_WGS/Sa/VCGS_FAM147_459"}],"subject":{"reference":"Patient/P.AnVIL-CMG-Broad-Orphan-VCGS-White-WGS-Su-VCGS-FAM147-459"}}
{"resourceType":"Specimen","id":"Broad-Orphan-VCGS-White-WGS-Sa-VCGS-FAM147-460","meta":{"profile":["http://hl7.org/fhir/StructureDefinition/Specimen"]},"identifier":[{"system":"https://anvil.terra.bio/#workspaces/anvil-datastorage/AnVIL_CMG_Broad_Orphan_VCGS-White_WGS","value":"Broad_Orphan_VCGS-White_WGS/Sa/VCGS_FAM147_460"},{"system":"urn:ncpi:unique-string","value":"Specimen|AnVIL_CMG_Broad_Orphan_VCGS-White_WGS|Broad_Orphan_VCGS-White_WGS/Sa/VCGS_FAM147_460"}],"subject":{"reference":"Patient/P.AnVIL-CMG-Broad-Orphan-VCGS-White-WGS-Su-VCGS-FAM147-460"}}
{"resourceType":"Specimen","id":"Broad-Orphan-VCGS-White-WGS-Sa-VCGS-FAM147-461","meta":{"profile":["http://hl7.org/fhir/StructureDefinition/Specimen"]},"identifier":[{"system":"https://anvil.terra.bio/#workspaces/anvil-datastorage/AnVIL_CMG_Broad_Orphan_VCGS-White_WGS","value":"Broad_Orphan_VCGS-White_WGS/Sa/VCGS_FAM147_461"},{"system":"urn:ncpi:unique-string","value":"Specimen|AnVIL_CMG_Broad_Orphan_VCGS-White_WGS|Broad_Orphan_VCGS-White_WGS/Sa/VCGS_FAM147_461"}],"subject":{"reference":"Patient/P.AnVIL-CMG-Broad-Orphan-VCGS-White-WGS-Su-VCGS-FAM147-461"}}
{"resourceType":"Specimen","id":"Broad-Orphan-VCGS-White-WGS-Sa-VCGS-FAM148-462","meta":{"profile":["http://hl7.org/fhir/StructureDefinition/Specimen"]},"identifier":[{"system":"https://anvil.terra.bio/#workspaces/anvil-datastorage/AnVIL_CMG_Broad_Orphan_VCGS-White_WGS","value":"Broad_Orphan_VCGS-White_WGS/Sa/VCGS_FAM148_462"},{"system":"urn:ncpi:unique-string","value":"Specimen|AnVIL_CMG_Broad_Orphan_VCGS-White_WGS|Broad_Orphan_VCGS-White_WGS/Sa/VCGS_FAM148_462"}],"subject":{"reference":"Patient/P.AnVIL-CMG-Broad-Orphan-VCGS-White-WGS-Su-VCGS-FAM148-462"}}
{"resourceType":"Specimen","id":"Broad-Orphan-VCGS-White-WGS-Sa-VCGS-FAM148-463","meta":{"profile":["http://hl7.org/fhir/StructureDefinition/Specimen"]},"identifier":[{"system":"https://anvil.terra.bio/#workspaces/anvil-datastorage/AnVIL_CMG_Broad_Orphan_VCGS-White_WGS","value":"Broad_Orphan_VCGS-White_WGS/Sa/VCGS_FAM148_463"},{"system":"urn:ncpi:unique-string","value":"Specimen|AnVIL_CMG_Broad_Orphan_VCGS-White_WGS|Broad_Orphan_VCGS-White_WGS/Sa/VCGS_FAM148_463"}],"subject":{"reference":"Patient/P.AnVIL-CMG-Broad-Orphan-VCGS-White-WGS-Su-VCGS-FAM148-463"}}
{"resourceType":"Specimen","id":"Broad-Orphan-VCGS-White-WGS-Sa-VCGS-FAM148-464","meta":{"profile":["http://hl7.org/fhir/StructureDefinition/Specimen"]},"identifier":[{"system":"https://anvil.terra.bio/#workspaces/anvil-datastorage/AnVIL_CMG_Broad_Orphan_VCGS-White_WGS","value":"Broad_Orphan_VCGS-White_WGS/Sa/VCGS_FAM148_464"},{"system":"urn:ncpi:unique-string","value":"Specimen|AnVIL_CMG_Broad_Orphan_VCGS-White_WGS|Broad_Orphan_VCGS-White_WGS/Sa/VCGS_FAM148_464"}],"subject":{"reference":"Patient/P.AnVIL-CMG-Broad-Orphan-VCGS-White-WGS-Su-VCGS-FAM148-464"}}
{"resourceType":"Specimen","id":"Broad-Orphan-VCGS-White-WGS-Sa-VCGS-FAM149-465","meta":{"profile":["http://hl7.org/fhir/StructureDefinition/Specimen"]},"identifier":[{"system":"https://anvil.terra.bio/#workspaces/anvil-datastorage/AnVIL_CMG_Broad_Orphan_VCGS-White_WGS","value":"Broad_Orphan_VCGS-White_WGS/Sa/VCGS_FAM149_465"},{"system":"urn:ncpi:unique-string","value":"Specimen|AnVIL_CMG_Broad_Orphan_VCGS-White_WGS|Broad_Orphan_VCGS-White_WGS/Sa/VCGS_FAM149_465"}],"subject":{"reference":"Patient/P.AnVIL-CMG-Broad-Orphan-VCGS-White-WGS-Su-VCGS-FAM149-465"}}
{"resourceType":"Specimen","id":"Broad-Orphan-VCGS-White-WGS-Sa-VCGS-FAM149-466","meta":{"profile":["http://hl7.org/fhir/StructureDefinition/Specimen"]},"identifier":[{"system":"https://anvil.terra.bio/#workspaces/anvil-datastorage/AnVIL_CMG_Broad_Orphan_VCGS-White_WGS","value":"Broad_Orphan_VCGS-White_WGS/Sa/VCGS_FAM149_466"},{"system":"urn:ncpi:unique-string","value":"Specimen|AnVIL_CMG_Broad_Orphan_VCGS-White_WGS|Broad_Orphan_VCGS-White_WGS/Sa/VCGS_FAM149_466"}],"subject":{"reference":"Patient/P.AnVIL-CMG-Broad-Orphan-VCGS-White-WGS-Su-VCGS-FAM149-466"}}
{"resourceType":"Specimen","id":"Broad-Orphan-VCGS-White-WGS-Sa-VCGS-FAM149-467","meta":{"profile":["http://hl7.org/fhir/StructureDefinition/Specimen"]},"identifier":[{"system":"https://anvil.terra.bio/#workspaces/anvil-datastorage/AnVIL_CMG_Broad_Orphan_VCGS-White_WGS","value":"Broad_Orphan_VCGS-White_WGS/Sa/VCGS_FAM149_467"},{"system":"urn:ncpi:unique-string","value":"Specimen|AnVIL_CMG_Broad_Orphan_VCGS-White_WGS|Broad_Orphan_VCGS-White_WGS/Sa/VCGS_FAM149_467"}],"subject":{"reference":"Patient/P.AnVIL-CMG-Broad-Orphan-VCGS-White-WGS-Su-VCGS-FAM149-467"}}
{"resourceType":"Specimen","id":"Broad-Orphan-VCGS-White-WGS-Sa-VCGS-FAM150-468","meta":{"profile":["http://hl7.org/fhir/StructureDefinition/Specimen"]},"identifier":[{"system":"https://anvil.terra.bio/#workspaces/anvil-datastorage/AnVIL_CMG_Broad_Orphan_VCGS-White_WGS","value":"Broad_Orphan_VCGS-White_WGS/Sa/VCGS_FAM150_468"},{"system":"urn:ncpi:unique-string","value":"Specimen|AnVIL_CMG_Broad_Orphan_VCGS-White_WGS|Broad_Orphan_VCGS-White_WGS/Sa/VCGS_FAM150_468"}],"subject":{"reference":"Patient/P.AnVIL-CMG-Broad-Orphan-VCGS-White-WGS-Su-VCGS-FAM150-468"}}
{"resourceType":"Specimen","id":"Broad-Orphan-VCGS-White-WGS-Sa-VCGS-FAM150-469","meta":{"profile":["http://hl7.org/fhir/StructureDefinition/Specimen"]},"identifier":[{"system":"https://anvil.terra.bio/#workspaces/anvil-datastorage/AnVIL_CMG_Broad_Orphan_VCGS-White_WGS","value":"Broad_Orphan_VCGS-White_WGS/Sa/VCGS_FAM150_469"},{"system":"urn:ncpi:unique-string","value":"Specimen|AnVIL_CMG_Broad_Orphan_VCGS-White_WGS|Broad_Orphan_VCGS-White_WGS/Sa/VCGS_FAM150_469"}],"subject":{"reference":"Patient/P.AnVIL-CMG-Broad-Orphan-VCGS-White-WGS-Su-VCGS-FAM150-469"}}
{"resourceType":"Specimen","id":"Broad-Orphan-VCGS-White-WGS-Sa-VCGS-FAM150-470","meta":{"profile":["http://hl7.org/fhir/StructureDefinition/Specimen"]},"identifier":[{"system":"https://anvil.terra.bio/#workspaces/anvil-datastorage/AnVIL_CMG_Broad_Orphan_VCGS-White_WGS","value":"Broad_Orphan_VCGS-White_WGS/Sa/VCGS_FAM150_470"},{"system":"urn:ncpi:unique-string","value":"Specimen|AnVIL_CMG_Broad_Orphan_VCGS-White_WGS|Broad_Orphan_VCGS-White_WGS/Sa/VCGS_FAM150_470"}],"subject":{"reference":"Patient/P.AnVIL-CMG-Broad-Orphan-VCGS-White-WGS-Su-VCGS-FAM150-470"}}
{"resourceType":"Specimen","id":"Broad-Orphan-VCGS-White-WGS-Sa-VCGS-FAM1-1","meta":{"profile":["http://hl7.org/fhir/StructureDefinition/Specimen"]},"identifier":[{"system":"https://anvil.terra.bio/#workspaces/anvil-datastorage/AnVIL_CMG_Broad_Orphan_VCGS-White_WGS","value":"Broad_Orphan_VCGS-White_WGS/Sa/VCGS_FAM1_1"},{"system":"urn:ncpi:unique-string","value":"Specimen|AnVIL_CMG_Broad_Orphan_VCGS-White_WGS|Broad_Orphan_VCGS-White_WGS/Sa/VCGS_FAM1_1"}],"subject":{"reference":"Patient/P.AnVIL-CMG-Broad-Orphan-VCGS-White-WGS-Su-VCGS-FAM1-1"}}
{"resourceType":"Specimen","id":"Broad-Orphan-VCGS-White-WGS-Sa-VCGS-FAM1-2","meta":{"profile":["http://hl7.org/fhir/StructureDefinition/Specimen"]},"identifier":[{"system":"https://anvil.terra.bio/#workspaces/anvil-datastorage/AnVIL_CMG_Broad_Orphan_VCGS-White_WGS","value":"Broad_Orphan_VCGS-White_WGS/Sa/VCGS_FAM1_2"},{"system":"urn:ncpi:unique-string","value":"Specimen|AnVIL_CMG_Broad_Orphan_VCGS-White_WGS|Broad_Orphan_VCGS-White_WGS/Sa/VCGS_FAM1_2"}],"subject":{"reference":"Patient/P.AnVIL-CMG-Broad-Orphan-VCGS-White-WGS-Su-VCGS-FAM1-2"}}
{"resourceType":"Specimen","id":"Broad-Orphan-VCGS-White-WGS-Sa-VCGS-FAM1-3","meta":{"profile":["http://hl7.org/fhir/StructureDefinition/Specimen"]},"identifier":[{"system":"https://anvil.terra.bio/#workspaces/anvil-datastorage/AnVIL_CMG_Broad_Orphan_VCGS-White_WGS","value":"Broad_Orphan_VCGS-White_WGS/Sa/VCGS_FAM1_3"},{"system":"urn:ncpi:unique-string","value":"Specimen|AnVIL_CMG_Broad_Orphan_VCGS-White_WGS|Broad_Orphan_VCGS-White_WGS/Sa/VCGS_FAM1_3"}],"subject":{"reference":"Patient/P.AnVIL-CMG-Broad-Orphan-VCGS-White-WGS-Su-VCGS-FAM1-3"}}
{"resourceType":"Specimen","id":"Broad-Orphan-VCGS-White-WGS-Sa-VCGS-FAM22-69","meta":{"profile":["http://hl7.org/fhir/StructureDefinition/Specimen"]},"identifier":[{"system":"https://anvil.terra.bio/#workspaces/anvil-datastorage/AnVIL_CMG_Broad_Orphan_VCGS-White_WGS","value":"Broad_Orphan_VCGS-White_WGS/Sa/VCGS_FAM22_69"},{"system":"urn:ncpi:unique-string","value":"Specimen|AnVIL_CMG_Broad_Orphan_VCGS-White_WGS|Broad_Orphan_VCGS-White_WGS/Sa/VCGS_FAM22_69"}],"subject":{"reference":"Patient/P.AnVIL-CMG-Broad-Orphan-VCGS-White-WGS-Su-VCGS-FAM22-69"}}
{"resourceType":"Specimen","id":"Broad-Orphan-VCGS-White-WGS-Sa-VCGS-FAM22-70","meta":{"profile":["http://hl7.org/fhir/StructureDefinition/Specimen"]},"identifier":[{"system":"https://anvil.terra.bio/#workspaces/anvil-datastorage/AnVIL_CMG_Broad_Orphan_VCGS-White_WGS","value":"Broad_Orphan_VCGS-White_WGS/Sa/VCGS_FAM22_70"},{"system":"urn:ncpi:unique-string","value":"Specimen|AnVIL_CMG_Broad_Orphan_VCGS-White_WGS|Broad_Orphan_VCGS-White_WGS/Sa/VCGS_FAM22_70"}],"subject":{"reference":"Patient/P.AnVIL-CMG-Broad-Orphan-VCGS-White-WGS-Su-VCGS-FAM22-70"}}
{"resourceType":"Specimen","id":"Broad-Orphan-VCGS-White-WGS-Sa-VCGS-FAM22-71","meta":{"profile":["http://hl7.org/fhir/StructureDefinition/Specimen"]},"identifier":[{"system":"https://anvil.terra.bio/#workspaces/anvil-datastorage/AnVIL_CMG_Broad_Orphan_VCGS-White_WGS","value":"Broad_Orphan_VCGS-White_WGS/Sa/VCGS_FAM22_71"},{"system":"urn:ncpi:unique-string","value":"Specimen|AnVIL_CMG_Broad_Orphan_VCGS-White_WGS|Broad_Orphan_VCGS-White_WGS/Sa/VCGS_FAM22_71"}],"subject":{"reference":"Patient/P.AnVIL-CMG-Broad-Orphan-VCGS-White-WGS-Su-VCGS-FAM22-71"}}
{"resourceType":"Specimen","id":"Broad-Orphan-VCGS-White-WGS-Sa-VCGS-FAM24-75","meta":{"profile":["http://hl7.org/fhir/StructureDefinition/Specimen"]},"identifier":[{"system":"https://anvil.terra.bio/#workspaces/anvil-datastorage/AnVIL_CMG_Broad_Orphan_VCGS-White_WGS","value":"Broad_Orphan_VCGS-White_WGS/Sa/VCGS_FAM24_75"},{"system":"urn:ncpi:unique-string","value":"Specimen|AnVIL_CMG_Broad_Orphan_VCGS-White_WGS|Broad_Orphan_VCGS-White_WGS/Sa/VCGS_FAM24_75"}],"subject":{"reference":"Patient/P.AnVIL-CMG-Broad-Orphan-VCGS-White-WGS-Su-VCGS-FAM24-75"}}
{"resourceType":"Specimen","id":"Broad-Orphan-VCGS-White-WGS-Sa-VCGS-FAM24-76","meta":{"profile":["http://hl7.org/fhir/StructureDefinition/Specimen"]},"identifier":[{"system":"https://anvil.terra.bio/#workspaces/anvil-datastorage/AnVIL_CMG_Broad_Orphan_VCGS-White_WGS","value":"Broad_Orphan_VCGS-White_WGS/Sa/VCGS_FAM24_76"},{"system":"urn:ncpi:unique-string","value":"Specimen|AnVIL_CMG_Broad_Orphan_VCGS-White_WGS|Broad_Orphan_VCGS-White_WGS/Sa/VCGS_FAM24_76"}],"subject":{"reference":"Patient/P.AnVIL-CMG-Broad-Orphan-VCGS-White-WGS-Su-VCGS-FAM24-76"}}
{"resourceType":"Specimen","id":"Broad-Orphan-VCGS-White-WGS-Sa-VCGS-FAM24-77","meta":{"profile":["http://hl7.org/fhir/StructureDefinition/Specimen"]},"identifier":[{"system":"https://anvil.terra.bio/#workspaces/anvil-datastorage/AnVIL_CMG_Broad_Orphan_VCGS-White_WGS","value":"Broad_Orphan_VCGS-White_WGS/Sa/VCGS_FAM24_77"},{"system":"urn:ncpi:unique-string","value":"Specimen|AnVIL_CMG_Broad_Orphan_VCGS-White_WGS|Broad_Orphan_VCGS-White_WGS/Sa/VCGS_FAM24_77"}],"subject":{"reference":"Patient/P.AnVIL-CMG-Broad-Orphan-VCGS-White-WGS-Su-VCGS-FAM24-77"}}
{"resourceType":"Specimen","id":"Broad-Orphan-VCGS-White-WGS-Sa-VCGS-FAM26-81","meta":{"profile":["http://hl7.org/fhir/StructureDefinition/Specimen"]},"identifier":[{"system":"https://anvil.terra.bio/#workspaces/anvil-datastorage/AnVIL_CMG_Broad_Orphan_VCGS-White_WGS","value":"Broad_Orphan_VCGS-White_WGS/Sa/VCGS_FAM26_81"},{"system":"urn:ncpi:unique-string","value":"Specimen|AnVIL_CMG_Broad_Orphan_VCGS-White_WGS|Broad_Orphan_VCGS-White_WGS/Sa/VCGS_FAM26_81"}],"subject":{"reference":"Patient/P.AnVIL-CMG-Broad-Orphan-VCGS-White-WGS-Su-VCGS-FAM26-81"}}
{"resourceType":"Specimen","id":"Broad-Orphan-VCGS-White-WGS-Sa-VCGS-FAM26-82","meta":{"profile":["http://hl7.org/fhir/StructureDefinition/Specimen"]},"identifier":[{"system":"https://anvil.terra.bio/#workspaces/anvil-datastorage/AnVIL_CMG_Broad_Orphan_VCGS-White_WGS","value":"Broad_Orphan_VCGS-White_WGS/Sa/VCGS_FAM26_82"},{"system":"urn:ncpi:unique-string","value":"Specimen|AnVIL_CMG_Broad_Orphan_VCGS-White_WGS|Broad_Orphan_VCGS-White_WGS/Sa/VCGS_FAM26_82"}],"subject":{"reference":"Patient/P.AnVIL-CMG-Broad-Orphan-VCGS-White-WGS-Su-VCGS-FAM26-82"}}
{"resourceType":"Specimen","id":"Broad-Orphan-VCGS-White-WGS-Sa-VCGS-FAM26-83","meta":{"profile":["http://hl7.org/fhir/StructureDefinition/Specimen"]},"identifier":[{"system":"https://anvil.terra.bio/#workspaces/anvil-datastorage/AnVIL_CMG_Broad_Orphan_VCGS-White_WGS","value":"Broad_Orphan_VCGS-White_WGS/Sa/VCGS_FAM26_83"},{"system":"urn:ncpi:unique-string","value":"Specimen|AnVIL_CMG_Broad_Orphan_VCGS-White_WGS|Broad_Orphan_VCGS-White_WGS/Sa/VCGS_FAM26_83"}],"subject":{"reference":"Patient/P.AnVIL-CMG-Broad-Orphan-VCGS-White-WGS-Su-VCGS-FAM26-83"}}
{"resourceType":"Specimen","id":"Broad-Orphan-VCGS-White-WGS-Sa-VCGS-FAM27-84","meta":{"profile":["http://hl7.org/fhir/StructureDefinition/Specimen"]},"identifier":[{"system":"https://anvil.terra.bio/#workspaces/anvil-datastorage/AnVIL_CMG_Broad_Orphan_VCGS-White_WGS","value":"Broad_Orphan_VCGS-White_WGS/Sa/VCGS_FAM27_84"},{"system":"urn:ncpi:unique-string","value":"Specimen|AnVIL_CMG_Broad_Orphan_VCGS-White_WGS|Broad_Orphan_VCGS-White_WGS/Sa/VCGS_FAM27_84"}],"subject":{"reference":"Patient/P.AnVIL-CMG-Broad-Orphan-VCGS-White-WGS-Su-VCGS-FAM27-84"}}
{"resourceType":"Specimen","id":"Broad-Orphan-VCGS-White-WGS-Sa-VCGS-FAM27-85","meta":{"profile":["http://hl7.org/fhir/StructureDefinition/Specimen"]},"identifier":[{"system":"https://anvil.terra.bio/#workspaces/anvil-datastorage/AnVIL_CMG_Broad_Orphan_VCGS-White_WGS","value":"Broad_Orphan_VCGS-White_WGS/Sa/VCGS_FAM27_85"},{"system":"urn:ncpi:unique-string","value":"Specimen|AnVIL_CMG_Broad_Orphan_VCGS-White_WGS|Broad_Orphan_VCGS-White_WGS/Sa/VCGS_FAM27_85"}],"subject":{"reference":"Patient/P.AnVIL-CMG-Broad-Orphan-VCGS-White-WGS-Su-VCGS-FAM27-85"}}
{"resourceType":"Specimen","id":"Broad-Orphan-VCGS-White-WGS-Sa-VCGS-FAM27-86","meta":{"profile":["http://hl7.org/fhir/StructureDefinition/Specimen"]},"identifier":[{"system":"https://anvil.terra.bio/#workspaces/anvil-datastorage/AnVIL_CMG_Broad_Orphan_VCGS-White_WGS","value":"Broad_Orphan_VCGS-White_WGS/Sa/VCGS_FAM27_86"},{"system":"urn:ncpi:unique-string","value":"Specimen|AnVIL_CMG_Broad_Orphan_VCGS-White_WGS|Broad_Orphan_VCGS-White_WGS/Sa/VCGS_FAM27_86"}],"subject":{"reference":"Patient/P.AnVIL-CMG-Broad-Orphan-VCGS-White-WGS-Su-VCGS-FAM27-86"}}
{"resourceType":"Specimen","id":"Broad-Orphan-VCGS-White-WGS-Sa-VCGS-FAM29-90","meta":{"profile":["http://hl7.org/fhir/StructureDefinition/Specimen"]},"identifier":[{"system":"https://anvil.terra.bio/#workspaces/anvil-datastorage/AnVIL_CMG_Broad_Orphan_VCGS-White_WGS","value":"Broad_Orphan_VCGS-White_WGS/Sa/VCGS_FAM29_90"},{"system":"urn:ncpi:unique-string","value":"Specimen|AnVIL_CMG_Broad_Orphan_VCGS-White_WGS|Broad_Orphan_VCGS-White_WGS/Sa/VCGS_FAM29_90"}],"subject":{"reference":"Patient/P.AnVIL-CMG-Broad-Orphan-VCGS-White-WGS-Su-VCGS-FAM29-90"}}
{"resourceType":"Specimen","id":"Broad-Orphan-VCGS-White-WGS-Sa-VCGS-FAM29-91","meta":{"profile":["http://hl7.org/fhir/StructureDefinition/Specimen"]},"identifier":[{"system":"https://anvil.terra.bio/#workspaces/anvil-datastorage/AnVIL_CMG_Broad_Orphan_VCGS-White_WGS","value":"Broad_Orphan_VCGS-White_WGS/Sa/VCGS_FAM29_91"},{"system":"urn:ncpi:unique-string","value":"Specimen|AnVIL_CMG_Broad_Orphan_VCGS-White_WGS|Broad_Orphan_VCGS-White_WGS/Sa/VCGS_FAM29_91"}],"subject":{"reference":"Patient/P.AnVIL-CMG-Broad-Orphan-VCGS-White-WGS-Su-VCGS-FAM29-91"}}
{"resourceType":"Specimen","id":"Broad-Orphan-VCGS-White-WGS-Sa-VCGS-FAM29-92","meta":{"profile":["http://hl7.org/fhir/StructureDefinition/Specimen"]},"identifier":[{"system":"https://anvil.terra.bio/#workspaces/anvil-datastorage/AnVIL_CMG_Broad_Orphan_VCGS-White_WGS","value":"Broad_Orphan_VCGS-White_WGS/Sa/VCGS_FAM29_92"},{"system":"urn:ncpi:unique-string","value":"Specimen|AnVIL_CMG_Broad_Orphan_VCGS-White_WGS|Broad_Orphan_VCGS-White_WGS/Sa/VCGS_FAM29_92"}],"subject":{"reference":"Patient/P.AnVIL-CMG-Broad-Orphan-VCGS-White-WGS-Su-VCGS-FAM29-92"}}
{"resourceType":"Specimen","id":"Broad-Orphan-VCGS-White-WGS-Sa-VCGS-FAM29-93","meta":{"profile":["http://hl7.org/fhir/StructureDefinition/Specimen"]},"identifier":[{"system":"https://anvil.terra.bio/#workspaces/anvil-datastorage/AnVIL_CMG_Broad_Orphan_VCGS-White_WGS","value":"Broad_Orphan_VCGS-White_WGS/Sa/VCGS_FAM29_93"},{"system":"urn:ncpi:unique-string","value":"Specimen|AnVIL_CMG_Broad_Orphan_VCGS-White_WGS|Broad_Orphan_VCGS-White_WGS/Sa/VCGS_FAM29_93"}],"subject":{"reference":"Patient/P.AnVIL-CMG-Broad-Orphan-VCGS-White-WGS-Su-VCGS-FAM29-93"}}
{"resourceType":"Specimen","id":"Broad-Orphan-VCGS-White-WGS-Sa-VCGS-FAM31-97","meta":{"profile":["http://hl7.org/fhir/StructureDefinition/Specimen"]},"identifier":[{"system":"https://anvil.terra.bio/#workspaces/anvil-datastorage/AnVIL_CMG_Broad_Orphan_VCGS-White_WGS","value":"Broad_Orphan_VCGS-White_WGS/Sa/VCGS_FAM31_97"},{"system":"urn:ncpi:unique-string","value":"Specimen|AnVIL_CMG_Broad_Orphan_VCGS-White_WGS|Broad_Orphan_VCGS-White_WGS/Sa/VCGS_FAM31_97"}],"subject":{"reference":"Patient/P.AnVIL-CMG-Broad-Orphan-VCGS-White-WGS-Su-VCGS-FAM31-97"}}
{"resourceType":"Specimen","id":"Broad-Orphan-VCGS-White-WGS-Sa-VCGS-FAM31-98","meta":{"profile":["http://hl7.org/fhir/StructureDefinition/Specimen"]},"identifier":[{"system":"https://anvil.terra.bio/#workspaces/anvil-datastorage/AnVIL_CMG_Broad_Orphan_VCGS-White_WGS","value":"Broad_Orphan_VCGS-White_WGS/Sa/VCGS_FAM31_98"},{"system":"urn:ncpi:unique-string","value":"Specimen|AnVIL_CMG_Broad_Orphan_VCGS-White_WGS|Broad_Orphan_VCGS-White_WGS/Sa/VCGS_FAM31_98"}],"subject":{"reference":"Patient/P.AnVIL-CMG-Broad-Orphan-VCGS-White-WGS-Su-VCGS-FAM31-98"}}
{"resourceType":"Specimen","id":"Broad-Orphan-VCGS-White-WGS-Sa-VCGS-FAM31-99","meta":{"profile":["http://hl7.org/fhir/StructureDefinition/Specimen"]},"identifier":[{"system":"https://anvil.terra.bio/#workspaces/anvil-datastorage/AnVIL_CMG_Broad_Orphan_VCGS-White_WGS","value":"Broad_Orphan_VCGS-White_WGS/Sa/VCGS_FAM31_99"},{"system":"urn:ncpi:unique-string","value":"Specimen|AnVIL_CMG_Broad_Orphan_VCGS-White_WGS|Broad_Orphan_VCGS-White_WGS/Sa/VCGS_FAM31_99"}],"subject":{"reference":"Patient/P.AnVIL-CMG-Broad-Orphan-VCGS-White-WGS-Su-VCGS-FAM31-99"}}
{"resourceType":"Specimen","id":"Broad-Orphan-VCGS-White-WGS-Sa-VCGS-FAM39-123","meta":{"profile":["http://hl7.org/fhir/StructureDefinition/Specimen"]},"identifier":[{"system":"https://anvil.terra.bio/#workspaces/anvil-datastorage/AnVIL_CMG_Broad_Orphan_VCGS-White_WGS","value":"Broad_Orphan_VCGS-White_WGS/Sa/VCGS_FAM39_123"},{"system":"urn:ncpi:unique-string","value":"Specimen|AnVIL_CMG_Broad_Orphan_VCGS-White_WGS|Broad_Orphan_VCGS-White_WGS/Sa/VCGS_FAM39_123"}],"subject":{"reference":"Patient/P.AnVIL-CMG-Broad-Orphan-VCGS-White-WGS-Su-VCGS-FAM39-123"}}
{"resourceType":"Specimen","id":"Broad-Orphan-VCGS-White-WGS-Sa-VCGS-FAM39-124-3","meta":{"profile":["http://hl7.org/fhir/StructureDefinition/Specimen"]},"identifier":[{"system":"https://anvil.terra.bio/#workspaces/anvil-datastorage/AnVIL_CMG_Broad_Orphan_VCGS-White_WGS","value":"Broad_Orphan_VCGS-White_WGS/Sa/VCGS_FAM39_124_3"},{"system":"urn:ncpi:unique-string","value":"Specimen|AnVIL_CMG_Broad_Orphan_VCGS-White_WGS|Broad_Orphan_VCGS-White_WGS/Sa/VCGS_FAM39_124_3"}],"subject":{"reference":"Patient/P.AnVIL-CMG-Broad-Orphan-VCGS-White-WGS-Su-VCGS-FAM39-124-3"}}
{"resourceType":"Specimen","id":"Broad-Orphan-VCGS-White-WGS-Sa-VCGS-FAM39-125","meta":{"profile":["http://hl7.org/fhir/StructureDefinition/Specimen"]},"identifier":[{"system":"https://anvil.terra.bio/#workspaces/anvil-datastorage/AnVIL_CMG_Broad_Orphan_VCGS-White_WGS","value":"Broad_Orphan_VCGS-White_WGS/Sa/VCGS_FAM39_125"},{"system":"urn:ncpi:unique-string","value":"Specimen|AnVIL_CMG_Broad_Orphan_VCGS-White_WGS|Broad_Orphan_VCGS-White_WGS/Sa/VCGS_FAM39_125"}],"subject":{"reference":"Patient/P.AnVIL-CMG-Broad-Orphan-VCGS-White-WGS-Su-VCGS-FAM39-125"}}
{"resourceType":"Specimen","id":"Broad-Orphan-VCGS-White-WGS-Sa-VCGS-FAM3-7","meta":{"profile":["http://hl7.org/fhir/StructureDefinition/Specimen"]},"identifier":[{"system":"https://anvil.terra.bio/#workspaces/anvil-datastorage/AnVIL_CMG_Broad_Orphan_VCGS-White_WGS","value":"Broad_Orphan_VCGS-White_WGS/Sa/VCGS_FAM3_7"},{"system":"urn:ncpi:unique-string","value":"Specimen|AnVIL_CMG_Broad_Orphan_VCGS-White_WGS|Broad_Orphan_VCGS-White_WGS/Sa/VCGS_FAM3_7"}],"subject":{"reference":"Patient/P.AnVIL-CMG-Broad-Orphan-VCGS-White-WGS-Su-VCGS-FAM3-7"}}
{"resourceType":"Specimen","id":"Broad-Orphan-VCGS-White-WGS-Sa-VCGS-FAM3-8","meta":{"profile":["http://hl7.org/fhir/StructureDefinition/Specimen"]},"identifier":[{"system":"https://anvil.terra.bio/#workspaces/anvil-datastorage/AnVIL_CMG_Broad_Orphan_VCGS-White_WGS","value":"Broad_Orphan_VCGS-White_WGS/Sa/VCGS_FAM3_8"},{"system":"urn:ncpi:unique-string","value":"Specimen|AnVIL_CMG_Broad_Orphan_VCGS-White_WGS|Broad_Orphan_VCGS-White_WGS/Sa/VCGS_FAM3_8"}],"subject":{"reference":"Patient/P.AnVIL-CMG-Broad-Orphan-VCGS-White-WGS-Su-VCGS-FAM3-8"}}
{"resourceType":"Specimen","id":"Broad-Orphan-VCGS-White-WGS-Sa-VCGS-FAM3-9","meta":{"profile":["http://hl7.org/fhir/StructureDefinition/Specimen"]},"identifier":[{"system":"https://anvil.terra.bio/#workspaces/anvil-datastorage/AnVIL_CMG_Broad_Orphan_VCGS-White_WGS","value":"Broad_Orphan_VCGS-White_WGS/Sa/VCGS_FAM3_9"},{"system":"urn:ncpi:unique-string","value":"Specimen|AnVIL_CMG_Broad_Orphan_VCGS-White_WGS|Broad_Orphan_VCGS-White_WGS/Sa/VCGS_FAM3_9"}],"subject":{"reference":"Patient/P.AnVIL-CMG-Broad-Orphan-VCGS-White-WGS-Su-VCGS-FAM3-9"}}
{"resourceType":"Specimen","id":"Broad-Orphan-VCGS-White-WGS-Sa-VCGS-FAM41-129-2","meta":{"profile":["http://hl7.org/fhir/StructureDefinition/Specimen"]},"identifier":[{"system":"https://anvil.terra.bio/#workspaces/anvil-datastorage/AnVIL_CMG_Broad_Orphan_VCGS-White_WGS","value":"Broad_Orphan_VCGS-White_WGS/Sa/VCGS_FAM41_129_2"},{"system":"urn:ncpi:unique-string","value":"Specimen|AnVIL_CMG_Broad_Orphan_VCGS-White_WGS|Broad_Orphan_VCGS-White_WGS/Sa/VCGS_FAM41_129_2"}],"subject":{"reference":"Patient/P.AnVIL-CMG-Broad-Orphan-VCGS-White-WGS-Su-VCGS-FAM41-129-2"}}
{"resourceType":"Specimen","id":"Broad-Orphan-VCGS-White-WGS-Sa-VCGS-FAM41-130","meta":{"profile":["http://hl7.org/fhir/StructureDefinition/Specimen"]},"identifier":[{"system":"https://anvil.terra.bio/#workspaces/anvil-datastorage/AnVIL_CMG_Broad_Orphan_VCGS-White_WGS","value":"Broad_Orphan_VCGS-White_WGS/Sa/VCGS_FAM41_130"},{"system":"urn:ncpi:unique-string","value":"Specimen|AnVIL_CMG_Broad_Orphan_VCGS-White_WGS|Broad_Orphan_VCGS-White_WGS/Sa/VCGS_FAM41_130"}],"subject":{"reference":"Patient/P.AnVIL-CMG-Broad-Orphan-VCGS-White-WGS-Su-VCGS-FAM41-130"}}
{"resourceType":"Specimen","id":"Broad-Orphan-VCGS-White-WGS-Sa-VCGS-FAM41-131","meta":{"profile":["http://hl7.org/fhir/StructureDefinition/Specimen"]},"identifier":[{"system":"https://anvil.terra.bio/#workspaces/anvil-datastorage/AnVIL_CMG_Broad_Orphan_VCGS-White_WGS","value":"Broad_Orphan_VCGS-White_WGS/Sa/VCGS_FAM41_131"},{"system":"urn:ncpi:unique-string","value":"Specimen|AnVIL_CMG_Broad_Orphan_VCGS-White_WGS|Broad_Orphan_VCGS-White_WGS/Sa/VCGS_FAM41_131"}],"subject":{"reference":"Patient/P.AnVIL-CMG-Broad-Orphan-VCGS-White-WGS-Su-VCGS-FAM41-131"}}
{"resourceType":"Specimen","id":"Broad-Orphan-VCGS-White-WGS-Sa-VCGS-FAM42-132","meta":{"profile":["http://hl7.org/fhir/StructureDefinition/Specimen"]},"identifier":[{"system":"https://anvil.terra.bio/#workspaces/anvil-datastorage/AnVIL_CMG_Broad_Orphan_VCGS-White_WGS","value":"Broad_Orphan_VCGS-White_WGS/Sa/VCGS_FAM42_132"},{"system":"urn:ncpi:unique-string","value":"Specimen|AnVIL_CMG_Broad_Orphan_VCGS-White_WGS|Broad_Orphan_VCGS-White_WGS/Sa/VCGS_FAM42_132"}],"subject":{"reference":"Patient/P.AnVIL-CMG-Broad-Orphan-VCGS-White-WGS-Su-VCGS-FAM42-132"}}
{"resourceType":"Specimen","id":"Broad-Orphan-VCGS-White-WGS-Sa-VCGS-FAM42-133","meta":{"profile":["http://hl7.org/fhir/StructureDefinition/Specimen"]},"identifier":[{"system":"https://anvil.terra.bio/#workspaces/anvil-datastorage/AnVIL_CMG_Broad_Orphan_VCGS-White_WGS","value":"Broad_Orphan_VCGS-White_WGS/Sa/VCGS_FAM42_133"},{"system":"urn:ncpi:unique-string","value":"Specimen|AnVIL_CMG_Broad_Orphan_VCGS-White_WGS|Broad_Orphan_VCGS-White_WGS/Sa/VCGS_FAM42_133"}],"subject":{"reference":"Patient/P.AnVIL-CMG-Broad-Orphan-VCGS-White-WGS-Su-VCGS-FAM42-133"}}
{"resourceType":"Specimen","id":"Broad-Orphan-VCGS-White-WGS-Sa-VCGS-FAM42-134","meta":{"profile":["http://hl7.org/fhir/StructureDefinition/Specimen"]},"identifier":[{"system":"https://anvil.terra.bio/#workspaces/anvil-datastorage/AnVIL_CMG_Broad_Orphan_VCGS-White_WGS","value":"Broad_Orphan_VCGS-White_WGS/Sa/VCGS_FAM42_134"},{"system":"urn:ncpi:unique-string","value":"Specimen|AnVIL_CMG_Broad_Orphan_VCGS-White_WGS|Broad_Orphan_VCGS-White_WGS/Sa/VCGS_FAM42_134"}],"subject":{"reference":"Patient/P.AnVIL-CMG-Broad-Orphan-VCGS-White-WGS-Su-VCGS-FAM42-134"}}
{"resourceType":"Specimen","id":"Broad-Orphan-VCGS-White-WGS-Sa-VCGS-FAM4-10","meta":{"profile":["http://hl7.org/fhir/StructureDefinition/Specimen"]},"identifier":[{"system":"https://anvil.terra.bio/#workspaces/anvil-datastorage/AnVIL_CMG_Broad_Orphan_VCGS-White_WGS","value":"Broad_Orphan_VCGS-White_WGS/Sa/VCGS_FAM4_10"},{"system":"urn:ncpi:unique-string","value":"Specimen|AnVIL_CMG_Broad_Orphan_VCGS-White_WGS|Broad_Orphan_VCGS-White_WGS/Sa/VCGS_FAM4_10"}],"subject":{"reference":"Patient/P.AnVIL-CMG-Broad-Orphan-VCGS-White-WGS-Su-VCGS-FAM4-10"}}
{"resourceType":"Specimen","id":"Broad-Orphan-VCGS-White-WGS-Sa-VCGS-FAM4-11","meta":{"profile":["http://hl7.org/fhir/StructureDefinition/Specimen"]},"identifier":[{"system":"https://anvil.terra.bio/#workspaces/anvil-datastorage/AnVIL_CMG_Broad_Orphan_VCGS-White_WGS","value":"Broad_Orphan_VCGS-White_WGS/Sa/VCGS_FAM4_11"},{"system":"urn:ncpi:unique-string","value":"Specimen|AnVIL_CMG_Broad_Orphan_VCGS-White_WGS|Broad_Orphan_VCGS-White_WGS/Sa/VCGS_FAM4_11"}],"subject":{"reference":"Patient/P.AnVIL-CMG-Broad-Orphan-VCGS-White-WGS-Su-VCGS-FAM4-11"}}
{"resourceType":"Specimen","id":"Broad-Orphan-VCGS-White-WGS-Sa-VCGS-FAM4-12","meta":{"profile":["http://hl7.org/fhir/StructureDefinition/Specimen"]},"identifier":[{"system":"https://anvil.terra.bio/#workspaces/anvil-datastorage/AnVIL_CMG_Broad_Orphan_VCGS-White_WGS","value":"Broad_Orphan_VCGS-White_WGS/Sa/VCGS_FAM4_12"},{"system":"urn:ncpi:unique-string","value":"Specimen|AnVIL_CMG_Broad_Orphan_VCGS-White_WGS|Broad_Orphan_VCGS-White_WGS/Sa/VCGS_FAM4_12"}],"subject":{"reference":"Patient/P.AnVIL-CMG-Broad-Orphan-VCGS-White-WGS-Su-VCGS-FAM4-12"}}
{"resourceType":"Specimen","id":"Broad-Orphan-VCGS-White-WGS-Sa-VCGS-FAM4-13","meta":{"profile":["http://hl7.org/fhir/StructureDefinition/Specimen"]},"identifier":[{"system":"https://anvil.terra.bio/#workspaces/anvil-datastorage/AnVIL_CMG_Broad_Orphan_VCGS-White_WGS","value":"Broad_Orphan_VCGS-White_WGS/Sa/VCGS_FAM4_13"},{"system":"urn:ncpi:unique-string","value":"Specimen|AnVIL_CMG_Broad_Orphan_VCGS-White_WGS|Broad_Orphan_VCGS-White_WGS/Sa/VCGS_FAM4_13"}],"subject":{"reference":"Patient/P.AnVIL-CMG-Broad-Orphan-VCGS-White-WGS-Su-VCGS-FAM4-13"}}
{"resourceType":"Specimen","id":"Broad-Orphan-VCGS-White-WGS-Sa-VCGS-FAM52-162-2","meta":{"profile":["http://hl7.org/fhir/StructureDefinition/Specimen"]},"identifier":[{"system":"https://anvil.terra.bio/#workspaces/anvil-datastorage/AnVIL_CMG_Broad_Orphan_VCGS-White_WGS","value":"Broad_Orphan_VCGS-White_WGS/Sa/VCGS_FAM52_162_2"},{"system":"urn:ncpi:unique-string","value":"Specimen|AnVIL_CMG_Broad_Orphan_VCGS-White_WGS|Broad_Orphan_VCGS-White_WGS/Sa/VCGS_FAM52_162_2"}],"subject":{"reference":"Patient/P.AnVIL-CMG-Broad-Orphan-VCGS-White-WGS-Su-VCGS-FAM52-162-2"}}
{"resourceType":"Specimen","id":"Broad-Orphan-VCGS-White-WGS-Sa-VCGS-FAM52-163-2","meta":{"profile":["http://hl7.org/fhir/StructureDefinition/Specimen"]},"identifier":[{"system":"https://anvil.terra.bio/#workspaces/anvil-datastorage/AnVIL_CMG_Broad_Orphan_VCGS-White_WGS","value":"Broad_Orphan_VCGS-White_WGS/Sa/VCGS_FAM52_163_2"},{"system":"urn:ncpi:unique-string","value":"Specimen|AnVIL_CMG_Broad_Orphan_VCGS-White_WGS|Broad_Orphan_VCGS-White_WGS/Sa/VCGS_FAM52_163_2"}],"subject":{"reference":"Patient/P.AnVIL-CMG-Broad-Orphan-VCGS-White-WGS-Su-VCGS-FAM52-163-2"}}
{"resourceType":"Specimen","id":"Broad-Orphan-VCGS-White-WGS-Sa-VCGS-FAM52-164-2","meta":{"profile":["http://hl7.org/fhir/StructureDefinition/Specimen"]},"identifier":[{"system":"https://anvil.terra.bio/#workspaces/anvil-datastorage/AnVIL_CMG_Broad_Orphan_VCGS-White_WGS","value":"Broad_Orphan_VCGS-White_WGS/Sa/VCGS_FAM52_164_2"},{"system":"urn:ncpi:unique-string","value":"Specimen|AnVIL_CMG_Broad_Orphan_VCGS-White_WGS|Broad_Orphan_VCGS-White_WGS/Sa/VCGS_FAM52_164_2"}],"subject":{"reference":"Patient/P.AnVIL-CMG-Broad-Orphan-VCGS-White-WGS-Su-VCGS-FAM52-164-2"}}
{"resourceType":"Specimen","id":"Broad-Orphan-VCGS-White-WGS-Sa-VCGS-FAM61-190","meta":{"profile":["http://hl7.org/fhir/StructureDefinition/Specimen"]},"identifier":[{"system":"https://anvil.terra.bio/#workspaces/anvil-datastorage/AnVIL_CMG_Broad_Orphan_VCGS-White_WGS","value":"Broad_Orphan_VCGS-White_WGS/Sa/VCGS_FAM61_190"},{"system":"urn:ncpi:unique-string","value":"Specimen|AnVIL_CMG_Broad_Orphan_VCGS-White_WGS|Broad_Orphan_VCGS-White_WGS/Sa/VCGS_FAM61_190"}],"subject":{"reference":"Patient/P.AnVIL-CMG-Broad-Orphan-VCGS-White-WGS-Su-VCGS-FAM61-190"}}
{"resourceType":"Specimen","id":"Broad-Orphan-VCGS-White-WGS-Sa-VCGS-FAM61-191","meta":{"profile":["http://hl7.org/fhir/StructureDefinition/Specimen"]},"identifier":[{"system":"https://anvil.terra.bio/#workspaces/anvil-datastorage/AnVIL_CMG_Broad_Orphan_VCGS-White_WGS","value":"Broad_Orphan_VCGS-White_WGS/Sa/VCGS_FAM61_191"},{"system":"urn:ncpi:unique-string","value":"Specimen|AnVIL_CMG_Broad_Orphan_VCGS-White_WGS|Broad_Orphan_VCGS-White_WGS/Sa/VCGS_FAM61_191"}],"subject":{"reference":"Patient/P.AnVIL-CMG-Broad-Orphan-VCGS-White-WGS-Su-VCGS-FAM61-191"}}
{"resourceType":"Specimen","id":"Broad-Orphan-VCGS-White-WGS-Sa-VCGS-FAM61-192","meta":{"profile":["http://hl7.org/fhir/StructureDefinition/Specimen"]},"identifier":[{"system":"https://anvil.terra.bio/#workspaces/anvil-datastorage/AnVIL_CMG_Broad_Orphan_VCGS-White_WGS","value":"Broad_Orphan_VCGS-White_WGS/Sa/VCGS_FAM61_192"},{"system":"urn:ncpi:unique-string","value":"Specimen|AnVIL_CMG_Broad_Orphan_VCGS-White_WGS|Broad_Orphan_VCGS-White_WGS/Sa/VCGS_FAM61_192"}],"subject":{"reference":"Patient/P.AnVIL-CMG-Broad-Orphan-VCGS-White-WGS-Su-VCGS-FAM61-192"}}
{"resourceType":"Specimen","id":"Broad-Orphan-VCGS-White-WGS-Sa-VCGS-FAM61-388","meta":{"profile":["http://hl7.org/fhir/StructureDefinition/Specimen"]},"identifier":[{"system":"https://anvil.terra.bio/#workspaces/anvil-datastorage/AnVIL_CMG_Broad_Orphan_VCGS-White_WGS","value":"Broad_Orphan_VCGS-White_WGS/Sa/VCGS_FAM61_388"},{"system":"urn:ncpi:unique-string","value":"Specimen|AnVIL_CMG_Broad_Orphan_VCGS-White_WGS|Broad_Orphan_VCGS-White_WGS/Sa/VCGS_FAM61_388"}],"subject":{"reference":"Patient/P.AnVIL-CMG-Broad-Orphan-VCGS-White-WGS-Su-VCGS-FAM61-388"}}
{"resourceType":"Specimen","id":"Broad-Orphan-VCGS-White-WGS-Sa-VCGS-FAM67-209","meta":{"profile":["http://hl7.org/fhir/StructureDefinition/Specimen"]},"identifier":[{"system":"https://anvil.terra.bio/#workspaces/anvil-datastorage/AnVIL_CMG_Broad_Orphan_VCGS-White_WGS","value":"Broad_Orphan_VCGS-White_WGS/Sa/VCGS_FAM67_209"},{"system":"urn:ncpi:unique-string","value":"Specimen|AnVIL_CMG_Broad_Orphan_VCGS-White_WGS|Broad_Orphan_VCGS-White_WGS/Sa/VCGS_FAM67_209"}],"subject":{"reference":"Patient/P.AnVIL-CMG-Broad-Orphan-VCGS-White-WGS-Su-VCGS-FAM67-209"}}
{"resourceType":"Specimen","id":"Broad-Orphan-VCGS-White-WGS-Sa-VCGS-FAM67-210","meta":{"profile":["http://hl7.org/fhir/StructureDefinition/Specimen"]},"identifier":[{"system":"https://anvil.terra.bio/#workspaces/anvil-datastorage/AnVIL_CMG_Broad_Orphan_VCGS-White_WGS","value":"Broad_Orphan_VCGS-White_WGS/Sa/VCGS_FAM67_210"},{"system":"urn:ncpi:unique-string","value":"Specimen|AnVIL_CMG_Broad_Orphan_VCGS-White_WGS|Broad_Orphan_VCGS-White_WGS/Sa/VCGS_FAM67_210"}],"subject":{"reference":"Patient/P.AnVIL-CMG-Broad-Orphan-VCGS-White-WGS-Su-VCGS-FAM67-210"}}
{"resourceType":"Specimen","id":"Broad-Orphan-VCGS-White-WGS-Sa-VCGS-FAM67-211","meta":{"profile":["http://hl7.org/fhir/StructureDefinition/Specimen"]},"identifier":[{"system":"https://anvil.terra.bio/#workspaces/anvil-datastorage/AnVIL_CMG_Broad_Orphan_VCGS-White_WGS","value":"Broad_Orphan_VCGS-White_WGS/Sa/VCGS_FAM67_211"},{"system":"urn:ncpi:unique-string","value":"Specimen|AnVIL_CMG_Broad_Orphan_VCGS-White_WGS|Broad_Orphan_VCGS-White_WGS/Sa/VCGS_FAM67_211"}],"subject":{"reference":"Patient/P.AnVIL-CMG-Broad-Orphan-VCGS-White-WGS-Su-VCGS-FAM67-211"}}
