{"resourceType":"Task","id":"T.Broad-Orphan-VCGS-White-WGS-Sa-VCGS-FAM11-32","status":"accepted","intent":"unknown","input":[{"type":{"coding":[{"code":"Specimen"}]},"valueReference":{"reference":"Specimen/Broad-Orphan-VCGS-White-WGS-Sa-VCGS-FAM11-32"}}],"output":[]}
{"resourceType":"Task","id":"T.Broad-Orphan-VCGS-White-WGS-Sa-VCGS-FAM11-33","status":"accepted","intent":"unknown","input":[{"type":{"coding":[{"code":"Specimen"}]},"valueReference":{"reference":"Specimen/Broad-Orphan-VCGS-White-WGS-Sa-VCGS-FAM11-33"}}],"output":[]}
{"resourceType":"Task","id":"T.Broad-Orphan-VCGS-White-WGS-Sa-VCGS-FAM11-34","status":"accepted","intent":"unknown","input":[{"type":{"coding":[{"code":"Specimen"}]},"valueReference":{"reference":"Specimen/Broad-Orphan-VCGS-White-WGS-Sa-VCGS-FAM11-34"}}],"output":[]}
{"resourceType":"Task","id":"T.Broad-Orphan-VCGS-White-WGS-Sa-VCGS-FAM12-36","status":"accepted","intent":"unknown","input":[{"type":{"coding":[{"code":"Specimen"}]},"valueReference":{"reference":"Specimen/Broad-Orphan-VCGS-White-WGS-Sa-VCGS-FAM12-36"}}],"output":[]}
{"resourceType":"Task","id":"T.Broad-Orphan-VCGS-White-WGS-Sa-VCGS-FAM12-37","status":"accepted","intent":"unknown","input":[{"type":{"coding":[{"code":"Specimen"}]},"valueReference":{"reference":"Specimen/Broad-Orphan-VCGS-White-WGS-Sa-VCGS-FAM12-37"}}],"output":[]}
{"resourceType":"Task","id":"T.Broad-Orphan-VCGS-White-WGS-Sa-VCGS-FAM12-38","status":"accepted","intent":"unknown","input":[{"type":{"coding":[{"code":"Specimen"}]},"valueReference":{"reference":"Specimen/Broad-Orphan-VCGS-White-WGS-Sa-VCGS-FAM12-38"}}],"output":[]}
{"resourceType":"Task","id":"T.Broad-Orphan-VCGS-White-WGS-Sa-VCGS-FAM147-459","status":"accepted","intent":"unknown","input":[{"type":{"coding":[{"code":"Specimen"}]},"valueReference":{"reference":"Specimen/Broad-Orphan-VCGS-White-WGS-Sa-VCGS-FAM147-459"}}],"output":[]}
{"resourceType":"Task","id":"T.Broad-Orphan-VCGS-White-WGS-Sa-VCGS-FAM147-460","status":"accepted","intent":"unknown","input":[{"type":{"coding":[{"code":"Specimen"}]},"valueReference":{"reference":"Specimen/Broad-Orphan-VCGS-White-WGS-Sa-VCGS-FAM147-460"}}],"output":[]}
{"resourceType":"Task","id":"T.Broad-Orphan-VCGS-White-WGS-Sa-VCGS-FAM147-461","status":"accepted","intent":"unknown","input":[{"type":{"coding":[{"code":"Specimen"}]},"valueReference":{"reference":"Specimen/Broad-Orphan-VCGS-White-WGS-Sa-VCGS-FAM147-461"}}],"output":[]}
{"resourceType":"Task","id":"T.Broad-Orphan-VCGS-White-WGS-Sa-VCGS-FAM148-462","status":"accepted","intent":"unknown","input":[{"type":{"coding":[{"code":"Specimen"}]},"valueReference":{"reference":"Specimen/Broad-Orphan-VCGS-White-WGS-Sa-VCGS-FAM148-462"}}],"output":[]}
{"resourceType":"Task","id":"T.Broad-Orphan-VCGS-White-WGS-Sa-VCGS-FAM148-463","status":"accepted","intent":"unknown","input":[{"type":{"coding":[{"code":"Specimen"}]},"valueReference":{"reference":"Specimen/Broad-Orphan-VCGS-White-WGS-Sa-VCGS-FAM148-463"}}],"output":[]}
{"resourceType":"Task","id":"T.Broad-Orphan-VCGS-White-WGS-Sa-VCGS-FAM148-464","status":"accepted","intent":"unknown","input":[{"type":{"coding":[{"code":"Specimen"}]},"valueReference":{"reference":"Specimen/Broad-Orphan-VCGS-White-WGS-Sa-VCGS-FAM148-464"}}],"output":[]}
{"resourceType":"Task","id":"T.Broad-Orphan-VCGS-White-WGS-Sa-VCGS-FAM149-465","status":"accepted","intent":"unknown","input":[{"type":{"coding":[{"code":"Specimen"}]},"valueReference":{"reference":"Specimen/Broad-Orphan-VCGS-White-WGS-Sa-VCGS-FAM149-465"}}],"output":[]}
{"resourceType":"Task","id":"T.Broad-Orphan-VCGS-White-WGS-Sa-VCGS-FAM149-466","status":"accepted","intent":"unknown","input":[{"type":{"coding":[{"code":"Specimen"}]},"valueReference":{"reference":"Specimen/Broad-Orphan-VCGS-White-WGS-Sa-VCGS-FAM149-466"}}],"output":[]}
{"resourceType":"Task","id":"T.Broad-Orphan-VCGS-White-WGS-Sa-VCGS-FAM149-467","status":"accepted","intent":"unknown","input":[{"type":{"coding":[{"code":"Specimen"}]},"valueReference":{"reference":"Specimen/Broad-Orphan-VCGS-White-WGS-Sa-VCGS-FAM149-467"}}],"output":[]}
{"resourceType":"Task","id":"T.Broad-Orphan-VCGS-White-WGS-Sa-VCGS-FAM150-468","status":"accepted","intent":"unknown","input":[{"type":{"coding":[{"code":"Specimen"}]},"valueReference":{"reference":"Specimen/Broad-Orphan-VCGS-White-WGS-Sa-VCGS-FAM150-468"}}],"output":[]}
{"resourceType":"Task","id":"T.Broad-Orphan-VCGS-White-WGS-Sa-VCGS-FAM150-469","status":"accepted","intent":"unknown","input":[{"type":{"coding":[{"code":"Specimen"}]},"valueReference":{"reference":"Specimen/Broad-Orphan-VCGS-White-WGS-Sa-VCGS-FAM150-469"}}],"output":[]}
{"resourceType":"Task","id":"T.Broad-Orphan-VCGS-White-WGS-Sa-VCGS-FAM150-470","status":"accepted","intent":"unknown","input":[{"type":{"coding":[{"code":"Specimen"}]},"valueReference":{"reference":"Specimen/Broad-Orphan-VCGS-White-WGS-Sa-VCGS-FAM150-470"}}],"output":[]}
{"resourceType":"Task","id":"T.Broad-Orphan-VCGS-White-WGS-Sa-VCGS-FAM1-1","status":"accepted","intent":"unknown","input":[{"type":{"coding":[{"code":"Specimen"}]},"valueReference":{"reference":"Specimen/Broad-Orphan-VCGS-White-WGS-Sa-VCGS-FAM1-1"}}],"output":[]}
{"resourceType":"Task","id":"T.Broad-Orphan-VCGS-White-WGS-Sa-VCGS-FAM1-2","status":"accepted","intent":"unknown","input":[{"type":{"coding":[{"code":"Specimen"}]},"valueReference":{"reference":"Specimen/Broad-Orphan-VCGS-White-WGS-Sa-VCGS-FAM1-2"}}],"output":[]}
{"resourceType":"Task","id":"T.Broad-Orphan-VCGS-White-WGS-Sa-VCGS-FAM1-3","status":"accepted","intent":"unknown","input":[{"type":{"coding":[{"code":"Specimen"}]},"valueReference":{"reference":"Specimen/Broad-Orphan-VCGS-White-WGS-Sa-VCGS-FAM1-3"}}],"output":[]}
{"resourceType":"Task","id":"T.Broad-Orphan-VCGS-White-WGS-Sa-VCGS-FAM22-69","status":"accepted","intent":"unknown","input":[{"type":{"coding":[{"code":"Specimen"}]},"valueReference":{"reference":"Specimen/Broad-Orphan-VCGS-White-WGS-Sa-VCGS-FAM22-69"}}],"output":[]}
{"resourceType":"Task","id":"T.Broad-Orphan-VCGS-White-WGS-Sa-VCGS-FAM22-70","status":"accepted","intent":"unknown","input":[{"type":{"coding":[{"code":"Specimen"}]},"valueReference":{"reference":"Specimen/Broad-Orphan-VCGS-White-WGS-Sa-VCGS-FAM22-70"}}],"output":[]}
{"resourceType":"Task","id":"T.Broad-Orphan-VCGS-White-WGS-Sa-VCGS-FAM22-71","status":"accepted","intent":"unknown","input":[{"type":{"coding":[{"code":"Specimen"}]},"valueReference":{"reference":"Specimen/Broad-Orphan-VCGS-White-WGS-Sa-VCGS-FAM22-71"}}],"output":[]}
{"resourceType":"Task","id":"T.Broad-Orphan-VCGS-White-WGS-Sa-VCGS-FAM24-75","status":"accepted","intent":"unknown","input":[{"type":{"coding":[{"code":"Specimen"}]},"valueReference":{"reference":"Specimen/Broad-Orphan-VCGS-White-WGS-Sa-VCGS-FAM24-75"}}],"output":[]}
{"resourceType":"Task","id":"T.Broad-Orphan-VCGS-White-WGS-Sa-VCGS-FAM24-76","status":"accepted","intent":"unknown","input":[{"type":{"coding":[{"code":"Specimen"}]},"valueReference":{"reference":"Specimen/Broad-Orphan-VCGS-White-WGS-Sa-VCGS-FAM24-76"}}],"output":[]}
{"resourceType":"Task","id":"T.Broad-Orphan-VCGS-White-WGS-Sa-VCGS-FAM24-77","status":"accepted","intent":"unknown","input":[{"type":{"coding":[{"code":"Specimen"}]},"valueReference":{"reference":"Specimen/Broad-Orphan-VCGS-White-WGS-Sa-VCGS-FAM24-77"}}],"output":[]}
{"resourceType":"Task","id":"T.Broad-Orphan-VCGS-White-WGS-Sa-VCGS-FAM26-81","status":"accepted","intent":"unknown","input":[{"type":{"coding":[{"code":"Specimen"}]},"valueReference":{"reference":"Specimen/Broad-Orphan-VCGS-White-WGS-Sa-VCGS-FAM26-81"}}],"output":[]}
{"resourceType":"Task","id":"T.Broad-Orphan-VCGS-White-WGS-Sa-VCGS-FAM26-82","status":"accepted","intent":"unknown","input":[{"type":{"coding":[{"code":"Specimen"}]},"valueReference":{"reference":"Specimen/Broad-Orphan-VCGS-White-WGS-Sa-VCGS-FAM26-82"}}],"output":[]}
{"resourceType":"Task","id":"T.Broad-Orphan-VCGS-White-WGS-Sa-VCGS-FAM26-83","status":"accepted","intent":"unknown","input":[{"type":{"coding":[{"code":"Specimen"}]},"valueReference":{"reference":"Specimen/Broad-Orphan-VCGS-White-WGS-Sa-VCGS-FAM26-83"}}],"output":[]}
{"resourceType":"Task","id":"T.Broad-Orphan-VCGS-White-WGS-Sa-VCGS-FAM27-84","status":"accepted","intent":"unknown","input":[{"type":{"coding":[{"code":"Specimen"}]},"valueReference":{"reference":"Specimen/Broad-Orphan-VCGS-White-WGS-Sa-VCGS-FAM27-84"}}],"output":[]}
{"resourceType":"Task","id":"T.Broad-Orphan-VCGS-White-WGS-Sa-VCGS-FAM27-85","status":"accepted","intent":"unknown","input":[{"type":{"coding":[{"code":"Specimen"}]},"valueReference":{"reference":"Specimen/Broad-Orphan-VCGS-White-WGS-Sa-VCGS-FAM27-85"}}],"output":[]}
{"resourceType":"Task","id":"T.Broad-Orphan-VCGS-White-WGS-Sa-VCGS-FAM27-86","status":"accepted","intent":"unknown","input":[{"type":{"coding":[{"code":"Specimen"}]},"valueReference":{"reference":"Specimen/Broad-Orphan-VCGS-White-WGS-Sa-VCGS-FAM27-86"}}],"output":[]}
{"resourceType":"Task","id":"T.Broad-Orphan-VCGS-White-WGS-Sa-VCGS-FAM29-90","status":"accepted","intent":"unknown","input":[{"type":{"coding":[{"code":"Specimen"}]},"valueReference":{"reference":"Specimen/Broad-Orphan-VCGS-White-WGS-Sa-VCGS-FAM29-90"}}],"output":[]}
{"resourceType":"Task","id":"T.Broad-Orphan-VCGS-White-WGS-Sa-VCGS-FAM29-91","status":"accepted","intent":"unknown","input":[{"type":{"coding":[{"code":"Specimen"}]},"valueReference":{"reference":"Specimen/Broad-Orphan-VCGS-White-WGS-Sa-VCGS-FAM29-91"}}],"output":[]}
{"resourceType":"Task","id":"T.Broad-Orphan-VCGS-White-WGS-Sa-VCGS-FAM29-92","status":"accepted","intent":"unknown","input":[{"type":{"coding":[{"code":"Specimen"}]},"valueReference":{"reference":"Specimen/Broad-Orphan-VCGS-White-WGS-Sa-VCGS-FAM29-92"}}],"output":[]}
{"resourceType":"Task","id":"T.Broad-Orphan-VCGS-White-WGS-Sa-VCGS-FAM29-93","status":"accepted","intent":"unknown","input":[{"type":{"coding":[{"code":"Specimen"}]},"valueReference":{"reference":"Specimen/Broad-Orphan-VCGS-White-WGS-Sa-VCGS-FAM29-93"}}],"output":[]}
{"resourceType":"Task","id":"T.Broad-Orphan-VCGS-White-WGS-Sa-VCGS-FAM31-97","status":"accepted","intent":"unknown","input":[{"type":{"coding":[{"code":"Specimen"}]},"valueReference":{"reference":"Specimen/Broad-Orphan-VCGS-White-WGS-Sa-VCGS-FAM31-97"}}],"output":[]}
{"resourceType":"Task","id":"T.Broad-Orphan-VCGS-White-WGS-Sa-VCGS-FAM31-98","status":"accepted","intent":"unknown","input":[{"type":{"coding":[{"code":"Specimen"}]},"valueReference":{"reference":"Specimen/Broad-Orphan-VCGS-White-WGS-Sa-VCGS-FAM31-98"}}],"output":[]}
{"resourceType":"Task","id":"T.Broad-Orphan-VCGS-White-WGS-Sa-VCGS-FAM31-99","status":"accepted","intent":"unknown","input":[{"type":{"coding":[{"code":"Specimen"}]},"valueReference":{"reference":"Specimen/Broad-Orphan-VCGS-White-WGS-Sa-VCGS-FAM31-99"}}],"output":[]}
{"resourceType":"Task","id":"T.Broad-Orphan-VCGS-White-WGS-Sa-VCGS-FAM39-123","status":"accepted","intent":"unknown","input":[{"type":{"coding":[{"code":"Specimen"}]},"valueReference":{"reference":"Specimen/Broad-Orphan-VCGS-White-WGS-Sa-VCGS-FAM39-123"}}],"output":[]}
{"resourceType":"Task","id":"T.Broad-Orphan-VCGS-White-WGS-Sa-VCGS-FAM39-124-3","status":"accepted","intent":"unknown","input":[{"type":{"coding":[{"code":"Specimen"}]},"valueReference":{"reference":"Specimen/Broad-Orphan-VCGS-White-WGS-Sa-VCGS-FAM39-124-3"}}],"output":[]}
{"resourceType":"Task","id":"T.Broad-Orphan-VCGS-White-WGS-Sa-VCGS-FAM39-125","status":"accepted","intent":"unknown","input":[{"type":{"coding":[{"code":"Specimen"}]},"valueReference":{"reference":"Specimen/Broad-Orphan-VCGS-White-WGS-Sa-VCGS-FAM39-125"}}],"output":[]}
{"resourceType":"Task","id":"T.Broad-Orphan-VCGS-White-WGS-Sa-VCGS-FAM3-7","status":"accepted","intent":"unknown","input":[{"type":{"coding":[{"code":"Specimen"}]},"valueReference":{"reference":"Specimen/Broad-Orphan-VCGS-White-WGS-Sa-VCGS-FAM3-7"}}],"output":[]}
{"resourceType":"Task","id":"T.Broad-Orphan-VCGS-White-WGS-Sa-VCGS-FAM3-8","status":"accepted","intent":"unknown","input":[{"type":{"coding":[{"code":"Specimen"}]},"valueReference":{"reference":"Specimen/Broad-Orphan-VCGS-White-WGS-Sa-VCGS-FAM3-8"}}],"output":[]}
{"resourceType":"Task","id":"T.Broad-Orphan-VCGS-White-WGS-Sa-VCGS-FAM3-9","status":"accepted","intent":"unknown","input":[{"type":{"coding":[{"code":"Specimen"}]},"valueReference":{"reference":"Specimen/Broad-Orphan-VCGS-White-WGS-Sa-VCGS-FAM3-9"}}],"output":[]}
{"resourceType":"Task","id":"T.Broad-Orphan-VCGS-White-WGS-Sa-VCGS-FAM41-129-2","status":"accepted","intent":"unknown","input":[{"type":{"coding":[{"code":"Specimen"}]},"valueReference":{"reference":"Specimen/Broad-Orphan-VCGS-White-WGS-Sa-VCGS-FAM41-129-2"}}],"output":[]}
{"resourceType":"Task","id":"T.Broad-Orphan-VCGS-White-WGS-Sa-VCGS-FAM41-130","status":"accepted","intent":"unknown","input":[{"type":{"coding":[{"code":"Specimen"}]},"valueReference":{"reference":"Specimen/Broad-Orphan-VCGS-White-WGS-Sa-VCGS-FAM41-130"}}],"output":[]}
{"resourceType":"Task","id":"T.Broad-Orphan-VCGS-White-WGS-Sa-VCGS-FAM41-131","status":"accepted","intent":"unknown","input":[{"type":{"coding":[{"code":"Specimen"}]},"valueReference":{"reference":"Specimen/Broad-Orphan-VCGS-White-WGS-Sa-VCGS-FAM41-131"}}],"output":[]}
{"resourceType":"Task","id":"T.Broad-Orphan-VCGS-White-WGS-Sa-VCGS-FAM42-132","status":"accepted","intent":"unknown","input":[{"type":{"coding":[{"code":"Specimen"}]},"valueReference":{"reference":"Specimen/Broad-Orphan-VCGS-White-WGS-Sa-VCGS-FAM42-132"}}],"output":[]}
{"resourceType":"Task","id":"T.Broad-Orphan-VCGS-White-WGS-Sa-VCGS-FAM42-133","status":"accepted","intent":"unknown","input":[{"type":{"coding":[{"code":"Specimen"}]},"valueReference":{"reference":"Specimen/Broad-Orphan-VCGS-White-WGS-Sa-VCGS-FAM42-133"}}],"output":[]}
{"resourceType":"Task","id":"T.Broad-Orphan-VCGS-White-WGS-Sa-VCGS-FAM42-134","status":"accepted","intent":"unknown","input":[{"type":{"coding":[{"code":"Specimen"}]},"valueReference":{"reference":"Specimen/Broad-Orphan-VCGS-White-WGS-Sa-VCGS-FAM42-134"}}],"output":[]}
{"resourceType":"Task","id":"T.Broad-Orphan-VCGS-White-WGS-Sa-VCGS-FAM4-10","status":"accepted","intent":"unknown","input":[{"type":{"coding":[{"code":"Specimen"}]},"valueReference":{"reference":"Specimen/Broad-Orphan-VCGS-White-WGS-Sa-VCGS-FAM4-10"}}],"output":[]}
{"resourceType":"Task","id":"T.Broad-Orphan-VCGS-White-WGS-Sa-VCGS-FAM4-11","status":"accepted","intent":"unknown","input":[{"type":{"coding":[{"code":"Specimen"}]},"valueReference":{"reference":"Specimen/Broad-Orphan-VCGS-White-WGS-Sa-VCGS-FAM4-11"}}],"output":[]}
{"resourceType":"Task","id":"T.Broad-Orphan-VCGS-White-WGS-Sa-VCGS-FAM4-12","status":"accepted","intent":"unknown","input":[{"type":{"coding":[{"code":"Specimen"}]},"valueReference":{"reference":"Specimen/Broad-Orphan-VCGS-White-WGS-Sa-VCGS-FAM4-12"}}],"output":[]}
{"resourceType":"Task","id":"T.Broad-Orphan-VCGS-White-WGS-Sa-VCGS-FAM4-13","status":"accepted","intent":"unknown","input":[{"type":{"coding":[{"code":"Specimen"}]},"valueReference":{"reference":"Specimen/Broad-Orphan-VCGS-White-WGS-Sa-VCGS-FAM4-13"}}],"output":[]}
{"resourceType":"Task","id":"T.Broad-Orphan-VCGS-White-WGS-Sa-VCGS-FAM52-162-2","status":"accepted","intent":"unknown","input":[{"type":{"coding":[{"code":"Specimen"}]},"valueReference":{"reference":"Specimen/Broad-Orphan-VCGS-White-WGS-Sa-VCGS-FAM52-162-2"}}],"output":[]}
{"resourceType":"Task","id":"T.Broad-Orphan-VCGS-White-WGS-Sa-VCGS-FAM52-163-2","status":"accepted","intent":"unknown","input":[{"type":{"coding":[{"code":"Specimen"}]},"valueReference":{"reference":"Specimen/Broad-Orphan-VCGS-White-WGS-Sa-VCGS-FAM52-163-2"}}],"output":[]}
{"resourceType":"Task","id":"T.Broad-Orphan-VCGS-White-WGS-Sa-VCGS-FAM52-164-2","status":"accepted","intent":"unknown","input":[{"type":{"coding":[{"code":"Specimen"}]},"valueReference":{"reference":"Specimen/Broad-Orphan-VCGS-White-WGS-Sa-VCGS-FAM52-164-2"}}],"output":[]}
{"resourceType":"Task","id":"T.Broad-Orphan-VCGS-White-WGS-Sa-VCGS-FAM61-190","status":"accepted","intent":"unknown","input":[{"type":{"coding":[{"code":"Specimen"}]},"valueReference":{"reference":"Specimen/Broad-Orphan-VCGS-White-WGS-Sa-VCGS-FAM61-190"}}],"output":[]}
{"resourceType":"Task","id":"T.Broad-Orphan-VCGS-White-WGS-Sa-VCGS-FAM61-191","status":"accepted","intent":"unknown","input":[{"type":{"coding":[{"code":"Specimen"}]},"valueReference":{"reference":"Specimen/Broad-Orphan-VCGS-White-WGS-Sa-VCGS-FAM61-191"}}],"output":[]}
{"resourceType":"Task","id":"T.Broad-Orphan-VCGS-White-WGS-Sa-VCGS-FAM61-192","status":"accepted","intent":"unknown","input":[{"type":{"coding":[{"code":"Specimen"}]},"valueReference":{"reference":"Specimen/Broad-Orphan-VCGS-White-WGS-Sa-VCGS-FAM61-192"}}],"output":[]}
{"resourceType":"Task","id":"T.Broad-Orphan-VCGS-White-WGS-Sa-VCGS-FAM61-388","status":"accepted","intent":"unknown","input":[{"type":{"coding":[{"code":"Specimen"}]},"valueReference":{"reference":"Specimen/Broad-Orphan-VCGS-White-WGS-Sa-VCGS-FAM61-388"}}],"output":[]}
{"resourceType":"Task","id":"T.Broad-Orphan-VCGS-White-WGS-Sa-VCGS-FAM67-209","status":"accepted","intent":"unknown","input":[{"type":{"coding":[{"code":"Specimen"}]},"valueReference":{"reference":"Specimen/Broad-Orphan-VCGS-White-WGS-Sa-VCGS-FAM67-209"}}],"output":[]}
{"resourceType":"Task","id":"T.Broad-Orphan-VCGS-White-WGS-Sa-VCGS-FAM67-210","status":"accepted","intent":"unknown","input":[{"type":{"coding":[{"code":"Specimen"}]},"valueReference":{"reference":"Specimen/Broad-Orphan-VCGS-White-WGS-Sa-VCGS-FAM67-210"}}],"output":[]}
{"resourceType":"Task","id":"T.Broad-Orphan-VCGS-White-WGS-Sa-VCGS-FAM67-211","status":"accepted","intent":"unknown","input":[{"type":{"coding":[{"code":"Specimen"}]},"valueReference":{"reference":"Specimen/Broad-Orphan-VCGS-White-WGS-Sa-VCGS-FAM67-211"}}],"output":[]}
