{"resourceType":"Observation","id":"nVIL-CMG-Broad-Eye-Pierce-WGS-Su-PIE-OGI001-000346-1-OMIM-613801","meta":{"profile":["http://fhir.ncpi-project-forge.io/StructureDefinition/ncpi-phenotype"]},"identifier":[{"system":"urn:ncpi:unique-string","value":"nVIL-CMG-Broad-Eye-Pierce-WGS-Su-PIE-OGI001-000346-1-OMIM-613801"}],"status":"final","code":{"coding":[{"system":"http://purl.obolibrary.org/obo/omim.owl","code":"OMIM:613801","display":"Retinitis pigmentosa-40"}],"text":"Retinitis pigmentosa-40"},"subject":{"reference":"Patient/P.AnVIL-CMG-Broad-Eye-Pierce-WGS-Su-PIE-OGI001-000346-1"},"valueCodeableConcept":{"coding":[{"system":"http://snomed.info/sct","code":"373573001","display":"Clinical finding present (situation)"}],"text":"Phenotype Present"},"interpretation":[{"coding":[{"system":"http://terminology.hl7.org/CodeSystem/v3-ObservationInterpretation","code":"POS","display":"Positive"}],"text":"Present"}],"extension":[]}
{"resourceType":"Observation","id":"nVIL-CMG-Broad-Eye-Pierce-WGS-Su-PIE-OGI001-000347-1-OMIM-613801","meta":{"profile":["http://fhir.ncpi-project-forge.io/StructureDefinition/ncpi-phenotype"]},"identifier":[{"system":"urn:ncpi:unique-string","value":"nVIL-CMG-Broad-Eye-Pierce-WGS-Su-PIE-OGI001-000347-1-OMIM-613801"}],"status":"final","code":{"coding":[{"system":"http://purl.obolibrary.org/obo/omim.owl","code":"OMIM:613801","display":"Retinitis pigmentosa-40"}],"text":"Retinitis pigmentosa-40"},"subject":{"reference":"Patient/P.AnVIL-CMG-Broad-Eye-Pierce-WGS-Su-PIE-OGI001-000347-1"},"valueCodeableConcept":{"coding":[{"system":"http://snomed.info/sct","code":"373573001","display":"Clinical finding present (situation)"}],"text":"Phenotype Present"},"interpretation":[{"coding":[{"system":"http://terminology.hl7.org/CodeSystem/v3-ObservationInterpretation","code":"POS","display":"Positive"}],"text":"Present"}],"extension":[]}
{"resourceType":"Observation","id":"nVIL-CMG-Broad-Eye-Pierce-WGS-Su-PIE-OGI001-000348-1-OMIM-613801","meta":{"profile":["http://fhir.ncpi-project-forge.io/StructureDefinition/ncpi-phenotype"]},"identifier":[{"system":"urn:ncpi:unique-string","value":"nVIL-CMG-Broad-Eye-Pierce-WGS-Su-PIE-OGI001-000348-1-OMIM-613801"}],"status":"final","code":{"coding":[{"system":"http://purl.obolibrary.org/obo/omim.owl","code":"OMIM:613801","display":"Retinitis pigmentosa-40"}],"text":"Retinitis pigmentosa-40"},"subject":{"reference":"Patient/P.AnVIL-CMG-Broad-Eye-Pierce-WGS-Su-PIE-OGI001-000348-1"},"valueCodeableConcept":{"coding":[{"system":"http://snomed.info/sct","code":"373573001","display":"Clinical finding present (situation)"}],"text":"Phenotype Present"},"interpretation":[{"coding":[{"system":"http://terminology.hl7.org/CodeSystem/v3-ObservationInterpretation","code":"POS","display":"Positive"}],"text":"Present"}],"extension":[]}
{"resourceType":"Observation","id":"nVIL-CMG-Broad-Eye-Pierce-WGS-Su-PIE-OGI037-000092-1-OMIM-213300","meta":{"profile":["http://fhir.ncpi-project-forge.io/StructureDefinition/ncpi-phenotype"]},"identifier":[{"system":"urn:ncpi:unique-string","value":"nVIL-CMG-Broad-Eye-Pierce-WGS-Su-PIE-OGI037-000092-1-OMIM-213300"}],"status":"final","code":{"coding":[{"system":"http://purl.obolibrary.org/obo/omim.owl","code":"OMIM:213300","display":"Joubert syndrome 1"}],"text":"Joubert syndrome 1"},"subject":{"reference":"Patient/P.AnVIL-CMG-Broad-Eye-Pierce-WGS-Su-PIE-OGI037-000092-1"},"valueCodeableConcept":{"coding":[{"system":"http://snomed.info/sct","code":"373573001","display":"Clinical finding present (situation)"}],"text":"Phenotype Present"},"interpretation":[{"coding":[{"system":"http://terminology.hl7.org/CodeSystem/v3-ObservationInterpretation","code":"POS","display":"Positive"}],"text":"Present"}],"extension":[]}
{"resourceType":"Observation","id":"nVIL-CMG-Broad-Eye-Pierce-WGS-Su-PIE-OGI037-000093-1-OMIM-213300","meta":{"profile":["http://fhir.ncpi-project-forge.io/StructureDefinition/ncpi-phenotype"]},"identifier":[{"system":"urn:ncpi:unique-string","value":"nVIL-CMG-Broad-Eye-Pierce-WGS-Su-PIE-OGI037-000093-1-OMIM-213300"}],"status":"final","code":{"coding":[{"system":"http://purl.obolibrary.org/obo/omim.owl","code":"OMIM:213300","display":"Joubert syndrome 1"}],"text":"Joubert syndrome 1"},"subject":{"reference":"Patient/P.AnVIL-CMG-Broad-Eye-Pierce-WGS-Su-PIE-OGI037-000093-1"},"valueCodeableConcept":{"coding":[{"system":"http://snomed.info/sct","code":"373573001","display":"Clinical finding present (situation)"}],"text":"Phenotype Present"},"interpretation":[{"coding":[{"system":"http://terminology.hl7.org/CodeSystem/v3-ObservationInterpretation","code":"POS","display":"Positive"}],"text":"Present"}],"extension":[]}
{"resourceType":"Observation","id":"nVIL-CMG-Broad-Eye-Pierce-WGS-Su-PIE-OGI037-000094-1-OMIM-213300","meta":{"profile":["http://fhir.ncpi-project-forge.io/StructureDefinition/ncpi-phenotype"]},"identifier":[{"system":"urn:ncpi:unique-string","value":"nVIL-CMG-Broad-Eye-Pierce-WGS-Su-PIE-OGI037-000094-1-OMIM-213300"}],"status":"final","code":{"coding":[{"system":"http://purl.obolibrary.org/obo/omim.owl","code":"OMIM:213300","display":"Joubert syndrome 1"}],"text":"Joubert syndrome 1"},"subject":{"reference":"Patient/P.AnVIL-CMG-Broad-Eye-Pierce-WGS-Su-PIE-OGI037-000094-1"},"valueCodeableConcept":{"coding":[{"system":"http://snomed.info/sct","code":"373573001","display":"Clinical finding present (situation)"}],"text":"Phenotype Present"},"interpretation":[{"coding":[{"system":"http://terminology.hl7.org/CodeSystem/v3-ObservationInterpretation","code":"POS","display":"Positive"}],"text":"Present"}],"extension":[]}
{"resourceType":"Observation","id":"nVIL-CMG-Broad-Eye-Pierce-WGS-Su-PIE-OGI128-000659-1-OMIM-615780","meta":{"profile":["http://fhir.ncpi-project-forge.io/StructureDefinition/ncpi-phenotype"]},"identifier":[{"system":"urn:ncpi:unique-string","value":"nVIL-CMG-Broad-Eye-Pierce-WGS-Su-PIE-OGI128-000659-1-OMIM-615780"}],"status":"final","code":{"coding":[{"system":"http://purl.obolibrary.org/obo/omim.owl","code":"OMIM:615780","display":"Retinitis pigmentosa 69"}],"text":"Retinitis pigmentosa 69"},"subject":{"reference":"Patient/P.AnVIL-CMG-Broad-Eye-Pierce-WGS-Su-PIE-OGI128-000659-1"},"valueCodeableConcept":{"coding":[{"system":"http://snomed.info/sct","code":"373573001","display":"Clinical finding present (situation)"}],"text":"Phenotype Present"},"interpretation":[{"coding":[{"system":"http://terminology.hl7.org/CodeSystem/v3-ObservationInterpretation","code":"POS","display":"Positive"}],"text":"Present"}],"extension":[]}
{"resourceType":"Observation","id":"nVIL-CMG-Broad-Eye-Pierce-WGS-Su-PIE-OGI128-000660-1-OMIM-615780","meta":{"profile":["http://fhir.ncpi-project-forge.io/StructureDefinition/ncpi-phenotype"]},"identifier":[{"system":"urn:ncpi:unique-string","value":"nVIL-CMG-Broad-Eye-Pierce-WGS-Su-PIE-OGI128-000660-1-OMIM-615780"}],"status":"final","code":{"coding":[{"system":"http://purl.obolibrary.org/obo/omim.owl","code":"OMIM:615780","display":"Retinitis pigmentosa 69"}],"text":"Retinitis pigmentosa 69"},"subject":{"reference":"Patient/P.AnVIL-CMG-Broad-Eye-Pierce-WGS-Su-PIE-OGI128-000660-1"},"valueCodeableConcept":{"coding":[{"system":"http://snomed.info/sct","code":"373573001","display":"Clinical finding present (situation)"}],"text":"Phenotype Present"},"interpretation":[{"coding":[{"system":"http://terminology.hl7.org/CodeSystem/v3-ObservationInterpretation","code":"POS","display":"Positive"}],"text":"Present"}],"extension":[]}
{"resourceType":"Observation","id":"nVIL-CMG-Broad-Eye-Pierce-WGS-Su-PIE-OGI128-000669-1-OMIM-615780","meta":{"profile":["http://fhir.ncpi-project-forge.io/StructureDefinition/ncpi-phenotype"]},"identifier":[{"system":"urn:ncpi:unique-string","value":"nVIL-CMG-Broad-Eye-Pierce-WGS-Su-PIE-OGI128-000669-1-OMIM-615780"}],"status":"final","code":{"coding":[{"system":"http://purl.obolibrary.org/obo/omim.owl","code":"OMIM:615780","display":"Retinitis pigmentosa 69"}],"text":"Retinitis pigmentosa 69"},"subject":{"reference":"Patient/P.AnVIL-CMG-Broad-Eye-Pierce-WGS-Su-PIE-OGI128-000669-1"},"valueCodeableConcept":{"coding":[{"system":"http://snomed.info/sct","code":"373573001","display":"Clinical finding present (situation)"}],"text":"Phenotype Present"},"interpretation":[{"coding":[{"system":"http://terminology.hl7.org/CodeSystem/v3-ObservationInterpretation","code":"POS","display":"Positive"}],"text":"Present"}],"extension":[]}
{"resourceType":"Observation","id":"nVIL-CMG-Broad-Eye-Pierce-WGS-Su-PIE-OGI128-000701-1-OMIM-615780","meta":{"profile":["http://fhir.ncpi-project-forge.io/StructureDefinition/ncpi-phenotype"]},"identifier":[{"system":"urn:ncpi:unique-string","value":"nVIL-CMG-Broad-Eye-Pierce-WGS-Su-PIE-OGI128-000701-1-OMIM-615780"}],"status":"final","code":{"coding":[{"system":"http://purl.obolibrary.org/obo/omim.owl","code":"OMIM:615780","display":"Retinitis pigmentosa 69"}],"text":"Retinitis pigmentosa 69"},"subject":{"reference":"Patient/P.AnVIL-CMG-Broad-Eye-Pierce-WGS-Su-PIE-OGI128-000701-1"},"valueCodeableConcept":{"coding":[{"system":"http://snomed.info/sct","code":"373573001","display":"Clinical finding present (situation)"}],"text":"Phenotype Present"},"interpretation":[{"coding":[{"system":"http://terminology.hl7.org/CodeSystem/v3-ObservationInterpretation","code":"POS","display":"Positive"}],"text":"Present"}],"extension":[]}
{"resourceType":"Observation","id":"nVIL-CMG-Broad-Eye-Pierce-WGS-Su-PIE-OGI281-000608-1-OMIM-613826","meta":{"profile":["http://fhir.ncpi-project-forge.io/StructureDefinition/ncpi-phenotype"]},"identifier":[{"system":"urn:ncpi:unique-string","value":"nVIL-CMG-Broad-Eye-Pierce-WGS-Su-PIE-OGI281-000608-1-OMIM-613826"}],"status":"final","code":{"coding":[{"system":"http://purl.obolibrary.org/obo/omim.owl","code":"OMIM:613826","display":"Leber congenital amaurosis 6"}],"text":"Leber congenital amaurosis 6"},"subject":{"reference":"Patient/P.AnVIL-CMG-Broad-Eye-Pierce-WGS-Su-PIE-OGI281-000608-1"},"valueCodeableConcept":{"coding":[{"system":"http://snomed.info/sct","code":"373573001","display":"Clinical finding present (situation)"}],"text":"Phenotype Present"},"interpretation":[{"coding":[{"system":"http://terminology.hl7.org/CodeSystem/v3-ObservationInterpretation","code":"POS","display":"Positive"}],"text":"Present"}],"extension":[]}
{"resourceType":"Observation","id":"nVIL-CMG-Broad-Eye-Pierce-WGS-Su-PIE-OGI281-000646-1-OMIM-613826","meta":{"profile":["http://fhir.ncpi-project-forge.io/StructureDefinition/ncpi-phenotype"]},"identifier":[{"system":"urn:ncpi:unique-string","value":"nVIL-CMG-Broad-Eye-Pierce-WGS-Su-PIE-OGI281-000646-1-OMIM-613826"}],"status":"final","code":{"coding":[{"system":"http://purl.obolibrary.org/obo/omim.owl","code":"OMIM:613826","display":"Leber congenital amaurosis 6"}],"text":"Leber congenital amaurosis 6"},"subject":{"reference":"Patient/P.AnVIL-CMG-Broad-Eye-Pierce-WGS-Su-PIE-OGI281-000646-1"},"valueCodeableConcept":{"coding":[{"system":"http://snomed.info/sct","code":"373573001","display":"Clinical finding present (situation)"}],"text":"Phenotype Present"},"interpretation":[{"coding":[{"system":"http://terminology.hl7.org/CodeSystem/v3-ObservationInterpretation","code":"POS","display":"Positive"}],"text":"Present"}],"extension":[]}
{"resourceType":"Observation","id":"nVIL-CMG-Broad-Eye-Pierce-WGS-Su-PIE-OGI601-001236-1-OMIM-613826","meta":{"profile":["http://fhir.ncpi-project-forge.io/StructureDefinition/ncpi-phenotype"]},"identifier":[{"system":"urn:ncpi:unique-string","value":"nVIL-CMG-Broad-Eye-Pierce-WGS-Su-PIE-OGI601-001236-1-OMIM-613826"}],"status":"final","code":{"coding":[{"system":"http://purl.obolibrary.org/obo/omim.owl","code":"OMIM:613826","display":"Leber congenital amaurosis 6"}],"text":"Leber congenital amaurosis 6"},"subject":{"reference":"Patient/P.AnVIL-CMG-Broad-Eye-Pierce-WGS-Su-PIE-OGI601-001236-1"},"valueCodeableConcept":{"coding":[{"system":"http://snomed.info/sct","code":"373573001","display":"Clinical finding present (situation)"}],"text":"Phenotype Present"},"interpretation":[{"coding":[{"system":"http://terminology.hl7.org/CodeSystem/v3-ObservationInterpretation","code":"POS","display":"Positive"}],"text":"Present"}],"extension":[]}
{"resourceType":"Observation","id":"nVIL-CMG-Broad-Eye-Pierce-WGS-Su-PIE-OGI601-001237-1-OMIM-613826","meta":{"profile":["http://fhir.ncpi-project-forge.io/StructureDefinition/ncpi-phenotype"]},"identifier":[{"system":"urn:ncpi:unique-string","value":"nVIL-CMG-Broad-Eye-Pierce-WGS-Su-PIE-OGI601-001237-1-OMIM-613826"}],"status":"final","code":{"coding":[{"system":"http://purl.obolibrary.org/obo/omim.owl","code":"OMIM:613826","display":"Leber congenital amaurosis 6"}],"text":"Leber congenital amaurosis 6"},"subject":{"reference":"Patient/P.AnVIL-CMG-Broad-Eye-Pierce-WGS-Su-PIE-OGI601-001237-1"},"valueCodeableConcept":{"coding":[{"system":"http://snomed.info/sct","code":"373573001","display":"Clinical finding present (situation)"}],"text":"Phenotype Present"},"interpretation":[{"coding":[{"system":"http://terminology.hl7.org/CodeSystem/v3-ObservationInterpretation","code":"POS","display":"Positive"}],"text":"Present"}],"extension":[]}
{"resourceType":"Observation","id":"nVIL-CMG-Broad-Eye-Pierce-WGS-Su-PIE-OGI601-001238-1-OMIM-613826","meta":{"profile":["http://fhir.ncpi-project-forge.io/StructureDefinition/ncpi-phenotype"]},"identifier":[{"system":"urn:ncpi:unique-string","value":"nVIL-CMG-Broad-Eye-Pierce-WGS-Su-PIE-OGI601-001238-1-OMIM-613826"}],"status":"final","code":{"coding":[{"system":"http://purl.obolibrary.org/obo/omim.owl","code":"OMIM:613826","display":"Leber congenital amaurosis 6"}],"text":"Leber congenital amaurosis 6"},"subject":{"reference":"Patient/P.AnVIL-CMG-Broad-Eye-Pierce-WGS-Su-PIE-OGI601-001238-1"},"valueCodeableConcept":{"coding":[{"system":"http://snomed.info/sct","code":"373573001","display":"Clinical finding present (situation)"}],"text":"Phenotype Present"},"interpretation":[{"coding":[{"system":"http://terminology.hl7.org/CodeSystem/v3-ObservationInterpretation","code":"POS","display":"Positive"}],"text":"Present"}],"extension":[]}
{"resourceType":"Observation","id":"nVIL-CMG-Broad-Eye-Pierce-WGS-Su-PIE-OGI601-001239-1-OMIM-613826","meta":{"profile":["http://fhir.ncpi-project-forge.io/StructureDefinition/ncpi-phenotype"]},"identifier":[{"system":"urn:ncpi:unique-string","value":"nVIL-CMG-Broad-Eye-Pierce-WGS-Su-PIE-OGI601-001239-1-OMIM-613826"}],"status":"final","code":{"coding":[{"system":"http://purl.obolibrary.org/obo/omim.owl","code":"OMIM:613826","display":"Leber congenital amaurosis 6"}],"text":"Leber congenital amaurosis 6"},"subject":{"reference":"Patient/P.AnVIL-CMG-Broad-Eye-Pierce-WGS-Su-PIE-OGI601-001239-1"},"valueCodeableConcept":{"coding":[{"system":"http://snomed.info/sct","code":"373573001","display":"Clinical finding present (situation)"}],"text":"Phenotype Present"},"interpretation":[{"coding":[{"system":"http://terminology.hl7.org/CodeSystem/v3-ObservationInterpretation","code":"POS","display":"Positive"}],"text":"Present"}],"extension":[]}
