{"resourceType":"ResearchSubject","id":"P.AnVIL-CMG-Broad-Eye-Pierce-WGS-Su-PIE-OGI001-000346-1","meta":{"profile":["http://hl7.org/fhir/StructureDefinition/ResearchSubject"]},"identifier":[{"system":"https://anvil.terra.bio/#workspaces/anvil-datastorage/AnVIL_CMG_Broad_Eye_Pierce_WGS","value":"AnVIL_CMG_Broad_Eye_Pierce_WGS/Su/PIE_OGI001_000346_1"},{"system":"urn:ncpi:unique-string","value":"P.AnVIL-CMG-Broad-Eye-Pierce-WGS-Su-PIE-OGI001-000346-1"}],"status":"off-study","study":{"reference":"ResearchStudy/AnVIL-CMG-Broad-Eye-Pierce-WGS"},"individual":{"reference":"Patient/P.AnVIL-CMG-Broad-Eye-Pierce-WGS-Su-PIE-OGI001-000346-1"}}
{"resourceType":"ResearchSubject","id":"P.AnVIL-CMG-Broad-Eye-Pierce-WGS-Su-PIE-OGI001-000347-1","meta":{"profile":["http://hl7.org/fhir/StructureDefinition/ResearchSubject"]},"identifier":[{"system":"https://anvil.terra.bio/#workspaces/anvil-datastorage/AnVIL_CMG_Broad_Eye_Pierce_WGS","value":"AnVIL_CMG_Broad_Eye_Pierce_WGS/Su/PIE_OGI001_000347_1"},{"system":"urn:ncpi:unique-string","value":"P.AnVIL-CMG-Broad-Eye-Pierce-WGS-Su-PIE-OGI001-000347-1"}],"status":"off-study","study":{"reference":"ResearchStudy/AnVIL-CMG-Broad-Eye-Pierce-WGS"},"individual":{"reference":"Patient/P.AnVIL-CMG-Broad-Eye-Pierce-WGS-Su-PIE-OGI001-000347-1"}}
{"resourceType":"ResearchSubject","id":"P.AnVIL-CMG-Broad-Eye-Pierce-WGS-Su-PIE-OGI001-000348-1","meta":{"profile":["http://hl7.org/fhir/StructureDefinition/ResearchSubject"]},"identifier":[{"system":"https://anvil.terra.bio/#workspaces/anvil-datastorage/AnVIL_CMG_Broad_Eye_Pierce_WGS","value":"AnVIL_CMG_Broad_Eye_Pierce_WGS/Su/PIE_OGI001_000348_1"},{"system":"urn:ncpi:unique-string","value":"P.AnVIL-CMG-Broad-Eye-Pierce-WGS-Su-PIE-OGI001-000348-1"}],"status":"off-study","study":{"reference":"ResearchStudy/AnVIL-CMG-Broad-Eye-Pierce-WGS"},"individual":{"reference":"Patient/P.AnVIL-CMG-Broad-Eye-Pierce-WGS-Su-PIE-OGI001-000348-1"}}
{"resourceType":"ResearchSubject","id":"P.AnVIL-CMG-Broad-Eye-Pierce-WGS-Su-PIE-OGI016-000041-1","meta":{"profile":["http://hl7.org/fhir/StructureDefinition/ResearchSubject"]},"identifier":[{"system":"https://anvil.terra.bio/#workspaces/anvil-datastorage/AnVIL_CMG_Broad_Eye_Pierce_WGS","value":"AnVIL_CMG_Broad_Eye_Pierce_WGS/Su/PIE_OGI016_000041_1"},{"system":"urn:ncpi:unique-string","value":"P.AnVIL-CMG-Broad-Eye-Pierce-WGS-Su-PIE-OGI016-000041-1"}],"status":"off-study","study":{"reference":"ResearchStudy/AnVIL-CMG-Broad-Eye-Pierce-WGS"},"individual":{"reference":"Patient/P.AnVIL-CMG-Broad-Eye-Pierce-WGS-Su-PIE-OGI016-000041-1"}}
{"resourceType":"ResearchSubject","id":"P.AnVIL-CMG-Broad-Eye-Pierce-WGS-Su-PIE-OGI016-000042-1","meta":{"profile":["http://hl7.org/fhir/StructureDefinition/ResearchSubject"]},"identifier":[{"system":"https://anvil.terra.bio/#workspaces/anvil-datastorage/AnVIL_CMG_Broad_Eye_Pierce_WGS","value":"AnVIL_CMG_Broad_Eye_Pierce_WGS/Su/PIE_OGI016_000042_1"},{"system":"urn:ncpi:unique-string","value":"P.AnVIL-CMG-Broad-Eye-Pierce-WGS-Su-PIE-OGI016-000042-1"}],"status":"off-study","study":{"reference":"ResearchStudy/AnVIL-CMG-Broad-Eye-Pierce-WGS"},"individual":{"reference":"Patient/P.AnVIL-CMG-Broad-Eye-Pierce-WGS-Su-PIE-OGI016-000042-1"}}
{"resourceType":"ResearchSubject","id":"P.AnVIL-CMG-Broad-Eye-Pierce-WGS-Su-PIE-OGI016-000043-1","meta":{"profile":["http://hl7.org/fhir/StructureDefinition/ResearchSubject"]},"identifier":[{"system":"https://anvil.terra.bio/#workspaces/anvil-datastorage/AnVIL_CMG_Broad_Eye_Pierce_WGS","value":"AnVIL_CMG_Broad_Eye_Pierce_WGS/Su/PIE_OGI016_000043_1"},{"system":"urn:ncpi:unique-string","value":"P.AnVIL-CMG-Broad-Eye-Pierce-WGS-Su-PIE-OGI016-000043-1"}],"status":"off-study","study":{"reference":"ResearchStudy/AnVIL-CMG-Broad-Eye-Pierce-WGS"},"individual":{"reference":"Patient/P.AnVIL-CMG-Broad-Eye-Pierce-WGS-Su-PIE-OGI016-000043-1"}}
{"resourceType":"ResearchSubject","id":"P.AnVIL-CMG-Broad-Eye-Pierce-WGS-Su-PIE-OGI037-000092-1","meta":{"profile":["http://hl7.org/fhir/StructureDefinition/ResearchSubject"]},"identifier":[{"system":"https://anvil.terra.bio/#workspaces/anvil-datastorage/AnVIL_CMG_Broad_Eye_Pierce_WGS","value":"AnVIL_CMG_Broad_Eye_Pierce_WGS/Su/PIE_OGI037_000092_1"},{"system":"urn:ncpi:unique-string","value":"P.AnVIL-CMG-Broad-Eye-Pierce-WGS-Su-PIE-OGI037-000092-1"}],"status":"off-study","study":{"reference":"ResearchStudy/AnVIL-CMG-Broad-Eye-Pierce-WGS"},"individual":{"reference":"Patient/P.AnVIL-CMG-Broad-Eye-Pierce-WGS-Su-PIE-OGI037-000092-1"}}
{"resourceType":"ResearchSubject","id":"P.AnVIL-CMG-Broad-Eye-Pierce-WGS-Su-PIE-OGI037-000093-1","meta":{"profile":["http://hl7.org/fhir/StructureDefinition/ResearchSubject"]},"identifier":[{"system":"https://anvil.terra.bio/#workspaces/anvil-datastorage/AnVIL_CMG_Broad_Eye_Pierce_WGS","value":"AnVIL_CMG_Broad_Eye_Pierce_WGS/Su/PIE_OGI037_000093_1"},{"system":"urn:ncpi:unique-string","value":"P.AnVIL-CMG-Broad-Eye-Pierce-WGS-Su-PIE-OGI037-000093-1"}],"status":"off-study","study":{"reference":"ResearchStudy/AnVIL-CMG-Broad-Eye-Pierce-WGS"},"individual":{"reference":"Patient/P.AnVIL-CMG-Broad-Eye-Pierce-WGS-Su-PIE-OGI037-000093-1"}}
{"resourceType":"ResearchSubject","id":"P.AnVIL-CMG-Broad-Eye-Pierce-WGS-Su-PIE-OGI037-000094-1","meta":{"profile":["http://hl7.org/fhir/StructureDefinition/ResearchSubject"]},"identifier":[{"system":"https://anvil.terra.bio/#workspaces/anvil-datastorage/AnVIL_CMG_Broad_Eye_Pierce_WGS","value":"AnVIL_CMG_Broad_Eye_Pierce_WGS/Su/PIE_OGI037_000094_1"},{"system":"urn:ncpi:unique-string","value":"P.AnVIL-CMG-Broad-Eye-Pierce-WGS-Su-PIE-OGI037-000094-1"}],"status":"off-study","study":{"reference":"ResearchStudy/AnVIL-CMG-Broad-Eye-Pierce-WGS"},"individual":{"reference":"Patient/P.AnVIL-CMG-Broad-Eye-Pierce-WGS-Su-PIE-OGI037-000094-1"}}
{"resourceType":"ResearchSubject","id":"P.AnVIL-CMG-Broad-Eye-Pierce-WGS-Su-PIE-OGI128-000659-1","meta":{"profile":["http://hl7.org/fhir/StructureDefinition/ResearchSubject"]},"identifier":[{"system":"https://anvil.terra.bio/#workspaces/anvil-datastorage/AnVIL_CMG_Broad_Eye_Pierce_WGS","value":"AnVIL_CMG_Broad_Eye_Pierce_WGS/Su/PIE_OGI128_000659_1"},{"system":"urn:ncpi:unique-string","value":"P.AnVIL-CMG-Broad-Eye-Pierce-WGS-Su-PIE-OGI128-000659-1"}],"status":"off-study","study":{"reference":"ResearchStudy/AnVIL-CMG-Broad-Eye-Pierce-WGS"},"individual":{"reference":"Patient/P.AnVIL-CMG-Broad-Eye-Pierce-WGS-Su-PIE-OGI128-000659-1"}}
{"resourceType":"ResearchSubject","id":"P.AnVIL-CMG-Broad-Eye-Pierce-WGS-Su-PIE-OGI128-000660-1","meta":{"profile":["http://hl7.org/fhir/StructureDefinition/ResearchSubject"]},"identifier":[{"system":"https://anvil.terra.bio/#workspaces/anvil-datastorage/AnVIL_CMG_Broad_Eye_Pierce_WGS","value":"AnVIL_CMG_Broad_Eye_Pierce_WGS/Su/PIE_OGI128_000660_1"},{"system":"urn:ncpi:unique-string","value":"P.AnVIL-CMG-Broad-Eye-Pierce-WGS-Su-PIE-OGI128-000660-1"}],"status":"off-study","study":{"reference":"ResearchStudy/AnVIL-CMG-Broad-Eye-Pierce-WGS"},"individual":{"reference":"Patient/P.AnVIL-CMG-Broad-Eye-Pierce-WGS-Su-PIE-OGI128-000660-1"}}
{"resourceType":"ResearchSubject","id":"P.AnVIL-CMG-Broad-Eye-Pierce-WGS-Su-PIE-OGI128-000669-1","meta":{"profile":["http://hl7.org/fhir/StructureDefinition/ResearchSubject"]},"identifier":[{"system":"https://anvil.terra.bio/#workspaces/anvil-datastorage/AnVIL_CMG_Broad_Eye_Pierce_WGS","value":"AnVIL_CMG_Broad_Eye_Pierce_WGS/Su/PIE_OGI128_000669_1"},{"system":"urn:ncpi:unique-string","value":"P.AnVIL-CMG-Broad-Eye-Pierce-WGS-Su-PIE-OGI128-000669-1"}],"status":"off-study","study":{"reference":"ResearchStudy/AnVIL-CMG-Broad-Eye-Pierce-WGS"},"individual":{"reference":"Patient/P.AnVIL-CMG-Broad-Eye-Pierce-WGS-Su-PIE-OGI128-000669-1"}}
{"resourceType":"ResearchSubject","id":"P.AnVIL-CMG-Broad-Eye-Pierce-WGS-Su-PIE-OGI128-000701-1","meta":{"profile":["http://hl7.org/fhir/StructureDefinition/ResearchSubject"]},"identifier":[{"system":"https://anvil.terra.bio/#workspaces/anvil-datastorage/AnVIL_CMG_Broad_Eye_Pierce_WGS","value":"AnVIL_CMG_Broad_Eye_Pierce_WGS/Su/PIE_OGI128_000701_1"},{"system":"urn:ncpi:unique-string","value":"P.AnVIL-CMG-Broad-Eye-Pierce-WGS-Su-PIE-OGI128-000701-1"}],"status":"off-study","study":{"reference":"ResearchStudy/AnVIL-CMG-Broad-Eye-Pierce-WGS"},"individual":{"reference":"Patient/P.AnVIL-CMG-Broad-Eye-Pierce-WGS-Su-PIE-OGI128-000701-1"}}
{"resourceType":"ResearchSubject","id":"P.AnVIL-CMG-Broad-Eye-Pierce-WGS-Su-PIE-OGI132-000354-1","meta":{"profile":["http://hl7.org/fhir/StructureDefinition/ResearchSubject"]},"identifier":[{"system":"https://anvil.terra.bio/#workspaces/anvil-datastorage/AnVIL_CMG_Broad_Eye_Pierce_WGS","value":"AnVIL_CMG_Broad_Eye_Pierce_WGS/Su/PIE_OGI132_000354_1"},{"system":"urn:ncpi:unique-string","value":"P.AnVIL-CMG-Broad-Eye-Pierce-WGS-Su-PIE-OGI132-000354-1"}],"status":"off-study","study":{"reference":"ResearchStudy/AnVIL-CMG-Broad-Eye-Pierce-WGS"},"individual":{"reference":"Patient/P.AnVIL-CMG-Broad-Eye-Pierce-WGS-Su-PIE-OGI132-000354-1"}}
{"resourceType":"ResearchSubject","id":"P.AnVIL-CMG-Broad-Eye-Pierce-WGS-Su-PIE-OGI132-000355-1","meta":{"profile":["http://hl7.org/fhir/StructureDefinition/ResearchSubject"]},"identifier":[{"system":"https://anvil.terra.bio/#workspaces/anvil-datastorage/AnVIL_CMG_Broad_Eye_Pierce_WGS","value":"AnVIL_CMG_Broad_Eye_Pierce_WGS/Su/PIE_OGI132_000355_1"},{"system":"urn:ncpi:unique-string","value":"P.AnVIL-CMG-Broad-Eye-Pierce-WGS-Su-PIE-OGI132-000355-1"}],"status":"off-study","study":{"reference":"ResearchStudy/AnVIL-CMG-Broad-Eye-Pierce-WGS"},"individual":{"reference":"Patient/P.AnVIL-CMG-Broad-Eye-Pierce-WGS-Su-PIE-OGI132-000355-1"}}
{"resourceType":"ResearchSubject","id":"P.AnVIL-CMG-Broad-Eye-Pierce-WGS-Su-PIE-OGI132-000358-1","meta":{"profile":["http://hl7.org/fhir/StructureDefinition/ResearchSubject"]},"identifier":[{"system":"https://anvil.terra.bio/#workspaces/anvil-datastorage/AnVIL_CMG_Broad_Eye_Pierce_WGS","value":"AnVIL_CMG_Broad_Eye_Pierce_WGS/Su/PIE_OGI132_000358_1"},{"system":"urn:ncpi:unique-string","value":"P.AnVIL-CMG-Broad-Eye-Pierce-WGS-Su-PIE-OGI132-000358-1"}],"status":"off-study","study":{"reference":"ResearchStudy/AnVIL-CMG-Broad-Eye-Pierce-WGS"},"individual":{"reference":"Patient/P.AnVIL-CMG-Broad-Eye-Pierce-WGS-Su-PIE-OGI132-000358-1"}}
{"resourceType":"ResearchSubject","id":"P.AnVIL-CMG-Broad-Eye-Pierce-WGS-Su-PIE-OGI159-000432-1","meta":{"profile":["http://hl7.org/fhir/StructureDefinition/ResearchSubject"]},"identifier":[{"system":"https://anvil.terra.bio/#workspaces/anvil-datastorage/AnVIL_CMG_Broad_Eye_Pierce_WGS","value":"AnVIL_CMG_Broad_Eye_Pierce_WGS/Su/PIE_OGI159_000432_1"},{"system":"urn:ncpi:unique-string","value":"P.AnVIL-CMG-Broad-Eye-Pierce-WGS-Su-PIE-OGI159-000432-1"}],"status":"off-study","study":{"reference":"ResearchStudy/AnVIL-CMG-Broad-Eye-Pierce-WGS"},"individual":{"reference":"Patient/P.AnVIL-CMG-Broad-Eye-Pierce-WGS-Su-PIE-OGI159-000432-1"}}
{"resourceType":"ResearchSubject","id":"P.AnVIL-CMG-Broad-Eye-Pierce-WGS-Su-PIE-OGI159-000436-1","meta":{"profile":["http://hl7.org/fhir/StructureDefinition/ResearchSubject"]},"identifier":[{"system":"https://anvil.terra.bio/#workspaces/anvil-datastorage/AnVIL_CMG_Broad_Eye_Pierce_WGS","value":"AnVIL_CMG_Broad_Eye_Pierce_WGS/Su/PIE_OGI159_000436_1"},{"system":"urn:ncpi:unique-string","value":"P.AnVIL-CMG-Broad-Eye-Pierce-WGS-Su-PIE-OGI159-000436-1"}],"status":"off-study","study":{"reference":"ResearchStudy/AnVIL-CMG-Broad-Eye-Pierce-WGS"},"individual":{"reference":"Patient/P.AnVIL-CMG-Broad-Eye-Pierce-WGS-Su-PIE-OGI159-000436-1"}}
{"resourceType":"ResearchSubject","id":"P.AnVIL-CMG-Broad-Eye-Pierce-WGS-Su-PIE-OGI159-000437-1","meta":{"profile":["http://hl7.org/fhir/StructureDefinition/ResearchSubject"]},"identifier":[{"system":"https://anvil.terra.bio/#workspaces/anvil-datastorage/AnVIL_CMG_Broad_Eye_Pierce_WGS","value":"AnVIL_CMG_Broad_Eye_Pierce_WGS/Su/PIE_OGI159_000437_1"},{"system":"urn:ncpi:unique-string","value":"P.AnVIL-CMG-Broad-Eye-Pierce-WGS-Su-PIE-OGI159-000437-1"}],"status":"off-study","study":{"reference":"ResearchStudy/AnVIL-CMG-Broad-Eye-Pierce-WGS"},"individual":{"reference":"Patient/P.AnVIL-CMG-Broad-Eye-Pierce-WGS-Su-PIE-OGI159-000437-1"}}
{"resourceType":"ResearchSubject","id":"P.AnVIL-CMG-Broad-Eye-Pierce-WGS-Su-PIE-OGI281-000608-1","meta":{"profile":["http://hl7.org/fhir/StructureDefinition/ResearchSubject"]},"identifier":[{"system":"https://anvil.terra.bio/#workspaces/anvil-datastorage/AnVIL_CMG_Broad_Eye_Pierce_WGS","value":"AnVIL_CMG_Broad_Eye_Pierce_WGS/Su/PIE_OGI281_000608_1"},{"system":"urn:ncpi:unique-string","value":"P.AnVIL-CMG-Broad-Eye-Pierce-WGS-Su-PIE-OGI281-000608-1"}],"status":"off-study","study":{"reference":"ResearchStudy/AnVIL-CMG-Broad-Eye-Pierce-WGS"},"individual":{"reference":"Patient/P.AnVIL-CMG-Broad-Eye-Pierce-WGS-Su-PIE-OGI281-000608-1"}}
{"resourceType":"ResearchSubject","id":"P.AnVIL-CMG-Broad-Eye-Pierce-WGS-Su-PIE-OGI281-000646-1","meta":{"profile":["http://hl7.org/fhir/StructureDefinition/ResearchSubject"]},"identifier":[{"system":"https://anvil.terra.bio/#workspaces/anvil-datastorage/AnVIL_CMG_Broad_Eye_Pierce_WGS","value":"AnVIL_CMG_Broad_Eye_Pierce_WGS/Su/PIE_OGI281_000646_1"},{"system":"urn:ncpi:unique-string","value":"P.AnVIL-CMG-Broad-Eye-Pierce-WGS-Su-PIE-OGI281-000646-1"}],"status":"off-study","study":{"reference":"ResearchStudy/AnVIL-CMG-Broad-Eye-Pierce-WGS"},"individual":{"reference":"Patient/P.AnVIL-CMG-Broad-Eye-Pierce-WGS-Su-PIE-OGI281-000646-1"}}
{"resourceType":"ResearchSubject","id":"P.AnVIL-CMG-Broad-Eye-Pierce-WGS-Su-PIE-OGI282-000609-1","meta":{"profile":["http://hl7.org/fhir/StructureDefinition/ResearchSubject"]},"identifier":[{"system":"https://anvil.terra.bio/#workspaces/anvil-datastorage/AnVIL_CMG_Broad_Eye_Pierce_WGS","value":"AnVIL_CMG_Broad_Eye_Pierce_WGS/Su/PIE_OGI282_000609_1"},{"system":"urn:ncpi:unique-string","value":"P.AnVIL-CMG-Broad-Eye-Pierce-WGS-Su-PIE-OGI282-000609-1"}],"status":"off-study","study":{"reference":"ResearchStudy/AnVIL-CMG-Broad-Eye-Pierce-WGS"},"individual":{"reference":"Patient/P.AnVIL-CMG-Broad-Eye-Pierce-WGS-Su-PIE-OGI282-000609-1"}}
{"resourceType":"ResearchSubject","id":"P.AnVIL-CMG-Broad-Eye-Pierce-WGS-Su-PIE-OGI282-000954-1","meta":{"profile":["http://hl7.org/fhir/StructureDefinition/ResearchSubject"]},"identifier":[{"system":"https://anvil.terra.bio/#workspaces/anvil-datastorage/AnVIL_CMG_Broad_Eye_Pierce_WGS","value":"AnVIL_CMG_Broad_Eye_Pierce_WGS/Su/PIE_OGI282_000954_1"},{"system":"urn:ncpi:unique-string","value":"P.AnVIL-CMG-Broad-Eye-Pierce-WGS-Su-PIE-OGI282-000954-1"}],"status":"off-study","study":{"reference":"ResearchStudy/AnVIL-CMG-Broad-Eye-Pierce-WGS"},"individual":{"reference":"Patient/P.AnVIL-CMG-Broad-Eye-Pierce-WGS-Su-PIE-OGI282-000954-1"}}
{"resourceType":"ResearchSubject","id":"P.AnVIL-CMG-Broad-Eye-Pierce-WGS-Su-PIE-OGI282-000963-1","meta":{"profile":["http://hl7.org/fhir/StructureDefinition/ResearchSubject"]},"identifier":[{"system":"https://anvil.terra.bio/#workspaces/anvil-datastorage/AnVIL_CMG_Broad_Eye_Pierce_WGS","value":"AnVIL_CMG_Broad_Eye_Pierce_WGS/Su/PIE_OGI282_000963_1"},{"system":"urn:ncpi:unique-string","value":"P.AnVIL-CMG-Broad-Eye-Pierce-WGS-Su-PIE-OGI282-000963-1"}],"status":"off-study","study":{"reference":"ResearchStudy/AnVIL-CMG-Broad-Eye-Pierce-WGS"},"individual":{"reference":"Patient/P.AnVIL-CMG-Broad-Eye-Pierce-WGS-Su-PIE-OGI282-000963-1"}}
{"resourceType":"ResearchSubject","id":"P.AnVIL-CMG-Broad-Eye-Pierce-WGS-Su-PIE-OGI601-001236-1","meta":{"profile":["http://hl7.org/fhir/StructureDefinition/ResearchSubject"]},"identifier":[{"system":"https://anvil.terra.bio/#workspaces/anvil-datastorage/AnVIL_CMG_Broad_Eye_Pierce_WGS","value":"AnVIL_CMG_Broad_Eye_Pierce_WGS/Su/PIE_OGI601_001236_1"},{"system":"urn:ncpi:unique-string","value":"P.AnVIL-CMG-Broad-Eye-Pierce-WGS-Su-PIE-OGI601-001236-1"}],"status":"off-study","study":{"reference":"ResearchStudy/AnVIL-CMG-Broad-Eye-Pierce-WGS"},"individual":{"reference":"Patient/P.AnVIL-CMG-Broad-Eye-Pierce-WGS-Su-PIE-OGI601-001236-1"}}
{"resourceType":"ResearchSubject","id":"P.AnVIL-CMG-Broad-Eye-Pierce-WGS-Su-PIE-OGI601-001237-1","meta":{"profile":["http://hl7.org/fhir/StructureDefinition/ResearchSubject"]},"identifier":[{"system":"https://anvil.terra.bio/#workspaces/anvil-datastorage/AnVIL_CMG_Broad_Eye_Pierce_WGS","value":"AnVIL_CMG_Broad_Eye_Pierce_WGS/Su/PIE_OGI601_001237_1"},{"system":"urn:ncpi:unique-string","value":"P.AnVIL-CMG-Broad-Eye-Pierce-WGS-Su-PIE-OGI601-001237-1"}],"status":"off-study","study":{"reference":"ResearchStudy/AnVIL-CMG-Broad-Eye-Pierce-WGS"},"individual":{"reference":"Patient/P.AnVIL-CMG-Broad-Eye-Pierce-WGS-Su-PIE-OGI601-001237-1"}}
{"resourceType":"ResearchSubject","id":"P.AnVIL-CMG-Broad-Eye-Pierce-WGS-Su-PIE-OGI601-001238-1","meta":{"profile":["http://hl7.org/fhir/StructureDefinition/ResearchSubject"]},"identifier":[{"system":"https://anvil.terra.bio/#workspaces/anvil-datastorage/AnVIL_CMG_Broad_Eye_Pierce_WGS","value":"AnVIL_CMG_Broad_Eye_Pierce_WGS/Su/PIE_OGI601_001238_1"},{"system":"urn:ncpi:unique-string","value":"P.AnVIL-CMG-Broad-Eye-Pierce-WGS-Su-PIE-OGI601-001238-1"}],"status":"off-study","study":{"reference":"ResearchStudy/AnVIL-CMG-Broad-Eye-Pierce-WGS"},"individual":{"reference":"Patient/P.AnVIL-CMG-Broad-Eye-Pierce-WGS-Su-PIE-OGI601-001238-1"}}
{"resourceType":"ResearchSubject","id":"P.AnVIL-CMG-Broad-Eye-Pierce-WGS-Su-PIE-OGI601-001239-1","meta":{"profile":["http://hl7.org/fhir/StructureDefinition/ResearchSubject"]},"identifier":[{"system":"https://anvil.terra.bio/#workspaces/anvil-datastorage/AnVIL_CMG_Broad_Eye_Pierce_WGS","value":"AnVIL_CMG_Broad_Eye_Pierce_WGS/Su/PIE_OGI601_001239_1"},{"system":"urn:ncpi:unique-string","value":"P.AnVIL-CMG-Broad-Eye-Pierce-WGS-Su-PIE-OGI601-001239-1"}],"status":"off-study","study":{"reference":"ResearchStudy/AnVIL-CMG-Broad-Eye-Pierce-WGS"},"individual":{"reference":"Patient/P.AnVIL-CMG-Broad-Eye-Pierce-WGS-Su-PIE-OGI601-001239-1"}}
{"resourceType":"ResearchSubject","id":"P.AnVIL-CMG-Broad-Eye-Pierce-WGS-Su-PIE-OGI624-001284-1","meta":{"profile":["http://hl7.org/fhir/StructureDefinition/ResearchSubject"]},"identifier":[{"system":"https://anvil.terra.bio/#workspaces/anvil-datastorage/AnVIL_CMG_Broad_Eye_Pierce_WGS","value":"AnVIL_CMG_Broad_Eye_Pierce_WGS/Su/PIE_OGI624_001284_1"},{"system":"urn:ncpi:unique-string","value":"P.AnVIL-CMG-Broad-Eye-Pierce-WGS-Su-PIE-OGI624-001284-1"}],"status":"off-study","study":{"reference":"ResearchStudy/AnVIL-CMG-Broad-Eye-Pierce-WGS"},"individual":{"reference":"Patient/P.AnVIL-CMG-Broad-Eye-Pierce-WGS-Su-PIE-OGI624-001284-1"}}
{"resourceType":"ResearchSubject","id":"P.AnVIL-CMG-Broad-Eye-Pierce-WGS-Su-PIE-OGI624-001285-1","meta":{"profile":["http://hl7.org/fhir/StructureDefinition/ResearchSubject"]},"identifier":[{"system":"https://anvil.terra.bio/#workspaces/anvil-datastorage/AnVIL_CMG_Broad_Eye_Pierce_WGS","value":"AnVIL_CMG_Broad_Eye_Pierce_WGS/Su/PIE_OGI624_001285_1"},{"system":"urn:ncpi:unique-string","value":"P.AnVIL-CMG-Broad-Eye-Pierce-WGS-Su-PIE-OGI624-001285-1"}],"status":"off-study","study":{"reference":"ResearchStudy/AnVIL-CMG-Broad-Eye-Pierce-WGS"},"individual":{"reference":"Patient/P.AnVIL-CMG-Broad-Eye-Pierce-WGS-Su-PIE-OGI624-001285-1"}}
{"resourceType":"ResearchSubject","id":"P.AnVIL-CMG-Broad-Eye-Pierce-WGS-Su-PIE-OGI624-001286-1","meta":{"profile":["http://hl7.org/fhir/StructureDefinition/ResearchSubject"]},"identifier":[{"system":"https://anvil.terra.bio/#workspaces/anvil-datastorage/AnVIL_CMG_Broad_Eye_Pierce_WGS","value":"AnVIL_CMG_Broad_Eye_Pierce_WGS/Su/PIE_OGI624_001286_1"},{"system":"urn:ncpi:unique-string","value":"P.AnVIL-CMG-Broad-Eye-Pierce-WGS-Su-PIE-OGI624-001286-1"}],"status":"off-study","study":{"reference":"ResearchStudy/AnVIL-CMG-Broad-Eye-Pierce-WGS"},"individual":{"reference":"Patient/P.AnVIL-CMG-Broad-Eye-Pierce-WGS-Su-PIE-OGI624-001286-1"}}
{"resourceType":"ResearchSubject","id":"P.AnVIL-CMG-Broad-Eye-Pierce-WGS-Su-PIE-OGI643-001312-1","meta":{"profile":["http://hl7.org/fhir/StructureDefinition/ResearchSubject"]},"identifier":[{"system":"https://anvil.terra.bio/#workspaces/anvil-datastorage/AnVIL_CMG_Broad_Eye_Pierce_WGS","value":"AnVIL_CMG_Broad_Eye_Pierce_WGS/Su/PIE_OGI643_001312_1"},{"system":"urn:ncpi:unique-string","value":"P.AnVIL-CMG-Broad-Eye-Pierce-WGS-Su-PIE-OGI643-001312-1"}],"status":"off-study","study":{"reference":"ResearchStudy/AnVIL-CMG-Broad-Eye-Pierce-WGS"},"individual":{"reference":"Patient/P.AnVIL-CMG-Broad-Eye-Pierce-WGS-Su-PIE-OGI643-001312-1"}}
{"resourceType":"ResearchSubject","id":"P.AnVIL-CMG-Broad-Eye-Pierce-WGS-Su-PIE-OGI643-001313-1","meta":{"profile":["http://hl7.org/fhir/StructureDefinition/ResearchSubject"]},"identifier":[{"system":"https://anvil.terra.bio/#workspaces/anvil-datastorage/AnVIL_CMG_Broad_Eye_Pierce_WGS","value":"AnVIL_CMG_Broad_Eye_Pierce_WGS/Su/PIE_OGI643_001313_1"},{"system":"urn:ncpi:unique-string","value":"P.AnVIL-CMG-Broad-Eye-Pierce-WGS-Su-PIE-OGI643-001313-1"}],"status":"off-study","study":{"reference":"ResearchStudy/AnVIL-CMG-Broad-Eye-Pierce-WGS"},"individual":{"reference":"Patient/P.AnVIL-CMG-Broad-Eye-Pierce-WGS-Su-PIE-OGI643-001313-1"}}
{"resourceType":"ResearchSubject","id":"P.AnVIL-CMG-Broad-Eye-Pierce-WGS-Su-PIE-OGI643-001736-1","meta":{"profile":["http://hl7.org/fhir/StructureDefinition/ResearchSubject"]},"identifier":[{"system":"https://anvil.terra.bio/#workspaces/anvil-datastorage/AnVIL_CMG_Broad_Eye_Pierce_WGS","value":"AnVIL_CMG_Broad_Eye_Pierce_WGS/Su/PIE_OGI643_001736_1"},{"system":"urn:ncpi:unique-string","value":"P.AnVIL-CMG-Broad-Eye-Pierce-WGS-Su-PIE-OGI643-001736-1"}],"status":"off-study","study":{"reference":"ResearchStudy/AnVIL-CMG-Broad-Eye-Pierce-WGS"},"individual":{"reference":"Patient/P.AnVIL-CMG-Broad-Eye-Pierce-WGS-Su-PIE-OGI643-001736-1"}}
{"resourceType":"ResearchSubject","id":"P.AnVIL-CMG-Broad-Eye-Pierce-WGS-Su-PIE-OGI643-001737-1","meta":{"profile":["http://hl7.org/fhir/StructureDefinition/ResearchSubject"]},"identifier":[{"system":"https://anvil.terra.bio/#workspaces/anvil-datastorage/AnVIL_CMG_Broad_Eye_Pierce_WGS","value":"AnVIL_CMG_Broad_Eye_Pierce_WGS/Su/PIE_OGI643_001737_1"},{"system":"urn:ncpi:unique-string","value":"P.AnVIL-CMG-Broad-Eye-Pierce-WGS-Su-PIE-OGI643-001737-1"}],"status":"off-study","study":{"reference":"ResearchStudy/AnVIL-CMG-Broad-Eye-Pierce-WGS"},"individual":{"reference":"Patient/P.AnVIL-CMG-Broad-Eye-Pierce-WGS-Su-PIE-OGI643-001737-1"}}
