{"resourceType":"Task","id":"T.Broad-Eye-Pierce-WGS-Sa-PIE-OGI001-000346-1","status":"accepted","intent":"unknown","input":[{"type":{"coding":[{"code":"Specimen"}]},"valueReference":{"reference":"Specimen/Broad-Eye-Pierce-WGS-Sa-PIE-OGI001-000346-1"}}],"output":[]}
{"resourceType":"Task","id":"T.Broad-Eye-Pierce-WGS-Sa-PIE-OGI001-000347-1","status":"accepted","intent":"unknown","input":[{"type":{"coding":[{"code":"Specimen"}]},"valueReference":{"reference":"Specimen/Broad-Eye-Pierce-WGS-Sa-PIE-OGI001-000347-1"}}],"output":[]}
{"resourceType":"Task","id":"T.Broad-Eye-Pierce-WGS-Sa-PIE-OGI001-000348-1","status":"accepted","intent":"unknown","input":[{"type":{"coding":[{"code":"Specimen"}]},"valueReference":{"reference":"Specimen/Broad-Eye-Pierce-WGS-Sa-PIE-OGI001-000348-1"}}],"output":[]}
{"resourceType":"Task","id":"T.Broad-Eye-Pierce-WGS-Sa-PIE-OGI016-000041-1","status":"accepted","intent":"unknown","input":[{"type":{"coding":[{"code":"Specimen"}]},"valueReference":{"reference":"Specimen/Broad-Eye-Pierce-WGS-Sa-PIE-OGI016-000041-1"}}],"output":[]}
{"resourceType":"Task","id":"T.Broad-Eye-Pierce-WGS-Sa-PIE-OGI016-000042-1","status":"accepted","intent":"unknown","input":[{"type":{"coding":[{"code":"Specimen"}]},"valueReference":{"reference":"Specimen/Broad-Eye-Pierce-WGS-Sa-PIE-OGI016-000042-1"}}],"output":[]}
{"resourceType":"Task","id":"T.Broad-Eye-Pierce-WGS-Sa-PIE-OGI016-000043-1","status":"accepted","intent":"unknown","input":[{"type":{"coding":[{"code":"Specimen"}]},"valueReference":{"reference":"Specimen/Broad-Eye-Pierce-WGS-Sa-PIE-OGI016-000043-1"}}],"output":[]}
{"resourceType":"Task","id":"T.Broad-Eye-Pierce-WGS-Sa-PIE-OGI037-000092-1","status":"accepted","intent":"unknown","input":[{"type":{"coding":[{"code":"Specimen"}]},"valueReference":{"reference":"Specimen/Broad-Eye-Pierce-WGS-Sa-PIE-OGI037-000092-1"}}],"output":[]}
{"resourceType":"Task","id":"T.Broad-Eye-Pierce-WGS-Sa-PIE-OGI037-000093-1","status":"accepted","intent":"unknown","input":[{"type":{"coding":[{"code":"Specimen"}]},"valueReference":{"reference":"Specimen/Broad-Eye-Pierce-WGS-Sa-PIE-OGI037-000093-1"}}],"output":[]}
{"resourceType":"Task","id":"T.Broad-Eye-Pierce-WGS-Sa-PIE-OGI037-000094-1","status":"accepted","intent":"unknown","input":[{"type":{"coding":[{"code":"Specimen"}]},"valueReference":{"reference":"Specimen/Broad-Eye-Pierce-WGS-Sa-PIE-OGI037-000094-1"}}],"output":[]}
{"resourceType":"Task","id":"T.Broad-Eye-Pierce-WGS-Sa-PIE-OGI128-000659-1","status":"accepted","intent":"unknown","input":[{"type":{"coding":[{"code":"Specimen"}]},"valueReference":{"reference":"Specimen/Broad-Eye-Pierce-WGS-Sa-PIE-OGI128-000659-1"}}],"output":[]}
{"resourceType":"Task","id":"T.Broad-Eye-Pierce-WGS-Sa-PIE-OGI128-000660-1","status":"accepted","intent":"unknown","input":[{"type":{"coding":[{"code":"Specimen"}]},"valueReference":{"reference":"Specimen/Broad-Eye-Pierce-WGS-Sa-PIE-OGI128-000660-1"}}],"output":[]}
{"resourceType":"Task","id":"T.Broad-Eye-Pierce-WGS-Sa-PIE-OGI128-000669-1","status":"accepted","intent":"unknown","input":[{"type":{"coding":[{"code":"Specimen"}]},"valueReference":{"reference":"Specimen/Broad-Eye-Pierce-WGS-Sa-PIE-OGI128-000669-1"}}],"output":[]}
{"resourceType":"Task","id":"T.Broad-Eye-Pierce-WGS-Sa-PIE-OGI128-000701-1","status":"accepted","intent":"unknown","input":[{"type":{"coding":[{"code":"Specimen"}]},"valueReference":{"reference":"Specimen/Broad-Eye-Pierce-WGS-Sa-PIE-OGI128-000701-1"}}],"output":[]}
{"resourceType":"Task","id":"T.Broad-Eye-Pierce-WGS-Sa-PIE-OGI132-000354-1","status":"accepted","intent":"unknown","input":[{"type":{"coding":[{"code":"Specimen"}]},"valueReference":{"reference":"Specimen/Broad-Eye-Pierce-WGS-Sa-PIE-OGI132-000354-1"}}],"output":[]}
{"resourceType":"Task","id":"T.Broad-Eye-Pierce-WGS-Sa-PIE-OGI132-000355-1","status":"accepted","intent":"unknown","input":[{"type":{"coding":[{"code":"Specimen"}]},"valueReference":{"reference":"Specimen/Broad-Eye-Pierce-WGS-Sa-PIE-OGI132-000355-1"}}],"output":[]}
{"resourceType":"Task","id":"T.Broad-Eye-Pierce-WGS-Sa-PIE-OGI132-000358-1","status":"accepted","intent":"unknown","input":[{"type":{"coding":[{"code":"Specimen"}]},"valueReference":{"reference":"Specimen/Broad-Eye-Pierce-WGS-Sa-PIE-OGI132-000358-1"}}],"output":[]}
{"resourceType":"Task","id":"T.Broad-Eye-Pierce-WGS-Sa-PIE-OGI159-000432-1","status":"accepted","intent":"unknown","input":[{"type":{"coding":[{"code":"Specimen"}]},"valueReference":{"reference":"Specimen/Broad-Eye-Pierce-WGS-Sa-PIE-OGI159-000432-1"}}],"output":[]}
{"resourceType":"Task","id":"T.Broad-Eye-Pierce-WGS-Sa-PIE-OGI159-000436-1","status":"accepted","intent":"unknown","input":[{"type":{"coding":[{"code":"Specimen"}]},"valueReference":{"reference":"Specimen/Broad-Eye-Pierce-WGS-Sa-PIE-OGI159-000436-1"}}],"output":[]}
{"resourceType":"Task","id":"T.Broad-Eye-Pierce-WGS-Sa-PIE-OGI159-000437-1","status":"accepted","intent":"unknown","input":[{"type":{"coding":[{"code":"Specimen"}]},"valueReference":{"reference":"Specimen/Broad-Eye-Pierce-WGS-Sa-PIE-OGI159-000437-1"}}],"output":[]}
{"resourceType":"Task","id":"T.Broad-Eye-Pierce-WGS-Sa-PIE-OGI281-000608-1","status":"accepted","intent":"unknown","input":[{"type":{"coding":[{"code":"Specimen"}]},"valueReference":{"reference":"Specimen/Broad-Eye-Pierce-WGS-Sa-PIE-OGI281-000608-1"}}],"output":[]}
{"resourceType":"Task","id":"T.Broad-Eye-Pierce-WGS-Sa-PIE-OGI281-000646-1","status":"accepted","intent":"unknown","input":[{"type":{"coding":[{"code":"Specimen"}]},"valueReference":{"reference":"Specimen/Broad-Eye-Pierce-WGS-Sa-PIE-OGI281-000646-1"}}],"output":[]}
{"resourceType":"Task","id":"T.Broad-Eye-Pierce-WGS-Sa-PIE-OGI282-000609-1","status":"accepted","intent":"unknown","input":[{"type":{"coding":[{"code":"Specimen"}]},"valueReference":{"reference":"Specimen/Broad-Eye-Pierce-WGS-Sa-PIE-OGI282-000609-1"}}],"output":[]}
{"resourceType":"Task","id":"T.Broad-Eye-Pierce-WGS-Sa-PIE-OGI282-000954-1","status":"accepted","intent":"unknown","input":[{"type":{"coding":[{"code":"Specimen"}]},"valueReference":{"reference":"Specimen/Broad-Eye-Pierce-WGS-Sa-PIE-OGI282-000954-1"}}],"output":[]}
{"resourceType":"Task","id":"T.Broad-Eye-Pierce-WGS-Sa-PIE-OGI282-000963-1","status":"accepted","intent":"unknown","input":[{"type":{"coding":[{"code":"Specimen"}]},"valueReference":{"reference":"Specimen/Broad-Eye-Pierce-WGS-Sa-PIE-OGI282-000963-1"}}],"output":[]}
{"resourceType":"Task","id":"T.Broad-Eye-Pierce-WGS-Sa-PIE-OGI601-001236-1","status":"accepted","intent":"unknown","input":[{"type":{"coding":[{"code":"Specimen"}]},"valueReference":{"reference":"Specimen/Broad-Eye-Pierce-WGS-Sa-PIE-OGI601-001236-1"}}],"output":[]}
{"resourceType":"Task","id":"T.Broad-Eye-Pierce-WGS-Sa-PIE-OGI601-001237-1","status":"accepted","intent":"unknown","input":[{"type":{"coding":[{"code":"Specimen"}]},"valueReference":{"reference":"Specimen/Broad-Eye-Pierce-WGS-Sa-PIE-OGI601-001237-1"}}],"output":[]}
{"resourceType":"Task","id":"T.Broad-Eye-Pierce-WGS-Sa-PIE-OGI601-001238-1","status":"accepted","intent":"unknown","input":[{"type":{"coding":[{"code":"Specimen"}]},"valueReference":{"reference":"Specimen/Broad-Eye-Pierce-WGS-Sa-PIE-OGI601-001238-1"}}],"output":[]}
{"resourceType":"Task","id":"T.Broad-Eye-Pierce-WGS-Sa-PIE-OGI601-001239-1","status":"accepted","intent":"unknown","input":[{"type":{"coding":[{"code":"Specimen"}]},"valueReference":{"reference":"Specimen/Broad-Eye-Pierce-WGS-Sa-PIE-OGI601-001239-1"}}],"output":[]}
{"resourceType":"Task","id":"T.Broad-Eye-Pierce-WGS-Sa-PIE-OGI624-001284-1","status":"accepted","intent":"unknown","input":[{"type":{"coding":[{"code":"Specimen"}]},"valueReference":{"reference":"Specimen/Broad-Eye-Pierce-WGS-Sa-PIE-OGI624-001284-1"}}],"output":[]}
{"resourceType":"Task","id":"T.Broad-Eye-Pierce-WGS-Sa-PIE-OGI624-001285-1","status":"accepted","intent":"unknown","input":[{"type":{"coding":[{"code":"Specimen"}]},"valueReference":{"reference":"Specimen/Broad-Eye-Pierce-WGS-Sa-PIE-OGI624-001285-1"}}],"output":[]}
{"resourceType":"Task","id":"T.Broad-Eye-Pierce-WGS-Sa-PIE-OGI624-001286-1","status":"accepted","intent":"unknown","input":[{"type":{"coding":[{"code":"Specimen"}]},"valueReference":{"reference":"Specimen/Broad-Eye-Pierce-WGS-Sa-PIE-OGI624-001286-1"}}],"output":[]}
{"resourceType":"Task","id":"T.Broad-Eye-Pierce-WGS-Sa-PIE-OGI643-001312-1","status":"accepted","intent":"unknown","input":[{"type":{"coding":[{"code":"Specimen"}]},"valueReference":{"reference":"Specimen/Broad-Eye-Pierce-WGS-Sa-PIE-OGI643-001312-1"}}],"output":[]}
{"resourceType":"Task","id":"T.Broad-Eye-Pierce-WGS-Sa-PIE-OGI643-001313-1","status":"accepted","intent":"unknown","input":[{"type":{"coding":[{"code":"Specimen"}]},"valueReference":{"reference":"Specimen/Broad-Eye-Pierce-WGS-Sa-PIE-OGI643-001313-1"}}],"output":[]}
{"resourceType":"Task","id":"T.Broad-Eye-Pierce-WGS-Sa-PIE-OGI643-001736-1","status":"accepted","intent":"unknown","input":[{"type":{"coding":[{"code":"Specimen"}]},"valueReference":{"reference":"Specimen/Broad-Eye-Pierce-WGS-Sa-PIE-OGI643-001736-1"}}],"output":[]}
{"resourceType":"Task","id":"T.Broad-Eye-Pierce-WGS-Sa-PIE-OGI643-001737-1","status":"accepted","intent":"unknown","input":[{"type":{"coding":[{"code":"Specimen"}]},"valueReference":{"reference":"Specimen/Broad-Eye-Pierce-WGS-Sa-PIE-OGI643-001737-1"}}],"output":[]}
